"model_name","layer_name","layer_index","kind","min_time","mean_time","max_time","add_flops","div_flops","cmp_flops","exp_flops","mad_flops","input_channel","input_height","input_width","output_channel","output_height","output_width","function","kernel_1","kernel_2","stride_1","stride_2","dilation_1","dilation_2","input_form","topology_hash","mad/min_time","mad/mean_time","mad/max_time","time"
"Dilated ResNet-105 Trained on Cityscapes Data","batchnorm81",267,"BatchNormalization",0.001298,0.0013527500000000002,0.006482,2097152,2097152,0,0,0,256,64,128,256,64,128,"","","","","","","","HoldForm[BatchNormalizationLayer[""Momentum"" -> 0.899999976158, ""Epsilon"" -> 9.99999974738*^-6, ""Input"" -> {256, 64, 128}]]","0fxm7hdzsmkvo",0.,0.,0.,"{0.006482, 0.001553, 0.001437, 0.001422, 0.001344, 0.001322, 0.001334, 0.001317, 0.001321, 0.001429, 0.001414, 0.001324, 0.001331, 0.00141, 0.001312, 0.001339, 0.001328, 0.001393, 0.001378, 0.001309, 0.001301, 0.001327, 0.001298, 0.001312, 0.001344, 0.001404, 0.001321, 0.001366, 0.001315, 0.001308, 0.001328, 0.001308, 0.001303, 0.001397, 0.001321, 0.001316, 0.00134, 0.001348, 0.001366, 0.001342, 0.001417, 0.001359, 0.001403, 0.00135, 0.001318, 0.00133, 0.001357, 0.001308, 0.001441, 0.001343, 0.001334, 0.001366, 0.001352, 0.001342, 0.001357, 0.001456, 0.001339, 0.001352, 0.001331, 0.001323, 0.001355, 0.001319, 0.001363, 0.001418, 0.001366, 0.001379, 0.00135, 0.001359, 0.001381, 0.001345, 0.001421, 0.001363, 0.001341, 0.001334, 0.001363, 0.00135, 0.001346, 0.001437, 0.00139, 0.001384, 0.001374, 0.001347, 0.001341, 0.001402, 0.001362, 0.001464, 0.00139, 0.001328, 0.001425, 0.001361, 0.001341, 0.00134, 0.001473, 0.00136, 0.001368, 0.001335, 0.001338, 0.001357, 0.001337, 0.001449}"
