"model_name","layer_name","layer_index","kind","min_time","mean_time","max_time","add_flops","div_flops","cmp_flops","exp_flops","mad_flops","input_channel","input_height","input_width","output_channel","output_height","output_width","function","kernel_1","kernel_2","stride_1","stride_2","dilation_1","dilation_2","input_form","topology_hash","mad/min_time","mad/mean_time","mad/max_time","time"
"Ademxapp Model A1 Trained on Cityscapes Data","6a/bn6a_branch2b1",115,"BatchNormalization",0.013884,0.014031766666666667,0.048192,16777216,16777216,0,0,0,512,128,256,512,128,256,"","","","","","","","HoldForm[BatchNormalizationLayer[""Epsilon"" -> 0.00001001, ""Input"" -> {512, 128, 256}]]","0chrz5nw048pt",0.,0.,0.,"{0.048192, 0.013975, 0.014107, 0.014002, 0.0142, 0.014017, 0.014047, 0.014081, 0.014042, 0.013904, 0.014129, 0.013949, 0.014106, 0.013964, 0.014003, 0.014214, 0.013952, 0.014052, 0.01413, 0.01394, 0.014181, 0.014036, 0.014021, 0.014019, 0.013975, 0.01417, 0.013963, 0.014083, 0.014065, 0.014002, 0.014067, 0.014122, 0.014102, 0.014207, 0.014097, 0.014023, 0.014133, 0.014064, 0.014199, 0.014064, 0.013975, 0.014022, 0.01398, 0.014104, 0.014121, 0.013884, 0.014139, 0.013937, 0.01394, 0.014049, 0.013901, 0.014055, 0.014028, 0.014, 0.014076, 0.013895, 0.013995, 0.014051, 0.013918, 0.014082, 0.013988, 0.014124, 0.014022, 0.013918, 0.014059, 0.013956, 0.014104, 0.013949, 0.014061, 0.013931, 0.014054, 0.014049, 0.014009, 0.014113, 0.014008, 0.01407, 0.014038, 0.013973, 0.014115, 0.013977, 0.013959, 0.014134, 0.01408, 0.014102, 0.013958, 0.013951, 0.014114, 0.013919, 0.014018, 0.014076, 0.013991, 0.013962, 0.013913, 0.014041, 0.014017, 0.013976, 0.013913, 0.014039, 0.014015, 0.013996}"
