"model_name","layer_name","layer_index","kind","min_time","mean_time","max_time","add_flops","div_flops","cmp_flops","exp_flops","mad_flops","input_channel","input_height","input_width","output_channel","output_height","output_width","function","kernel_1","kernel_2","stride_1","stride_2","dilation_1","dilation_2","input_form","topology_hash","mad/min_time","mad/mean_time","mad/max_time","time"
"3D Face Alignment Net Trained on 300W Large Pose Data","11/6/1/1/1",23,"BatchNormalization",0.000363,0.00036836666666666666,0.001758,524288,524288,0,0,0,128,64,64,128,64,64,"","","","","","","","HoldForm[BatchNormalizationLayer[""Momentum"" -> 0.1, ""Epsilon"" -> 0.00001, ""Input"" -> {128, 64, 64}]]","0vs3b2nawyuh1",0.,0.,0.,"{0.001758, 0.000377, 0.000369, 0.000392, 0.000369, 0.00037, 0.000366, 0.000365, 0.000369, 0.000398, 0.000367, 0.000372, 0.00042, 0.000394, 0.000374, 0.000376, 0.000371, 0.00037, 0.000371, 0.00037, 0.000371, 0.000369, 0.000369, 0.000369, 0.000394, 0.000371, 0.000366, 0.000366, 0.000365, 0.000366, 0.000365, 0.000369, 0.000368, 0.000367, 0.000385, 0.000367, 0.000408, 0.000366, 0.000364, 0.000413, 0.000368, 0.000366, 0.000365, 0.000365, 0.000364, 0.000389, 0.000368, 0.000367, 0.000365, 0.000366, 0.000365, 0.000365, 0.000365, 0.000368, 0.000366, 0.000366, 0.000391, 0.000367, 0.000367, 0.000366, 0.000364, 0.000368, 0.000365, 0.000405, 0.000365, 0.000364, 0.000429, 0.00037, 0.000366, 0.000367, 0.000365, 0.000365, 0.00041, 0.000368, 0.000365, 0.000363, 0.000363, 0.00039, 0.000366, 0.000365, 0.000365, 0.000366, 0.0004, 0.000367, 0.000365, 0.000372, 0.000367, 0.000423, 0.00037, 0.000395, 0.000367, 0.000365, 0.000383, 0.000395, 0.000367, 0.000371, 0.000364, 0.000365, 0.000389, 0.000367}"
