"model_name","layer_name","layer_index","kind","min_time","mean_time","max_time","add_flops","div_flops","cmp_flops","exp_flops","mad_flops","input_channel","input_height","input_width","output_channel","output_height","output_width","function","kernel_1","kernel_2","stride_1","stride_2","dilation_1","dilation_2","input_form","topology_hash","mad/min_time","mad/mean_time","mad/max_time","time"
"Dilated ResNet-105 Trained on Cityscapes Data","batchnorm68",223,"BatchNormalization",0.007138,0.007316799999999999,0.024852,8388608,8388608,0,0,0,1024,64,128,1024,64,128,"","","","","","","","HoldForm[BatchNormalizationLayer[""Momentum"" -> 0.899999976158, ""Epsilon"" -> 9.99999974738*^-6, ""Input"" -> {1024, 64, 128}]]","0fy35p5f11m54",0.,0.,0.,"{0.024852, 0.007299, 0.007466, 0.007164, 0.007315, 0.007343, 0.007338, 0.007182, 0.00731, 0.007325, 0.007281, 0.007201, 0.00729, 0.007277, 0.007166, 0.007288, 0.007395, 0.007301, 0.007192, 0.007297, 0.007355, 0.00721, 0.007291, 0.007377, 0.007325, 0.007153, 0.007319, 0.007295, 0.007167, 0.007276, 0.007414, 0.007315, 0.00723, 0.007346, 0.007364, 0.007271, 0.007282, 0.007329, 0.007368, 0.007265, 0.007342, 0.007317, 0.007324, 0.007138, 0.007389, 0.007338, 0.007183, 0.007294, 0.007349, 0.007288, 0.007235, 0.00736, 0.0073, 0.007201, 0.007424, 0.007337, 0.007305, 0.007339, 0.007346, 0.007341, 0.007398, 0.007301, 0.007321, 0.00734, 0.007278, 0.007314, 0.007331, 0.007292, 0.007159, 0.007384, 0.007364, 0.007308, 0.007279, 0.007413, 0.007312, 0.007248, 0.007367, 0.007362, 0.007372, 0.00728, 0.007327, 0.007378, 0.007183, 0.007321, 0.007309, 0.007296, 0.007281, 0.00736, 0.007348, 0.007308, 0.007336, 0.007362, 0.007401, 0.007226, 0.007496, 0.007367, 0.007286, 0.007311, 0.007479, 0.007344}"
