"model_name","layer_name","layer_index","kind","min_time","mean_time","max_time","add_flops","div_flops","cmp_flops","exp_flops","mad_flops","input_channel","input_height","input_width","output_channel","output_height","output_width","function","kernel_1","kernel_2","stride_1","stride_2","dilation_1","dilation_2","input_form","topology_hash","mad/min_time","mad/mean_time","mad/max_time","time"
"Ademxapp Model A1 Trained on ADE20K Data","5b1/bn5b1_branch2a",97,"BatchNormalization",0.003244,0.0033708166666666663,0.012048,4064256,4064256,0,0,0,1024,63,63,1024,63,63,"","","","","","","","HoldForm[BatchNormalizationLayer[""Epsilon"" -> 0.00001001, ""Input"" -> {1024, 63, 63}]]","1bddbj6v340t0",0.,0.,0.,"{0.012048, 0.00342, 0.003437, 0.003377, 0.003456, 0.003377, 0.003269, 0.003365, 0.003368, 0.003398, 0.003434, 0.003397, 0.003336, 0.003348, 0.00334, 0.00334, 0.003356, 0.003475, 0.003362, 0.003305, 0.003439, 0.003313, 0.003311, 0.003496, 0.003329, 0.003244, 0.003405, 0.003372, 0.003367, 0.003472, 0.0033, 0.00328, 0.003375, 0.003329, 0.003374, 0.003462, 0.00334, 0.003307, 0.003372, 0.003305, 0.003363, 0.003476, 0.003372, 0.003355, 0.003458, 0.003316, 0.003377, 0.003486, 0.003385, 0.003354, 0.003465, 0.003381, 0.003366, 0.003505, 0.003308, 0.003277, 0.003408, 0.003359, 0.003295, 0.003495, 0.003341, 0.003312, 0.0034, 0.003258, 0.003293, 0.003424, 0.003374, 0.003391, 0.003458, 0.003379, 0.003351, 0.003452, 0.003356, 0.003311, 0.003424, 0.003299, 0.003329, 0.003454, 0.003335, 0.003381, 0.003479, 0.003304, 0.003312, 0.003479, 0.003354, 0.003351, 0.003512, 0.003382, 0.003366, 0.003503, 0.003357, 0.003309, 0.003425, 0.003366, 0.003337, 0.003449, 0.003326, 0.003286, 0.003452, 0.003345}"
