"model_name","layer_name","layer_index","kind","min_time","mean_time","max_time","add_flops","div_flops","cmp_flops","exp_flops","mad_flops","input_channel","input_height","input_width","output_channel","output_height","output_width","function","kernel_1","kernel_2","stride_1","stride_2","dilation_1","dilation_2","input_form","topology_hash","mad/min_time","mad/mean_time","mad/max_time","time"
"Ademxapp Model A1 Trained on PASCAL VOC2012 and MS-COCO Data","7a/bn7a_branch2b2",130,"BatchNormalization",0.006751,0.006894283333333334,0.023523,8128512,8128512,0,0,0,2048,63,63,2048,63,63,"","","","","","","","HoldForm[BatchNormalizationLayer[""Epsilon"" -> 0.00001001, ""Input"" -> {2048, 63, 63}]]","0nf9zsubd462i",0.,0.,0.,"{0.023523, 0.006992, 0.007, 0.006963, 0.00688, 0.006884, 0.006831, 0.006939, 0.00694, 0.006859, 0.006848, 0.00693, 0.006816, 0.006889, 0.006886, 0.006809, 0.007052, 0.006862, 0.006904, 0.006781, 0.006898, 0.006942, 0.006772, 0.006928, 0.006864, 0.006808, 0.00698, 0.006896, 0.006765, 0.006908, 0.006889, 0.006905, 0.006872, 0.006865, 0.006769, 0.006861, 0.007007, 0.006834, 0.006955, 0.006857, 0.00679, 0.006913, 0.006852, 0.006804, 0.006832, 0.007067, 0.006881, 0.006777, 0.006892, 0.00689, 0.006886, 0.006909, 0.006949, 0.006751, 0.0069, 0.006961, 0.006804, 0.006876, 0.006895, 0.006807, 0.007045, 0.0069, 0.006799, 0.006966, 0.00691, 0.006847, 0.00692, 0.006991, 0.006857, 0.0069, 0.006963, 0.006933, 0.006804, 0.006946, 0.006956, 0.006869, 0.006955, 0.006933, 0.006823, 0.006949, 0.006986, 0.006815, 0.007013, 0.006906, 0.006815, 0.006945, 0.006876, 0.006816, 0.006885, 0.006963, 0.006919, 0.006881, 0.006889, 0.006891, 0.006934, 0.006927, 0.006978, 0.006752, 0.006907, 0.006887}"
