"model_name","layer_name","layer_index","kind","min_time","mean_time","max_time","add_flops","div_flops","cmp_flops","exp_flops","mad_flops","input_channel","input_height","input_width","output_channel","output_height","output_width","function","kernel_1","kernel_2","stride_1","stride_2","dilation_1","dilation_2","input_form","topology_hash","mad/min_time","mad/mean_time","mad/max_time","time"
"3D Face Alignment Net Trained on 300W Large Pose Data","16/1/1/1",949,"BatchNormalization",0.000677,0.0006861833333333334,0.00363,1048576,1048576,0,0,0,256,64,64,256,64,64,"","","","","","","","HoldForm[BatchNormalizationLayer[""Momentum"" -> 0.1, ""Epsilon"" -> 0.00001, ""Input"" -> {256, 64, 64}]]","0m3quwpa9yepl",0.,0.,0.,"{0.00363, 0.000727, 0.000685, 0.000692, 0.000687, 0.000687, 0.000713, 0.000691, 0.000686, 0.00069, 0.00068, 0.000678, 0.000698, 0.000685, 0.000681, 0.000795, 0.000685, 0.000705, 0.000686, 0.000683, 0.000721, 0.000681, 0.000679, 0.000698, 0.000687, 0.000772, 0.000683, 0.00068, 0.000679, 0.000792, 0.000686, 0.000681, 0.000683, 0.00068, 0.000698, 0.000684, 0.00068, 0.00068, 0.000683, 0.00068, 0.000705, 0.000687, 0.00068, 0.000681, 0.000788, 0.000683, 0.000698, 0.000685, 0.000681, 0.00068, 0.000678, 0.000677, 0.000704, 0.000687, 0.000681, 0.000679, 0.000678, 0.000679, 0.000769, 0.000688, 0.000679, 0.000681, 0.000684, 0.000703, 0.000683, 0.000679, 0.000679, 0.000722, 0.000681, 0.000696, 0.00068, 0.00068, 0.000678, 0.00075, 0.000718, 0.000704, 0.000685, 0.000681, 0.000682, 0.000679, 0.000696, 0.000686, 0.000678, 0.000677, 0.000686, 0.000686, 0.000726, 0.000757, 0.000725, 0.000683, 0.000682, 0.000727, 0.000703, 0.000688, 0.000683, 0.000678, 0.000684, 0.000679, 0.000709, 0.000683}"
