"model_name","layer_name","layer_index","kind","min_time","mean_time","max_time","add_flops","div_flops","cmp_flops","exp_flops","mad_flops","input_channel","input_height","input_width","output_channel","output_height","output_width","function","kernel_1","kernel_2","stride_1","stride_2","dilation_1","dilation_2","input_form","topology_hash","mad/min_time","mad/mean_time","mad/max_time","time"
"Ademxapp Model A1 Trained on PASCAL VOC2012 and MS-COCO Data","2b2/bn2b2_branch2b1",20,"BatchNormalization",0.006646,0.006809516666666666,0.023652,8128512,8128512,0,0,0,128,252,252,128,252,252,"","","","","","","","HoldForm[BatchNormalizationLayer[""Epsilon"" -> 0.00001001, ""Input"" -> {128, 252, 252}]]","0hg2zcsf3qb0x",0.,0.,0.,"{0.023652, 0.006898, 0.006894, 0.006672, 0.006877, 0.006934, 0.006667, 0.006831, 0.006858, 0.006751, 0.006843, 0.006847, 0.006799, 0.006803, 0.006936, 0.006693, 0.006835, 0.006755, 0.006646, 0.006862, 0.006815, 0.006669, 0.006802, 0.006853, 0.006793, 0.006799, 0.006849, 0.006707, 0.006792, 0.006929, 0.006792, 0.006787, 0.006853, 0.006722, 0.006885, 0.006856, 0.006749, 0.006788, 0.006963, 0.006928, 0.007042, 0.007035, 0.00696, 0.006805, 0.007026, 0.006939, 0.006712, 0.006878, 0.006878, 0.006856, 0.006857, 0.006857, 0.006762, 0.006851, 0.00691, 0.006692, 0.006874, 0.006853, 0.006691, 0.00697, 0.006811, 0.006705, 0.006777, 0.006798, 0.006832, 0.006739, 0.006828, 0.006762, 0.006778, 0.006912, 0.006749, 0.006888, 0.006826, 0.006729, 0.00688, 0.006796, 0.00677, 0.006793, 0.006831, 0.00672, 0.006764, 0.006811, 0.00672, 0.006731, 0.006802, 0.006702, 0.006807, 0.006778, 0.00668, 0.006862, 0.006754, 0.006739, 0.006728, 0.006823, 0.006776, 0.006679, 0.006815, 0.006679, 0.00669, 0.006837}"
