"model_name","layer_name","layer_index","kind","min_time","mean_time","max_time","add_flops","div_flops","cmp_flops","exp_flops","mad_flops","input_channel","input_height","input_width","output_channel","output_height","output_width","function","kernel_1","kernel_2","stride_1","stride_2","dilation_1","dilation_2","input_form","topology_hash","mad/min_time","mad/mean_time","mad/max_time","time"
"Dilated ResNet-105 Trained on Cityscapes Data","batchnorm16",51,"BatchNormalization",0.003533,0.003797083333333333,0.012863,4194304,4194304,0,0,0,512,64,128,512,64,128,"","","","","","","","HoldForm[BatchNormalizationLayer[""Momentum"" -> 0.899999976158, ""Epsilon"" -> 9.99999974738*^-6, ""Input"" -> {512, 64, 128}]]","0mqbnoop5llxp",0.,0.,0.,"{0.012863, 0.003767, 0.003747, 0.004735, 0.003867, 0.003792, 0.003849, 0.003909, 0.003843, 0.0039, 0.003926, 0.003917, 0.004009, 0.003856, 0.003888, 0.003923, 0.003855, 0.003789, 0.003943, 0.003968, 0.004011, 0.003987, 0.003895, 0.00394, 0.003952, 0.00396, 0.003816, 0.00381, 0.003969, 0.003943, 0.00381, 0.003763, 0.003794, 0.003808, 0.003646, 0.003779, 0.003824, 0.003773, 0.00367, 0.00379, 0.003657, 0.003743, 0.003734, 0.003843, 0.003817, 0.00374, 0.003665, 0.003811, 0.003874, 0.003794, 0.003708, 0.003824, 0.00391, 0.003864, 0.003753, 0.003759, 0.003732, 0.003944, 0.003777, 0.003821, 0.003849, 0.003879, 0.003796, 0.00387, 0.003862, 0.003888, 0.003776, 0.003746, 0.003896, 0.003882, 0.003819, 0.003809, 0.00373, 0.003745, 0.003773, 0.003735, 0.003865, 0.00368, 0.00362, 0.003726, 0.003643, 0.003732, 0.003612, 0.003608, 0.003772, 0.003614, 0.003592, 0.003647, 0.003706, 0.003553, 0.003617, 0.003587, 0.003533, 0.003677, 0.003626, 0.003661, 0.003582, 0.003779, 0.003683, 0.003694}"
