"model_name","layer_name","layer_index","kind","min_time","mean_time","max_time","add_flops","div_flops","cmp_flops","exp_flops","mad_flops","input_channel","input_height","input_width","output_channel","output_height","output_width","function","kernel_1","kernel_2","stride_1","stride_2","dilation_1","dilation_2","input_form","topology_hash","mad/min_time","mad/mean_time","mad/max_time","time"
"3D Face Alignment Net Trained on 300W Large Pose Data","12/1/1/1/1/1/4/2/2/2/1",750,"BatchNormalization",0.000207,0.00021248333333333334,0.001012,262144,262144,0,0,0,64,64,64,64,64,64,"","","","","","","","HoldForm[BatchNormalizationLayer[""Momentum"" -> 0.1, ""Epsilon"" -> 0.00001, ""Input"" -> {64, 64, 64}]]","0l5bae3lr7bw7",0.,0.,0.,"{0.001012, 0.000228, 0.000215, 0.000237, 0.000214, 0.000212, 0.00021, 0.000213, 0.00021, 0.000209, 0.000209, 0.000209, 0.000209, 0.000209, 0.000209, 0.000209, 0.000208, 0.000208, 0.000207, 0.000207, 0.000208, 0.000208, 0.000232, 0.000214, 0.000241, 0.000212, 0.00021, 0.000209, 0.000209, 0.00021, 0.000213, 0.000216, 0.000216, 0.000215, 0.000215, 0.000215, 0.000216, 0.000215, 0.000214, 0.000215, 0.000262, 0.000222, 0.000217, 0.000215, 0.000214, 0.000215, 0.000215, 0.000213, 0.000214, 0.000215, 0.000214, 0.000213, 0.000214, 0.000218, 0.000214, 0.000213, 0.000215, 0.000215, 0.000233, 0.000219, 0.000215, 0.000214, 0.000214, 0.000213, 0.000212, 0.000211, 0.000249, 0.000213, 0.000213, 0.000212, 0.000241, 0.000213, 0.000211, 0.000209, 0.000209, 0.000209, 0.000226, 0.000213, 0.000209, 0.00021, 0.000209, 0.000209, 0.000245, 0.000211, 0.000211, 0.00021, 0.000251, 0.000213, 0.00021, 0.00021, 0.000208, 0.000209, 0.000208, 0.00021, 0.000226, 0.000212, 0.00021, 0.000209, 0.000209, 0.000213}"
