"model_name","layer_name","layer_index","kind","min_time","mean_time","max_time","add_flops","div_flops","cmp_flops","exp_flops","mad_flops","input_channel","input_height","input_width","output_channel","output_height","output_width","function","kernel_1","kernel_2","stride_1","stride_2","dilation_1","dilation_2","input_form","topology_hash","mad/min_time","mad/mean_time","mad/max_time","time"
"Dilated ResNet-22 Trained on Cityscapes Data","convolution5",15,"Convolution",0.014714,0.014840316666666662,0.026466,0,0,0,0,67108864,32,256,512,64,128,256,"",1,1,2,2,1,1,"HoldForm[ConvolutionLayer[64, {1, 1}, ""Stride"" -> {2, 2}, ""PaddingSize"" -> {{0, 0}, {0, 0}}, ""Dilation"" -> {1, 1}, ""Input"" -> {32, 256, 512}]]","08rykpaa6hukl",4.560885143400843e9,4.522064151820662e9,2.5356632660772314e9,"{0.026466, 0.014844, 0.01489, 0.014788, 0.014813, 0.014836, 0.014857, 0.014779, 0.014786, 0.014832, 0.014773, 0.014811, 0.014905, 0.014817, 0.014792, 0.014809, 0.01475, 0.014825, 0.014798, 0.014837, 0.014868, 0.01476, 0.014915, 0.014805, 0.014824, 0.014817, 0.014803, 0.01491, 0.01473, 0.014903, 0.014784, 0.014835, 0.015195, 0.014812, 0.014896, 0.014771, 0.014904, 0.014787, 0.014874, 0.014793, 0.014777, 0.014947, 0.014827, 0.014744, 0.014823, 0.014849, 0.014795, 0.014761, 0.014952, 0.014913, 0.014848, 0.014825, 0.014954, 0.014945, 0.014969, 0.014925, 0.014934, 0.014886, 0.014844, 0.015, 0.014843, 0.015253, 0.014829, 0.014891, 0.014772, 0.014831, 0.014917, 0.015003, 0.014949, 0.0149, 0.014918, 0.014794, 0.014788, 0.014901, 0.015021, 0.014865, 0.014879, 0.014758, 0.014774, 0.01484, 0.014805, 0.014767, 0.014895, 0.014826, 0.014833, 0.01473, 0.014806, 0.014841, 0.014714, 0.014888, 0.014848, 0.014848, 0.01475, 0.014883, 0.014767, 0.014808, 0.015042, 0.014836, 0.014814, 0.014842}"
