"model_name","layer_name","layer_index","kind","min_time","mean_time","max_time","add_flops","div_flops","cmp_flops","exp_flops","mad_flops","input_channel","input_height","input_width","output_channel","output_height","output_width","function","kernel_1","kernel_2","stride_1","stride_2","dilation_1","dilation_2","input_form","topology_hash","mad/min_time","mad/mean_time","mad/max_time","time"
"2D Face Alignment Net Trained on 300W Large Pose Data","15/1/2/2/1/1/4/2/2/2/3",81,"Convolution",0.00311,0.003169766666666667,0.008509,0,0,0,0,37748736,64,32,32,64,32,32,"",3,3,1,1,1,1,"HoldForm[ConvolutionLayer[64, {3, 3}, ""Stride"" -> {1, 1}, ""PaddingSize"" -> {{1, 1}, {1, 1}}, ""Dilation"" -> {1, 1}, ""Input"" -> {64, 32, 32}]]","1c6qyhfs6wyyq",1.2137857234726688e10,1.190899519417833e10,4.436330473616172e9,"{0.008509, 0.00316, 0.003138, 0.003254, 0.003129, 0.003139, 0.003205, 0.00311, 0.003134, 0.003261, 0.00313, 0.003142, 0.003172, 0.003192, 0.00318, 0.003237, 0.003173, 0.003158, 0.003129, 0.003258, 0.003177, 0.003118, 0.003231, 0.003137, 0.003173, 0.00321, 0.003127, 0.003166, 0.003206, 0.003146, 0.003212, 0.003241, 0.003152, 0.003169, 0.003229, 0.003217, 0.003155, 0.003155, 0.003232, 0.003123, 0.003136, 0.003275, 0.003126, 0.00317, 0.003201, 0.003142, 0.003166, 0.003201, 0.003139, 0.003146, 0.003213, 0.003179, 0.003175, 0.003137, 0.00323, 0.003137, 0.003119, 0.003197, 0.003134, 0.00314, 0.003222, 0.003126, 0.003177, 0.003236, 0.003137, 0.003118, 0.003209, 0.003189, 0.003147, 0.003168, 0.003215, 0.003123, 0.003135, 0.003229, 0.003278, 0.003138, 0.003231, 0.003145, 0.003199, 0.003211, 0.003151, 0.00314, 0.003233, 0.003133, 0.003165, 0.003115, 0.003214, 0.00317, 0.00313, 0.003231, 0.003113, 0.003139, 0.003197, 0.003199, 0.00318, 0.003193, 0.003166, 0.003141, 0.003226, 0.003129}"
