"model_name","layer_name","layer_index","kind","min_time","mean_time","max_time","add_flops","div_flops","cmp_flops","exp_flops","mad_flops","input_channel","input_height","input_width","output_channel","output_height","output_width","function","kernel_1","kernel_2","stride_1","stride_2","dilation_1","dilation_2","input_form","topology_hash","mad/min_time","mad/mean_time","mad/max_time","time"
"CycleGAN Horse-to-Zebra Translation Trained on ImageNet Competition Data","19/1/6",73,"Convolution",0.041374,0.04191131666666666,0.058024,0,0,0,0,603979776,128,66,66,128,64,64,"",3,3,1,1,1,1,"HoldForm[ConvolutionLayer[128, {3, 3}, ""Stride"" -> {1, 1}, ""PaddingSize"" -> {{0, 0}, {0, 0}}, ""Dilation"" -> {1, 1}, ""Input"" -> {128, 66, 66}]]","1sehkke39v8fh",1.4598051336588196e10,1.4410899585990896e10,1.0409137184613264e10,"{0.058024, 0.041909, 0.041793, 0.042117, 0.042177, 0.041676, 0.041585, 0.041473, 0.041596, 0.043428, 0.04314, 0.042305, 0.042761, 0.042114, 0.041717, 0.041534, 0.041693, 0.041725, 0.041541, 0.041428, 0.04151, 0.041823, 0.04201, 0.041853, 0.042943, 0.041851, 0.041825, 0.041804, 0.042362, 0.041772, 0.041388, 0.042108, 0.041942, 0.042097, 0.042437, 0.042117, 0.041997, 0.041569, 0.041689, 0.041795, 0.041849, 0.041374, 0.042203, 0.041735, 0.041706, 0.041774, 0.041573, 0.041451, 0.041713, 0.041416, 0.041414, 0.042017, 0.04211, 0.042233, 0.042148, 0.041736, 0.042464, 0.043275, 0.043233, 0.042775, 0.042455, 0.041769, 0.041745, 0.042036, 0.041675, 0.042011, 0.041526, 0.042318, 0.04148, 0.042287, 0.042069, 0.041904, 0.041748, 0.041764, 0.041655, 0.042226, 0.042348, 0.041901, 0.041806, 0.04177, 0.042411, 0.043496, 0.043577, 0.043164, 0.042673, 0.042671, 0.042206, 0.041877, 0.041493, 0.041968, 0.041542, 0.042311, 0.041731, 0.041652, 0.041953, 0.042086, 0.041524, 0.041759, 0.041637, 0.041474}"
