"model_name","layer_name","layer_index","kind","min_time","mean_time","max_time","add_flops","div_flops","cmp_flops","exp_flops","mad_flops","input_channel","input_height","input_width","output_channel","output_height","output_width","function","kernel_1","kernel_2","stride_1","stride_2","dilation_1","dilation_2","input_form","topology_hash","mad/min_time","mad/mean_time","mad/max_time","time"
"Ademxapp Model A Trained on ImageNet Competition Data","4b5/res4b5_branch2a",87,"Convolution",0.174635,0.17518466666666668,0.197984,0,0,0,0,3774873600,512,40,40,512,40,40,"",3,3,1,1,1,1,"HoldForm[ConvolutionLayer[512, {3, 3}, ""Stride"" -> {1, 1}, ""PaddingSize"" -> {{1, 1}, {1, 1}}, ""Dilation"" -> {1, 1}, ""Input"" -> {512, 40, 40}]]","0nmcb6nej9990",2.1615790649068054e10,2.1547968048954056e10,1.9066558913851624e10,"{0.197984, 0.17539, 0.175656, 0.175338, 0.175016, 0.174982, 0.175103, 0.175349, 0.175109, 0.181942, 0.175395, 0.175075, 0.181232, 0.175509, 0.175078, 0.175228, 0.175139, 0.174974, 0.175319, 0.17628, 0.174994, 0.17482, 0.175018, 0.175437, 0.175425, 0.176826, 0.177575, 0.175497, 0.175023, 0.17517, 0.175261, 0.174809, 0.175442, 0.175028, 0.174917, 0.174853, 0.17532, 0.174635, 0.174897, 0.175237, 0.174768, 0.174686, 0.174869, 0.174754, 0.175003, 0.175016, 0.174907, 0.175011, 0.175018, 0.174868, 0.175122, 0.174898, 0.174981, 0.175045, 0.182667, 0.175768, 0.17516, 0.175415, 0.175074, 0.175369, 0.175055, 0.175258, 0.175196, 0.175218, 0.175453, 0.175084, 0.175115, 0.175216, 0.175063, 0.175299, 0.175311, 0.175073, 0.175185, 0.175113, 0.175136, 0.175323, 0.17611, 0.17514, 0.175479, 0.175066, 0.174844, 0.174858, 0.175527, 0.175299, 0.174853, 0.174821, 0.175125, 0.175463, 0.175367, 0.175453, 0.175205, 0.175301, 0.175099, 0.175503, 0.175185, 0.175259, 0.175252, 0.175226, 0.175226, 0.17566}"
