"model_name","layer_name","layer_index","kind","min_time","mean_time","max_time","add_flops","div_flops","cmp_flops","exp_flops","mad_flops","input_channel","input_height","input_width","output_channel","output_height","output_width","function","kernel_1","kernel_2","stride_1","stride_2","dilation_1","dilation_2","input_form","topology_hash","mad/min_time","mad/mean_time","mad/max_time","time"
"3D Face Alignment Net Trained on 300W Large Pose Data","14/1/2/3/1/2/3/1/2/2/1/1/3",364,"Convolution",0.001189,0.0012128666666666673,0.005456,0,0,0,0,18874368,256,8,8,128,8,8,"",3,3,1,1,1,1,"HoldForm[ConvolutionLayer[128, {3, 3}, ""Stride"" -> {1, 1}, ""PaddingSize"" -> {{1, 1}, {1, 1}}, ""Dilation"" -> {1, 1}, ""Input"" -> {256, 8, 8}]]","1ahm5bxmg08u0",1.587415306980656e10,1.5561783103391405e10,3.4593782991202345e9,"{0.005456, 0.001258, 0.001219, 0.001211, 0.001289, 0.001216, 0.001209, 0.001229, 0.001202, 0.001201, 0.001201, 0.001215, 0.001203, 0.001228, 0.00123, 0.00121, 0.001202, 0.001216, 0.001204, 0.001206, 0.001267, 0.001233, 0.001213, 0.00121, 0.001217, 0.001193, 0.001211, 0.001222, 0.001206, 0.001229, 0.001228, 0.001208, 0.0012, 0.001196, 0.001217, 0.001205, 0.001204, 0.001223, 0.001223, 0.001214, 0.001223, 0.0012, 0.001196, 0.001217, 0.001208, 0.001204, 0.001229, 0.001222, 0.001206, 0.001196, 0.001219, 0.00121, 0.001206, 0.001225, 0.001231, 0.00121, 0.00121, 0.001214, 0.001205, 0.001204, 0.001237, 0.001245, 0.001208, 0.001226, 0.001207, 0.001202, 0.001222, 0.001202, 0.001198, 0.001201, 0.001214, 0.001229, 0.001215, 0.001231, 0.001202, 0.001212, 0.001226, 0.001209, 0.001205, 0.00123, 0.001223, 0.001189, 0.00121, 0.001223, 0.001204, 0.001208, 0.001228, 0.001203, 0.001214, 0.001228, 0.001204, 0.001199, 0.001195, 0.001224, 0.001204, 0.001201, 0.001244, 0.001216, 0.001209, 0.001224}"
