"model_name","layer_name","layer_index","kind","min_time","mean_time","max_time","add_flops","div_flops","cmp_flops","exp_flops","mad_flops","input_channel","input_height","input_width","output_channel","output_height","output_width","function","kernel_1","kernel_2","stride_1","stride_2","dilation_1","dilation_2","input_form","topology_hash","mad/min_time","mad/mean_time","mad/max_time","time"
"Dilated ResNet-105 Trained on Cityscapes Data","convolution50",162,"Convolution",0.095316,0.09560651666666665,0.124849,0,0,0,0,2147483648,256,64,128,1024,64,128,"",1,1,1,1,1,1,"HoldForm[ConvolutionLayer[1024, {1, 1}, ""Stride"" -> {1, 1}, ""PaddingSize"" -> {{0, 0}, {0, 0}}, ""Dilation"" -> {1, 1}, ""Input"" -> {256, 64, 128}]]","15d32b1913jb5",2.2530148642410507e10,2.2461686952650196e10,1.720064756626004e10,"{0.124849, 0.096413, 0.095607, 0.095635, 0.095834, 0.09576, 0.095863, 0.095492, 0.095446, 0.095637, 0.095824, 0.095727, 0.095609, 0.095674, 0.095721, 0.095602, 0.095491, 0.095625, 0.095538, 0.095336, 0.095554, 0.09578, 0.095864, 0.095385, 0.095731, 0.097008, 0.102856, 0.100599, 0.095535, 0.095466, 0.095416, 0.095749, 0.095705, 0.095632, 0.095463, 0.095425, 0.095471, 0.095415, 0.095646, 0.095468, 0.095414, 0.095452, 0.095697, 0.095355, 0.095515, 0.095596, 0.095578, 0.095547, 0.095541, 0.095403, 0.09539, 0.095479, 0.095639, 0.095316, 0.095448, 0.095443, 0.095413, 0.09832, 0.095532, 0.095668, 0.095587, 0.095603, 0.095629, 0.095662, 0.095649, 0.095648, 0.095499, 0.095499, 0.095708, 0.095636, 0.095593, 0.095506, 0.095604, 0.095751, 0.095937, 0.095567, 0.095611, 0.095776, 0.095531, 0.095602, 0.095621, 0.095696, 0.095616, 0.095666, 0.095992, 0.095816, 0.095538, 0.095629, 0.095734, 0.095666, 0.095543, 0.095599, 0.09553, 0.095565, 0.0956, 0.095847, 0.095658, 0.095679, 0.095547, 0.09563}"
