"model_name","layer_name","layer_index","kind","min_time","mean_time","max_time","add_flops","div_flops","cmp_flops","exp_flops","mad_flops","input_channel","input_height","input_width","output_channel","output_height","output_width","function","kernel_1","kernel_2","stride_1","stride_2","dilation_1","dilation_2","input_form","topology_hash","mad/min_time","mad/mean_time","mad/max_time","time"
"2D Face Alignment Net Trained on 300W Large Pose Data","3",511,"Convolution",0.004532,0.004587883333333333,0.011144,0,0,0,0,71303168,68,64,64,256,64,64,"",1,1,1,1,1,1,"HoldForm[ConvolutionLayer[256, {1, 1}, ""Stride"" -> {1, 1}, ""PaddingSize"" -> {{0, 0}, {0, 0}}, ""Dilation"" -> {1, 1}, ""Input"" -> {68, 64, 64}]]","14v1rc1vfur0l",1.573326743159753e10,1.5541626240132523e10,6.398346015793253e9,"{0.011144, 0.004615, 0.004713, 0.00458, 0.004633, 0.004638, 0.004674, 0.00454, 0.004656, 0.004543, 0.004559, 0.004594, 0.004554, 0.004655, 0.004553, 0.004589, 0.00455, 0.004616, 0.004546, 0.004701, 0.004613, 0.004589, 0.004599, 0.004544, 0.004631, 0.004672, 0.004626, 0.004621, 0.004593, 0.004573, 0.004631, 0.004547, 0.004551, 0.004607, 0.004546, 0.004653, 0.004545, 0.004585, 0.004593, 0.004627, 0.00456, 0.004598, 0.004562, 0.004551, 0.004598, 0.004577, 0.004653, 0.004543, 0.004601, 0.004586, 0.004668, 0.004573, 0.00461, 0.004565, 0.004534, 0.004582, 0.004542, 0.004661, 0.004548, 0.004593, 0.004565, 0.004643, 0.004585, 0.004604, 0.004575, 0.004551, 0.004608, 0.004536, 0.004639, 0.004532, 0.004575, 0.004542, 0.004666, 0.004592, 0.004579, 0.004568, 0.004545, 0.004611, 0.004539, 0.004699, 0.004568, 0.004603, 0.004551, 0.00461, 0.004593, 0.00462, 0.004545, 0.004602, 0.004598, 0.004548, 0.004638, 0.004553, 0.004607, 0.004597, 0.004675, 0.004583, 0.004598, 0.004553, 0.004536, 0.0046}"
