"model_name","layer_name","layer_index","kind","min_time","mean_time","max_time","add_flops","div_flops","cmp_flops","exp_flops","mad_flops","input_channel","input_height","input_width","output_channel","output_height","output_width","function","kernel_1","kernel_2","stride_1","stride_2","dilation_1","dilation_2","input_form","topology_hash","mad/min_time","mad/mean_time","mad/max_time","time"
"3D Face Alignment Net Trained on 300W Large Pose Data","13/1/2/3/1/2/4/1/1/4/2/1/3",692,"Convolution",0.001485,0.0015188666666666668,0.005981,0,0,0,0,18874368,128,16,16,64,16,16,"",3,3,1,1,1,1,"HoldForm[ConvolutionLayer[64, {3, 3}, ""Stride"" -> {1, 1}, ""PaddingSize"" -> {{1, 1}, {1, 1}}, ""Dilation"" -> {1, 1}, ""Input"" -> {128, 16, 16}]]","02rpbnlh0jd82",1.2710012121212122e10,1.2426612825352236e10,3.1557211168700886e9,"{0.005981, 0.001555, 0.001507, 0.001535, 0.001499, 0.00154, 0.001497, 0.001541, 0.001523, 0.001496, 0.001574, 0.001497, 0.001532, 0.001524, 0.001547, 0.0015, 0.001515, 0.001485, 0.001519, 0.001526, 0.001535, 0.001551, 0.0015, 0.00149, 0.001524, 0.001524, 0.001525, 0.001541, 0.001504, 0.001509, 0.001493, 0.001531, 0.001554, 0.001532, 0.001552, 0.001503, 0.001496, 0.001514, 0.0015, 0.00154, 0.001506, 0.001544, 0.001518, 0.00149, 0.0015, 0.001546, 0.001497, 0.001544, 0.001504, 0.001496, 0.001507, 0.001499, 0.001547, 0.001532, 0.00154, 0.001547, 0.001491, 0.001489, 0.001541, 0.001525, 0.001552, 0.001505, 0.001497, 0.001516, 0.001502, 0.001521, 0.00154, 0.001544, 0.001527, 0.001499, 0.001485, 0.001514, 0.001523, 0.001521, 0.001541, 0.001502, 0.001512, 0.001552, 0.001494, 0.001547, 0.001542, 0.00152, 0.001497, 0.001492, 0.001523, 0.001524, 0.001527, 0.001547, 0.001502, 0.001521, 0.001488, 0.0015, 0.001528, 0.001496, 0.001566, 0.001497, 0.001496, 0.001523, 0.001529, 0.001561}"
