"model_name","layer_name","layer_index","kind","min_time","mean_time","max_time","add_flops","div_flops","cmp_flops","exp_flops","mad_flops","input_channel","input_height","input_width","output_channel","output_height","output_width","function","kernel_1","kernel_2","stride_1","stride_2","dilation_1","dilation_2","input_form","topology_hash","mad/min_time","mad/mean_time","mad/max_time","time"
"Dilated ResNet-105 Trained on Cityscapes Data","convolution60",196,"Convolution",0.120162,0.12072751666666671,0.129407,0,0,0,0,2147483648,1024,64,128,256,64,128,"",1,1,1,1,1,1,"HoldForm[ConvolutionLayer[256, {1, 1}, ""Stride"" -> {1, 1}, ""PaddingSize"" -> {{0, 0}, {0, 0}}, ""Dilation"" -> {1, 1}, ""Input"" -> {1024, 64, 128}]]","0c0juxkkztzi6",1.7871570446563805e10,1.778785572082365e10,1.659480281592186e10,"{0.129407, 0.12031, 0.120617, 0.120559, 0.120679, 0.120587, 0.121377, 0.120815, 0.120282, 0.120468, 0.120162, 0.120466, 0.120769, 0.120581, 0.120807, 0.120811, 0.120461, 0.120541, 0.120463, 0.120519, 0.120494, 0.120593, 0.120611, 0.120775, 0.120751, 0.120731, 0.120776, 0.120568, 0.120721, 0.12059, 0.120832, 0.120787, 0.120971, 0.120666, 0.120799, 0.120665, 0.12069, 0.120778, 0.120751, 0.120597, 0.12111, 0.120676, 0.12073, 0.120602, 0.1206, 0.120835, 0.120656, 0.120688, 0.120917, 0.120743, 0.120659, 0.120576, 0.124803, 0.120604, 0.120891, 0.120617, 0.120911, 0.120913, 0.120614, 0.120932, 0.120558, 0.120764, 0.12066, 0.120794, 0.120611, 0.120911, 0.120731, 0.120625, 0.120671, 0.120529, 0.120588, 0.120993, 0.120648, 0.120949, 0.120758, 0.120553, 0.120623, 0.120597, 0.120616, 0.120656, 0.120754, 0.120924, 0.121, 0.120793, 0.120938, 0.120688, 0.121191, 0.120834, 0.121127, 0.121384, 0.12095, 0.120851, 0.120758, 0.120943, 0.120786, 0.120845, 0.121216, 0.120968, 0.121101, 0.120975}"
