"model_name","layer_name","layer_index","kind","min_time","mean_time","max_time","add_flops","div_flops","cmp_flops","exp_flops","mad_flops","input_channel","input_height","input_width","output_channel","output_height","output_width","function","kernel_1","kernel_2","stride_1","stride_2","dilation_1","dilation_2","input_form","topology_hash","mad/min_time","mad/mean_time","mad/max_time","time"
"Dilated ResNet-105 Trained on Cityscapes Data","convolution101",331,"Convolution",0.99383,1.0003890500000001,1.095441,0,0,0,0,173946175488,512,64,128,512,64,128,"",3,3,1,1,4,4,"HoldForm[ConvolutionLayer[512, {3, 3}, ""Stride"" -> {1, 1}, ""PaddingSize"" -> {{4, 4}, {4, 4}}, ""Dilation"" -> {4, 4}, ""Input"" -> {512, 64, 128}]]","171a575g6r6yq",1.7502608644134308e11,1.7387852804666342e11,1.587910033383815e11,"{1.095441, 0.997988, 0.998534, 0.999256, 0.997722, 0.994969, 0.997937, 0.997622, 0.996515, 0.998071, 1.003478, 1.001501, 0.996527, 1.00065, 0.997321, 1.002818, 0.99906, 0.998623, 0.996229, 0.998025, 0.99758, 1.009702, 1.003246, 1.002024, 1.003851, 0.999089, 0.99932, 0.996632, 0.996124, 0.994738, 0.99383, 0.996424, 0.997938, 1.0021, 1.004764, 1.005024, 1.002056, 1.012086, 1.00257, 1.000842, 1.006002, 1.005031, 1.002133, 0.999696, 1.003682, 1.001736, 1.00222, 1.001007, 0.999892, 0.998076, 1.000438, 1.000244, 0.999793, 1.000174, 1.002256, 1.000487, 1.003278, 1.00155, 1.001135, 1.00245, 1.000869, 1.000258, 1.000068, 0.999616, 1.002427, 0.999597, 1.000602, 0.999314, 0.998312, 1.000109, 1.001347, 1.000151, 1.001124, 1.000221, 1.004121, 1.006963, 1.005037, 1.014301, 0.999352, 1.004026, 0.998819, 1.001404, 1.004765, 1.001937, 1.001357, 0.998576, 0.996579, 0.996767, 0.997899, 0.998688, 1.007118, 1.000549, 0.998054, 1.004915, 1.001085, 0.996767, 0.997699, 0.999989, 1.001627, 1.002077}"
