"model_name","layer_name","layer_index","kind","min_time","mean_time","max_time","add_flops","div_flops","cmp_flops","exp_flops","mad_flops","input_channel","input_height","input_width","output_channel","output_height","output_width","function","kernel_1","kernel_2","stride_1","stride_2","dilation_1","dilation_2","input_form","topology_hash","mad/min_time","mad/mean_time","mad/max_time","time"
"Dilated ResNet-38 Trained on Cityscapes Data","convolution2",7,"Convolution",0.106329,0.10684771666666668,0.162161,0,0,0,0,603979776,16,512,1024,32,256,512,"",3,3,2,2,1,1,"HoldForm[ConvolutionLayer[32, {3, 3}, ""Stride"" -> {2, 2}, ""PaddingSize"" -> {{1, 1}, {1, 1}}, ""Dilation"" -> {1, 1}, ""Input"" -> {16, 512, 1024}]]","03x0yx0xgra6t",5.680292074598651e9,5.652715798169451e9,3.724568644741954e9,"{0.162161, 0.107788, 0.107059, 0.10677, 0.10696, 0.107083, 0.106904, 0.106972, 0.106686, 0.107259, 0.107525, 0.106822, 0.107182, 0.106636, 0.107065, 0.106602, 0.106855, 0.106513, 0.10669, 0.106827, 0.107138, 0.106772, 0.106994, 0.106682, 0.106729, 0.106329, 0.106557, 0.106681, 0.10691, 0.10699, 0.106812, 0.10699, 0.106914, 0.10757, 0.106899, 0.106913, 0.106714, 0.107039, 0.106747, 0.10678, 0.106873, 0.106708, 0.10665, 0.106741, 0.106845, 0.106904, 0.107145, 0.107236, 0.10782, 0.107293, 0.106883, 0.106879, 0.106779, 0.106863, 0.106639, 0.10674, 0.106761, 0.107371, 0.10681, 0.107227, 0.106928, 0.10691, 0.106829, 0.106856, 0.106639, 0.1067, 0.107293, 0.10686, 0.106524, 0.107003, 0.106646, 0.106356, 0.106771, 0.106443, 0.106567, 0.106667, 0.107406, 0.107365, 0.10655, 0.106585, 0.106957, 0.106823, 0.106496, 0.106766, 0.107104, 0.107387, 0.106614, 0.107065, 0.106721, 0.106722, 0.10685, 0.106871, 0.106643, 0.106889, 0.106888, 0.107074, 0.106638, 0.106996, 0.106829, 0.106602}"
