"model_name","layer_name","layer_index","kind","min_time","mean_time","max_time","add_flops","div_flops","cmp_flops","exp_flops","mad_flops","input_channel","input_height","input_width","output_channel","output_height","output_width","function","kernel_1","kernel_2","stride_1","stride_2","dilation_1","dilation_2","input_form","topology_hash","mad/min_time","mad/mean_time","mad/max_time","time"
"ColorNet Image Colorization Trained on Places Data","2/4",20,"Convolution",0.058727,0.05919056666666666,0.08269,0,0,0,0,924844032,64,112,112,128,112,112,"",3,3,1,1,1,1,"HoldForm[ConvolutionLayer[128, {3, 3}, ""Stride"" -> {1, 1}, ""PaddingSize"" -> {{1, 1}, {1, 1}}, ""Dilation"" -> {1, 1}, ""Input"" -> {64, 112, 112}]]","1v0inr0os0cwt",1.574819132596591e10,1.5624855176810272e10,1.1184472511791027e10,"{0.08269, 0.059455, 0.059143, 0.05931, 0.059168, 0.059385, 0.059183, 0.059071, 0.059036, 0.058954, 0.059265, 0.058727, 0.059071, 0.058873, 0.059147, 0.059275, 0.059274, 0.059058, 0.058869, 0.058836, 0.059003, 0.058728, 0.059006, 0.058996, 0.058834, 0.058934, 0.058908, 0.059019, 0.058861, 0.05913, 0.058979, 0.059167, 0.059111, 0.059157, 0.058929, 0.05899, 0.058924, 0.05905, 0.059023, 0.058895, 0.059051, 0.058981, 0.059017, 0.058964, 0.058772, 0.058798, 0.05912, 0.059246, 0.059261, 0.05921, 0.059926, 0.058886, 0.059268, 0.059327, 0.059256, 0.059238, 0.059259, 0.059316, 0.059126, 0.059257, 0.059441, 0.059191, 0.059313, 0.059152, 0.059376, 0.059353, 0.05956, 0.059598, 0.059654, 0.059322, 0.059241, 0.059767, 0.059452, 0.05958, 0.059608, 0.059412, 0.059438, 0.0594, 0.059501, 0.059362, 0.059324, 0.059364, 0.059373, 0.059533, 0.059528, 0.059076, 0.05915, 0.059137, 0.059172, 0.059148, 0.059354, 0.059247, 0.059179, 0.059234, 0.059169, 0.059315, 0.059187, 0.059142, 0.059314, 0.05944}"
