"model_name","layer_name","layer_index","kind","min_time","mean_time","max_time","add_flops","div_flops","cmp_flops","exp_flops","mad_flops","input_channel","input_height","input_width","output_channel","output_height","output_width","function","kernel_1","kernel_2","stride_1","stride_2","dilation_1","dilation_2","input_form","topology_hash","mad/min_time","mad/mean_time","mad/max_time","time"
"3D Face Alignment Net Trained on 300W Large Pose Data","14/1/2/3/1/2/3/1/2/3/1/2/3/1/1/3",410,"Convolution",0.000367,0.00037231666666666667,0.004329,0,0,0,0,4718592,256,4,4,128,4,4,"",3,3,1,1,1,1,"HoldForm[ConvolutionLayer[128, {3, 3}, ""Stride"" -> {1, 1}, ""PaddingSize"" -> {{1, 1}, {1, 1}}, ""Dilation"" -> {1, 1}, ""Input"" -> {256, 4, 4}]]","0ngwio6wgy0h8",1.2857198910081743e10,1.267359863915126e10,1.0899958419958417e9,"{0.004329, 0.000412, 0.000427, 0.000381, 0.000374, 0.000371, 0.000369, 0.00037, 0.000369, 0.000369, 0.000368, 0.000426, 0.000378, 0.000372, 0.00037, 0.000369, 0.000369, 0.000403, 0.000422, 0.000375, 0.00037, 0.00037, 0.000389, 0.000374, 0.00037, 0.000369, 0.000368, 0.000369, 0.000415, 0.000379, 0.00037, 0.000369, 0.000388, 0.000373, 0.000371, 0.000369, 0.00037, 0.00037, 0.000371, 0.000369, 0.000369, 0.00037, 0.00037, 0.000389, 0.0004, 0.000376, 0.000372, 0.000369, 0.000369, 0.000371, 0.000367, 0.000369, 0.000369, 0.00037, 0.000403, 0.000419, 0.00038, 0.000371, 0.00037, 0.00037, 0.00037, 0.000369, 0.000371, 0.00037, 0.000395, 0.000374, 0.000371, 0.000369, 0.00037, 0.000369, 0.000406, 0.000369, 0.000376, 0.00037, 0.000371, 0.000391, 0.000372, 0.00037, 0.000369, 0.000367, 0.000369, 0.00037, 0.000418, 0.000376, 0.000372, 0.000394, 0.000372, 0.000369, 0.000404, 0.000374, 0.000407, 0.000373, 0.000369, 0.00037, 0.000368, 0.000385, 0.000373, 0.000397, 0.000378, 0.000372}"
