"model_name","layer_name","layer_index","kind","min_time","mean_time","max_time","add_flops","div_flops","cmp_flops","exp_flops","mad_flops","input_channel","input_height","input_width","output_channel","output_height","output_width","function","kernel_1","kernel_2","stride_1","stride_2","dilation_1","dilation_2","input_form","topology_hash","mad/min_time","mad/mean_time","mad/max_time","time"
"2D Face Alignment Net Trained on 300W Large Pose Data","12/1/2/3/1/2/3/1/2/3/1/2/2/1/1/4/2/2/2/3",861,"Convolution",0.000107,0.0001097333333333333,0.003998,0,0,0,0,589824,64,4,4,64,4,4,"",3,3,1,1,1,1,"HoldForm[ConvolutionLayer[64, {3, 3}, ""Stride"" -> {1, 1}, ""PaddingSize"" -> {{1, 1}, {1, 1}}, ""Dilation"" -> {1, 1}, ""Input"" -> {64, 4, 4}]]","1q4duk73bmnra",5.5123738317757015e9,5.375066828675579e9,1.4752976488244122e8,"{0.003998, 0.000134, 0.000118, 0.000115, 0.000113, 0.000111, 0.000111, 0.000111, 0.000109, 0.000109, 0.00011, 0.000143, 0.000111, 0.00011, 0.000111, 0.00011, 0.00011, 0.00011, 0.00011, 0.00011, 0.00011, 0.000108, 0.000109, 0.00011, 0.000109, 0.000109, 0.000109, 0.000108, 0.00011, 0.000108, 0.000109, 0.000109, 0.00011, 0.00011, 0.000111, 0.00011, 0.000109, 0.000109, 0.00011, 0.00011, 0.000109, 0.00011, 0.000109, 0.000108, 0.000109, 0.000109, 0.000133, 0.000111, 0.000109, 0.000109, 0.000107, 0.000114, 0.000111, 0.000109, 0.00011, 0.000114, 0.00011, 0.00011, 0.00011, 0.000109, 0.00011, 0.000108, 0.000108, 0.000108, 0.000108, 0.000109, 0.000108, 0.000108, 0.000109, 0.000109, 0.000109, 0.000108, 0.000108, 0.000108, 0.000109, 0.000178, 0.000113, 0.000111, 0.00011, 0.00011, 0.000135, 0.000115, 0.000113, 0.000111, 0.000111, 0.000109, 0.00011, 0.000109, 0.00011, 0.000109, 0.000157, 0.000114, 0.000111, 0.00011, 0.000109, 0.000109, 0.00011, 0.00011, 0.000109, 0.000108}"
