"model_name","layer_name","layer_index","kind","min_time","mean_time","max_time","add_flops","div_flops","cmp_flops","exp_flops","mad_flops","input_channel","input_height","input_width","output_channel","output_height","output_width","function","kernel_1","kernel_2","stride_1","stride_2","dilation_1","dilation_2","input_form","topology_hash","mad/min_time","mad/mean_time","mad/max_time","time"
"3D Face Alignment Net Trained on 300W Large Pose Data","14/1/2/3/1/2/4/1/1/3",459,"Convolution",0.004555,0.0046407666666666665,0.009974,0,0,0,0,75497472,256,16,16,128,16,16,"",3,3,1,1,1,1,"HoldForm[ConvolutionLayer[128, {3, 3}, ""Stride"" -> {1, 1}, ""PaddingSize"" -> {{1, 1}, {1, 1}}, ""Dilation"" -> {1, 1}, ""Input"" -> {256, 16, 16}]]","06h7uhubi6fko",1.657463710208562e10,1.6268318884092426e10,7.569427712051333e9,"{0.009974, 0.004638, 0.00466, 0.004615, 0.004669, 0.004692, 0.004705, 0.004601, 0.004646, 0.00464, 0.004786, 0.004641, 0.004614, 0.004643, 0.004578, 0.004696, 0.004798, 0.004676, 0.004603, 0.004665, 0.004622, 0.004624, 0.004646, 0.004642, 0.004773, 0.004632, 0.004661, 0.004637, 0.004685, 0.004604, 0.004655, 0.004602, 0.004634, 0.004652, 0.004622, 0.004641, 0.004632, 0.004674, 0.004643, 0.004683, 0.004601, 0.004647, 0.004597, 0.004707, 0.004588, 0.004633, 0.004644, 0.004625, 0.00471, 0.00466, 0.004633, 0.004609, 0.00463, 0.004598, 0.004662, 0.004605, 0.004612, 0.004649, 0.004647, 0.00468, 0.004643, 0.00464, 0.004628, 0.004645, 0.00462, 0.004639, 0.004608, 0.004651, 0.00461, 0.004619, 0.004706, 0.004676, 0.004651, 0.004629, 0.004631, 0.004619, 0.004654, 0.004604, 0.004663, 0.004614, 0.004632, 0.004682, 0.004679, 0.004637, 0.004623, 0.004651, 0.004628, 0.004657, 0.004555, 0.004661, 0.004601, 0.004734, 0.004594, 0.004642, 0.004638, 0.004639, 0.004648, 0.004617, 0.004656, 0.004664}"
