"model_name","layer_name","layer_index","kind","min_time","mean_time","max_time","add_flops","div_flops","cmp_flops","exp_flops","mad_flops","input_channel","input_height","input_width","output_channel","output_height","output_width","function","kernel_1","kernel_2","stride_1","stride_2","dilation_1","dilation_2","input_form","topology_hash","mad/min_time","mad/mean_time","mad/max_time","time"
"ColorNet Image Colorization Trained on ImageNet Competition Data","1/11",11,"Convolution",0.041493,0.04221101666666666,0.052296,0,0,0,0,924844032,256,28,28,512,28,28,"",3,3,1,1,1,1,"HoldForm[ConvolutionLayer[512, {3, 3}, ""Stride"" -> {1, 1}, ""PaddingSize"" -> {{1, 1}, {1, 1}}, ""Dilation"" -> {1, 1}, ""Input"" -> {256, 28, 28}]]","1cuo8p7jj4263",2.2289157978454193e10,2.191001556070868e10,1.7684794860027534e10,"{0.052296, 0.042454, 0.042579, 0.042179, 0.042447, 0.042576, 0.042604, 0.042619, 0.042285, 0.042707, 0.042593, 0.042727, 0.042241, 0.042191, 0.042251, 0.042828, 0.041676, 0.041944, 0.041848, 0.041951, 0.04293, 0.042338, 0.0422, 0.042676, 0.042499, 0.04241, 0.042705, 0.042692, 0.042395, 0.042332, 0.042827, 0.042357, 0.04232, 0.042288, 0.042661, 0.042536, 0.042478, 0.042919, 0.042211, 0.042492, 0.042801, 0.042098, 0.042212, 0.042402, 0.042229, 0.042046, 0.041939, 0.04198, 0.041726, 0.042198, 0.041834, 0.042195, 0.041787, 0.041922, 0.041797, 0.04197, 0.04243, 0.042108, 0.042241, 0.042296, 0.041908, 0.042046, 0.042102, 0.042009, 0.042, 0.042098, 0.042088, 0.042465, 0.041993, 0.041799, 0.042347, 0.04263, 0.042466, 0.042913, 0.042516, 0.041946, 0.041802, 0.042098, 0.041919, 0.041684, 0.048444, 0.041493, 0.041973, 0.042054, 0.041758, 0.041936, 0.041946, 0.041525, 0.041713, 0.042102, 0.041766, 0.042264, 0.04154, 0.041506, 0.041981, 0.0428, 0.042423, 0.042167, 0.0417, 0.041673}"
