"model_name","layer_name","layer_index","kind","min_time","mean_time","max_time","add_flops","div_flops","cmp_flops","exp_flops","mad_flops","input_channel","input_height","input_width","output_channel","output_height","output_width","function","kernel_1","kernel_2","stride_1","stride_2","dilation_1","dilation_2","input_form","topology_hash","mad/min_time","mad/mean_time","mad/max_time","time"
"Ademxapp Model A1 Trained on ADE20K Data","4b2/res4b2_branch2a",63,"Convolution",0.444313,0.44612189999999996,0.496224,0,0,0,0,9364045824,512,63,63,512,63,63,"",3,3,1,1,1,1,"HoldForm[ConvolutionLayer[512, {3, 3}, ""Stride"" -> {1, 1}, ""PaddingSize"" -> {{1, 1}, {1, 1}}, ""Dilation"" -> {1, 1}, ""Input"" -> {512, 63, 63}]]","001lk0ffkep4m",2.1075336134661823e10,2.098988151893014e10,1.887060243760882e10,"{0.496224, 0.445476, 0.445468, 0.446421, 0.446842, 0.446543, 0.445718, 0.445731, 0.445582, 0.445172, 0.444994, 0.445297, 0.445255, 0.44463, 0.445079, 0.44493, 0.445106, 0.445044, 0.445678, 0.444845, 0.444739, 0.445245, 0.444816, 0.452586, 0.445794, 0.445219, 0.447754, 0.446039, 0.446196, 0.446297, 0.446407, 0.44534, 0.446428, 0.446048, 0.44692, 0.445024, 0.445397, 0.446555, 0.446322, 0.44626, 0.446139, 0.446571, 0.446254, 0.446387, 0.445185, 0.446279, 0.445025, 0.445004, 0.446567, 0.444526, 0.445362, 0.446473, 0.444988, 0.444313, 0.44487, 0.445952, 0.449742, 0.448575, 0.44702, 0.446101, 0.446894, 0.445968, 0.44802, 0.445437, 0.445913, 0.448283, 0.446672, 0.446309, 0.447508, 0.44615, 0.447802, 0.446882, 0.446983, 0.446715, 0.446889, 0.447134, 0.446739, 0.447356, 0.445498, 0.446145, 0.44563, 0.447037, 0.446156, 0.446288, 0.446516, 0.448011, 0.446537, 0.445547, 0.446803, 0.445493, 0.446713, 0.445724, 0.445761, 0.446214, 0.446794, 0.447232, 0.446688, 0.447892, 0.446467, 0.446376}"
