"model_name","layer_name","layer_index","kind","min_time","mean_time","max_time","add_flops","div_flops","cmp_flops","exp_flops","mad_flops","input_channel","input_height","input_width","output_channel","output_height","output_width","function","kernel_1","kernel_2","stride_1","stride_2","dilation_1","dilation_2","input_form","topology_hash","mad/min_time","mad/mean_time","mad/max_time","time"
"CycleGAN Monet-to-Photo Translation","3",3,"Convolution",0.050927,0.051332599999999985,0.08125,0,0,0,0,308281344,3,262,262,32,256,256,"",7,7,1,1,1,1,"HoldForm[ConvolutionLayer[32, {7, 7}, ""Stride"" -> {1, 1}, ""PaddingSize"" -> {{0, 0}, {0, 0}}, ""Dilation"" -> {1, 1}, ""Input"" -> {3, 262, 262}]]","0fho1w5kbibdr",6.05339690144717e9,6.0055665210801735e9,3.794231926153846e9,"{0.08125, 0.051398, 0.051475, 0.05138, 0.051223, 0.051311, 0.051311, 0.051231, 0.051253, 0.051351, 0.051209, 0.051327, 0.05247, 0.051481, 0.051294, 0.052261, 0.051131, 0.051432, 0.051535, 0.051263, 0.051163, 0.051198, 0.051182, 0.051344, 0.051302, 0.051407, 0.051209, 0.051298, 0.051438, 0.051329, 0.051223, 0.051266, 0.051422, 0.051261, 0.051229, 0.051496, 0.051319, 0.051311, 0.051315, 0.051281, 0.051259, 0.051574, 0.051304, 0.051417, 0.051185, 0.051477, 0.051266, 0.051279, 0.051318, 0.051216, 0.051205, 0.051461, 0.050927, 0.051284, 0.051199, 0.051086, 0.051244, 0.051307, 0.05136, 0.051287, 0.051376, 0.051303, 0.051374, 0.051597, 0.051327, 0.051387, 0.051196, 0.051401, 0.051305, 0.051331, 0.051397, 0.05138, 0.051094, 0.051659, 0.051503, 0.051504, 0.051229, 0.051405, 0.051319, 0.051364, 0.051397, 0.051496, 0.051377, 0.051456, 0.051253, 0.051332, 0.051289, 0.051276, 0.051256, 0.05143, 0.051339, 0.051374, 0.051395, 0.051559, 0.051075, 0.051487, 0.051334, 0.05147, 0.051375, 0.05136}"
