"model_name","layer_name","layer_index","kind","min_time","mean_time","max_time","add_flops","div_flops","cmp_flops","exp_flops","mad_flops","input_channel","input_height","input_width","output_channel","output_height","output_width","function","kernel_1","kernel_2","stride_1","stride_2","dilation_1","dilation_2","input_form","topology_hash","mad/min_time","mad/mean_time","mad/max_time","time"
"AdaIN-Style Trained on MS-COCO and Painter by Numbers Data","encoder_style/29",59,"Convolution",0.23769,0.23920048333333332,0.272285,0,0,0,0,4831838208,256,66,66,512,64,64,"",3,3,1,1,1,1,"HoldForm[ConvolutionLayer[512, {3, 3}, ""Stride"" -> {1, 1}, ""PaddingSize"" -> {{0, 0}, {0, 0}}, ""Dilation"" -> {1, 1}, ""Input"" -> {256, 66, 66}]]","1ctri618nfpjv",2.032831927300265e10,2.019995169184789e10,1.7745517410066658e10,"{0.272285, 0.2394, 0.239977, 0.241315, 0.239837, 0.240174, 0.241111, 0.240361, 0.241396, 0.239126, 0.240368, 0.241584, 0.241994, 0.239224, 0.239104, 0.239232, 0.240979, 0.240335, 0.240642, 0.240065, 0.240493, 0.239122, 0.239088, 0.23907, 0.239707, 0.239535, 0.23804, 0.23833, 0.238649, 0.238781, 0.238575, 0.237721, 0.237924, 0.239187, 0.238422, 0.23801, 0.238728, 0.239069, 0.238723, 0.238876, 0.239167, 0.241172, 0.240207, 0.240182, 0.247149, 0.240802, 0.240071, 0.242396, 0.239306, 0.240796, 0.240513, 0.23892, 0.240064, 0.239973, 0.239227, 0.239877, 0.239492, 0.239938, 0.247213, 0.238441, 0.238799, 0.239541, 0.238247, 0.238847, 0.238992, 0.238179, 0.238251, 0.238263, 0.238362, 0.238575, 0.241921, 0.240033, 0.238605, 0.238586, 0.239263, 0.239072, 0.238453, 0.239746, 0.238738, 0.239551, 0.239044, 0.238905, 0.239787, 0.239335, 0.237906, 0.238047, 0.239145, 0.238112, 0.238379, 0.238316, 0.239089, 0.23769, 0.237884, 0.238133, 0.238306, 0.238195, 0.238224, 0.237704, 0.237826, 0.238082}"
