"model_name","layer_name","layer_index","kind","min_time","mean_time","max_time","add_flops","div_flops","cmp_flops","exp_flops","mad_flops","input_channel","input_height","input_width","output_channel","output_height","output_width","function","kernel_1","kernel_2","stride_1","stride_2","dilation_1","dilation_2","input_form","topology_hash","mad/min_time","mad/mean_time","mad/max_time","time"
"BERT Trained on BookCorpus and English Wikipedia Data","encoder/4/1/attention/2/elem",231,"Elementwise",0.000045,0.00004740000000000001,0.000107,0,0,0,0,"64*LengthVar[1991736548]","LengthVar[1991736548]",64,"","LengthVar[1991736548]",64,"","ScalarFunctionObject[{ScalarSymbol[1]}, ScalarSymbol[2], <|ScalarSymbol[2] -> {Times, 0.125, ScalarSymbol[1]}|>]","","","","","","","HoldForm[ElementwiseLayer[0.125*#1 & , ""Input"" -> {""Varying"", 64}]]","1qls6pibzwobu","1.4222222222222222*^6*LengthVar[1.991736548*^9]","1.3502109704641348*^6*LengthVar[1.991736548*^9]","598130.8411214954*LengthVar[1.991736548*^9]","{0.000102, 0.000057, 0.00005, 0.000049, 0.000049, 0.000048, 0.000048, 0.000047, 0.000107, 0.000052, 0.000048, 0.000047, 0.000048, 0.000047, 0.000047, 0.000048, 0.000047, 0.000047, 0.000047, 0.000046, 0.000047, 0.000046, 0.000048, 0.000047, 0.000047, 0.000047, 0.000046, 0.000046, 0.000047, 0.000048, 0.000046, 0.000046, 0.000047, 0.000047, 0.000045, 0.000047, 0.000047, 0.000046, 0.000075, 0.000052, 0.000049, 0.000048, 0.000048, 0.000048, 0.000048, 0.000049, 0.000047, 0.000047, 0.000047, 0.000047, 0.000047, 0.000047, 0.000047, 0.000048, 0.000048, 0.000048, 0.000047, 0.000047, 0.000048, 0.000047, 0.000047, 0.000047, 0.000047, 0.000048, 0.000047, 0.000047, 0.000046, 0.000047, 0.000048, 0.000048, 0.000048, 0.000048, 0.000048, 0.000048, 0.000048, 0.000047, 0.000047, 0.000047, 0.000047, 0.000047, 0.000047, 0.000047, 0.000047, 0.000047, 0.000047, 0.000047, 0.000048, 0.000047, 0.000048, 0.000047, 0.000051, 0.000056, 0.000049, 0.000048, 0.000048, 0.000048, 0.000048, 0.000047, 0.000048, 0.000047}"
