"model_name","layer_name","layer_index","kind","min_time","mean_time","max_time","add_flops","div_flops","cmp_flops","exp_flops","mad_flops","input_channel","input_height","input_width","output_channel","output_height","output_width","function","kernel_1","kernel_2","stride_1","stride_2","dilation_1","dilation_2","input_form","topology_hash","mad/min_time","mad/mean_time","mad/max_time","time"
"2D Face Alignment Net Trained on 300W Large Pose Data","14/1/2/3/1/2/3/1/2/3/1/1/1/1/1/4/1",380,"Elementwise",0.000047,0.000048383333333333335,0.000275,0,0,0,0,0,128,8,8,128,8,8,"ScalarFunctionObject[{ScalarSymbol[1]}, ScalarSymbol[1], <||>]","","","","","","","HoldForm[ElementwiseLayer[#1 & , ""Input"" -> {128, 8, 8}]]","0pfaong4e38cz",0.,0.,0.,"{0.000275, 0.000061, 0.000055, 0.000052, 0.00005, 0.00005, 0.000049, 0.000077, 0.000052, 0.00005, 0.00005, 0.000049, 0.000049, 0.000049, 0.000049, 0.000047, 0.000047, 0.000049, 0.000048, 0.000048, 0.000049, 0.000048, 0.000049, 0.000048, 0.000048, 0.000048, 0.000048, 0.000048, 0.000047, 0.000048, 0.000048, 0.000048, 0.000048, 0.000047, 0.000048, 0.000048, 0.000048, 0.000048, 0.000048, 0.000048, 0.000049, 0.000048, 0.000048, 0.000049, 0.000103, 0.000052, 0.000087, 0.00005, 0.000049, 0.000049, 0.000049, 0.000048, 0.000048, 0.000049, 0.000049, 0.000048, 0.000048, 0.000048, 0.00005, 0.000048, 0.000049, 0.000049, 0.000048, 0.000048, 0.000048, 0.000048, 0.000049, 0.000047, 0.000047, 0.000048, 0.000048, 0.000048, 0.000048, 0.000048, 0.000048, 0.000048, 0.000048, 0.000049, 0.000048, 0.000048, 0.000048, 0.00007, 0.000056, 0.000052, 0.000051, 0.000048, 0.000049, 0.000048, 0.000049, 0.000048, 0.000048, 0.000047, 0.000049, 0.000048, 0.000048, 0.000048, 0.000049, 0.000047, 0.000049, 0.000048}"
