"model_name","layer_name","layer_index","kind","min_time","mean_time","max_time","add_flops","div_flops","cmp_flops","exp_flops","mad_flops","input_channel","input_height","input_width","output_channel","output_height","output_width","function","kernel_1","kernel_2","stride_1","stride_2","dilation_1","dilation_2","input_form","topology_hash","mad/min_time","mad/mean_time","mad/max_time","time"
"2D Face Alignment Net Trained on 300W Large Pose Data","13/1/2/3/1/2/2/1/1/4/2/1/2",565,"Elementwise",0.000064,0.0000663500000000001,0.000493,0,0,32768,0,32768,128,16,16,128,16,16,"Ramp","","","","","","","HoldForm[ElementwiseLayer[Ramp, ""Input"" -> {128, 16, 16}]]","1pz64vip1oz0r",5.12e8,4.938658628485298e8,6.646653144016228e7,"{0.000493, 0.000078, 0.000071, 0.000069, 0.000068, 0.000068, 0.000067, 0.000066, 0.000067, 0.000067, 0.000065, 0.000066, 0.000065, 0.000066, 0.000067, 0.000066, 0.000065, 0.000067, 0.000066, 0.000065, 0.000065, 0.000065, 0.000126, 0.000071, 0.000067, 0.000066, 0.000066, 0.000066, 0.000066, 0.000066, 0.000065, 0.000066, 0.000065, 0.000065, 0.000099, 0.00007, 0.000066, 0.000067, 0.000067, 0.000067, 0.000067, 0.000066, 0.000067, 0.000066, 0.000066, 0.000067, 0.000066, 0.000067, 0.000067, 0.000066, 0.000067, 0.000066, 0.000067, 0.000066, 0.000066, 0.000066, 0.000066, 0.000067, 0.000067, 0.000066, 0.000066, 0.000067, 0.000066, 0.000066, 0.000065, 0.000067, 0.000066, 0.000066, 0.000067, 0.000067, 0.000065, 0.000066, 0.000068, 0.000066, 0.000066, 0.000067, 0.000066, 0.000066, 0.000066, 0.000067, 0.000065, 0.000066, 0.000065, 0.000066, 0.000066, 0.000067, 0.000066, 0.000068, 0.000065, 0.000067, 0.000065, 0.000089, 0.000068, 0.000066, 0.000065, 0.000066, 0.000065, 0.000065, 0.000064, 0.000067}"
