"model_name","layer_name","layer_index","kind","min_time","mean_time","max_time","add_flops","div_flops","cmp_flops","exp_flops","mad_flops","input_channel","input_height","input_width","output_channel","output_height","output_width","function","kernel_1","kernel_2","stride_1","stride_2","dilation_1","dilation_2","input_form","topology_hash","mad/min_time","mad/mean_time","mad/max_time","time"
"2D Face Alignment Net Trained on 300W Large Pose Data","13/1/2/3/1/2/3/1/2/2/1/1/4/2/2/2/2",600,"Elementwise",0.000046,0.000047600000000000005,0.000258,0,0,4096,0,4096,64,8,8,64,8,8,"Ramp","","","","","","","HoldForm[ElementwiseLayer[Ramp, ""Input"" -> {64, 8, 8}]]","0dlsoiayedfwh",8.904347826086956e7,8.605042016806722e7,1.5875968992248064e7,"{0.000258, 0.00006, 0.000054, 0.000051, 0.00005, 0.000049, 0.000048, 0.000048, 0.000048, 0.000047, 0.000048, 0.000047, 0.000048, 0.000048, 0.000049, 0.000047, 0.000047, 0.000048, 0.000118, 0.000059, 0.000049, 0.000048, 0.000048, 0.000048, 0.000048, 0.000047, 0.000048, 0.000048, 0.000048, 0.000047, 0.000047, 0.000048, 0.000047, 0.000048, 0.000047, 0.000047, 0.000048, 0.000047, 0.000047, 0.000047, 0.000048, 0.000048, 0.000047, 0.000048, 0.000047, 0.000047, 0.000047, 0.000048, 0.000047, 0.000047, 0.000048, 0.000047, 0.000047, 0.000048, 0.000046, 0.000048, 0.000048, 0.000048, 0.000046, 0.000047, 0.000048, 0.000047, 0.000048, 0.000069, 0.000055, 0.000049, 0.000048, 0.000048, 0.000048, 0.000047, 0.000048, 0.000048, 0.000047, 0.000048, 0.000048, 0.000047, 0.000047, 0.000048, 0.000047, 0.000047, 0.000047, 0.000051, 0.000048, 0.000048, 0.000047, 0.000046, 0.000047, 0.000047, 0.000046, 0.000047, 0.000047, 0.000046, 0.000048, 0.000047, 0.000047, 0.000047, 0.000047, 0.000052, 0.000052, 0.000048}"
