"model_name","layer_name","layer_index","kind","min_time","mean_time","max_time","add_flops","div_flops","cmp_flops","exp_flops","mad_flops","input_channel","input_height","input_width","output_channel","output_height","output_width","function","kernel_1","kernel_2","stride_1","stride_2","dilation_1","dilation_2","input_form","topology_hash","mad/min_time","mad/mean_time","mad/max_time","time"
"2D Face Alignment Net Trained on 300W Large Pose Data","18/1/1/4/2/1/2",496,"Elementwise",0.000311,0.0003153999999999999,0.001656,0,0,524288,0,524288,128,64,64,128,64,64,"Ramp","","","","","","","HoldForm[ElementwiseLayer[Ramp, ""Input"" -> {128, 64, 64}]]","1hgvs9hyt3yrr",1.685813504823151e9,1.6622954977805965e9,3.1659903381642514e8,"{0.001656, 0.000327, 0.000318, 0.000316, 0.000315, 0.000316, 0.000314, 0.000314, 0.000314, 0.000359, 0.000357, 0.000335, 0.000318, 0.000315, 0.000318, 0.000318, 0.000319, 0.000318, 0.000316, 0.000317, 0.00032, 0.00032, 0.000317, 0.000318, 0.000339, 0.000322, 0.000319, 0.000317, 0.000318, 0.000318, 0.000318, 0.000319, 0.000312, 0.000314, 0.000313, 0.000312, 0.000329, 0.000315, 0.000314, 0.000314, 0.000317, 0.0004, 0.000316, 0.000314, 0.000317, 0.000312, 0.000312, 0.000313, 0.000334, 0.000318, 0.000315, 0.000313, 0.000313, 0.000314, 0.000313, 0.000314, 0.000313, 0.000313, 0.000313, 0.000314, 0.000311, 0.000332, 0.000319, 0.000314, 0.000312, 0.000313, 0.000311, 0.000312, 0.000313, 0.000312, 0.000314, 0.000316, 0.000358, 0.000376, 0.000317, 0.000314, 0.000313, 0.000312, 0.000357, 0.000315, 0.000313, 0.000314, 0.000313, 0.000312, 0.000313, 0.000313, 0.000329, 0.000314, 0.000312, 0.000314, 0.000311, 0.000312, 0.000314, 0.000316, 0.000314, 0.000313, 0.000345, 0.000316, 0.000335, 0.000316}"
