"model_name","layer_name","layer_index","kind","min_time","mean_time","max_time","add_flops","div_flops","cmp_flops","exp_flops","mad_flops","input_channel","input_height","input_width","output_channel","output_height","output_width","function","kernel_1","kernel_2","stride_1","stride_2","dilation_1","dilation_2","input_form","topology_hash","mad/min_time","mad/mean_time","mad/max_time","time"
"3D Face Alignment Net Trained on 300W Large Pose Data","12/1/2/3/1/2/3/1/2/3/1/2/2/1/1/2",852,"Elementwise",0.000046,0.00004796666666666665,0.000256,0,0,4096,0,4096,256,4,4,256,4,4,"Ramp","","","","","","","HoldForm[ElementwiseLayer[Ramp, ""Input"" -> {256, 4, 4}]]","14dwieciwh2o4",8.904347826086956e7,8.539263377345382e7,1.6e7,"{0.000256, 0.00006, 0.000053, 0.000051, 0.000049, 0.000049, 0.00005, 0.000048, 0.000049, 0.000049, 0.000048, 0.000052, 0.000055, 0.000051, 0.000049, 0.000054, 0.000049, 0.000049, 0.000048, 0.000048, 0.000048, 0.000048, 0.000096, 0.000056, 0.000049, 0.000048, 0.000048, 0.000049, 0.000048, 0.000048, 0.000047, 0.000049, 0.000048, 0.000048, 0.000048, 0.000048, 0.000048, 0.000048, 0.000048, 0.000047, 0.000048, 0.000049, 0.000047, 0.000047, 0.000047, 0.000066, 0.000056, 0.000049, 0.000048, 0.000048, 0.000048, 0.000048, 0.000047, 0.000047, 0.000048, 0.000048, 0.000048, 0.000048, 0.000048, 0.000047, 0.000048, 0.000048, 0.000047, 0.00005, 0.000048, 0.000048, 0.000047, 0.000047, 0.000047, 0.000047, 0.000047, 0.000048, 0.000048, 0.000048, 0.000047, 0.000048, 0.000047, 0.000049, 0.000046, 0.000047, 0.000048, 0.000047, 0.000048, 0.000048, 0.000048, 0.000047, 0.000047, 0.000048, 0.000047, 0.000048, 0.000047, 0.000047, 0.000048, 0.000048, 0.000048, 0.000047, 0.000047, 0.000047, 0.000047, 0.000047}"
