"model_name","layer_name","layer_index","kind","min_time","mean_time","max_time","add_flops","div_flops","cmp_flops","exp_flops","mad_flops","input_channel","input_height","input_width","output_channel","output_height","output_width","function","kernel_1","kernel_2","stride_1","stride_2","dilation_1","dilation_2","input_form","topology_hash","mad/min_time","mad/mean_time","mad/max_time","time"
"CycleGAN Orange-to-Apple Translation Trained on ImageNet Competition Data","28",91,"Elementwise",0.001421,0.0014892499999999995,0.006374,0,0,2097152,0,2097152,32,256,256,32,256,256,"Ramp","","","","","","","HoldForm[ElementwiseLayer[Ramp, ""Input"" -> {32, 256, 256}]]","0qg73nby9trih",1.4758282899366643e9,1.4081933859325168e9,3.2901663005961716e8,"{0.006374, 0.001718, 0.001509, 0.001523, 0.001485, 0.001507, 0.001507, 0.001639, 0.001495, 0.001507, 0.001519, 0.001484, 0.001505, 0.001467, 0.001555, 0.001475, 0.001461, 0.001526, 0.001462, 0.001563, 0.00148, 0.001547, 0.00151, 0.001483, 0.001464, 0.001524, 0.001478, 0.001537, 0.001546, 0.001478, 0.00153, 0.001468, 0.0015, 0.001479, 0.001522, 0.001487, 0.001487, 0.001485, 0.001498, 0.001507, 0.001467, 0.001558, 0.001468, 0.001531, 0.001473, 0.00147, 0.001524, 0.001454, 0.001538, 0.001511, 0.001466, 0.001492, 0.001552, 0.001516, 0.001475, 0.001512, 0.001451, 0.001466, 0.001438, 0.001499, 0.001438, 0.001509, 0.001471, 0.001434, 0.001428, 0.001452, 0.001461, 0.001442, 0.001485, 0.001431, 0.001463, 0.001432, 0.001443, 0.001521, 0.001507, 0.001583, 0.001689, 0.001526, 0.001573, 0.001529, 0.001445, 0.001469, 0.001522, 0.00147, 0.001445, 0.001437, 0.001515, 0.001427, 0.001421, 0.001502, 0.001429, 0.001449, 0.001481, 0.001496, 0.001468, 0.001445, 0.001509, 0.001463, 0.001429, 0.001472}"
