"model_name","layer_name","layer_index","kind","min_time","mean_time","max_time","add_flops","div_flops","cmp_flops","exp_flops","mad_flops","input_channel","input_height","input_width","output_channel","output_height","output_width","function","kernel_1","kernel_2","stride_1","stride_2","dilation_1","dilation_2","input_form","topology_hash","mad/min_time","mad/mean_time","mad/max_time","time"
"Ademxapp Model A Trained on ImageNet Competition Data","4b2/res4b2_branch2a_relu",65,"Elementwise",0.000456,0.0004621833333333335,0.002386,0,0,819200,0,819200,512,40,40,512,40,40,"Ramp","","","","","","","HoldForm[ElementwiseLayer[Ramp, ""Input"" -> {512, 40, 40}]]","0k4g21szw267f",1.7964912280701752e9,1.7724568172802992e9,3.43336127409891e8,"{0.002386, 0.000485, 0.000464, 0.00046, 0.00046, 0.000461, 0.000458, 0.000464, 0.000465, 0.000488, 0.000468, 0.000466, 0.000464, 0.000466, 0.000465, 0.000503, 0.000466, 0.00048, 0.000464, 0.000459, 0.000494, 0.00051, 0.000462, 0.00046, 0.00046, 0.000458, 0.000482, 0.000463, 0.000458, 0.000458, 0.000458, 0.000499, 0.000463, 0.00046, 0.000481, 0.000462, 0.000459, 0.000515, 0.000461, 0.000459, 0.00046, 0.000491, 0.00046, 0.000495, 0.000463, 0.000459, 0.00046, 0.000458, 0.000457, 0.00046, 0.000457, 0.000508, 0.00046, 0.000458, 0.000459, 0.000458, 0.000458, 0.000457, 0.000503, 0.000461, 0.000481, 0.000461, 0.00049, 0.000463, 0.000466, 0.000458, 0.000459, 0.000458, 0.000475, 0.000462, 0.000456, 0.000459, 0.000457, 0.000458, 0.000458, 0.000458, 0.000457, 0.000518, 0.000462, 0.000458, 0.000508, 0.00046, 0.000459, 0.000459, 0.00049, 0.000477, 0.000463, 0.000458, 0.000459, 0.000456, 0.000458, 0.000459, 0.000458, 0.000498, 0.000482, 0.000461, 0.000458, 0.000456, 0.000459, 0.000458}"
