"model_name","layer_name","layer_index","kind","min_time","mean_time","max_time","add_flops","div_flops","cmp_flops","exp_flops","mad_flops","input_channel","input_height","input_width","output_channel","output_height","output_width","function","kernel_1","kernel_2","stride_1","stride_2","dilation_1","dilation_2","input_form","topology_hash","mad/min_time","mad/mean_time","mad/max_time","time"
"Dilated ResNet-105 Trained on Cityscapes Data","relu86",295,"Elementwise",0.006816,0.006944666666666667,0.024083,0,0,8388608,0,8388608,1024,64,128,1024,64,128,"Ramp","","","","","","","HoldForm[ElementwiseLayer[Ramp, ""Input"" -> {1024, 64, 128}]]","1vribs1xukkfc",1.2307230046948357e9,1.207920898531247e9,3.4832072416227216e8,"{0.024083, 0.006847, 0.006975, 0.007031, 0.006899, 0.006965, 0.007025, 0.006906, 0.006944, 0.006966, 0.006896, 0.007001, 0.00699, 0.006826, 0.007032, 0.006996, 0.006864, 0.006937, 0.006963, 0.006944, 0.006816, 0.007021, 0.006968, 0.006858, 0.006954, 0.006996, 0.006851, 0.006985, 0.006936, 0.006897, 0.00696, 0.00698, 0.006836, 0.006986, 0.007011, 0.006868, 0.00699, 0.006991, 0.0069, 0.006985, 0.006951, 0.006967, 0.006851, 0.007035, 0.007027, 0.006861, 0.006922, 0.006913, 0.006861, 0.006942, 0.006969, 0.00686, 0.006928, 0.006994, 0.006867, 0.006919, 0.006947, 0.00689, 0.006957, 0.006954, 0.006992, 0.006897, 0.007059, 0.007005, 0.006876, 0.007024, 0.006926, 0.006896, 0.007016, 0.007008, 0.00688, 0.007062, 0.007105, 0.007006, 0.006946, 0.006968, 0.006879, 0.006897, 0.006922, 0.006992, 0.006922, 0.006935, 0.006932, 0.006877, 0.006971, 0.006962, 0.006897, 0.00698, 0.006961, 0.006846, 0.006971, 0.006935, 0.006891, 0.006916, 0.00699, 0.006882, 0.006947, 0.006881, 0.006976, 0.006862}"
