"model_name","layer_name","layer_index","kind","min_time","mean_time","max_time","add_flops","div_flops","cmp_flops","exp_flops","mad_flops","input_channel","input_height","input_width","output_channel","output_height","output_width","function","kernel_1","kernel_2","stride_1","stride_2","dilation_1","dilation_2","input_form","topology_hash","mad/min_time","mad/mean_time","mad/max_time","time"
"2D Face Alignment Net Trained on 300W Large Pose Data","12/1/2/3/1/2/3/1/1/1/1/2",817,"Elementwise",0.00007,0.00007166666666666668,0.000429,0,0,0,0,0,256,16,16,256,16,16,"ScalarFunctionObject[{ScalarSymbol[1]}, ScalarSymbol[1], <||>]","","","","","","","HoldForm[ElementwiseLayer[#1 & , ""Input"" -> {256, 16, 16}]]","0cs0g1jmhhd5f",0.,0.,0.,"{0.000429, 0.000085, 0.000077, 0.000078, 0.000073, 0.000072, 0.000073, 0.000072, 0.000072, 0.000073, 0.0001, 0.000078, 0.000074, 0.000072, 0.000072, 0.000072, 0.000073, 0.000072, 0.000072, 0.000072, 0.000071, 0.000071, 0.000073, 0.000071, 0.000119, 0.000082, 0.000073, 0.000072, 0.000072, 0.000073, 0.000072, 0.000071, 0.000072, 0.000071, 0.000071, 0.000073, 0.00007, 0.000071, 0.000117, 0.000074, 0.000072, 0.000071, 0.000072, 0.000072, 0.000071, 0.000072, 0.000071, 0.00007, 0.000071, 0.000072, 0.000071, 0.000071, 0.000071, 0.000072, 0.000071, 0.000071, 0.000071, 0.000072, 0.000071, 0.000072, 0.000071, 0.000072, 0.000092, 0.000073, 0.000073, 0.000071, 0.000071, 0.000072, 0.000071, 0.000071, 0.000072, 0.000071, 0.000071, 0.000071, 0.000072, 0.000109, 0.000073, 0.000072, 0.000071, 0.00007, 0.000072, 0.000072, 0.000071, 0.000072, 0.000072, 0.00007, 0.000072, 0.00007, 0.00007, 0.00007, 0.000071, 0.000071, 0.00007, 0.00007, 0.00007, 0.00007, 0.000071, 0.000071, 0.000072, 0.00007}"
