"model_name","layer_name","layer_index","kind","min_time","mean_time","max_time","add_flops","div_flops","cmp_flops","exp_flops","mad_flops","input_channel","input_height","input_width","output_channel","output_height","output_width","function","kernel_1","kernel_2","stride_1","stride_2","dilation_1","dilation_2","input_form","topology_hash","mad/min_time","mad/mean_time","mad/max_time","time"
"2D Face Alignment Net Trained on 300W Large Pose Data","12/1/2/3/1/2/3/1/2/3/1/2/4/1/1/4/2/2/1",888,"Elementwise",0.000042,0.00004300000000000004,0.000256,0,0,0,0,0,64,4,4,64,4,4,"ScalarFunctionObject[{ScalarSymbol[1]}, ScalarSymbol[1], <||>]","","","","","","","HoldForm[ElementwiseLayer[#1 & , ""Input"" -> {64, 4, 4}]]","18htf2fvb6rkm",0.,0.,0.,"{0.000256, 0.000057, 0.000049, 0.000046, 0.000044, 0.000044, 0.000044, 0.000043, 0.000044, 0.000043, 0.000043, 0.000043, 0.000043, 0.000043, 0.000043, 0.000044, 0.000043, 0.000043, 0.000043, 0.000043, 0.000073, 0.000046, 0.000043, 0.000044, 0.000044, 0.000043, 0.000044, 0.000043, 0.000043, 0.000043, 0.000043, 0.000042, 0.000043, 0.000042, 0.000042, 0.000043, 0.000042, 0.000043, 0.000043, 0.000042, 0.000042, 0.000043, 0.000043, 0.000044, 0.000043, 0.000043, 0.000042, 0.000043, 0.000043, 0.000043, 0.000042, 0.000043, 0.000042, 0.000043, 0.000043, 0.000042, 0.000043, 0.000042, 0.000043, 0.000043, 0.000043, 0.000043, 0.000042, 0.000043, 0.000043, 0.000044, 0.000042, 0.000043, 0.000042, 0.000043, 0.000043, 0.000043, 0.000043, 0.000042, 0.000044, 0.000042, 0.000043, 0.000043, 0.000043, 0.000043, 0.000043, 0.000043, 0.000042, 0.000044, 0.000043, 0.000042, 0.000043, 0.000043, 0.000043, 0.000042, 0.000107, 0.000051, 0.000044, 0.000043, 0.000044, 0.000043, 0.000042, 0.000042, 0.000042, 0.000043}"
