"model_name","layer_name","layer_index","kind","min_time","mean_time","max_time","add_flops","div_flops","cmp_flops","exp_flops","mad_flops","input_channel","input_height","input_width","output_channel","output_height","output_width","function","kernel_1","kernel_2","stride_1","stride_2","dilation_1","dilation_2","input_form","topology_hash","mad/min_time","mad/mean_time","mad/max_time","time"
"Dilated ResNet-105 Trained on Cityscapes Data","relu66",228,"Elementwise",0.001139,0.0011907666666666665,0.006402,0,0,2097152,0,2097152,256,64,128,256,64,128,"Ramp","","","","","","","HoldForm[ElementwiseLayer[Ramp, ""Input"" -> {256, 64, 128}]]","1dq53uhc5a1i5",1.8412221246707637e9,1.7611779525795708e9,3.2757763199000317e8,"{0.006402, 0.001378, 0.001266, 0.001173, 0.001158, 0.001183, 0.001171, 0.001256, 0.001175, 0.001214, 0.001183, 0.00118, 0.001209, 0.001201, 0.001191, 0.001193, 0.00132, 0.001197, 0.00125, 0.001255, 0.001213, 0.001272, 0.001349, 0.001211, 0.001281, 0.001216, 0.001192, 0.001171, 0.001223, 0.001199, 0.001175, 0.001212, 0.001243, 0.001169, 0.001186, 0.00121, 0.001174, 0.001161, 0.001196, 0.001168, 0.001172, 0.001215, 0.001184, 0.001171, 0.001166, 0.001252, 0.001206, 0.001181, 0.001187, 0.001331, 0.001169, 0.001233, 0.001183, 0.001165, 0.001161, 0.001186, 0.001178, 0.001257, 0.001215, 0.001177, 0.00121, 0.001186, 0.001167, 0.001207, 0.001172, 0.001198, 0.001248, 0.001171, 0.001196, 0.001166, 0.001177, 0.001204, 0.001177, 0.001172, 0.00125, 0.001218, 0.001185, 0.001175, 0.001288, 0.001195, 0.001177, 0.001203, 0.001167, 0.001251, 0.001174, 0.001246, 0.001163, 0.001139, 0.001165, 0.00117, 0.001165, 0.001255, 0.001171, 0.001167, 0.001151, 0.00118, 0.001149, 0.001152, 0.001192, 0.001159}"
