"model_name","layer_name","layer_index","kind","min_time","mean_time","max_time","add_flops","div_flops","cmp_flops","exp_flops","mad_flops","input_channel","input_height","input_width","output_channel","output_height","output_width","function","kernel_1","kernel_2","stride_1","stride_2","dilation_1","dilation_2","input_form","topology_hash","mad/min_time","mad/mean_time","mad/max_time","time"
"CycleGAN Zebra-to-Horse Translation Trained on ImageNet Competition Data","28",91,"Elementwise",0.001245,0.0012777000000000003,0.006227,0,0,2097152,0,2097152,32,256,256,32,256,256,"Ramp","","","","","","","HoldForm[ElementwiseLayer[Ramp, ""Input"" -> {32, 256, 256}]]","0qg73nby9trih",1.684459437751004e9,1.6413492995225792e9,3.3678368395696163e8,"{0.006227, 0.001363, 0.001298, 0.00127, 0.00126, 0.001285, 0.001257, 0.001318, 0.001395, 0.001256, 0.001253, 0.001292, 0.001267, 0.00131, 0.001265, 0.001344, 0.001328, 0.001256, 0.001259, 0.001262, 0.001255, 0.001306, 0.001299, 0.001438, 0.001327, 0.001262, 0.001258, 0.001277, 0.001249, 0.001246, 0.001337, 0.001328, 0.001256, 0.001264, 0.001252, 0.001248, 0.001276, 0.001246, 0.001304, 0.001348, 0.001341, 0.001249, 0.001279, 0.001262, 0.001266, 0.001273, 0.001317, 0.001357, 0.0013, 0.001298, 0.001256, 0.001249, 0.00127, 0.001255, 0.001305, 0.001346, 0.001254, 0.001251, 0.001272, 0.001254, 0.001281, 0.001304, 0.001319, 0.00132, 0.00128, 0.001253, 0.001298, 0.001276, 0.00127, 0.001265, 0.001401, 0.001271, 0.001272, 0.001288, 0.001257, 0.001245, 0.001266, 0.001251, 0.001366, 0.001292, 0.001286, 0.001282, 0.001272, 0.001291, 0.001266, 0.001327, 0.001393, 0.001261, 0.001253, 0.00127, 0.001253, 0.001251, 0.001277, 0.001316, 0.001321, 0.001279, 0.001251, 0.001249, 0.001277, 0.001248}"
