"model_name","layer_name","layer_index","kind","min_time","mean_time","max_time","add_flops","div_flops","cmp_flops","exp_flops","mad_flops","input_channel","input_height","input_width","output_channel","output_height","output_width","function","kernel_1","kernel_2","stride_1","stride_2","dilation_1","dilation_2","input_form","topology_hash","mad/min_time","mad/mean_time","mad/max_time","time"
"3D Face Alignment Net Trained on 300W Large Pose Data","13/1/2/3/1/2/3/1/2/3/1/1/1/1/1/4/2/2/1",613,"Elementwise",0.000044,0.00004558333333333332,0.000267,0,0,0,0,0,64,8,8,64,8,8,"ScalarFunctionObject[{ScalarSymbol[1]}, ScalarSymbol[1], <||>]","","","","","","","HoldForm[ElementwiseLayer[#1 & , ""Input"" -> {64, 8, 8}]]","1796e0zcqmkgt",0.,0.,0.,"{0.000267, 0.000058, 0.000052, 0.000048, 0.000047, 0.000047, 0.000046, 0.000046, 0.000046, 0.000046, 0.000046, 0.000046, 0.000046, 0.000046, 0.000045, 0.000045, 0.000045, 0.000046, 0.000045, 0.000046, 0.000045, 0.000045, 0.000046, 0.000097, 0.000051, 0.000047, 0.000046, 0.000045, 0.000046, 0.000046, 0.000046, 0.000045, 0.000046, 0.000045, 0.000044, 0.000045, 0.000046, 0.000045, 0.000046, 0.000045, 0.000046, 0.000049, 0.000046, 0.000046, 0.000046, 0.000045, 0.000045, 0.000069, 0.000048, 0.000046, 0.000046, 0.000046, 0.000045, 0.000045, 0.000045, 0.000087, 0.000048, 0.000045, 0.000046, 0.000046, 0.000046, 0.000046, 0.000045, 0.000046, 0.000046, 0.000045, 0.000045, 0.000044, 0.000045, 0.000046, 0.000045, 0.000045, 0.000045, 0.000045, 0.000046, 0.000045, 0.000046, 0.000046, 0.000045, 0.000045, 0.000045, 0.000045, 0.000045, 0.000045, 0.000045, 0.000046, 0.000045, 0.000045, 0.000046, 0.000045, 0.000046, 0.000045, 0.000046, 0.000045, 0.000045, 0.000046, 0.000045, 0.000045, 0.000046, 0.000045}"
