"model_name","layer_name","layer_index","kind","min_time","mean_time","max_time","add_flops","div_flops","cmp_flops","exp_flops","mad_flops","input_channel","input_height","input_width","output_channel","output_height","output_width","function","kernel_1","kernel_2","stride_1","stride_2","dilation_1","dilation_2","input_form","topology_hash","mad/min_time","mad/mean_time","mad/max_time","time"
"Dilated ResNet-105 Trained on Cityscapes Data","relu24",86,"Elementwise",0.001332,0.001388766666666667,0.006503,0,0,2097152,0,2097152,256,64,128,256,64,128,"Ramp","","","","","","","HoldForm[ElementwiseLayer[Ramp, ""Input"" -> {256, 64, 128}]]","1dq53uhc5a1i5",1.5744384384384384e9,1.5100823272447972e9,3.224899277256651e8,"{0.006503, 0.001484, 0.001405, 0.001352, 0.001397, 0.001383, 0.001416, 0.00135, 0.001421, 0.001366, 0.001377, 0.001419, 0.001365, 0.001368, 0.001405, 0.001356, 0.001409, 0.001388, 0.001393, 0.001407, 0.001348, 0.001407, 0.001377, 0.001346, 0.001388, 0.001385, 0.001387, 0.001344, 0.001428, 0.001357, 0.001339, 0.001373, 0.001346, 0.001382, 0.001358, 0.001349, 0.001417, 0.001344, 0.001347, 0.001404, 0.001358, 0.001393, 0.001377, 0.001417, 0.001386, 0.00137, 0.001371, 0.001358, 0.001752, 0.001378, 0.001412, 0.001387, 0.001422, 0.001401, 0.00137, 0.001448, 0.00146, 0.001509, 0.001429, 0.001431, 0.001416, 0.001422, 0.001506, 0.001446, 0.001444, 0.001393, 0.001381, 0.001389, 0.001373, 0.001407, 0.001412, 0.001441, 0.001449, 0.001397, 0.001369, 0.001353, 0.001411, 0.001359, 0.001359, 0.001437, 0.001426, 0.001378, 0.001387, 0.00143, 0.001353, 0.00137, 0.001403, 0.001371, 0.001342, 0.001332, 0.001355, 0.001386, 0.001353, 0.001415, 0.00135, 0.001345, 0.001383, 0.00145, 0.001415, 0.001377}"
