"model_name","layer_name","layer_index","kind","min_time","mean_time","max_time","add_flops","div_flops","cmp_flops","exp_flops","mad_flops","input_channel","input_height","input_width","output_channel","output_height","output_width","function","kernel_1","kernel_2","stride_1","stride_2","dilation_1","dilation_2","input_form","topology_hash","mad/min_time","mad/mean_time","mad/max_time","time"
"Dilated ResNet-105 Trained on Cityscapes Data","relu80",275,"Elementwise",0.006843,0.006929516666666665,0.024179,0,0,8388608,0,8388608,1024,64,128,1024,64,128,"Ramp","","","","","","","HoldForm[ElementwiseLayer[Ramp, ""Input"" -> {1024, 64, 128}]]","1vribs1xukkfc",1.2258670173900335e9,1.2105617755928147e9,3.469377559038836e8,"{0.024179, 0.006966, 0.006919, 0.006936, 0.006901, 0.006888, 0.00706, 0.006875, 0.00695, 0.006935, 0.006923, 0.006913, 0.006942, 0.006874, 0.007009, 0.006954, 0.006896, 0.006843, 0.006863, 0.006979, 0.006856, 0.006926, 0.006975, 0.00693, 0.006855, 0.007014, 0.006941, 0.006901, 0.007032, 0.006959, 0.006948, 0.006914, 0.006893, 0.006966, 0.006927, 0.006961, 0.006845, 0.006933, 0.007006, 0.006854, 0.006926, 0.00693, 0.006938, 0.006983, 0.00697, 0.006883, 0.006892, 0.006877, 0.006918, 0.006882, 0.006938, 0.006887, 0.006898, 0.007009, 0.006862, 0.006908, 0.006899, 0.006965, 0.007054, 0.006967, 0.006947, 0.006939, 0.006895, 0.006966, 0.006934, 0.006886, 0.00696, 0.006901, 0.006978, 0.006968, 0.006863, 0.007, 0.006898, 0.006938, 0.006941, 0.006899, 0.007, 0.006896, 0.00701, 0.006968, 0.006979, 0.006864, 0.007012, 0.006872, 0.006949, 0.00689, 0.006933, 0.007023, 0.00694, 0.006862, 0.006973, 0.006882, 0.006945, 0.006958, 0.006873, 0.006954, 0.006853, 0.006908, 0.006986, 0.006875}"
