"model_name","layer_name","layer_index","kind","min_time","mean_time","max_time","add_flops","div_flops","cmp_flops","exp_flops","mad_flops","input_channel","input_height","input_width","output_channel","output_height","output_width","function","kernel_1","kernel_2","stride_1","stride_2","dilation_1","dilation_2","input_form","topology_hash","mad/min_time","mad/mean_time","mad/max_time","time"
"Dilated ResNet-105 Trained on Cityscapes Data","relu23",83,"Elementwise",0.003286,0.003405833333333333,0.012426,0,0,4194304,0,4194304,512,64,128,512,64,128,"Ramp","","","","","","","HoldForm[ElementwiseLayer[Ramp, ""Input"" -> {512, 64, 128}]]","1oh1bs5o87l3x",1.276416311625076e9,1.231505945681429e9,3.375425720263963e8,"{0.012426, 0.003569, 0.003415, 0.003423, 0.003462, 0.003392, 0.003344, 0.003396, 0.003308, 0.003357, 0.00341, 0.003401, 0.003362, 0.003453, 0.003379, 0.00345, 0.003451, 0.00337, 0.003567, 0.003436, 0.003309, 0.003486, 0.003351, 0.00332, 0.003503, 0.003392, 0.003313, 0.003458, 0.00338, 0.003399, 0.003522, 0.00347, 0.00348, 0.003521, 0.003395, 0.003369, 0.003444, 0.003342, 0.003362, 0.003551, 0.003425, 0.003424, 0.003514, 0.00333, 0.003334, 0.003458, 0.003366, 0.003363, 0.003471, 0.003414, 0.003352, 0.003516, 0.003325, 0.003348, 0.003491, 0.003364, 0.003343, 0.003471, 0.003333, 0.003322, 0.003504, 0.003406, 0.003428, 0.003511, 0.003309, 0.003318, 0.003453, 0.003319, 0.003286, 0.003435, 0.003318, 0.003405, 0.003488, 0.003358, 0.00335, 0.003427, 0.003406, 0.0034, 0.003445, 0.00335, 0.00345, 0.003554, 0.003436, 0.003472, 0.00357, 0.00342, 0.003409, 0.003448, 0.003348, 0.003356, 0.003443, 0.003436, 0.00338, 0.003448, 0.003324, 0.003337, 0.003403, 0.00333, 0.003411, 0.003408}"
