"model_name","layer_name","layer_index","kind","min_time","mean_time","max_time","add_flops","div_flops","cmp_flops","exp_flops","mad_flops","input_channel","input_height","input_width","output_channel","output_height","output_width","function","kernel_1","kernel_2","stride_1","stride_2","dilation_1","dilation_2","input_form","topology_hash","mad/min_time","mad/mean_time","mad/max_time","time"
"2D Face Alignment Net Trained on 300W Large Pose Data","14/1/1/1/1/1/2",285,"Elementwise",0.000574,0.0005808333333333335,0.003069,0,0,1048576,0,1048576,256,64,64,256,64,64,"Ramp","","","","","","","HoldForm[ElementwiseLayer[Ramp, ""Input"" -> {256, 64, 64}]]","11v1xlvm83ptf",1.8267874564459932e9,1.805295839311334e9,3.416669925057022e8,"{0.003069, 0.000661, 0.000585, 0.000584, 0.000586, 0.00059, 0.000584, 0.000583, 0.000604, 0.000585, 0.000581, 0.000583, 0.000577, 0.000576, 0.000578, 0.00063, 0.000582, 0.000609, 0.000621, 0.000581, 0.00058, 0.000583, 0.000597, 0.00058, 0.000577, 0.000575, 0.000574, 0.000574, 0.000592, 0.000579, 0.000578, 0.000625, 0.00058, 0.000575, 0.000604, 0.000634, 0.000582, 0.000578, 0.000578, 0.000582, 0.000576, 0.00058, 0.000593, 0.000578, 0.000577, 0.000579, 0.000578, 0.000577, 0.000614, 0.000597, 0.000581, 0.000601, 0.000618, 0.00058, 0.000577, 0.000632, 0.000585, 0.000578, 0.000578, 0.000577, 0.000575, 0.000576, 0.000592, 0.000578, 0.000577, 0.000577, 0.000574, 0.000575, 0.00058, 0.000644, 0.000582, 0.000578, 0.000578, 0.000585, 0.000576, 0.000578, 0.000592, 0.000577, 0.000578, 0.000576, 0.000575, 0.000576, 0.000576, 0.000598, 0.000578, 0.000575, 0.000638, 0.000581, 0.000577, 0.000593, 0.000582, 0.000578, 0.000577, 0.000578, 0.000574, 0.000576, 0.000595, 0.00058, 0.000576, 0.000578}"
