"model_name","layer_name","layer_index","kind","min_time","mean_time","max_time","add_flops","div_flops","cmp_flops","exp_flops","mad_flops","input_channel","input_height","input_width","output_channel","output_height","output_width","function","kernel_1","kernel_2","stride_1","stride_2","dilation_1","dilation_2","input_form","topology_hash","mad/min_time","mad/mean_time","mad/max_time","time"
"Ademxapp Model A Trained on ImageNet Competition Data","6a/res6a_branch2b1_relu",121,"Elementwise",0.000074,0.00007561666666666666,0.000398,0,0,51200,0,51200,512,10,10,512,10,10,"Ramp","","","","","","","HoldForm[ElementwiseLayer[Ramp, ""Input"" -> {512, 10, 10}]]","0ihkatb3qhqh6",6.918918918918918e8,6.770994048931013e8,1.28643216080402e8,"{0.000398, 0.000086, 0.000081, 0.000079, 0.000077, 0.000077, 0.000076, 0.000076, 0.000076, 0.000077, 0.000075, 0.000076, 0.000075, 0.000075, 0.000076, 0.000114, 0.000082, 0.000078, 0.000076, 0.000077, 0.000076, 0.000074, 0.000075, 0.000075, 0.000075, 0.000075, 0.000075, 0.000075, 0.000076, 0.000076, 0.000076, 0.000076, 0.000097, 0.000079, 0.000077, 0.000077, 0.000074, 0.000074, 0.000075, 0.000075, 0.000075, 0.000075, 0.000075, 0.000076, 0.000075, 0.000076, 0.000076, 0.000075, 0.000076, 0.000076, 0.000076, 0.000076, 0.000075, 0.000075, 0.000077, 0.000075, 0.000075, 0.000075, 0.000076, 0.000075, 0.000076, 0.000075, 0.000075, 0.000075, 0.000074, 0.000075, 0.000076, 0.000079, 0.000075, 0.000074, 0.000075, 0.000075, 0.000074, 0.000076, 0.000075, 0.000076, 0.000075, 0.000076, 0.000075, 0.000075, 0.000075, 0.000077, 0.0001, 0.000082, 0.000077, 0.000076, 0.000076, 0.000075, 0.000075, 0.000076, 0.000075, 0.000075, 0.000075, 0.000076, 0.000075, 0.000075, 0.000119, 0.00008, 0.000077, 0.000076}"
