"model_name","layer_name","layer_index","kind","min_time","mean_time","max_time","add_flops","div_flops","cmp_flops","exp_flops","mad_flops","input_channel","input_height","input_width","output_channel","output_height","output_width","function","kernel_1","kernel_2","stride_1","stride_2","dilation_1","dilation_2","input_form","topology_hash","mad/min_time","mad/mean_time","mad/max_time","time"
"3D Face Alignment Net Trained on 300W Large Pose Data","15/1/2/3/1/2/3/1/2/3/1/2/4/1/1/4/2/1/2",199,"Elementwise",0.000045,0.000046716666666666666,0.000257,0,0,2048,0,2048,128,4,4,128,4,4,"Ramp","","","","","","","HoldForm[ElementwiseLayer[Ramp, ""Input"" -> {128, 4, 4}]]","0qjdual6secow",4.551111111111111e7,4.383874420264003e7,7.968871595330738e6,"{0.000257, 0.00006, 0.000052, 0.000049, 0.000048, 0.000074, 0.000053, 0.000049, 0.000049, 0.000048, 0.000047, 0.000049, 0.000047, 0.000047, 0.000048, 0.000048, 0.000047, 0.000048, 0.000047, 0.000047, 0.000047, 0.000047, 0.000047, 0.000047, 0.000047, 0.000047, 0.000047, 0.000047, 0.000047, 0.000046, 0.000047, 0.000046, 0.000047, 0.000046, 0.000046, 0.000047, 0.000047, 0.000046, 0.000046, 0.000053, 0.000052, 0.000048, 0.000048, 0.000048, 0.000047, 0.000047, 0.000046, 0.000047, 0.000046, 0.000046, 0.000047, 0.000047, 0.000046, 0.000048, 0.000046, 0.00005, 0.000047, 0.000046, 0.000045, 0.000046, 0.000046, 0.000045, 0.000046, 0.000047, 0.000045, 0.000047, 0.000046, 0.000046, 0.000086, 0.000053, 0.00005, 0.00005, 0.000046, 0.000047, 0.000046, 0.000046, 0.000046, 0.000045, 0.000046, 0.000046, 0.000045, 0.000046, 0.000045, 0.000066, 0.000052, 0.000047, 0.000046, 0.000046, 0.000045, 0.000046, 0.000046, 0.000045, 0.000046, 0.000045, 0.000045, 0.000046, 0.000045, 0.000046, 0.000045, 0.000046}"
