"model_name","layer_name","layer_index","kind","min_time","mean_time","max_time","add_flops","div_flops","cmp_flops","exp_flops","mad_flops","input_channel","input_height","input_width","output_channel","output_height","output_width","function","kernel_1","kernel_2","stride_1","stride_2","dilation_1","dilation_2","input_form","topology_hash","mad/min_time","mad/mean_time","mad/max_time","time"
"ColorNet Image Colorization Trained on Places Data","2/23",39,"Linear",0.009407,0.009562716666666665,0.013439,0,0,0,0,25690112,25088,"","",1024,"","","","","","","","","","HoldForm[LinearLayer[{1024}, ""Input"" -> 25088]]","16fdujpulc4lc",2.730956946954396e9,2.6864867898417993e9,1.9116088994716868e9,"{0.013439, 0.009567, 0.009593, 0.009548, 0.009607, 0.009467, 0.009573, 0.009643, 0.009567, 0.0096, 0.009514, 0.009518, 0.009623, 0.009516, 0.009547, 0.009564, 0.009429, 0.009582, 0.009541, 0.009616, 0.009566, 0.009498, 0.009628, 0.009532, 0.009604, 0.009548, 0.009555, 0.009591, 0.009535, 0.009553, 0.009635, 0.009536, 0.00958, 0.009554, 0.009538, 0.009588, 0.009458, 0.00956, 0.009569, 0.009564, 0.009668, 0.009609, 0.00954, 0.009589, 0.00966, 0.009606, 0.009542, 0.009558, 0.00954, 0.009615, 0.009505, 0.009621, 0.009563, 0.009655, 0.00966, 0.009525, 0.009643, 0.009587, 0.00957, 0.009574, 0.009538, 0.009585, 0.009541, 0.009591, 0.009554, 0.009666, 0.009598, 0.009537, 0.009453, 0.009569, 0.00954, 0.009503, 0.009577, 0.009469, 0.009457, 0.009597, 0.009641, 0.009575, 0.009575, 0.009571, 0.009626, 0.009491, 0.009553, 0.009553, 0.009407, 0.00954, 0.009648, 0.009558, 0.009534, 0.009483, 0.009561, 0.009579, 0.009571, 0.00955, 0.009498, 0.009496, 0.009535, 0.009561, 0.009534, 0.009516}"
