"model_name","layer_name","layer_index","kind","min_time","mean_time","max_time","add_flops","div_flops","cmp_flops","exp_flops","mad_flops","input_channel","input_height","input_width","output_channel","output_height","output_width","function","kernel_1","kernel_2","stride_1","stride_2","dilation_1","dilation_2","input_form","topology_hash","mad/min_time","mad/mean_time","mad/max_time","time"
"Deep Speech 2 Trained on Baidu English Data","11/ForwardNet/1/Net",105,"Linear",0.001631,0.0017378333333333339,0.005928,0,0,0,0,6291456,2048,"","",3072,"","","","","","","","","","HoldForm[LinearLayer[{3072}, ""Input"" -> 2048]]","1n0pihzx9jghu",3.8574224402207236e9,3.620287330967679e9,1.0613117408906883e9,"{0.005928, 0.001928, 0.001714, 0.00177, 0.001696, 0.001781, 0.00195, 0.001883, 0.001934, 0.001924, 0.001974, 0.001926, 0.001971, 0.002031, 0.002055, 0.001871, 0.001744, 0.00167, 0.001683, 0.001778, 0.001713, 0.001771, 0.001712, 0.001759, 0.001681, 0.001768, 0.001729, 0.001791, 0.001774, 0.001724, 0.001692, 0.00172, 0.001668, 0.001692, 0.001719, 0.00176, 0.001749, 0.001818, 0.001685, 0.001801, 0.001778, 0.001763, 0.00173, 0.001666, 0.0017, 0.001647, 0.001642, 0.001631, 0.001769, 0.001672, 0.001688, 0.001659, 0.001677, 0.001689, 0.001742, 0.001708, 0.001756, 0.001728, 0.001764, 0.001798, 0.001884, 0.001696, 0.001792, 0.001674, 0.001633, 0.001646, 0.001705, 0.001707, 0.001686, 0.001819, 0.001753, 0.001726, 0.001826, 0.001769, 0.001724, 0.001645, 0.001686, 0.00165, 0.001806, 0.001687, 0.001732, 0.001735, 0.001746, 0.001774, 0.00179, 0.001795, 0.001747, 0.001729, 0.001724, 0.001782, 0.001801, 0.001745, 0.001657, 0.001719, 0.00166, 0.001693, 0.001652, 0.001792, 0.001728, 0.001737}"
