"model_name","layer_name","layer_index","kind","min_time","mean_time","max_time","add_flops","div_flops","cmp_flops","exp_flops","mad_flops","input_channel","input_height","input_width","output_channel","output_height","output_width","function","kernel_1","kernel_2","stride_1","stride_2","dilation_1","dilation_2","input_form","topology_hash","mad/min_time","mad/mean_time","mad/max_time","time"
"BERT Trained on BookCorpus and English Wikipedia Data","encoder/7/1/attention/1/query/Net",438,"Linear",0.000061,0.00006316666666666661,0.003937,0,0,0,0,49152,768,"","",64,"","","","","","","","","","HoldForm[LinearLayer[{64}, ""Input"" -> 768]]","1ar66gqblf480",8.057704918032787e8,7.781319261213727e8,1.2484632969265938e7,"{0.003937, 0.000082, 0.00007, 0.000068, 0.000065, 0.000064, 0.000064, 0.000063, 0.000063, 0.000064, 0.000063, 0.000062, 0.000064, 0.000062, 0.000063, 0.000063, 0.000064, 0.000063, 0.000062, 0.000062, 0.000063, 0.000064, 0.000062, 0.000062, 0.000064, 0.000088, 0.000065, 0.000063, 0.000063, 0.000063, 0.000063, 0.000064, 0.000063, 0.000064, 0.000061, 0.000062, 0.000063, 0.000065, 0.000062, 0.000063, 0.000064, 0.000063, 0.000062, 0.000063, 0.000064, 0.000063, 0.000062, 0.000062, 0.000063, 0.000063, 0.000062, 0.000062, 0.000063, 0.000062, 0.000062, 0.000063, 0.000063, 0.000062, 0.000064, 0.000061, 0.000062, 0.000062, 0.000063, 0.000062, 0.000062, 0.000062, 0.000063, 0.000063, 0.000063, 0.000063, 0.000063, 0.000063, 0.000062, 0.000063, 0.000062, 0.000063, 0.000062, 0.000062, 0.000122, 0.000066, 0.000064, 0.000064, 0.000064, 0.000063, 0.000094, 0.000064, 0.000063, 0.000064, 0.000064, 0.000063, 0.000064, 0.000064, 0.000065, 0.000065, 0.000064, 0.000064, 0.000063, 0.000064, 0.000063, 0.000064}"
