"model_name","layer_name","layer_index","kind","min_time","mean_time","max_time","add_flops","div_flops","cmp_flops","exp_flops","mad_flops","input_channel","input_height","input_width","output_channel","output_height","output_width","function","kernel_1","kernel_2","stride_1","stride_2","dilation_1","dilation_2","input_form","topology_hash","mad/min_time","mad/mean_time","mad/max_time","time"
"ELMo Contextual Word Representations Trained on 1B Word Benchmark","rnn2/forward/Net/gate_out/linear",79,"Linear",0.000918,0.0009897666666666665,0.008134,0,0,0,0,4194304,1024,"","",4096,"","","","","","","","","","HoldForm[LinearLayer[{4096}, ""Input"" -> 1024]]","0nedyi7upnc33",4.568958605664488e9,4.2376694843902607e9,5.156508482911236e8,"{0.008134, 0.001206, 0.001, 0.000967, 0.001005, 0.000975, 0.001013, 0.000981, 0.001517, 0.001079, 0.001099, 0.001064, 0.001056, 0.001062, 0.001071, 0.001102, 0.000996, 0.001066, 0.000977, 0.000986, 0.00095, 0.000948, 0.000952, 0.000966, 0.000937, 0.000965, 0.000944, 0.000972, 0.000987, 0.000935, 0.000934, 0.000954, 0.000936, 0.000928, 0.000918, 0.000972, 0.001013, 0.000975, 0.001023, 0.001008, 0.00098, 0.000969, 0.000979, 0.001048, 0.001011, 0.001027, 0.001054, 0.001019, 0.001088, 0.000987, 0.00099, 0.001025, 0.000986, 0.00098, 0.000974, 0.000994, 0.001025, 0.000992, 0.001067, 0.001032, 0.001033, 0.001049, 0.001066, 0.001108, 0.001066, 0.001032, 0.001069, 0.00104, 0.001044, 0.000968, 0.000956, 0.000971, 0.000945, 0.000938, 0.00093, 0.000988, 0.001011, 0.000958, 0.000996, 0.001008, 0.000946, 0.000979, 0.000932, 0.000979, 0.000943, 0.000938, 0.000969, 0.000966, 0.000964, 0.001009, 0.000938, 0.000965, 0.000941, 0.000945, 0.000939, 0.000967, 0.00095, 0.000983, 0.00098, 0.001013}"
