"model_name","layer_name","layer_index","kind","min_time","mean_time","max_time","add_flops","div_flops","cmp_flops","exp_flops","mad_flops","input_channel","input_height","input_width","output_channel","output_height","output_width","function","kernel_1","kernel_2","stride_1","stride_2","dilation_1","dilation_2","input_form","topology_hash","mad/min_time","mad/mean_time","mad/max_time","time"
"BERT Trained on BookCorpus and English Wikipedia Data","encoder/10/1/attention/11/value/Net",703,"Linear",0.000062,0.00006368333333333329,0.003906,0,0,0,0,49152,768,"","",64,"","","","","","","","","","HoldForm[LinearLayer[{64}, ""Input"" -> 768]]","1ar66gqblf480",7.92774193548387e8,7.718188955770745e8,1.2583717357910905e7,"{0.003906, 0.000086, 0.000071, 0.000066, 0.000066, 0.000066, 0.000064, 0.000065, 0.000065, 0.000065, 0.000066, 0.000065, 0.000064, 0.000065, 0.000065, 0.000064, 0.000064, 0.000064, 0.000063, 0.000063, 0.000063, 0.000064, 0.000063, 0.000064, 0.000064, 0.00012, 0.000104, 0.000071, 0.000066, 0.000064, 0.000063, 0.000063, 0.000063, 0.000063, 0.000063, 0.000063, 0.000063, 0.000064, 0.000086, 0.000071, 0.000064, 0.000064, 0.000063, 0.000064, 0.000064, 0.000064, 0.000063, 0.000062, 0.000064, 0.000064, 0.000064, 0.000063, 0.000063, 0.000064, 0.000063, 0.000063, 0.000063, 0.000063, 0.000064, 0.000064, 0.000062, 0.000064, 0.000063, 0.000062, 0.000063, 0.000063, 0.000063, 0.000064, 0.000063, 0.000063, 0.000062, 0.000063, 0.000063, 0.000064, 0.000065, 0.000063, 0.000063, 0.000063, 0.000063, 0.000064, 0.000063, 0.00011, 0.000066, 0.000064, 0.000064, 0.000102, 0.000069, 0.000064, 0.000063, 0.000063, 0.000063, 0.000063, 0.000064, 0.000062, 0.000063, 0.000063, 0.000082, 0.000068, 0.000063, 0.000063}"
