"model_name","layer_name","layer_index","kind","min_time","mean_time","max_time","add_flops","div_flops","cmp_flops","exp_flops","mad_flops","input_channel","input_height","input_width","output_channel","output_height","output_width","function","kernel_1","kernel_2","stride_1","stride_2","dilation_1","dilation_2","input_form","topology_hash","mad/min_time","mad/mean_time","mad/max_time","time"
"CycleGAN Photo-to-Van Gogh Translation","25",88,"Normalization",0.07583,0.07625655,0.079247,1048576,2097152,0,1048576,2097152,64,128,128,64,128,128,"","","","","","","","HoldForm[NormalizationLayer[""Epsilon"" -> 0.00001, ""Input"" -> {64, 128, 128}]]","11dj6d7luxeus",2.7655967295265727e7,2.7501270382675324e7,2.646348757681679e7,"{0.079247, 0.076379, 0.076697, 0.076209, 0.076409, 0.076258, 0.076145, 0.076281, 0.076065, 0.076099, 0.076207, 0.076321, 0.076214, 0.07597, 0.07596, 0.076144, 0.076161, 0.07634, 0.076678, 0.076313, 0.076557, 0.075956, 0.076341, 0.076301, 0.076319, 0.076314, 0.076408, 0.076261, 0.076513, 0.076161, 0.076224, 0.076203, 0.076362, 0.076364, 0.076246, 0.07629, 0.076256, 0.076348, 0.076255, 0.076309, 0.076226, 0.076439, 0.076239, 0.076315, 0.076347, 0.076504, 0.076268, 0.076368, 0.076145, 0.076361, 0.076142, 0.076379, 0.076206, 0.076332, 0.076234, 0.076304, 0.07644, 0.076302, 0.076269, 0.076338, 0.076242, 0.076193, 0.076706, 0.076387, 0.076382, 0.076168, 0.076347, 0.076292, 0.076348, 0.076158, 0.076611, 0.076189, 0.07647, 0.076325, 0.076322, 0.076319, 0.076151, 0.076208, 0.076164, 0.07626, 0.076057, 0.076203, 0.076173, 0.076246, 0.076195, 0.076505, 0.07612, 0.076156, 0.075944, 0.076092, 0.07608, 0.076176, 0.076178, 0.075843, 0.07613, 0.07583, 0.07587, 0.075991, 0.076034, 0.076111}"
