"model_name","layer_name","layer_index","kind","min_time","mean_time","max_time","add_flops","div_flops","cmp_flops","exp_flops","mad_flops","input_channel","input_height","input_width","output_channel","output_height","output_width","function","kernel_1","kernel_2","stride_1","stride_2","dilation_1","dilation_2","input_form","topology_hash","mad/min_time","mad/mean_time","mad/max_time","time"
"CycleGAN Horse-to-Zebra Translation Trained on ImageNet Competition Data","14/1/7",34,"Normalization",0.037934,0.03812578333333332,0.039599,524288,1048576,0,524288,1048576,128,64,64,128,64,64,"","","","","","","","HoldForm[NormalizationLayer[""Epsilon"" -> 0.00001, ""Input"" -> {128, 64, 64}]]","0swr1e5sz4uqw",2.7642115252807505e7,2.750306769653258e7,2.6479860602540467e7,"{0.039599, 0.03817, 0.038191, 0.038178, 0.038088, 0.038172, 0.038127, 0.038288, 0.038337, 0.038146, 0.038188, 0.038372, 0.038151, 0.038143, 0.0381, 0.038133, 0.038118, 0.038131, 0.038178, 0.038207, 0.038121, 0.038218, 0.038153, 0.038129, 0.038165, 0.038142, 0.03805, 0.038119, 0.038155, 0.038179, 0.0381, 0.038083, 0.038215, 0.038197, 0.038124, 0.038221, 0.038161, 0.038138, 0.038133, 0.038092, 0.038043, 0.038041, 0.038099, 0.038125, 0.038057, 0.038189, 0.038043, 0.038065, 0.038102, 0.038008, 0.038027, 0.038028, 0.038133, 0.038076, 0.038165, 0.038115, 0.038069, 0.038038, 0.03812, 0.038282, 0.038126, 0.038161, 0.038258, 0.038101, 0.038093, 0.038101, 0.038108, 0.038121, 0.038113, 0.038153, 0.038134, 0.038119, 0.038191, 0.038059, 0.03805, 0.038154, 0.038083, 0.038083, 0.038078, 0.038135, 0.038074, 0.038047, 0.038105, 0.038059, 0.037934, 0.038071, 0.03814, 0.038085, 0.038194, 0.038219, 0.038144, 0.038081, 0.038377, 0.038107, 0.038159, 0.038124, 0.038219, 0.03808, 0.038091, 0.038137}"
