"model_name","layer_name","layer_index","kind","min_time","mean_time","max_time","add_flops","div_flops","cmp_flops","exp_flops","mad_flops","input_channel","input_height","input_width","output_channel","output_height","output_width","function","kernel_1","kernel_2","stride_1","stride_2","dilation_1","dilation_2","input_form","topology_hash","mad/min_time","mad/mean_time","mad/max_time","time"
"3D Face Alignment Net Trained on 300W Large Pose Data","15/1/2/1",70,"Pooling",0.003876,0.003927633333333336,0.004815,1048576,0,0,0,0,256,64,64,256,32,32,"Mean",2,2,2,2,"","","HoldForm[PoolingLayer[{2, 2}, {2, 2}, ""PaddingSize"" -> {{0, 0}, {0, 0}}, ""Function"" -> Mean, ""Input"" -> {256, 64, 64}]]","00cj84lzymzim",0.,0.,0.,"{0.004815, 0.004007, 0.003923, 0.003946, 0.004012, 0.003921, 0.004014, 0.003939, 0.003886, 0.003996, 0.003911, 0.003988, 0.003948, 0.003888, 0.003986, 0.003905, 0.003963, 0.003941, 0.003918, 0.004069, 0.003922, 0.004066, 0.003923, 0.003904, 0.004009, 0.003924, 0.003907, 0.004022, 0.00392, 0.004049, 0.003896, 0.00389, 0.003972, 0.003886, 0.003949, 0.003876, 0.003893, 0.003938, 0.003926, 0.003954, 0.003932, 0.003894, 0.003986, 0.003895, 0.003926, 0.003957, 0.003895, 0.004006, 0.003905, 0.003887, 0.003948, 0.003896, 0.003954, 0.003888, 0.003885, 0.004005, 0.0039, 0.003977, 0.003896, 0.00389, 0.003948, 0.003896, 0.00389, 0.003952, 0.003916, 0.003935, 0.003892, 0.003887, 0.003979, 0.003891, 0.004049, 0.003897, 0.003913, 0.004018, 0.003893, 0.00393, 0.003921, 0.003888, 0.003948, 0.003892, 0.003923, 0.003989, 0.003895, 0.00398, 0.003888, 0.003897, 0.00401, 0.003886, 0.003954, 0.003892, 0.003965, 0.003954, 0.003896, 0.003904, 0.003942, 0.003941, 0.003955, 0.003899, 0.00389, 0.004036}"
