"model_name","layer_name","layer_index","kind","min_time","mean_time","max_time","add_flops","div_flops","cmp_flops","exp_flops","mad_flops","input_channel","input_height","input_width","output_channel","output_height","output_width","function","kernel_1","kernel_2","stride_1","stride_2","dilation_1","dilation_2","input_form","topology_hash","mad/min_time","mad/mean_time","mad/max_time","time"
"3D Face Alignment Net Trained on 300W Large Pose Data","12/1/2/3/1/2/3/1/2/5",913,"Resize",0.001002,0.0010187833333333333,0.001356,0,0,0,0,0,256,8,8,256,16,16,"","","","","","","","HoldForm[ResizeLayer[{Scaled[2], Scaled[2]}, ""Resampling"" -> ""Nearest"", ""Input"" -> {256, 8, 8}]]","1vfeercibluwd",0.,0.,0.,"{0.001356, 0.001014, 0.001035, 0.001009, 0.001004, 0.001057, 0.001037, 0.00105, 0.001019, 0.001005, 0.001028, 0.001009, 0.001005, 0.001003, 0.001022, 0.00105, 0.001013, 0.001073, 0.001011, 0.001005, 0.001004, 0.001021, 0.001043, 0.001008, 0.001142, 0.001077, 0.001037, 0.001015, 0.001005, 0.001025, 0.001043, 0.00101, 0.001004, 0.001028, 0.001009, 0.001054, 0.001038, 0.001062, 0.001008, 0.001005, 0.001039, 0.001031, 0.001008, 0.001005, 0.001003, 0.001053, 0.001036, 0.001011, 0.001027, 0.001007, 0.001081, 0.001011, 0.001023, 0.001008, 0.001048, 0.001011, 0.001059, 0.00101, 0.001005, 0.001003, 0.001021, 0.001006, 0.001004, 0.001003, 0.001066, 0.00101, 0.001043, 0.001009, 0.001022, 0.001007, 0.001003, 0.001002, 0.001024, 0.001005, 0.001046, 0.001008, 0.00104, 0.00101, 0.001004, 0.001044, 0.001031, 0.001007, 0.001005, 0.001004, 0.001094, 0.00101, 0.001039, 0.001031, 0.001007, 0.001041, 0.001008, 0.001022, 0.001005, 0.001005, 0.001052, 0.001053, 0.001012, 0.001005, 0.001002, 0.001033}"
