"model_name","layer_name","layer_index","kind","min_time","mean_time","max_time","add_flops","div_flops","cmp_flops","exp_flops","mad_flops","input_channel","input_height","input_width","output_channel","output_height","output_width","function","kernel_1","kernel_2","stride_1","stride_2","dilation_1","dilation_2","input_form","topology_hash","mad/min_time","mad/mean_time","mad/max_time","time"
"Dilated ResNet-22 Trained on Cityscapes Data","elemwise_add2",33,"Threading",0.000722,0.000732933333333333,0.003447,2097152,0,0,0,0,128,64,128,128,64,128,"Plus","","","","","","","HoldForm[ThreadingLayer[Plus, ""Inputs"" -> {{128, 64, 128}, {128, 64, 128}}]]","1itv4df9v79qc",0.,0.,0.,"{0.003447, 0.000815, 0.000731, 0.000749, 0.000737, 0.000732, 0.000737, 0.00081, 0.000756, 0.000728, 0.000726, 0.000728, 0.000733, 0.000767, 0.000751, 0.000724, 0.000727, 0.000729, 0.000725, 0.000742, 0.000785, 0.000728, 0.000724, 0.000722, 0.000741, 0.000727, 0.000728, 0.000724, 0.000724, 0.000723, 0.000742, 0.000732, 0.000726, 0.000723, 0.000778, 0.000779, 0.000735, 0.000728, 0.000728, 0.000817, 0.00075, 0.00073, 0.000734, 0.000733, 0.000736, 0.000727, 0.000746, 0.000791, 0.000743, 0.000741, 0.000731, 0.000746, 0.000732, 0.000735, 0.00074, 0.000734, 0.000734, 0.000746, 0.000734, 0.000725, 0.000726, 0.000787, 0.000748, 0.000726, 0.000726, 0.000725, 0.000728, 0.000745, 0.000727, 0.000724, 0.000723, 0.000727, 0.000724, 0.000744, 0.000728, 0.000783, 0.000726, 0.000723, 0.000741, 0.000725, 0.000733, 0.000762, 0.000727, 0.000724, 0.000759, 0.000769, 0.000726, 0.000723, 0.000777, 0.00075, 0.000728, 0.000725, 0.000725, 0.000727, 0.000749, 0.000727, 0.000725, 0.000724, 0.000729, 0.000726}"
