"model_name","layer_name","layer_index","kind","min_time","mean_time","max_time","add_flops","div_flops","cmp_flops","exp_flops","mad_flops","input_channel","input_height","input_width","output_channel","output_height","output_width","function","kernel_1","kernel_2","stride_1","stride_2","dilation_1","dilation_2","input_form","topology_hash","mad/min_time","mad/mean_time","mad/max_time","time"
"Ademxapp Model A1 Trained on Cityscapes Data","4b3/4b3_plus",74,"Threading",0.017821,0.017992199999999996,0.052433,33554432,0,0,0,0,512,128,256,512,128,256,"Plus","","","","","","","HoldForm[ThreadingLayer[Plus, ""Inputs"" -> {{512, 128, 256}, {512, 128, 256}}]]","0idlqdfusf6jq",0.,0.,0.,"{0.052433, 0.01804, 0.018006, 0.018024, 0.017986, 0.018128, 0.017995, 0.017984, 0.017933, 0.01806, 0.018042, 0.017986, 0.017923, 0.018074, 0.018019, 0.017957, 0.017993, 0.017992, 0.018167, 0.018246, 0.018114, 0.018053, 0.018192, 0.018163, 0.018097, 0.018178, 0.018056, 0.01811, 0.018314, 0.018209, 0.018031, 0.018149, 0.018085, 0.017959, 0.018053, 0.017965, 0.01809, 0.01801, 0.017941, 0.017941, 0.018107, 0.018059, 0.018501, 0.018103, 0.017997, 0.018099, 0.01794, 0.018026, 0.018011, 0.018154, 0.018027, 0.017959, 0.018014, 0.017938, 0.017992, 0.017966, 0.018029, 0.017903, 0.017946, 0.017984, 0.017868, 0.018036, 0.01785, 0.017976, 0.017903, 0.017934, 0.017821, 0.018014, 0.01787, 0.017979, 0.017878, 0.0179, 0.017887, 0.01797, 0.017878, 0.017906, 0.017914, 0.017956, 0.017979, 0.017894, 0.017918, 0.017906, 0.017967, 0.017857, 0.01799, 0.017924, 0.017953, 0.017894, 0.017943, 0.017905, 0.017984, 0.017863, 0.017967, 0.017849, 0.017972, 0.017944, 0.018111, 0.017969, 0.01809, 0.017989}"
