"model_name","layer_name","layer_index","kind","min_time","mean_time","max_time","add_flops","div_flops","cmp_flops","exp_flops","mad_flops","input_channel","input_height","input_width","output_channel","output_height","output_width","function","kernel_1","kernel_2","stride_1","stride_2","dilation_1","dilation_2","input_form","topology_hash","mad/min_time","mad/mean_time","mad/max_time","time"
"AdaIN-Style Trained on MS-COCO and Painter by Numbers Data","adaIN/m_shift_2",80,"Threading",0.002152,0.002303983333333334,0.01034,4194304,0,0,0,0,512,64,64,512,64,64,"ScalarFunctionObject[{ScalarSymbol[1], ScalarSymbol[2]}, ScalarSymbol[3], <|ScalarSymbol[3] -> {Plus, ScalarSymbol[1], ScalarSymbol[2]}|>]","","","","","","","HoldForm[ThreadingLayer[#1 + #2 & , ""Inputs"" -> {{512, 64, 64}, {512, 64, 64}}]]","1bwdlvlbjrc3r",0.,0.,0.,"{0.01034, 0.002524, 0.002274, 0.002268, 0.002276, 0.00233, 0.002485, 0.002326, 0.002353, 0.002311, 0.002315, 0.002338, 0.002366, 0.002234, 0.002327, 0.002207, 0.002335, 0.002263, 0.002198, 0.00225, 0.002185, 0.00227, 0.002184, 0.002305, 0.002218, 0.002204, 0.002229, 0.002266, 0.002255, 0.00218, 0.002235, 0.002153, 0.00229, 0.002274, 0.00234, 0.002268, 0.002218, 0.002319, 0.002168, 0.002218, 0.002152, 0.002276, 0.002252, 0.002187, 0.002216, 0.002232, 0.002383, 0.002269, 0.002272, 0.002179, 0.002306, 0.002229, 0.00227, 0.002433, 0.002264, 0.002301, 0.002221, 0.002274, 0.002265, 0.002415, 0.00235, 0.002471, 0.00245, 0.002446, 0.002381, 0.002382, 0.002295, 0.002353, 0.002417, 0.002308, 0.002344, 0.002368, 0.002484, 0.00243, 0.002492, 0.002468, 0.00255, 0.002524, 0.002412, 0.002306, 0.002485, 0.002418, 0.002499, 0.002591, 0.002497, 0.002366, 0.002264, 0.002301, 0.00233, 0.002304, 0.002241, 0.002275, 0.00228, 0.002241, 0.002152, 0.002201, 0.002204, 0.002404, 0.002527, 0.002338}"
