"model_name","layer_name","layer_index","kind","min_time","mean_time","max_time","add_flops","div_flops","cmp_flops","exp_flops","mad_flops","input_channel","input_height","input_width","output_channel","output_height","output_width","function","kernel_1","kernel_2","stride_1","stride_2","dilation_1","dilation_2","input_form","topology_hash","mad/min_time","mad/mean_time","mad/max_time","time"
"3D Face Alignment Net Trained on 300W Large Pose Data","13/1/2/3/1/2/3/1/2/3/1/2/3/1/3",651,"Total",0.000047,0.00005843333333333333,0.001845,4096,0,0,0,0,256,4,4,256,4,4,"","","","","","","","HoldForm[TotalLayer[""Inputs"" -> {{256, 4, 4}, {256, 4, 4}}]]","0drt77bamqv3y",0.,0.,0.,"{0.000241, 0.000069, 0.000064, 0.000062, 0.000061, 0.000092, 0.000062, 0.000061, 0.00006, 0.000059, 0.00006, 0.000059, 0.000058, 0.000059, 0.000059, 0.000059, 0.000058, 0.000059, 0.000058, 0.000058, 0.000059, 0.00009, 0.000062, 0.00006, 0.000059, 0.000059, 0.000058, 0.000059, 0.000059, 0.000059, 0.00006, 0.000058, 0.000059, 0.000057, 0.00006, 0.00006, 0.000059, 0.000058, 0.000058, 0.000058, 0.000059, 0.000058, 0.000058, 0.000057, 0.000058, 0.000057, 0.000058, 0.000058, 0.000058, 0.000058, 0.000061, 0.000059, 0.000058, 0.000058, 0.000058, 0.000058, 0.000058, 0.001845, 0.000072, 0.000062, 0.00006, 0.000059, 0.000059, 0.000055, 0.000056, 0.000051, 0.000051, 0.000048, 0.00005, 0.000054, 0.000049, 0.000048, 0.000052, 0.000048, 0.000047, 0.000053, 0.00005, 0.000056, 0.000057, 0.000057, 0.000063, 0.000064, 0.000059, 0.00006, 0.000061, 0.000058, 0.000073, 0.00006, 0.000058, 0.000058, 0.000057, 0.000057, 0.000058, 0.000056, 0.000057, 0.000058, 0.000058, 0.000057, 0.000057, 0.000057}"
