"model_name","layer_name","layer_index","kind","min_time","mean_time","max_time","add_flops","div_flops","cmp_flops","exp_flops","mad_flops","input_channel","input_height","input_width","output_channel","output_height","output_width","function","kernel_1","kernel_2","stride_1","stride_2","dilation_1","dilation_2","input_form","topology_hash","mad/min_time","mad/mean_time","mad/max_time","time"
"2D Face Alignment Net Trained on 300W Large Pose Data","14/1/2/3/1/2/3/1/2/3/1/3",439,"Total",0.000067,0.00007063333333333335,0.000322,16384,0,0,0,0,256,8,8,256,8,8,"","","","","","","","HoldForm[TotalLayer[""Inputs"" -> {{256, 8, 8}, {256, 8, 8}}]]","0c8cbhg3lz9nn",0.,0.,0.,"{0.000322, 0.000087, 0.000078, 0.000077, 0.000076, 0.000075, 0.000075, 0.000074, 0.000075, 0.000074, 0.000073, 0.000074, 0.000095, 0.000079, 0.000075, 0.000075, 0.000074, 0.000074, 0.000075, 0.000074, 0.000074, 0.000074, 0.000104, 0.000077, 0.000075, 0.000075, 0.000075, 0.000075, 0.000074, 0.000074, 0.000074, 0.000074, 0.000074, 0.000073, 0.000073, 0.000074, 0.000073, 0.000074, 0.000074, 0.000074, 0.000074, 0.000074, 0.00007, 0.000068, 0.000067, 0.000068, 0.000068, 0.000068, 0.000068, 0.000067, 0.000068, 0.000068, 0.000069, 0.000068, 0.000067, 0.000067, 0.000072, 0.00007, 0.000068, 0.000069, 0.000069, 0.000068, 0.000069, 0.000068, 0.000068, 0.000088, 0.000072, 0.000069, 0.000068, 0.000068, 0.00007, 0.000068, 0.000068, 0.000068, 0.000068, 0.000067, 0.000068, 0.000068, 0.000068, 0.000069, 0.000068, 0.000067, 0.000068, 0.000068, 0.000067, 0.000068, 0.000068, 0.000068, 0.000069, 0.000069, 0.000068, 0.000068, 0.000068, 0.000069, 0.000067, 0.000068, 0.000068, 0.000069, 0.000068, 0.000068}"
