"model_name","layer_name","layer_index","kind","min_time","mean_time","max_time","add_flops","div_flops","cmp_flops","exp_flops","mad_flops","input_channel","input_height","input_width","output_channel","output_height","output_width","function","kernel_1","kernel_2","stride_1","stride_2","dilation_1","dilation_2","input_form","topology_hash","mad/min_time","mad/mean_time","mad/max_time","time"
"CycleGAN Winter-to-Summer Translation","15/2",43,"Total",0.000421,0.0006975666666666665,0.001916,524288,0,0,0,0,128,64,64,128,64,64,"","","","","","","","HoldForm[TotalLayer[""Inputs"" -> {{128, 64, 64}, {128, 64, 64}}]]","1u1wha1dgv2gf",0.,0.,0.,"{0.001627, 0.000445, 0.000429, 0.000424, 0.000423, 0.000421, 0.000424, 0.001916, 0.000705, 0.000689, 0.000759, 0.000735, 0.0007, 0.000695, 0.000697, 0.000697, 0.00069, 0.000724, 0.000693, 0.000691, 0.000692, 0.000692, 0.00074, 0.000691, 0.000743, 0.000696, 0.000737, 0.000695, 0.000713, 0.000696, 0.000691, 0.000682, 0.000616, 0.000673, 0.000732, 0.0007, 0.000729, 0.000697, 0.000744, 0.000716, 0.000697, 0.000693, 0.000692, 0.000693, 0.000693, 0.000718, 0.000696, 0.00069, 0.000691, 0.000692, 0.000728, 0.000708, 0.000691, 0.000739, 0.000694, 0.000689, 0.000715, 0.000695, 0.000732, 0.000695, 0.000692, 0.000691, 0.000708, 0.000693, 0.000691, 0.000718, 0.000692, 0.000761, 0.000696, 0.000691, 0.000691, 0.000693, 0.000693, 0.000707, 0.000693, 0.000774, 0.000687, 0.000693, 0.000692, 0.000741, 0.0007, 0.000741, 0.000696, 0.000692, 0.00071, 0.000693, 0.000693, 0.000693, 0.000693, 0.000687, 0.000715, 0.000696, 0.000699, 0.000723, 0.000699, 0.000686, 0.000759, 0.000696, 0.000693, 0.000696}"
