"model_name","layer_name","layer_index","kind","min_time","mean_time","max_time","add_flops","div_flops","cmp_flops","exp_flops","mad_flops","input_channel","input_height","input_width","output_channel","output_height","output_width","function","kernel_1","kernel_2","stride_1","stride_2","dilation_1","dilation_2","input_form","topology_hash","mad/min_time","mad/mean_time","mad/max_time","time"
"CycleGAN Photo-to-Van Gogh Translation","16/2",37,"Total",0.000689,0.0007023166666666668,0.002141,524288,0,0,0,0,128,64,64,128,64,64,"","","","","","","","HoldForm[TotalLayer[""Inputs"" -> {{128, 64, 64}, {128, 64, 64}}]]","1u1wha1dgv2gf",0.,0.,0.,"{0.002141, 0.000716, 0.000719, 0.000697, 0.000689, 0.000695, 0.000697, 0.000776, 0.0007, 0.000704, 0.000705, 0.000701, 0.000696, 0.000712, 0.000729, 0.000697, 0.000697, 0.000695, 0.000702, 0.000716, 0.000698, 0.000741, 0.000693, 0.000698, 0.000715, 0.000695, 0.000695, 0.000736, 0.000728, 0.000699, 0.000722, 0.000791, 0.000692, 0.000699, 0.000693, 0.000755, 0.000702, 0.000703, 0.0007, 0.000697, 0.000695, 0.000718, 0.000727, 0.000696, 0.000694, 0.000696, 0.000694, 0.00072, 0.000698, 0.000742, 0.000697, 0.000692, 0.000717, 0.0007, 0.000698, 0.000697, 0.000727, 0.000695, 0.000716, 0.000696, 0.000698, 0.000694, 0.000694, 0.000695, 0.000745, 0.000694, 0.000705, 0.000699, 0.0007, 0.000719, 0.000701, 0.000727, 0.000695, 0.000696, 0.000696, 0.000713, 0.000699, 0.000696, 0.000747, 0.000733, 0.000721, 0.000699, 0.000696, 0.000696, 0.000694, 0.000723, 0.000712, 0.0007, 0.000695, 0.000695, 0.000696, 0.000693, 0.000765, 0.000699, 0.00069, 0.000699, 0.000696, 0.000741, 0.000699, 0.000728}"
