"model_name","layer_name","layer_index","kind","min_time","mean_time","max_time","add_flops","div_flops","cmp_flops","exp_flops","mad_flops","input_channel","input_height","input_width","output_channel","output_height","output_width","function","kernel_1","kernel_2","stride_1","stride_2","dilation_1","dilation_2","input_form","topology_hash","mad/min_time","mad/mean_time","mad/max_time","time"
"Unguided Volumetric Regression Net for 3D Face Reconstruction","8/2/1/1/4/1/1/4/1/1/2/1/1/1",116,"BatchNormalization",0.000224,0.0002279166666666668,0.001415,589824,589824,0,0,0,256,48,48,256,48,48,"","","","","","","","HoldForm[BatchNormalizationLayer[""Momentum"" -> 0.1, ""Epsilon"" -> 0.00001, ""Input"" -> {256, 48, 48}]]","0yiwnx2cwqd0y",0.,0.,0.,"{0.001415, 0.000307, 0.000251, 0.000228, 0.000224, 0.000225, 0.000225, 0.000224, 0.000225, 0.000224, 0.000224, 0.000224, 0.000224, 0.000224, 0.000225, 0.000224, 0.000224, 0.000224, 0.000224, 0.000224, 0.000233, 0.000226, 0.000226, 0.000225, 0.000235, 0.000226, 0.000227, 0.000226, 0.000226, 0.000225, 0.000225, 0.000226, 0.000227, 0.000226, 0.000226, 0.000227, 0.000226, 0.000225, 0.000237, 0.000229, 0.000229, 0.000228, 0.000228, 0.000229, 0.000229, 0.000228, 0.000228, 0.000228, 0.000228, 0.000228, 0.000228, 0.000229, 0.000228, 0.000228, 0.000228, 0.000243, 0.000228, 0.000228, 0.000228, 0.000227, 0.000228, 0.000228, 0.000229, 0.000228, 0.000229, 0.000228, 0.000229, 0.000229, 0.000237, 0.000228, 0.000229, 0.000229, 0.000233, 0.000229, 0.000228, 0.000228, 0.000229, 0.000228, 0.000229, 0.000229, 0.000229, 0.000228, 0.000229, 0.000229, 0.000228, 0.000229, 0.000228, 0.000228, 0.000228, 0.000228, 0.000242, 0.000229, 0.000229, 0.000229, 0.000229, 0.000229, 0.000228, 0.000229, 0.000229, 0.000229}"
