"model_name","layer_name","layer_index","kind","min_time","mean_time","max_time","add_flops","div_flops","cmp_flops","exp_flops","mad_flops","input_channel","input_height","input_width","output_channel","output_height","output_width","function","kernel_1","kernel_2","stride_1","stride_2","dilation_1","dilation_2","input_form","topology_hash","mad/min_time","mad/mean_time","mad/max_time","time"
"Dilated ResNet-105 Trained on Cityscapes Data","batchnorm35",113,"BatchNormalization",0.00526,0.005315166666666666,0.018542,8388608,8388608,0,0,0,1024,64,128,1024,64,128,"","","","","","","","HoldForm[BatchNormalizationLayer[""Momentum"" -> 0.899999976158, ""Epsilon"" -> 9.99999974738*^-6, ""Input"" -> {1024, 64, 128}]]","0fy35p5f11m54",0.,0.,0.,"{0.018542, 0.005519, 0.005405, 0.005373, 0.005289, 0.005336, 0.005324, 0.005347, 0.005268, 0.005351, 0.005321, 0.005332, 0.005315, 0.005277, 0.005311, 0.005302, 0.005352, 0.005293, 0.00533, 0.005315, 0.005311, 0.005268, 0.005339, 0.005319, 0.005299, 0.005285, 0.00532, 0.005328, 0.005369, 0.005305, 0.005308, 0.005319, 0.005272, 0.005303, 0.005262, 0.005354, 0.00531, 0.00535, 0.00527, 0.005314, 0.005315, 0.005353, 0.005276, 0.005268, 0.005293, 0.005319, 0.00526, 0.005293, 0.005342, 0.005303}"
