"model_name","layer_name","layer_index","kind","min_time","mean_time","max_time","add_flops","div_flops","cmp_flops","exp_flops","mad_flops","input_channel","input_height","input_width","output_channel","output_height","output_width","function","kernel_1","kernel_2","stride_1","stride_2","dilation_1","dilation_2","input_form","topology_hash","mad/min_time","mad/mean_time","mad/max_time","time"
"2D Face Alignment Net Trained on 300W Large Pose Data","13/1/1/1/1/1/4/3",525,"Catenate",0.000336,0.00034216666666666656,0.002178,0,0,0,0,0,128,64,64,256,64,64,"","","","","","","","HoldForm[CatenateLayer[""Inputs"" -> {{128, 64, 64}, {128, 64, 64}}]]","05sfqelh41v61",0.,0.,0.,"{0.002178, 0.000481, 0.000392, 0.000357, 0.000348, 0.000348, 0.000348, 0.000359, 0.000347, 0.000348, 0.000355, 0.000348, 0.000348, 0.000348, 0.000347, 0.000348, 0.000347, 0.000347, 0.000348, 0.00036, 0.000357, 0.000337, 0.000337, 0.000338, 0.000337, 0.000338, 0.000337, 0.000338, 0.000338, 0.000337, 0.000348, 0.000336, 0.000338, 0.000338, 0.000338, 0.000338, 0.000337, 0.000337, 0.000337, 0.000345, 0.000337, 0.000337, 0.000347, 0.000337, 0.000337, 0.000337, 0.000337, 0.000338, 0.000337, 0.000337}"
