"model_name","layer_name","layer_index","kind","min_time","mean_time","max_time","add_flops","div_flops","cmp_flops","exp_flops","mad_flops","input_channel","input_height","input_width","output_channel","output_height","output_width","function","kernel_1","kernel_2","stride_1","stride_2","dilation_1","dilation_2","input_form","topology_hash","mad/min_time","mad/mean_time","mad/max_time","time"
"Wolfram AudioIdentify V1 Trained on AudioSet Data","1/Net/6_2/conv6_2_expand",132,"Convolution",0.000051,0.000053600000000000015,0.00014,0,0,0,0,1557504,208,3,2,1248,3,2,"",1,1,1,1,1,1,"HoldForm[ConvolutionLayer[1248, {1, 1}, ""Stride"" -> {1, 1}, ""PaddingSize"" -> {{0, 0}, {0, 0}}, ""Dilation"" -> {1, 1}, ""Input"" -> {208, 3, 2}]]","0vlq21w26wour",3.053929411764706e10,2.905791044776119e10,1.1125028571428572e10,"{0.00014, 0.000063, 0.000056, 0.000054, 0.000055, 0.000054, 0.000053, 0.000054, 0.000054, 0.000054, 0.000054, 0.000053, 0.000054, 0.000055, 0.000055, 0.000054, 0.000054, 0.000053, 0.000054, 0.000054, 0.000054, 0.000054, 0.000054, 0.000054, 0.000053, 0.000054, 0.000053, 0.000053, 0.000054, 0.000054, 0.000055, 0.000054, 0.000053, 0.000054, 0.000053, 0.000054, 0.000053, 0.000053, 0.000053, 0.000053, 0.000052, 0.000051, 0.000051, 0.000052, 0.000052, 0.000052, 0.000051, 0.000051, 0.000051, 0.000051}"
