"model_name","layer_name","layer_index","kind","min_time","mean_time","max_time","add_flops","div_flops","cmp_flops","exp_flops","mad_flops","input_channel","input_height","input_width","output_channel","output_height","output_width","function","kernel_1","kernel_2","stride_1","stride_2","dilation_1","dilation_2","input_form","topology_hash","mad/min_time","mad/mean_time","mad/max_time","time"
"Single-Image Depth Perception Net Trained on Depth in the Wild Data","4/1/1/4/1/1/4/1/2/5/2/4",302,"Convolution",0.000474,0.00048085000000000006,0.003904,0,0,0,0,22118400,32,30,40,64,30,40,"",3,3,1,1,1,1,"HoldForm[ConvolutionLayer[64, {3, 3}, ""Stride"" -> {1, 1}, ""PaddingSize"" -> {{1, 1}, {1, 1}}, ""Dilation"" -> {1, 1}, ""Input"" -> {32, 30, 40}]]","0bwdbmguz2kvt",4.666329113924051e10,4.59985442445669e10,5.665573770491804e9,"{0.003904, 0.000516, 0.000495, 0.000486, 0.000483, 0.000485, 0.000482, 0.000507, 0.000479, 0.000476, 0.00048, 0.000476, 0.00048, 0.000477, 0.00048, 0.000495, 0.000477, 0.000481, 0.000519, 0.000542, 0.000541, 0.000481, 0.000475, 0.000499, 0.000482, 0.00048, 0.00048, 0.00048, 0.000475, 0.000476, 0.000476, 0.00049, 0.00048, 0.000478, 0.000479, 0.000478, 0.000479, 0.000508, 0.000476, 0.000572, 0.000538, 0.0005, 0.000475, 0.000477, 0.000474, 0.000477, 0.000476, 0.000496, 0.000481, 0.000476, 0.000475, 0.000476, 0.000475, 0.000479, 0.00048, 0.000479, 0.000496, 0.00048, 0.000483, 0.000519, 0.000539, 0.000527, 0.000479, 0.000478, 0.000493, 0.000486, 0.000475, 0.00048, 0.000479, 0.000475, 0.000478, 0.000479, 0.000489, 0.000477, 0.000502, 0.000477, 0.000474, 0.000479, 0.000503, 0.000479, 0.00059, 0.000546, 0.000479, 0.000475, 0.000476, 0.000474, 0.00048, 0.000479, 0.000486, 0.000476, 0.000475, 0.000478, 0.00048, 0.000478, 0.000475, 0.000478, 0.00049, 0.000478, 0.000481, 0.00048}"
