"model_name","layer_name","layer_index","kind","min_time","mean_time","max_time","add_flops","div_flops","cmp_flops","exp_flops","mad_flops","input_channel","input_height","input_width","output_channel","output_height","output_width","function","kernel_1","kernel_2","stride_1","stride_2","dilation_1","dilation_2","input_form","topology_hash","mad/min_time","mad/mean_time","mad/max_time","time"
"Single-Image Depth Perception Net Trained on NYU Depth V2 Data","4/1/1/4/1/1/4/1/2/4/1/2/2/3/1",237,"Convolution",0.000041,0.000041433333333333335,0.000141,0,0,0,0,2457600,256,15,20,32,15,20,"",1,1,1,1,1,1,"HoldForm[ConvolutionLayer[32, {1, 1}, ""Stride"" -> {1, 1}, ""PaddingSize"" -> {{0, 0}, {0, 0}}, ""Dilation"" -> {1, 1}, ""Input"" -> {256, 15, 20}]]","1ke4wyo7w890b",5.994146341463414e10,5.931456154465004e10,1.7429787234042553e10,"{0.000141, 0.00005, 0.000046, 0.000043, 0.000043, 0.000042, 0.000042, 0.000042, 0.000042, 0.000042, 0.000042, 0.000042, 0.000041, 0.000042, 0.000041, 0.000041, 0.000042, 0.000042, 0.000041, 0.000041, 0.000041, 0.000041, 0.000041, 0.000041, 0.000041, 0.000041, 0.000041, 0.000043, 0.000042, 0.000041, 0.000041, 0.000041, 0.000041, 0.000041, 0.000041, 0.000041, 0.000041, 0.000041, 0.000041, 0.000042, 0.000042, 0.000041, 0.000042, 0.000041, 0.000041, 0.000041, 0.000041, 0.000042, 0.00006, 0.000043}"
