"model_name","layer_name","layer_index","kind","min_time","mean_time","max_time","add_flops","div_flops","cmp_flops","exp_flops","mad_flops","input_channel","input_height","input_width","output_channel","output_height","output_width","function","kernel_1","kernel_2","stride_1","stride_2","dilation_1","dilation_2","input_form","topology_hash","mad/min_time","mad/mean_time","mad/max_time","time"
"Yahoo Open NSFW Model V1","stage2_block3/conv_branch2a",112,"Convolution",0.000105,0.00010800000000000001,0.00024,0,0,0,0,12845056,512,14,14,128,14,14,"",1,1,1,1,1,1,"HoldForm[ConvolutionLayer[128, {1, 1}, ""Stride"" -> {1, 1}, ""PaddingSize"" -> {{0, 0}, {0, 0}}, ""Dilation"" -> {1, 1}, ""Input"" -> {512, 14, 14}]]","1y0cz1zklcvih",1.2233386666666666e11,1.189357037037037e11,5.352106666666667e10,"{0.00024, 0.000117, 0.000113, 0.000112, 0.000107, 0.000107, 0.000107, 0.000106, 0.000108, 0.000107, 0.000106, 0.000109, 0.000108, 0.000109, 0.000106, 0.000106, 0.000106, 0.000105, 0.000106, 0.000107, 0.000106, 0.000107, 0.000108, 0.00012, 0.000125, 0.000106, 0.000112, 0.000108, 0.00011, 0.000109, 0.000108, 0.000109, 0.00011, 0.000107, 0.000109, 0.000108, 0.000149, 0.000108, 0.000109, 0.000107, 0.000108, 0.000107, 0.000108, 0.00011, 0.000107, 0.000107, 0.000108, 0.00011, 0.000106, 0.000109}"
