"model_name","layer_name","layer_index","kind","min_time","mean_time","max_time","add_flops","div_flops","cmp_flops","exp_flops","mad_flops","input_channel","input_height","input_width","output_channel","output_height","output_width","function","kernel_1","kernel_2","stride_1","stride_2","dilation_1","dilation_2","input_form","topology_hash","mad/min_time","mad/mean_time","mad/max_time","time"
"Dilated ResNet-38 Trained on Cityscapes Data","convolution4",13,"Convolution",0.021366,0.02822823333333332,0.064705,0,0,0,0,1207959552,64,128,256,64,128,256,"",3,3,1,1,1,1,"HoldForm[ConvolutionLayer[64, {3, 3}, ""Stride"" -> {1, 1}, ""PaddingSize"" -> {{1, 1}, {1, 1}}, ""Dilation"" -> {1, 1}, ""Input"" -> {64, 128, 256}]]","1oips665bin4u",5.653653243470935e10,4.2792601922189026e10,1.866872037709605e10,"{0.064705, 0.027668, 0.027943, 0.027929, 0.027944, 0.028516, 0.028356, 0.028355, 0.028644, 0.028525, 0.028215, 0.02837, 0.028406, 0.027788, 0.021704, 0.033193, 0.029056, 0.028053, 0.034381, 0.032776, 0.034537, 0.028035, 0.027879, 0.02827, 0.027787, 0.02771, 0.027753, 0.027829, 0.027997, 0.028098, 0.02778, 0.026515, 0.021402, 0.021506, 0.021366, 0.028077, 0.028055, 0.028276, 0.028262, 0.028036, 0.027958, 0.031675, 0.033242, 0.022703, 0.033393, 0.026584, 0.021508, 0.021381, 0.021414, 0.028098, 0.027763, 0.028231, 0.028477, 0.025664, 0.027927, 0.02856, 0.028646, 0.028346, 0.028267, 0.028252, 0.031311, 0.021412, 0.021486, 0.028128, 0.027683, 0.027763, 0.02786, 0.027828, 0.02791, 0.029905, 0.034743, 0.043757, 0.041616, 0.044918, 0.043084, 0.041331, 0.021445, 0.02164, 0.029567, 0.028047, 0.02812, 0.028367, 0.02836, 0.028236, 0.028414, 0.02826, 0.027951, 0.028048, 0.028599, 0.028382, 0.021708, 0.02186, 0.023345, 0.03339, 0.033419, 0.033263, 0.036008, 0.028279, 0.029201, 0.032834}"
