"model_name","layer_name","layer_index","kind","min_time","mean_time","max_time","add_flops","div_flops","cmp_flops","exp_flops","mad_flops","input_channel","input_height","input_width","output_channel","output_height","output_width","function","kernel_1","kernel_2","stride_1","stride_2","dilation_1","dilation_2","input_form","topology_hash","mad/min_time","mad/mean_time","mad/max_time","time"
"SqueezeNet V1.1 Trained on ImageNet Competition Data","fire9/expand1x1",59,"Convolution",0.000056,0.000056566666666666655,0.000141,0,0,0,0,3211264,64,14,14,256,14,14,"",1,1,1,1,1,1,"HoldForm[ConvolutionLayer[256, {1, 1}, ""Stride"" -> {1, 1}, ""PaddingSize"" -> {{0, 0}, {0, 0}}, ""Dilation"" -> {1, 1}, ""Input"" -> {64, 14, 14}]]","0ep83nn7nhlhl",5.734400000000001e10,5.676954625810255e10,2.27749219858156e10,"{0.000141, 0.000066, 0.00006, 0.000059, 0.000057, 0.000056, 0.000058, 0.000056, 0.000056, 0.000057, 0.000056, 0.000057, 0.000057, 0.000056, 0.000056, 0.000057, 0.000056, 0.000057, 0.000057, 0.000056, 0.000057, 0.000057, 0.000077, 0.000059, 0.000059, 0.000056, 0.000056, 0.000056, 0.000056, 0.000056, 0.000058, 0.000057, 0.000056, 0.000057, 0.000057, 0.000057, 0.000056, 0.000056, 0.000056, 0.000057, 0.000056, 0.000056, 0.000057, 0.000056, 0.000057, 0.000057, 0.000056, 0.000056, 0.000057, 0.000056}"
