"model_name","layer_name","layer_index","kind","min_time","mean_time","max_time","add_flops","div_flops","cmp_flops","exp_flops","mad_flops","input_channel","input_height","input_width","output_channel","output_height","output_width","function","kernel_1","kernel_2","stride_1","stride_2","dilation_1","dilation_2","input_form","topology_hash","mad/min_time","mad/mean_time","mad/max_time","time"
"Inception V1 Trained on Extended Salient Object Subitizing Data","inception_3b/pool_proj",38,"Convolution",0.000092,0.00009546666666666662,0.000228,0,0,0,0,12845056,256,28,28,64,28,28,"",1,1,1,1,1,1,"HoldForm[ConvolutionLayer[64, {1, 1}, ""Stride"" -> {1, 1}, ""PaddingSize"" -> {{0, 0}, {0, 0}}, ""Dilation"" -> {1, 1}, ""Input"" -> {256, 28, 28}]]","0nkjn40sdu7i1",1.396201739130435e11,1.3455016759776543e11,5.633796491228069e10,"{0.000228, 0.000103, 0.000095, 0.000093, 0.000093, 0.000093, 0.000092, 0.000093, 0.000092, 0.000093, 0.000092, 0.000095, 0.000096, 0.000094, 0.000095, 0.000095, 0.000093, 0.000093, 0.000094, 0.000093, 0.000093, 0.000094, 0.000093, 0.000094, 0.000094, 0.000093, 0.000108, 0.000093, 0.000093, 0.000108, 0.000096, 0.000094, 0.000134, 0.000106, 0.000105, 0.000104, 0.000133, 0.000104, 0.000103, 0.000104, 0.000104, 0.000104, 0.000118, 0.000094, 0.000093, 0.000093, 0.000092, 0.000093, 0.000093, 0.000092}"
