"model_name","layer_name","layer_index","kind","min_time","mean_time","max_time","add_flops","div_flops","cmp_flops","exp_flops","mad_flops","input_channel","input_height","input_width","output_channel","output_height","output_width","function","kernel_1","kernel_2","stride_1","stride_2","dilation_1","dilation_2","input_form","topology_hash","mad/min_time","mad/mean_time","mad/max_time","time"
"ResNet-50 Trained on ImageNet Competition Data","4b/res4b_branch2b",95,"Convolution",0.000786,0.0007986000000000002,0.001959,0,0,0,0,115605504,256,14,14,256,14,14,"",3,3,1,1,1,1,"HoldForm[ConvolutionLayer[256, {3, 3}, ""Stride"" -> {1, 1}, ""PaddingSize"" -> {{1, 1}, {1, 1}}, ""Dilation"" -> {1, 1}, ""Input"" -> {256, 14, 14}]]","0gg7sts7v315o",1.4708079389312976e11,1.4476021036814423e11,5.901250842266463e10,"{0.001959, 0.000833, 0.000793, 0.000793, 0.00081, 0.000811, 0.000798, 0.000794, 0.000796, 0.000795, 0.000902, 0.000861, 0.000794, 0.000815, 0.000816, 0.000787, 0.000787, 0.000788, 0.000787, 0.000788, 0.000797, 0.000789, 0.00085, 0.000924, 0.000808, 0.00079, 0.000792, 0.000791, 0.000789, 0.000805, 0.00079, 0.00079, 0.00079, 0.000791, 0.000801, 0.000909, 0.00082, 0.000803, 0.000809, 0.000803, 0.000791, 0.00079, 0.00079, 0.00079, 0.000802, 0.000786, 0.000798, 0.000885, 0.000871, 0.000802}"
