"model_name","layer_name","layer_index","kind","min_time","mean_time","max_time","add_flops","div_flops","cmp_flops","exp_flops","mad_flops","input_channel","input_height","input_width","output_channel","output_height","output_width","function","kernel_1","kernel_2","stride_1","stride_2","dilation_1","dilation_2","input_form","topology_hash","mad/min_time","mad/mean_time","mad/max_time","time"
"Ademxapp Model A1 Trained on Cityscapes Data","5b1/res5b1_branch2b1",102,"Convolution",0.604053,0.6060715,0.906703,0,0,0,0,429496729600,512,128,256,1024,128,256,"",3,3,1,1,2,2,"HoldForm[ConvolutionLayer[1024, {3, 3}, ""Stride"" -> {1, 1}, ""PaddingSize"" -> {{2, 2}, {2, 2}}, ""Dilation"" -> {2, 2}, ""Input"" -> {512, 128, 256}]]","08ofnpyfu1s5q",7.110249094036451e11,7.086568657328384e11,4.736906457792684e11,"{0.906703, 0.606781, 0.608176, 0.605781, 0.606369, 0.606108, 0.608201, 0.605051, 0.60443, 0.611052, 0.604555, 0.60487, 0.604273, 0.604844, 0.605077, 0.604548, 0.604947, 0.60509, 0.605074, 0.608699, 0.613639, 0.60971, 0.608518, 0.605301, 0.606723, 0.605541, 0.604549, 0.605055, 0.605122, 0.604322, 0.607825, 0.608611, 0.604505, 0.604972, 0.60485, 0.605341, 0.606972, 0.605187, 0.605845, 0.606451, 0.605742, 0.604053, 0.608471, 0.609744, 0.607019, 0.608396, 0.606357, 0.606639, 0.608599, 0.606132}"
