"model_name","layer_name","layer_index","kind","min_time","mean_time","max_time","add_flops","div_flops","cmp_flops","exp_flops","mad_flops","input_channel","input_height","input_width","output_channel","output_height","output_width","function","kernel_1","kernel_2","stride_1","stride_2","dilation_1","dilation_2","input_form","topology_hash","mad/min_time","mad/mean_time","mad/max_time","time"
"Unguided Volumetric Regression Net for 3D Face Reconstruction","4/1/2/1",13,"Convolution",0.000653,0.0006713,0.001727,0,0,0,0,75497472,64,96,96,128,96,96,"",1,1,1,1,1,1,"HoldForm[ConvolutionLayer[128, {1, 1}, ""Stride"" -> {1, 1}, ""PaddingSize"" -> {{0, 0}, {0, 0}}, ""Dilation"" -> {1, 1}, ""Input"" -> {64, 96, 96}]]","167iuxdsr9uih",1.1561634303215926e11,1.1246457917473558e11,4.371596525767226e10,"{0.001727, 0.000742, 0.000688, 0.000678, 0.00069, 0.00069, 0.000668, 0.000669, 0.000666, 0.000724, 0.000754, 0.000665, 0.000665, 0.000707, 0.000659, 0.000689, 0.00068, 0.000662, 0.000654, 0.000672, 0.000664, 0.000659, 0.000673, 0.000657, 0.000742, 0.000718, 0.000655, 0.000656, 0.000676, 0.000663, 0.000693, 0.000657, 0.000655, 0.000653, 0.000685, 0.000657, 0.000653, 0.000655, 0.000695, 0.000728, 0.000721, 0.000659, 0.000657, 0.000656, 0.000653, 0.000685, 0.000679, 0.000655, 0.000655, 0.000678}"
