"model_name","layer_name","layer_index","kind","min_time","mean_time","max_time","add_flops","div_flops","cmp_flops","exp_flops","mad_flops","input_channel","input_height","input_width","output_channel","output_height","output_width","function","kernel_1","kernel_2","stride_1","stride_2","dilation_1","dilation_2","input_form","topology_hash","mad/min_time","mad/mean_time","mad/max_time","time"
"Vanilla CNN for Facial Landmark Regression","Conv1",1,"Convolution",0.000151,0.0001534666666666667,0.000425,0,0,0,0,1920000,3,40,40,16,40,40,"",5,5,1,1,1,1,"HoldForm[ConvolutionLayer[16, {5, 5}, ""Stride"" -> {1, 1}, ""PaddingSize"" -> {{2, 2}, {2, 2}}, ""Dilation"" -> {1, 1}, ""Input"" -> {3, 40, 40}]]","0gfgv0rnir1tf",1.2715231788079468e10,1.251086012163336e10,4.517647058823529e9,"{0.000425, 0.000211, 0.000175, 0.000172, 0.000171, 0.000172, 0.000172, 0.000181, 0.000153, 0.000153, 0.000151, 0.000157, 0.000152, 0.000152, 0.000152, 0.000153, 0.000152, 0.00017, 0.000155, 0.000154, 0.000152, 0.000153, 0.000151, 0.000152, 0.000152, 0.000153, 0.000152, 0.000152, 0.000153, 0.000151, 0.000207, 0.000158, 0.000153, 0.000152, 0.000152, 0.000152, 0.000151, 0.000152, 0.000153, 0.000152, 0.000152, 0.000152, 0.000152, 0.000165, 0.000154, 0.000154, 0.000153, 0.000153, 0.000152, 0.000153}"
