"model_name","layer_name","layer_index","kind","min_time","mean_time","max_time","add_flops","div_flops","cmp_flops","exp_flops","mad_flops","input_channel","input_height","input_width","output_channel","output_height","output_width","function","kernel_1","kernel_2","stride_1","stride_2","dilation_1","dilation_2","input_form","topology_hash","mad/min_time","mad/mean_time","mad/max_time","time"
"CycleGAN Orange-to-Apple Translation Trained on ImageNet Competition Data","19/1/2",69,"Convolution",0.005607,0.005672066666666667,0.01466,0,0,0,0,603979776,128,66,66,128,64,64,"",3,3,1,1,1,1,"HoldForm[ConvolutionLayer[128, {3, 3}, ""Stride"" -> {1, 1}, ""PaddingSize"" -> {{0, 0}, {0, 0}}, ""Dilation"" -> {1, 1}, ""Input"" -> {128, 66, 66}]]","1sehkke39v8fh",1.0771888282504013e11,1.0648319413265005e11,4.1199166166439285e10,"{0.01466, 0.005942, 0.005928, 0.005713, 0.005701, 0.005714, 0.005699, 0.005886, 0.005642, 0.005774, 0.005665, 0.005654, 0.005663, 0.005677, 0.005857, 0.005633, 0.005776, 0.005618, 0.005626, 0.005626, 0.005645, 0.005792, 0.00563, 0.005918, 0.005609, 0.005627, 0.005618, 0.00563, 0.005799, 0.005644, 0.005823, 0.005618, 0.005666, 0.005624, 0.005628, 0.0057, 0.00566, 0.005848, 0.005608, 0.005654, 0.005608, 0.005645, 0.005648, 0.005665, 0.005809, 0.005607, 0.005736, 0.005608, 0.005627, 0.005628}"
