"model_name","layer_name","layer_index","kind","min_time","mean_time","max_time","add_flops","div_flops","cmp_flops","exp_flops","mad_flops","input_channel","input_height","input_width","output_channel","output_height","output_width","function","kernel_1","kernel_2","stride_1","stride_2","dilation_1","dilation_2","input_form","topology_hash","mad/min_time","mad/mean_time","mad/max_time","time"
"AdaIN-Style Trained on MS-COCO and Painter by Numbers Data","encoder_content/9",9,"Convolution",0.053879,0.054196,0.121143,0,0,0,0,4831838208,64,258,258,128,256,256,"",3,3,1,1,1,1,"HoldForm[ConvolutionLayer[128, {3, 3}, ""Stride"" -> {1, 1}, ""PaddingSize"" -> {{0, 0}, {0, 0}}, ""Dilation"" -> {1, 1}, ""Input"" -> {64, 258, 258}]]","16ti3vlj75q81",8.967943369401807e10,8.915488611705661e10,3.988540987097893e10,"{0.121143, 0.054097, 0.054313, 0.05412, 0.05413, 0.054232, 0.054373, 0.054227, 0.054122, 0.054003, 0.054251, 0.054295, 0.054169, 0.054271, 0.054054, 0.054331, 0.054154, 0.054359, 0.054413, 0.054204, 0.05424, 0.053993, 0.054103, 0.054325, 0.05419, 0.054199, 0.054222, 0.054017, 0.054213, 0.054063, 0.054032, 0.054344, 0.054444, 0.05422, 0.054368, 0.054034, 0.054141, 0.054216, 0.053958, 0.054203, 0.054119, 0.054337, 0.054151, 0.054122, 0.054313, 0.053879, 0.054205, 0.054273, 0.054086, 0.054165}"
