"model_name","layer_name","layer_index","kind","min_time","mean_time","max_time","add_flops","div_flops","cmp_flops","exp_flops","mad_flops","input_channel","input_height","input_width","output_channel","output_height","output_width","function","kernel_1","kernel_2","stride_1","stride_2","dilation_1","dilation_2","input_form","topology_hash","mad/min_time","mad/mean_time","mad/max_time","time"
"CREPE Pitch Detection Net Trained on Monophonic Signal Data","Net/17",17,"Convolution",0.002419,0.0026713333333333324,0.031033,0,0,0,0,33554432,128,1,32,128,1,32,"",1,64,1,1,1,1,"HoldForm[ConvolutionLayer[128, {1, 64}, ""Stride"" -> {1, 1}, ""PaddingSize"" -> {{0, 0}, {31, 32}}, ""Dilation"" -> {1, 1}, ""Input"" -> {128, 1, 32}]]","05hzuemltd3me",1.3871199669284828e10,1.2560930371849268e10,1.0812500241678214e9,"{0.028448, 0.020928, 0.031033, 0.007733, 0.002437, 0.002419, 0.002498, 0.002448, 0.002419, 0.002525, 0.002737, 0.002658, 0.00268, 0.00267, 0.002797, 0.002643, 0.002653, 0.002673, 0.002726, 0.00266, 0.002668, 0.002705, 0.002666, 0.002668, 0.002649, 0.002795, 0.002697, 0.002674, 0.002681, 0.002792, 0.002665, 0.002661, 0.00268, 0.0027, 0.002657, 0.002664, 0.002715, 0.002666, 0.002658, 0.002661, 0.002792, 0.002664, 0.002656, 0.002656, 0.002739, 0.002678, 0.002653, 0.002701, 0.002662, 0.002661, 0.002657, 0.002772, 0.002668, 0.002659, 0.002654, 0.002511, 0.002504, 0.002656, 0.002655, 0.002786, 0.002657, 0.002662, 0.002685, 0.002625, 0.002666, 0.002663, 0.002736, 0.00264, 0.002659, 0.002655, 0.002772, 0.002665, 0.002659, 0.002655, 0.002768, 0.002673, 0.002657, 0.002729, 0.002663, 0.002679, 0.002687, 0.002829, 0.002692, 0.002694, 0.002662, 0.00281, 0.002691, 0.002656, 0.002713, 0.002626, 0.002668, 0.002658, 0.002753, 0.002626, 0.002656, 0.002663, 0.002799, 0.002649, 0.002657, 0.002669}"
