"model_name","layer_name","layer_index","kind","min_time","mean_time","max_time","add_flops","div_flops","cmp_flops","exp_flops","mad_flops","input_channel","input_height","input_width","output_channel","output_height","output_width","function","kernel_1","kernel_2","stride_1","stride_2","dilation_1","dilation_2","input_form","topology_hash","mad/min_time","mad/mean_time","mad/max_time","time"
"3D Face Alignment Net Trained on 300W Large Pose Data","15/1/2/3/1/2/2/1/1/4/2/1/3",108,"Convolution",0.00034,0.00034499999999999993,0.00096,0,0,0,0,18874368,128,16,16,64,16,16,"",3,3,1,1,1,1,"HoldForm[ConvolutionLayer[64, {3, 3}, ""Stride"" -> {1, 1}, ""PaddingSize"" -> {{1, 1}, {1, 1}}, ""Dilation"" -> {1, 1}, ""Input"" -> {128, 16, 16}]]","02rpbnlh0jd82",5.5512847058823524e10,5.470831304347827e10,1.96608e10,"{0.00096, 0.000353, 0.00037, 0.000346, 0.000346, 0.000344, 0.000344, 0.000348, 0.000344, 0.000343, 0.000343, 0.000352, 0.000344, 0.000343, 0.000343, 0.000343, 0.000343, 0.000385, 0.000369, 0.000344, 0.000342, 0.000341, 0.000386, 0.000398, 0.000387, 0.000364, 0.00034, 0.000342, 0.00034, 0.000341, 0.000341, 0.00034, 0.000359, 0.00034, 0.000359, 0.000357, 0.000341, 0.000341, 0.00034, 0.00034, 0.000341, 0.00034, 0.000342, 0.00034, 0.000341, 0.000354, 0.000404, 0.000344, 0.000341, 0.000341}"
