"model_name","layer_name","layer_index","kind","min_time","mean_time","max_time","add_flops","div_flops","cmp_flops","exp_flops","mad_flops","input_channel","input_height","input_width","output_channel","output_height","output_width","function","kernel_1","kernel_2","stride_1","stride_2","dilation_1","dilation_2","input_form","topology_hash","mad/min_time","mad/mean_time","mad/max_time","time"
"Dilated ResNet-105 Trained on Cityscapes Data","convolution59",192,"Convolution",0.006595,0.0067800000000000004,0.010626,0,0,0,0,2147483648,256,64,128,1024,64,128,"",1,1,1,1,1,1,"HoldForm[ConvolutionLayer[1024, {1, 1}, ""Stride"" -> {1, 1}, ""PaddingSize"" -> {{0, 0}, {0, 0}}, ""Dilation"" -> {1, 1}, ""Input"" -> {256, 64, 128}]]","15d32b1913jb5",3.2562299438968915e11,3.16738001179941e11,2.0209708714473932e11,"{0.010626, 0.006905, 0.006817, 0.006603, 0.006929, 0.006798, 0.006632, 0.006849, 0.006796, 0.006658, 0.006847, 0.006813, 0.006644, 0.006813, 0.006827, 0.006727, 0.006661, 0.006789, 0.006748, 0.006724, 0.006782, 0.006797, 0.006653, 0.006785, 0.006875, 0.00663, 0.006836, 0.006849, 0.006623, 0.006801, 0.006851, 0.006631, 0.006808, 0.006853, 0.006652, 0.006789, 0.00682, 0.006648, 0.006852, 0.006809, 0.006624, 0.00684, 0.006819, 0.006595, 0.006835, 0.006794, 0.006595, 0.006795, 0.006806, 0.006808}"
