"model_name","layer_name","layer_index","kind","min_time","mean_time","max_time","add_flops","div_flops","cmp_flops","exp_flops","mad_flops","input_channel","input_height","input_width","output_channel","output_height","output_width","function","kernel_1","kernel_2","stride_1","stride_2","dilation_1","dilation_2","input_form","topology_hash","mad/min_time","mad/mean_time","mad/max_time","time"
"U-Net Trained on Glioblastoma-Astrocytoma U373 Cells on a Polyacrylamide Substrate Data","contract_2/conv_2",9,"Convolution",0.130044,0.16611101666666667,0.326561,0,0,0,0,11560550400,128,282,282,128,280,280,"",3,3,1,1,1,1,"HoldForm[ConvolutionLayer[128, {3, 3}, ""Stride"" -> {1, 1}, ""PaddingSize"" -> {{0, 0}, {0, 0}}, ""Dilation"" -> {1, 1}, ""Input"" -> {128, 282, 282}]]","0pgso92raqznx",8.889722247854573e10,6.959532625821225e10,3.540089110457158e10,"{0.326561, 0.210928, 0.163842, 0.140914, 0.158978, 0.197746, 0.189676, 0.166368, 0.155163, 0.151428, 0.16466, 0.17215, 0.155155, 0.201614, 0.161089, 0.207043, 0.160434, 0.210701, 0.183407, 0.151885, 0.189528, 0.163872, 0.158603, 0.213783, 0.155373, 0.220986, 0.199218, 0.177689, 0.238696, 0.169288, 0.192959, 0.163083, 0.157227, 0.142223, 0.16445, 0.138566, 0.142417, 0.166224, 0.166182, 0.150377, 0.151075, 0.162039, 0.156576, 0.151118, 0.21424, 0.157504, 0.142459, 0.150121, 0.181624, 0.170048, 0.151677, 0.148448, 0.161951, 0.159825, 0.15698, 0.190707, 0.171696, 0.199914, 0.138015, 0.130044, 0.142165, 0.18789, 0.15203, 0.155996, 0.150213, 0.155757, 0.17238, 0.178453, 0.207477, 0.161435, 0.181127, 0.163886, 0.175077, 0.225307, 0.189634, 0.165701, 0.183295, 0.16344, 0.168183, 0.154582, 0.181281, 0.161265, 0.18257, 0.160749, 0.156095, 0.186106, 0.164251, 0.156275, 0.20112, 0.210145, 0.167927, 0.156706, 0.161375, 0.163789, 0.170908, 0.143019, 0.148296, 0.143811, 0.164026, 0.163098}"
