"model_name","layer_name","layer_index","kind","min_time","mean_time","max_time","add_flops","div_flops","cmp_flops","exp_flops","mad_flops","input_channel","input_height","input_width","output_channel","output_height","output_width","function","kernel_1","kernel_2","stride_1","stride_2","dilation_1","dilation_2","input_form","topology_hash","mad/min_time","mad/mean_time","mad/max_time","time"
"ColorNet Image Colorization Trained on ImageNet Competition Data","4/8",54,"Convolution",0.00179,0.0018407666666666667,0.005232,0,0,0,0,115605504,64,56,56,64,56,56,"",3,3,1,1,1,1,"HoldForm[ConvolutionLayer[64, {3, 3}, ""Stride"" -> {1, 1}, ""PaddingSize"" -> {{1, 1}, {1, 1}}, ""Dilation"" -> {1, 1}, ""Input"" -> {64, 56, 56}]]","1ayaeu83vmsb9",6.4584080446927376e10,6.280291038154392e10,2.209585321100918e10,"{0.005232, 0.001906, 0.001859, 0.00186, 0.001831, 0.001904, 0.00184, 0.001826, 0.00181, 0.001834, 0.001862, 0.001889, 0.00179, 0.001821, 0.001845, 0.001807, 0.001918, 0.001797, 0.001846, 0.001807, 0.001834, 0.001859, 0.001883, 0.001792, 0.001819, 0.001853, 0.00181, 0.001912, 0.00181, 0.001803, 0.001803, 0.001844, 0.001907, 0.001892, 0.001803, 0.001822, 0.001885, 0.001808, 0.001871, 0.001804, 0.001819, 0.001815, 0.001842, 0.001911, 0.00186, 0.001839, 0.001822, 0.001886, 0.001844, 0.001858}"
