"model_name","layer_name","layer_index","kind","min_time","mean_time","max_time","add_flops","div_flops","cmp_flops","exp_flops","mad_flops","input_channel","input_height","input_width","output_channel","output_height","output_width","function","kernel_1","kernel_2","stride_1","stride_2","dilation_1","dilation_2","input_form","topology_hash","mad/min_time","mad/mean_time","mad/max_time","time"
"Single-Image Depth Perception Net Trained on NYU Depth V2 and Depth in the Wild Data","4/1/1/4/1/1/3/4/4",90,"Convolution",0.008298,0.008421633333333333,0.022133,0,0,0,0,481689600,32,60,80,64,60,80,"",7,7,1,1,1,1,"HoldForm[ConvolutionLayer[64, {7, 7}, ""Stride"" -> {1, 1}, ""PaddingSize"" -> {{3, 3}, {3, 3}}, ""Dilation"" -> {1, 1}, ""Input"" -> {32, 60, 80}]]","0os0aoyz0la0f",5.804887924801157e10,5.719669581118469e10,2.1763412099579815e10,"{0.022133, 0.008528, 0.008504, 0.008422, 0.008519, 0.008527, 0.008581, 0.008532, 0.008478, 0.008381, 0.008363, 0.008418, 0.008527, 0.008393, 0.008544, 0.008418, 0.008483, 0.008353, 0.008433, 0.008413, 0.008472, 0.008399, 0.008342, 0.008327, 0.008434, 0.008518, 0.008435, 0.008437, 0.008355, 0.00835, 0.008343, 0.008467, 0.008413, 0.008456, 0.008322, 0.008328, 0.008334, 0.008546, 0.008456, 0.008404, 0.008348, 0.008337, 0.008298, 0.008468, 0.008492, 0.008398, 0.008311, 0.008422, 0.008323, 0.008384}"
