"model_name","layer_name","layer_index","kind","min_time","mean_time","max_time","add_flops","div_flops","cmp_flops","exp_flops","mad_flops","input_channel","input_height","input_width","output_channel","output_height","output_width","function","kernel_1","kernel_2","stride_1","stride_2","dilation_1","dilation_2","input_form","topology_hash","mad/min_time","mad/mean_time","mad/max_time","time"
"Age Estimation VGG-16 Trained on IMDB-WIKI Data","conv2_2",8,"Convolution",0.019131,0.026297866666666666,0.061144,0,0,0,0,1849688064,128,112,112,128,112,112,"",3,3,1,1,1,1,"HoldForm[ConvolutionLayer[128, {3, 3}, ""Stride"" -> {1, 1}, ""PaddingSize"" -> {{1, 1}, {1, 1}}, ""Dilation"" -> {1, 1}, ""Input"" -> {128, 112, 112}]]","10zc4kyp7w2rp",9.668538309549945e10,7.033604997110031e10,3.0251342143137512e10,"{0.061144, 0.030946, 0.039431, 0.045568, 0.037859, 0.026034, 0.037438, 0.0368, 0.037489, 0.037777, 0.037586, 0.038233, 0.02514, 0.019912, 0.033701, 0.034767, 0.034836, 0.037516, 0.019808, 0.027042, 0.043592, 0.038934, 0.035933, 0.026386, 0.026433, 0.026059, 0.026141, 0.026165, 0.026129, 0.026371, 0.026071, 0.026226, 0.026128, 0.025872, 0.025976, 0.025903, 0.0343, 0.035127, 0.028669, 0.026312, 0.026022, 0.025782, 0.025968, 0.024406, 0.019963, 0.026047, 0.025883, 0.025977, 0.025946, 0.025962, 0.026095, 0.025862, 0.019447, 0.026337, 0.026177, 0.026145, 0.028404, 0.033223, 0.023546, 0.019252, 0.019584, 0.021593, 0.026509, 0.03495, 0.026094, 0.026146, 0.028487, 0.019258, 0.019131, 0.01943, 0.019444, 0.026071, 0.026218, 0.019269, 0.019348, 0.02001, 0.019188, 0.028787, 0.02806, 0.019846, 0.0264, 0.020108, 0.031291, 0.026415, 0.026035, 0.023829, 0.023131, 0.026163, 0.025982, 0.026096, 0.025987, 0.02601, 0.026127, 0.025943, 0.026178, 0.022535, 0.019164, 0.020745, 0.019967, 0.020043}"
