"model_name","layer_name","layer_index","kind","min_time","mean_time","max_time","add_flops","div_flops","cmp_flops","exp_flops","mad_flops","input_channel","input_height","input_width","output_channel","output_height","output_width","function","kernel_1","kernel_2","stride_1","stride_2","dilation_1","dilation_2","input_form","topology_hash","mad/min_time","mad/mean_time","mad/max_time","time"
"Pix2pix Street-Map-to-Photo Translation","43",4,"Convolution",0.005084,0.007015949999999998,0.018732,0,0,0,0,536870912,64,128,128,128,64,64,"",4,4,2,2,1,1,"HoldForm[ConvolutionLayer[128, {4, 4}, ""Stride"" -> {2, 2}, ""PaddingSize"" -> {{1, 1}, {1, 1}}, ""Dilation"" -> {1, 1}, ""Input"" -> {64, 128, 128}]]","0104hgmumd5ay",1.0560010070810385e11,7.652148490225844e10,2.8660629510997227e10,"{0.018732, 0.007522, 0.007222, 0.007198, 0.007002, 0.006965, 0.007082, 0.007153, 0.006854, 0.00689, 0.007116, 0.006912, 0.006848, 0.007105, 0.006932, 0.006868, 0.007072, 0.007024, 0.006879, 0.006957, 0.007074, 0.006832, 0.006868, 0.007071, 0.009492, 0.006765, 0.010028, 0.005142, 0.008197, 0.005143, 0.005277, 0.008378, 0.005136, 0.006217, 0.008586, 0.006845, 0.007013, 0.007045, 0.006893, 0.006866, 0.007026, 0.006837, 0.006836, 0.007116, 0.006971, 0.006854, 0.007032, 0.007032, 0.006837, 0.006889, 0.007021, 0.006825, 0.006872, 0.007015, 0.006831, 0.006861, 0.007948, 0.009118, 0.011316, 0.016174, 0.005438, 0.01004, 0.017966, 0.005162, 0.007046, 0.010083, 0.010021, 0.010094, 0.01035, 0.010256, 0.010233, 0.01018, 0.015607, 0.005132, 0.005473, 0.010071, 0.005084, 0.005175, 0.009859, 0.005092, 0.005195, 0.007051, 0.007034, 0.006939, 0.006998, 0.006908, 0.006978, 0.007011, 0.006887, 0.006842, 0.006927, 0.007017, 0.006833, 0.006858, 0.006998, 0.006853, 0.006877, 0.007006, 0.006843, 0.006937}"
