"model_name","layer_name","layer_index","kind","min_time","mean_time","max_time","add_flops","div_flops","cmp_flops","exp_flops","mad_flops","input_channel","input_height","input_width","output_channel","output_height","output_width","function","kernel_1","kernel_2","stride_1","stride_2","dilation_1","dilation_2","input_form","topology_hash","mad/min_time","mad/mean_time","mad/max_time","time"
"CycleGAN Winter-to-Summer Translation","17/1/2",53,"Convolution",0.005635,0.005730466666666668,0.014398,0,0,0,0,603979776,128,66,66,128,64,64,"",3,3,1,1,1,1,"HoldForm[ConvolutionLayer[128, {3, 3}, ""Stride"" -> {1, 1}, ""PaddingSize"" -> {{0, 0}, {0, 0}}, ""Dilation"" -> {1, 1}, ""Input"" -> {128, 66, 66}]]","1sehkke39v8fh",1.0718363371783496e11,1.0539800877182776e11,4.1948866231421036e10,"{0.014398, 0.006067, 0.005865, 0.005793, 0.005779, 0.005768, 0.005865, 0.005736, 0.005861, 0.005684, 0.005733, 0.005773, 0.005736, 0.005804, 0.005719, 0.005671, 0.005675, 0.005716, 0.005778, 0.005735, 0.005831, 0.005662, 0.005653, 0.005678, 0.005699, 0.005774, 0.005738, 0.005852, 0.005728, 0.005656, 0.005677, 0.005655, 0.0058, 0.005724, 0.005835, 0.005635, 0.005654, 0.005667, 0.00565, 0.005732, 0.005723, 0.005819, 0.005659, 0.005645, 0.005675, 0.005636, 0.005722, 0.005805, 0.005814, 0.005672}"
