"model_name","layer_name","layer_index","kind","min_time","mean_time","max_time","add_flops","div_flops","cmp_flops","exp_flops","mad_flops","input_channel","input_height","input_width","output_channel","output_height","output_width","function","kernel_1","kernel_2","stride_1","stride_2","dilation_1","dilation_2","input_form","topology_hash","mad/min_time","mad/mean_time","mad/max_time","time"
"ResNet-101 Trained on ImageNet Competition Data","4b12/res4b12_branch2a",202,"Convolution",0.000212,0.00021749999999999995,0.000394,0,0,0,0,51380224,1024,14,14,256,14,14,"",1,1,1,1,1,1,"HoldForm[ConvolutionLayer[256, {1, 1}, ""Stride"" -> {1, 1}, ""PaddingSize"" -> {{0, 0}, {0, 0}}, ""Dilation"" -> {1, 1}, ""Input"" -> {1024, 14, 14}]]","0659yipuh34xm",2.423595471698113e11,2.3623091494252878e11,1.3040665989847716e11,"{0.000394, 0.000262, 0.00022, 0.000236, 0.000217, 0.00025, 0.000215, 0.000215, 0.000215, 0.000215, 0.000215, 0.000215, 0.000281, 0.000221, 0.000215, 0.000214, 0.000214, 0.000215, 0.000214, 0.000214, 0.000214, 0.000229, 0.000217, 0.000215, 0.000214, 0.000214, 0.000229, 0.000213, 0.000213, 0.000213, 0.000213, 0.000213, 0.000213, 0.000212, 0.000213, 0.000215, 0.000215, 0.000216, 0.000215, 0.000229, 0.000257, 0.000242, 0.000286, 0.000266, 0.000244, 0.000215, 0.000237, 0.000215, 0.000215, 0.000216}"
