"model_name","layer_name","layer_index","kind","min_time","mean_time","max_time","add_flops","div_flops","cmp_flops","exp_flops","mad_flops","input_channel","input_height","input_width","output_channel","output_height","output_width","function","kernel_1","kernel_2","stride_1","stride_2","dilation_1","dilation_2","input_form","topology_hash","mad/min_time","mad/mean_time","mad/max_time","time"
"VGG-19 Trained on ImageNet Competition Data","conv3_2",13,"Convolution",0.011488,0.011663,0.024828,0,0,0,0,1849688064,256,56,56,256,56,56,"",3,3,1,1,1,1,"HoldForm[ConvolutionLayer[256, {3, 3}, ""Stride"" -> {1, 1}, ""PaddingSize"" -> {{1, 1}, {1, 1}}, ""Dilation"" -> {1, 1}, ""Input"" -> {256, 56, 56}]]","0sal1rmpbenpt",1.610104512534819e11,1.5859453519677615e11,7.45000831319478e10,"{0.024828, 0.011901, 0.011763, 0.011713, 0.011521, 0.011568, 0.011599, 0.011713, 0.011757, 0.011694, 0.01157, 0.011601, 0.011649, 0.011785, 0.011612, 0.011689, 0.011582, 0.011559, 0.011629, 0.011764, 0.011708, 0.011641, 0.011534, 0.011517, 0.011654, 0.011788, 0.011703, 0.011773, 0.01164, 0.011588, 0.011597, 0.011751, 0.011723, 0.011787, 0.01155, 0.011603, 0.011646, 0.011699, 0.011691, 0.011708, 0.01161, 0.011488, 0.011622, 0.011745, 0.011734, 0.01172, 0.011674, 0.011547, 0.011555, 0.011703}"
