"model_name","layer_name","layer_index","kind","min_time","mean_time","max_time","add_flops","div_flops","cmp_flops","exp_flops","mad_flops","input_channel","input_height","input_width","output_channel","output_height","output_width","function","kernel_1","kernel_2","stride_1","stride_2","dilation_1","dilation_2","input_form","topology_hash","mad/min_time","mad/mean_time","mad/max_time","time"
"Single-Image Depth Perception Net Trained on Depth in the Wild Data","4/1/1/4/1/1/2/4/4",68,"Convolution",0.007606,0.009209333333333338,0.025533,0,0,0,0,240844800,32,60,80,32,60,80,"",7,7,1,1,1,1,"HoldForm[ConvolutionLayer[32, {7, 7}, ""Stride"" -> {1, 1}, ""PaddingSize"" -> {{3, 3}, {3, 3}}, ""Dilation"" -> {1, 1}, ""Input"" -> {32, 60, 80}]]","12h05of60ihm3",3.1665106494872467e10,2.6152251339221066e10,9.43268711079779e9,"{0.025533, 0.009374, 0.00923, 0.009237, 0.009203, 0.009228, 0.00922, 0.009125, 0.009091, 0.009091, 0.00921, 0.009088, 0.009051, 0.009068, 0.009021, 0.0091, 0.009174, 0.009141, 0.009169, 0.009057, 0.00904, 0.009064, 0.009036, 0.009048, 0.008989, 0.008965, 0.009058, 0.009114, 0.009151, 0.013174, 0.012669, 0.010056, 0.010031, 0.010094, 0.010091, 0.00769, 0.011342, 0.007692, 0.008272, 0.015992, 0.007653, 0.007673, 0.014121, 0.007633, 0.012478, 0.019171, 0.007665, 0.013406, 0.007612, 0.010537, 0.012004, 0.012053, 0.015514, 0.010028, 0.010096, 0.010059, 0.010094, 0.009798, 0.009076, 0.009031, 0.009086, 0.009114, 0.009109, 0.009095, 0.00901, 0.009037, 0.009026, 0.009011, 0.009039, 0.008991, 0.009017, 0.009124, 0.009138, 0.009184, 0.009171, 0.009012, 0.009032, 0.009062, 0.008919, 0.01081, 0.01284, 0.007616, 0.012544, 0.007609, 0.012485, 0.007626, 0.007606, 0.012752, 0.009026, 0.008944, 0.009024, 0.008969, 0.009118, 0.009115, 0.009131, 0.00907, 0.009094, 0.009052, 0.008977, 0.00902}"
