"model_name","layer_name","layer_index","kind","min_time","mean_time","max_time","add_flops","div_flops","cmp_flops","exp_flops","mad_flops","input_channel","input_height","input_width","output_channel","output_height","output_width","function","kernel_1","kernel_2","stride_1","stride_2","dilation_1","dilation_2","input_form","topology_hash","mad/min_time","mad/mean_time","mad/max_time","time"
"3D Face Alignment Net Trained on 300W Large Pose Data","15/1/2/3/1/2/3/1/2/3/1/2/4/1/1/3",196,"Convolution",0.000104,0.00010543333333333337,0.000261,0,0,0,0,4718592,256,4,4,128,4,4,"",3,3,1,1,1,1,"HoldForm[ConvolutionLayer[128, {3, 3}, ""Stride"" -> {1, 1}, ""PaddingSize"" -> {{1, 1}, {1, 1}}, ""Dilation"" -> {1, 1}, ""Input"" -> {256, 4, 4}]]","0ngwio6wgy0h8",4.537107692307692e10,4.4754271261460625e10,1.8078896551724136e10,"{0.000261, 0.000131, 0.000108, 0.000107, 0.000105, 0.000105, 0.000105, 0.000105, 0.000104, 0.000105, 0.000105, 0.000105, 0.000105, 0.000105, 0.000105, 0.000104, 0.000105, 0.000104, 0.000105, 0.000106, 0.000105, 0.000105, 0.000105, 0.000104, 0.000121, 0.000104, 0.000104, 0.000104, 0.000104, 0.000127, 0.000108, 0.000106, 0.000105, 0.000105, 0.000104, 0.000105, 0.000104, 0.000104, 0.000104, 0.000104, 0.000105, 0.000104, 0.000104, 0.000113, 0.000144, 0.000117, 0.000116, 0.000116, 0.000117, 0.000117}"
