"model_name","layer_name","layer_index","kind","min_time","mean_time","max_time","add_flops","div_flops","cmp_flops","exp_flops","mad_flops","input_channel","input_height","input_width","output_channel","output_height","output_width","function","kernel_1","kernel_2","stride_1","stride_2","dilation_1","dilation_2","input_form","topology_hash","mad/min_time","mad/mean_time","mad/max_time","time"
"2D Face Alignment Net Trained on 300W Large Pose Data","13/1/2/3/1/1/1/1/1/3",546,"Convolution",0.002974,0.0030515333333333327,0.007646,0,0,0,0,301989888,256,32,32,128,32,32,"",3,3,1,1,1,1,"HoldForm[ConvolutionLayer[128, {3, 3}, ""Stride"" -> {1, 1}, ""PaddingSize"" -> {{1, 1}, {1, 1}}, ""Dilation"" -> {1, 1}, ""Input"" -> {256, 32, 32}]]","08qm1fo4qkpj4",1.0154333826496301e11,9.896332597819678e10,3.949645409364373e10,"{0.007646, 0.00305, 0.003062, 0.003135, 0.003025, 0.003012, 0.003037, 0.00301, 0.003043, 0.003145, 0.003029, 0.00304, 0.00312, 0.003104, 0.002996, 0.003002, 0.003133, 0.003013, 0.003008, 0.003095, 0.00303, 0.003026, 0.00316, 0.00305, 0.003058, 0.00317, 0.003143, 0.003003, 0.003001, 0.003155, 0.002998, 0.002998, 0.003088, 0.003034, 0.003016, 0.003137, 0.003019, 0.00306, 0.003063, 0.003123, 0.002974, 0.003004, 0.0031, 0.003005, 0.003014, 0.00313, 0.003047, 0.002992, 0.003104, 0.003066}"
