"model_name","layer_name","layer_index","kind","min_time","mean_time","max_time","add_flops","div_flops","cmp_flops","exp_flops","mad_flops","input_channel","input_height","input_width","output_channel","output_height","output_width","function","kernel_1","kernel_2","stride_1","stride_2","dilation_1","dilation_2","input_form","topology_hash","mad/min_time","mad/mean_time","mad/max_time","time"
"Ademxapp Model A1 Trained on PASCAL VOC2012 and MS-COCO Data","7a/res7a_branch2b2",133,"Convolution",0.093616,0.09387836666666667,0.102946,0,0,0,0,33294385152,2048,63,63,4096,63,63,"",1,1,1,1,1,1,"HoldForm[ConvolutionLayer[4096, {1, 1}, ""Stride"" -> {1, 1}, ""PaddingSize"" -> {{0, 0}, {0, 0}}, ""Dilation"" -> {1, 1}, ""Input"" -> {2048, 63, 63}]]","10mpthtxbwth2",3.556484484703469e11,3.5465449958474634e11,3.234160156975502e11,"{0.102946, 0.09384, 0.093863, 0.093941, 0.094272, 0.094093, 0.093898, 0.093982, 0.093808, 0.093714, 0.094059, 0.093822, 0.093838, 0.094015, 0.093753, 0.093891, 0.093719, 0.093896, 0.094183, 0.093718, 0.093833, 0.093862, 0.093765, 0.094054, 0.093754, 0.093987, 0.093867, 0.093904, 0.093986, 0.093833, 0.093667, 0.094033, 0.093616, 0.093925, 0.093801, 0.093772, 0.093865, 0.093659, 0.093762, 0.093954, 0.093957, 0.09373, 0.093975, 0.093911, 0.093862, 0.09396, 0.093901, 0.093877, 0.093727, 0.094061}"
