"model_name","layer_name","layer_index","kind","min_time","mean_time","max_time","add_flops","div_flops","cmp_flops","exp_flops","mad_flops","input_channel","input_height","input_width","output_channel","output_height","output_width","function","kernel_1","kernel_2","stride_1","stride_2","dilation_1","dilation_2","input_form","topology_hash","mad/min_time","mad/mean_time","mad/max_time","time"
"ColorNet Image Colorization Trained on Places Data","2/16",32,"Convolution",0.002419,0.004126933333333333,0.026438,0,0,0,0,462422016,512,14,14,512,14,14,"",3,3,1,1,1,1,"HoldForm[ConvolutionLayer[512, {3, 3}, ""Stride"" -> {1, 1}, ""PaddingSize"" -> {{1, 1}, {1, 1}}, ""Dilation"" -> {1, 1}, ""Input"" -> {512, 14, 14}]]","16wosds9ax35d",1.9116247044233154e11,1.1204979064357715e11,1.7490809289658825e10,"{0.008791, 0.004249, 0.003983, 0.004014, 0.003943, 0.003875, 0.004133, 0.003869, 0.00401, 0.003915, 0.003983, 0.004072, 0.003876, 0.004101, 0.003897, 0.003913, 0.004117, 0.003921, 0.006885, 0.011783, 0.008075, 0.005692, 0.010229, 0.026438, 0.023998, 0.020011, 0.003248, 0.007145, 0.011297, 0.002443, 0.002419, 0.006813, 0.002429, 0.007639, 0.002441, 0.003212, 0.004389, 0.010055, 0.002441, 0.002444, 0.002593, 0.002483, 0.002421, 0.013602, 0.01215, 0.002429, 0.002424, 0.002443, 0.008542, 0.002449, 0.002594, 0.004002, 0.004105, 0.004123, 0.004006, 0.004287, 0.004817, 0.004585, 0.005232, 0.004873, 0.004828, 0.004819, 0.004814, 0.004724, 0.003721, 0.005064, 0.00493, 0.004002, 0.004069, 0.003945, 0.004097, 0.003947, 0.003894, 0.004117, 0.003989, 0.004201, 0.003901, 0.00397, 0.004078, 0.003943, 0.004082, 0.003882, 0.004021, 0.004079, 0.00394, 0.004198, 0.003905, 0.003981, 0.004049, 0.003942, 0.00415, 0.004002, 0.003937, 0.004048, 0.003927, 0.004162, 0.003942, 0.003953, 0.004107, 0.004533}"
