"model_name","layer_name","layer_index","kind","min_time","mean_time","max_time","add_flops","div_flops","cmp_flops","exp_flops","mad_flops","input_channel","input_height","input_width","output_channel","output_height","output_width","function","kernel_1","kernel_2","stride_1","stride_2","dilation_1","dilation_2","input_form","topology_hash","mad/min_time","mad/mean_time","mad/max_time","time"
"Yahoo Open NSFW Model V1","stage0_block0/conv_branch2b",11,"Convolution",0.000864,0.0008969000000000001,0.002571,0,0,0,0,28901376,32,56,56,32,56,56,"",3,3,1,1,1,1,"HoldForm[ConvolutionLayer[32, {3, 3}, ""Stride"" -> {1, 1}, ""PaddingSize"" -> {{1, 1}, {1, 1}}, ""Dilation"" -> {1, 1}, ""Input"" -> {32, 56, 56}]]","0pv0617aa1f89",3.3450666666666668e10,3.2223632511985725e10,1.12412975495916e10,"{0.002571, 0.000955, 0.000879, 0.00089, 0.000864, 0.000959, 0.000986, 0.000926, 0.00092, 0.000894, 0.000904, 0.000891, 0.000899, 0.000893, 0.000891, 0.000888, 0.000961, 0.000998, 0.000889, 0.000915, 0.000883, 0.000876, 0.000897, 0.000885, 0.000921, 0.000868, 0.000888, 0.000957, 0.000993, 0.000872, 0.000899, 0.000885, 0.000895, 0.000897, 0.000885, 0.000867, 0.000885, 0.000884, 0.000971, 0.000989, 0.000883, 0.000928, 0.000892, 0.000884, 0.00087, 0.000893, 0.000865, 0.000883, 0.000882, 0.000923}"
