"model_name","layer_name","layer_index","kind","min_time","mean_time","max_time","add_flops","div_flops","cmp_flops","exp_flops","mad_flops","input_channel","input_height","input_width","output_channel","output_height","output_width","function","kernel_1","kernel_2","stride_1","stride_2","dilation_1","dilation_2","input_form","topology_hash","mad/min_time","mad/mean_time","mad/max_time","time"
"ResNet-101 Trained on ImageNet Competition Data","4b18/res4b18_branch2a",262,"Convolution",0.000209,0.00021643333333333333,0.000343,0,0,0,0,51380224,1024,14,14,256,14,14,"",1,1,1,1,1,1,"HoldForm[ConvolutionLayer[256, {1, 1}, ""Stride"" -> {1, 1}, ""PaddingSize"" -> {{0, 0}, {0, 0}}, ""Dilation"" -> {1, 1}, ""Input"" -> {1024, 14, 14}]]","0659yipuh34xm",2.458383923444976e11,2.3739515170183273e11,1.4979657142857144e11,"{0.000343, 0.000225, 0.000236, 0.000218, 0.000214, 0.000215, 0.000214, 0.000214, 0.000213, 0.000256, 0.000214, 0.000213, 0.000245, 0.000214, 0.000214, 0.000214, 0.000214, 0.000213, 0.000213, 0.000213, 0.000231, 0.000216, 0.000214, 0.000215, 0.000213, 0.000214, 0.000214, 0.000213, 0.000263, 0.000241, 0.000239, 0.000238, 0.000242, 0.000213, 0.000261, 0.000216, 0.00021, 0.00021, 0.000226, 0.000213, 0.000211, 0.00021, 0.000281, 0.000224, 0.00021, 0.00021, 0.00021, 0.000209, 0.00021, 0.00021}"
