"model_name","layer_name","layer_index","kind","min_time","mean_time","max_time","add_flops","div_flops","cmp_flops","exp_flops","mad_flops","input_channel","input_height","input_width","output_channel","output_height","output_width","function","kernel_1","kernel_2","stride_1","stride_2","dilation_1","dilation_2","input_form","topology_hash","mad/min_time","mad/mean_time","mad/max_time","time"
"Wolfram AudioIdentify V1 Trained on AudioSet Data","1/Net/4_5/conv4_5_linear",77,"Convolution",0.000025,0.00002604999999999998,0.01007,0,0,0,0,921600,480,6,4,80,6,4,"",1,1,1,1,1,1,"HoldForm[ConvolutionLayer[80, {1, 1}, ""Stride"" -> {1, 1}, ""PaddingSize"" -> {{0, 0}, {0, 0}}, ""Dilation"" -> {1, 1}, ""Input"" -> {480, 6, 4}]]","1l5x2xd3zr7y5",3.6864e10,3.537811900191942e10,9.1519364448858e7,"{0.004088, 0.001509, 0.002104, 0.007948, 0.010059, 0.004127, 0.002204, 0.003726, 0.002111, 0.007948, 0.010059, 0.01006, 0.01007, 0.010047, 0.010059, 0.010059, 0.009849, 0.008002, 0.000048, 0.000029, 0.000026, 0.000026, 0.000026, 0.000026, 0.000025, 0.000026, 0.000026, 0.000025, 0.000026, 0.000026, 0.000025, 0.000026, 0.000026, 0.000026, 0.000026, 0.000026, 0.000025, 0.000026, 0.000026, 0.000027, 0.000026, 0.000026, 0.000026, 0.000026, 0.000026, 0.000026, 0.000026, 0.000026, 0.000026, 0.000026, 0.000027, 0.000026, 0.000026, 0.000027, 0.000026, 0.000025, 0.000026, 0.000026, 0.000026, 0.000026, 0.000025, 0.000026, 0.000026, 0.000026, 0.000026, 0.000026, 0.000026, 0.000026, 0.000026, 0.000026, 0.000026, 0.000026, 0.000026, 0.000026, 0.000026, 0.000026, 0.000026, 0.000026, 0.000026, 0.000026, 0.000026, 0.000026, 0.000026, 0.000026, 0.000026, 0.000026, 0.000026, 0.000026, 0.000026, 0.000026, 0.000025, 0.000026, 0.000026, 0.000026, 0.000026, 0.000026, 0.000025, 0.000026, 0.000026, 0.000026}"
