"model_name","layer_name","layer_index","kind","min_time","mean_time","max_time","add_flops","div_flops","cmp_flops","exp_flops","mad_flops","input_channel","input_height","input_width","output_channel","output_height","output_width","function","kernel_1","kernel_2","stride_1","stride_2","dilation_1","dilation_2","input_form","topology_hash","mad/min_time","mad/mean_time","mad/max_time","time"
"ResNet-101 Trained on ImageNet Competition Data","4b21/res4b21_branch2c",298,"Convolution",0.000351,0.00036394999999999977,0.003643,0,0,0,0,51380224,256,14,14,1024,14,14,"",1,1,1,1,1,1,"HoldForm[ConvolutionLayer[1024, {1, 1}, ""Stride"" -> {1, 1}, ""PaddingSize"" -> {{0, 0}, {0, 0}}, ""Dilation"" -> {1, 1}, ""Input"" -> {256, 14, 14}]]","05922ucprscvp",1.4638240455840454e11,1.4117385355131207e11,1.4103822124622564e10,"{0.003643, 0.000483, 0.000373, 0.00037, 0.000406, 0.000366, 0.000356, 0.000367, 0.000367, 0.000354, 0.000354, 0.000353, 0.000367, 0.000367, 0.000364, 0.000363, 0.000364, 0.000362, 0.000351, 0.000385, 0.000363, 0.000364, 0.000364, 0.000373, 0.000366, 0.000363, 0.00043, 0.000408, 0.000419, 0.000352, 0.000363, 0.000379, 0.000364, 0.000373, 0.000353, 0.000352, 0.000364, 0.000364, 0.000363, 0.000351, 0.000363, 0.000352, 0.000351, 0.000362, 0.000375, 0.000353, 0.000367, 0.000356, 0.000352, 0.000363, 0.000351, 0.000351, 0.000363, 0.000407, 0.000409, 0.000427, 0.000353, 0.000363, 0.000391, 0.000364, 0.000364, 0.000364, 0.000363, 0.000363, 0.000377, 0.000352, 0.000374, 0.000353, 0.000364, 0.000362, 0.000366, 0.000366, 0.000363, 0.000365, 0.000364, 0.000362, 0.000352, 0.000372, 0.000352, 0.000364, 0.000423, 0.000397, 0.000405, 0.000351, 0.000363, 0.000351, 0.00037, 0.000364, 0.000374, 0.000351, 0.000363, 0.000363, 0.000351, 0.000364, 0.000363, 0.000363, 0.000363, 0.000363, 0.000364, 0.000373}"
