"model_name","layer_name","layer_index","kind","min_time","mean_time","max_time","add_flops","div_flops","cmp_flops","exp_flops","mad_flops","input_channel","input_height","input_width","output_channel","output_height","output_width","function","kernel_1","kernel_2","stride_1","stride_2","dilation_1","dilation_2","input_form","topology_hash","mad/min_time","mad/mean_time","mad/max_time","time"
"2D Face Alignment Net Trained on 300W Large Pose Data","12/1/2/2/1/1/4/2/2/2/3",768,"Convolution",0.000659,0.0006768333333333332,0.001868,0,0,0,0,37748736,64,32,32,64,32,32,"",3,3,1,1,1,1,"HoldForm[ConvolutionLayer[64, {3, 3}, ""Stride"" -> {1, 1}, ""PaddingSize"" -> {{1, 1}, {1, 1}}, ""Dilation"" -> {1, 1}, ""Input"" -> {64, 32, 32}]]","1c6qyhfs6wyyq",5.728184522003035e10,5.577257227283921e10,2.0208102783725906e10,"{0.001868, 0.000678, 0.000673, 0.000722, 0.000754, 0.000749, 0.000669, 0.000667, 0.00072, 0.000696, 0.000666, 0.000663, 0.000664, 0.000668, 0.000663, 0.000688, 0.000667, 0.000664, 0.000706, 0.000747, 0.000718, 0.000679, 0.000665, 0.0007, 0.000677, 0.000659, 0.00066, 0.000707, 0.000661, 0.000659, 0.00066, 0.000661, 0.000671, 0.000726, 0.000743, 0.000674, 0.000696, 0.00066, 0.000702, 0.000662, 0.00066, 0.00066, 0.000666, 0.000661, 0.000672, 0.000662, 0.00066, 0.000661, 0.00075, 0.000749}"
