"model_name","layer_name","layer_index","kind","min_time","mean_time","max_time","add_flops","div_flops","cmp_flops","exp_flops","mad_flops","input_channel","input_height","input_width","output_channel","output_height","output_width","function","kernel_1","kernel_2","stride_1","stride_2","dilation_1","dilation_2","input_form","topology_hash","mad/min_time","mad/mean_time","mad/max_time","time"
"Inception V1 Trained on Places365 Data","inception_4c/1x1",71,"Convolution",0.000106,0.00011113333333333334,0.000219,0,0,0,0,12845056,512,14,14,128,14,14,"",1,1,1,1,1,1,"HoldForm[ConvolutionLayer[128, {1, 1}, ""Stride"" -> {1, 1}, ""PaddingSize"" -> {{0, 0}, {0, 0}}, ""Dilation"" -> {1, 1}, ""Input"" -> {512, 14, 14}]]","1y0cz1zklcvih",1.2117977358490565e11,1.155823875224955e11,5.865322374429224e10,"{0.000219, 0.000118, 0.000112, 0.000111, 0.000108, 0.000108, 0.000108, 0.000109, 0.000107, 0.000109, 0.000108, 0.000108, 0.000107, 0.00011, 0.000109, 0.00011, 0.00011, 0.000109, 0.000125, 0.000109, 0.000107, 0.000106, 0.000108, 0.000108, 0.000121, 0.00011, 0.000108, 0.000109, 0.000108, 0.000107, 0.000107, 0.000107, 0.000107, 0.000123, 0.000109, 0.000108, 0.000137, 0.000142, 0.000124, 0.000121, 0.00012, 0.000121, 0.00012, 0.00012, 0.000119, 0.000134, 0.00012, 0.000109, 0.000107, 0.00011}"
