"model_name","layer_name","layer_index","kind","min_time","mean_time","max_time","add_flops","div_flops","cmp_flops","exp_flops","mad_flops","input_channel","input_height","input_width","output_channel","output_height","output_width","function","kernel_1","kernel_2","stride_1","stride_2","dilation_1","dilation_2","input_form","topology_hash","mad/min_time","mad/mean_time","mad/max_time","time"
"CycleGAN Zebra-to-Horse Translation Trained on ImageNet Competition Data","18/1/6",65,"Convolution",0.005672,0.005770566666666668,0.014535,0,0,0,0,603979776,128,66,66,128,64,64,"",3,3,1,1,1,1,"HoldForm[ConvolutionLayer[128, {3, 3}, ""Stride"" -> {1, 1}, ""PaddingSize"" -> {{0, 0}, {0, 0}}, ""Dilation"" -> {1, 1}, ""Input"" -> {128, 66, 66}]]","1sehkke39v8fh",1.0648444569816643e11,1.046655919407106e11,4.1553476160990715e10,"{0.014535, 0.006086, 0.00603, 0.005883, 0.005779, 0.005789, 0.005832, 0.005933, 0.005739, 0.00578, 0.005777, 0.005697, 0.005786, 0.005792, 0.00588, 0.005744, 0.005731, 0.005755, 0.005696, 0.005818, 0.005775, 0.005843, 0.00568, 0.005738, 0.005787, 0.005684, 0.005828, 0.005752, 0.005805, 0.005698, 0.005761, 0.005853, 0.005778, 0.005841, 0.005704, 0.00574, 0.00572, 0.005686, 0.005774, 0.005733, 0.005884, 0.005719, 0.005785, 0.005672, 0.005687, 0.005795, 0.005728, 0.005875, 0.005736, 0.005705}"
