"model_name","layer_name","layer_index","kind","min_time","mean_time","max_time","add_flops","div_flops","cmp_flops","exp_flops","mad_flops","input_channel","input_height","input_width","output_channel","output_height","output_width","function","kernel_1","kernel_2","stride_1","stride_2","dilation_1","dilation_2","input_form","topology_hash","mad/min_time","mad/mean_time","mad/max_time","time"
"ResNet-152 Trained on ImageNet Competition Data","4b32/res4b32_branch2c",448,"Convolution",0.000347,0.00035960000000000023,0.003609,0,0,0,0,51380224,256,14,14,1024,14,14,"",1,1,1,1,1,1,"HoldForm[ConvolutionLayer[1024, {1, 1}, ""Stride"" -> {1, 1}, ""PaddingSize"" -> {{0, 0}, {0, 0}}, ""Dilation"" -> {1, 1}, ""Input"" -> {256, 14, 14}]]","05922ucprscvp",1.480698097982709e11,1.428816017797552e11,1.4236692712662786e10,"{0.003609, 0.000413, 0.000372, 0.000355, 0.000352, 0.000362, 0.000392, 0.000361, 0.000364, 0.000361, 0.00035, 0.00035, 0.000349, 0.000349, 0.000425, 0.000396, 0.000418, 0.000349, 0.000359, 0.000375, 0.00036, 0.000359, 0.00035, 0.00036, 0.000402, 0.000356, 0.00036, 0.000349, 0.00035, 0.00035, 0.000362, 0.000361, 0.000359, 0.00036, 0.000358, 0.000359, 0.000359, 0.000358, 0.000384, 0.000359, 0.000358, 0.000426, 0.000396, 0.000413, 0.000358, 0.000359, 0.000359, 0.000358, 0.000359, 0.000348, 0.000359, 0.000393, 0.000372, 0.000351, 0.000349, 0.000359, 0.00036, 0.000359, 0.00035, 0.000358, 0.000348, 0.000358, 0.000347, 0.000357, 0.000361, 0.000348, 0.00036, 0.000349, 0.000396, 0.000405, 0.000393, 0.000377, 0.00036, 0.000358, 0.000358, 0.00035, 0.000349, 0.000359, 0.00036, 0.00038, 0.000356, 0.000349, 0.000359, 0.00036, 0.000359, 0.000369, 0.000361, 0.00035, 0.000359, 0.000359, 0.000359, 0.000359, 0.000359, 0.000358, 0.000359, 0.000359, 0.000421, 0.000408, 0.000405, 0.000348}"
