"model_name","layer_name","layer_index","kind","min_time","mean_time","max_time","add_flops","div_flops","cmp_flops","exp_flops","mad_flops","input_channel","input_height","input_width","output_channel","output_height","output_width","function","kernel_1","kernel_2","stride_1","stride_2","dilation_1","dilation_2","input_form","topology_hash","mad/min_time","mad/mean_time","mad/max_time","time"
"Ademxapp Model A1 Trained on ADE20K Data","5b1/res5b1_branch2b1",102,"Convolution",0.110163,0.2919190333333333,0.873903,0,0,0,0,52022476800,512,63,63,1024,63,63,"",3,3,1,1,2,2,"HoldForm[ConvolutionLayer[1024, {3, 3}, ""Stride"" -> {1, 1}, ""PaddingSize"" -> {{2, 2}, {2, 2}}, ""Dilation"" -> {2, 2}, ""Input"" -> {512, 63, 63}]]","093iwv7xli89i",4.722318455379755e11,1.7820858135206668e11,5.952889142158798e10,"{0.452222, 0.116875, 0.345198, 0.225783, 0.207754, 0.215463, 0.438489, 0.497574, 0.119479, 0.320968, 0.293244, 0.119761, 0.120634, 0.459053, 0.873903, 0.205691, 0.128777, 0.444344, 0.508013, 0.450052, 0.277225, 0.395142, 0.21626, 0.327197, 0.217143, 0.213262, 0.356774, 0.336921, 0.141981, 0.142002, 0.414662, 0.202521, 0.156498, 0.216042, 0.385027, 0.189128, 0.809284, 0.130879, 0.473968, 0.440733, 0.515835, 0.286737, 0.357093, 0.150041, 0.433805, 0.128335, 0.132566, 0.14259, 0.236693, 0.132067, 0.539247, 0.119589, 0.247059, 0.797456, 0.663607, 0.278622, 0.125056, 0.158232, 0.654011, 0.457999, 0.406547, 0.119994, 0.178453, 0.233264, 0.79557, 0.116176, 0.285795, 0.302331, 0.110163, 0.113593, 0.406381, 0.411733, 0.808802, 0.585747, 0.149946, 0.452207, 0.863973, 0.537721, 0.549734, 0.170116, 0.170462, 0.462546, 0.11477, 0.440606, 0.760144, 0.469529, 0.172851, 0.121918, 0.579945, 0.1666, 0.110819, 0.244367, 0.348476, 0.280348, 0.256306, 0.236989, 0.241619, 0.120469, 0.20353, 0.5392}"
