"model_name","layer_name","layer_index","kind","min_time","mean_time","max_time","add_flops","div_flops","cmp_flops","exp_flops","mad_flops","input_channel","input_height","input_width","output_channel","output_height","output_width","function","kernel_1","kernel_2","stride_1","stride_2","dilation_1","dilation_2","input_form","topology_hash","mad/min_time","mad/mean_time","mad/max_time","time"
"Wolfram AudioIdentify V1 Trained on AudioSet Data","1/Net/3_2/conv3_2_expand",28,"Convolution",0.000074,0.00007818333333333331,0.002887,0,0,0,0,2359296,32,24,16,192,24,16,"",1,1,1,1,1,1,"HoldForm[ConvolutionLayer[192, {1, 1}, ""Stride"" -> {1, 1}, ""PaddingSize"" -> {{0, 0}, {0, 0}}, ""Dilation"" -> {1, 1}, ""Input"" -> {32, 24, 16}]]","0vx2rmbg8x8xv",3.188237837837838e10,3.01764570454061e10,8.172137166608938e8,"{0.002887, 0.000115, 0.000085, 0.000078, 0.000078, 0.000077, 0.000075, 0.000077, 0.000076, 0.000076, 0.000076, 0.000075, 0.000076, 0.000075, 0.000077, 0.000076, 0.000075, 0.000076, 0.000076, 0.000075, 0.000079, 0.000075, 0.000076, 0.000077, 0.000075, 0.000075, 0.000075, 0.000078, 0.000078, 0.000091, 0.000078, 0.000079, 0.000076, 0.000075, 0.000076, 0.000109, 0.000085, 0.000087, 0.000083, 0.000084, 0.000085, 0.000085, 0.000085, 0.000084, 0.000084, 0.000085, 0.000085, 0.000105, 0.000076, 0.000076, 0.000077, 0.000076, 0.000076, 0.000075, 0.000076, 0.000076, 0.000076, 0.000075, 0.000076, 0.000076, 0.000078, 0.000075, 0.000076, 0.000075, 0.000075, 0.000075, 0.000076, 0.000075, 0.000076, 0.000075, 0.000076, 0.000076, 0.000076, 0.000083, 0.000076, 0.000076, 0.000075, 0.000074, 0.000075, 0.000085, 0.000077, 0.000076, 0.000079, 0.000077, 0.000077, 0.000077, 0.000091, 0.000077, 0.000107, 0.000109, 0.000108, 0.00011, 0.000105, 0.000104, 0.000105, 0.000104, 0.000103, 0.000104, 0.000104, 0.000103}"
