"model_name","layer_name","layer_index","kind","min_time","mean_time","max_time","add_flops","div_flops","cmp_flops","exp_flops","mad_flops","input_channel","input_height","input_width","output_channel","output_height","output_width","function","kernel_1","kernel_2","stride_1","stride_2","dilation_1","dilation_2","input_form","topology_hash","mad/min_time","mad/mean_time","mad/max_time","time"
"Dilated ResNet-38 Trained on Cityscapes Data","convolution27",89,"Convolution",0.034656,0.04947331666666667,0.088925,0,0,0,0,13421772800,256,64,128,256,64,128,"",3,3,1,1,2,2,"HoldForm[ConvolutionLayer[256, {3, 3}, ""Stride"" -> {1, 1}, ""PaddingSize"" -> {{2, 2}, {2, 2}}, ""Dilation"" -> {2, 2}, ""Input"" -> {256, 64, 128}]]","0rawpwhp9u3xx",3.8728568790397046e11,2.712931677985338e11,1.5093362721394434e11,"{0.088925, 0.051445, 0.065311, 0.060089, 0.065271, 0.059384, 0.062545, 0.064719, 0.052058, 0.048158, 0.048374, 0.047119, 0.047961, 0.048076, 0.048027, 0.043308, 0.046264, 0.048183, 0.043446, 0.055333, 0.060653, 0.054935, 0.048019, 0.047736, 0.05246, 0.048134, 0.048399, 0.048229, 0.047539, 0.055138, 0.060097, 0.056344, 0.048449, 0.054443, 0.050588, 0.038435, 0.042409, 0.04829, 0.046882, 0.04791, 0.048348, 0.040054, 0.047419, 0.041873, 0.043389, 0.040652, 0.059547, 0.060461, 0.04824, 0.041161, 0.044424, 0.037056, 0.046519, 0.050654, 0.063088, 0.050711, 0.053962, 0.061317, 0.049328, 0.052054, 0.056617, 0.042273, 0.034978, 0.043304, 0.048466, 0.04039, 0.046744, 0.048478, 0.045225, 0.052325, 0.055493, 0.043067, 0.056273, 0.061399, 0.048296, 0.048124, 0.048382, 0.047506, 0.047946, 0.036923, 0.046565, 0.048464, 0.057438, 0.035506, 0.041451, 0.048939, 0.041598, 0.042566, 0.06053, 0.06848, 0.06159, 0.052452, 0.034656, 0.059833, 0.064147, 0.074868, 0.045892, 0.048262, 0.047525, 0.035278}"
