"model_name","layer_name","layer_index","kind","min_time","mean_time","max_time","add_flops","div_flops","cmp_flops","exp_flops","mad_flops","input_channel","input_height","input_width","output_channel","output_height","output_width","function","kernel_1","kernel_2","stride_1","stride_2","dilation_1","dilation_2","input_form","topology_hash","mad/min_time","mad/mean_time","mad/max_time","time"
"ResNet-50 Trained on ImageNet Competition Data","3a/res3a_branch2c",46,"Convolution",0.000331,0.0003331166666666666,0.003572,0,0,0,0,51380224,128,28,28,512,28,28,"",1,1,1,1,1,1,"HoldForm[ConvolutionLayer[512, {1, 1}, ""Stride"" -> {1, 1}, ""PaddingSize"" -> {{0, 0}, {0, 0}}, ""Dilation"" -> {1, 1}, ""Input"" -> {128, 28, 28}]]","0nf3we7xs1tq0",1.5522726283987915e11,1.5424092860359238e11,1.438416125419933e10,"{0.003572, 0.000366, 0.000335, 0.000331, 0.000425, 0.000377, 0.000373, 0.000374, 0.000336, 0.000333, 0.000333, 0.000332, 0.000332, 0.000333, 0.000333, 0.000332, 0.000333, 0.000332, 0.000332, 0.000349, 0.000334, 0.000332, 0.000332, 0.000332, 0.000331, 0.000331, 0.000332, 0.000332, 0.000331, 0.000332, 0.000331, 0.000343, 0.000334, 0.000399, 0.000382, 0.000375, 0.000382, 0.000332, 0.000333, 0.000332, 0.000331, 0.000331, 0.000376, 0.000336, 0.000333, 0.000331, 0.000332, 0.000331, 0.000331, 0.000332, 0.000332, 0.000331, 0.000333, 0.000331, 0.000343, 0.000334, 0.000332, 0.000332, 0.000331, 0.000331, 0.000332, 0.000331, 0.000332, 0.00043, 0.000379, 0.000391, 0.000335, 0.000334, 0.000332, 0.000332, 0.000332, 0.000332, 0.000331, 0.000331, 0.000332, 0.000332, 0.000332, 0.000343, 0.000333, 0.000332, 0.000332, 0.000332, 0.000333, 0.000332, 0.000332, 0.000333, 0.000332, 0.000332, 0.000331, 0.000343, 0.000333, 0.000331, 0.000414, 0.00038, 0.000375, 0.000351, 0.000332, 0.000331, 0.000332, 0.000332}"
