"model_name","layer_name","layer_index","kind","min_time","mean_time","max_time","add_flops","div_flops","cmp_flops","exp_flops","mad_flops","input_channel","input_height","input_width","output_channel","output_height","output_width","function","kernel_1","kernel_2","stride_1","stride_2","dilation_1","dilation_2","input_form","topology_hash","mad/min_time","mad/mean_time","mad/max_time","time"
"Colorful Image Colorization Trained on ImageNet Competition Data","conv8_3",50,"Convolution",0.011539,0.011667199999999999,0.02496,0,0,0,0,1849688064,256,56,56,256,56,56,"",3,3,1,1,1,1,"HoldForm[ConvolutionLayer[256, {3, 3}, ""Stride"" -> {1, 1}, ""PaddingSize"" -> {{1, 1}, {1, 1}}, ""Dilation"" -> {1, 1}, ""Input"" -> {256, 56, 56}]]","1hr2n7680kppx",1.602988182684808e11,1.5853744377399893e11,7.41060923076923e10,"{0.02496, 0.01168, 0.011706, 0.011923, 0.011665, 0.011743, 0.011707, 0.011582, 0.011578, 0.011762, 0.011623, 0.011676, 0.011657, 0.011593, 0.011675, 0.011778, 0.011674, 0.011632, 0.01165, 0.011657, 0.011568, 0.011877, 0.011725, 0.011687, 0.011658, 0.01156, 0.011588, 0.011744, 0.011631, 0.011603, 0.01162, 0.011602, 0.011639, 0.011764, 0.01172, 0.011714, 0.011694, 0.011552, 0.01168, 0.011788, 0.011692, 0.011704, 0.011549, 0.011539, 0.01158, 0.011745, 0.011756, 0.011721, 0.011576, 0.011573}"
