"model_name","layer_name","layer_index","kind","min_time","mean_time","max_time","add_flops","div_flops","cmp_flops","exp_flops","mad_flops","input_channel","input_height","input_width","output_channel","output_height","output_width","function","kernel_1","kernel_2","stride_1","stride_2","dilation_1","dilation_2","input_form","topology_hash","mad/min_time","mad/mean_time","mad/max_time","time"
"ResNet-152 Trained on ImageNet Competition Data","4b1/res4b1_branch2a",132,"Convolution",0.000213,0.00022060000000000002,0.00039,0,0,0,0,51380224,1024,14,14,256,14,14,"",1,1,1,1,1,1,"HoldForm[ConvolutionLayer[256, {1, 1}, ""Stride"" -> {1, 1}, ""PaddingSize"" -> {{0, 0}, {0, 0}}, ""Dilation"" -> {1, 1}, ""Input"" -> {1024, 14, 14}]]","0659yipuh34xm",2.412217089201878e11,2.32911260199456e11,1.317441641025641e11,"{0.00039, 0.000248, 0.000283, 0.000216, 0.000217, 0.000235, 0.000222, 0.000217, 0.000219, 0.000219, 0.000217, 0.000218, 0.000219, 0.000217, 0.000218, 0.000217, 0.000217, 0.000216, 0.000219, 0.000217, 0.000217, 0.000217, 0.000217, 0.00023, 0.000219, 0.000242, 0.000227, 0.000219, 0.000218, 0.000217, 0.000217, 0.000244, 0.00022, 0.000231, 0.000217, 0.000216, 0.000216, 0.000217, 0.000215, 0.000215, 0.000215, 0.000238, 0.000258, 0.000238, 0.000239, 0.000239, 0.000276, 0.000226, 0.000214, 0.000213}"
