"model_name","layer_name","layer_index","kind","min_time","mean_time","max_time","add_flops","div_flops","cmp_flops","exp_flops","mad_flops","input_channel","input_height","input_width","output_channel","output_height","output_width","function","kernel_1","kernel_2","stride_1","stride_2","dilation_1","dilation_2","input_form","topology_hash","mad/min_time","mad/mean_time","mad/max_time","time"
"ResNet-101 Trained on Augmented CASIA-WebFace Data","2c/res2c_branch2b",31,"Convolution",0.001918,0.0022641833333333335,0.010857,0,0,0,0,115605504,64,56,56,64,56,56,"",3,3,1,1,1,1,"HoldForm[ConvolutionLayer[64, {3, 3}, ""Stride"" -> {1, 1}, ""PaddingSize"" -> {{1, 1}, {1, 1}}, ""Dilation"" -> {1, 1}, ""Input"" -> {64, 56, 56}]]","0uz07f73bs44a",6.027398540145986e10,5.10583671816917e10,1.0648015473887814e10,"{0.008044, 0.00212, 0.001999, 0.002053, 0.002052, 0.002002, 0.001986, 0.001962, 0.001971, 0.002017, 0.001992, 0.001983, 0.001929, 0.002007, 0.002034, 0.002027, 0.005714, 0.009278, 0.010857, 0.010066, 0.010062, 0.010066, 0.007269, 0.002794, 0.003232, 0.006833, 0.006932, 0.006342, 0.00686, 0.010065, 0.010062, 0.010077, 0.010054, 0.010076, 0.010049, 0.010072, 0.010057, 0.008444, 0.004776, 0.006909, 0.00382, 0.001918, 0.001925, 0.001981, 0.002065, 0.002015, 0.001973, 0.001959, 0.001975, 0.002118, 0.001985, 0.001964, 0.001974, 0.001963, 0.002113, 0.001966, 0.001928, 0.001988, 0.001954, 0.002128, 0.002006, 0.00197, 0.001951, 0.001965, 0.002111, 0.00202, 0.001968, 0.001957, 0.001977, 0.002138, 0.001988, 0.001967, 0.001979, 0.001981, 0.002109, 0.001999, 0.001947, 0.001979, 0.001979, 0.002116, 0.001991, 0.001983, 0.001919, 0.001951, 0.002079, 0.002013, 0.001951, 0.001979, 0.001976, 0.002123, 0.001994, 0.001968, 0.001978, 0.001986, 0.002073, 0.001956, 0.001975, 0.001986, 0.00203, 0.002129}"
