"model_name","layer_name","layer_index","kind","min_time","mean_time","max_time","add_flops","div_flops","cmp_flops","exp_flops","mad_flops","input_channel","input_height","input_width","output_channel","output_height","output_width","function","kernel_1","kernel_2","stride_1","stride_2","dilation_1","dilation_2","input_form","topology_hash","mad/min_time","mad/mean_time","mad/max_time","time"
"Ademxapp Model A Trained on ImageNet Competition Data","2a/res2a_branch2b1",9,"Convolution",0.038549,0.03883456666666667,0.090554,0,0,0,0,3774873600,128,160,160,128,160,160,"",3,3,1,1,1,1,"HoldForm[ConvolutionLayer[128, {3, 3}, ""Stride"" -> {1, 1}, ""PaddingSize"" -> {{1, 1}, {1, 1}}, ""Dilation"" -> {1, 1}, ""Input"" -> {128, 160, 160}]]","1cfa4dqnriqtk",9.792403434589743e10,9.720395832922044e10,4.168643682222762e10,"{0.090554, 0.038733, 0.038788, 0.03884, 0.038975, 0.03886, 0.038856, 0.038639, 0.039103, 0.03871, 0.03872, 0.039002, 0.038901, 0.038814, 0.038664, 0.039064, 0.038906, 0.038859, 0.038764, 0.038812, 0.038617, 0.038628, 0.039153, 0.038808, 0.038902, 0.039065, 0.038809, 0.038549, 0.03862, 0.038578, 0.038778, 0.039009, 0.038895, 0.03875, 0.038797, 0.038559, 0.03894, 0.038874, 0.038755, 0.038989, 0.038812, 0.038854, 0.038912, 0.039017, 0.038819, 0.038749, 0.038879, 0.038908, 0.038628, 0.038943}"
