"model_name","layer_name","layer_index","kind","min_time","mean_time","max_time","add_flops","div_flops","cmp_flops","exp_flops","mad_flops","input_channel","input_height","input_width","output_channel","output_height","output_width","function","kernel_1","kernel_2","stride_1","stride_2","dilation_1","dilation_2","input_form","topology_hash","mad/min_time","mad/mean_time","mad/max_time","time"
"Single-Image Depth Perception Net Trained on NYU Depth V2 Data","4/1/1/4/1/1/4/1/2/2/1/1",139,"Convolution",0.000135,0.00014043333333333332,0.000284,0,0,0,0,19660800,256,30,40,64,30,40,"",1,1,1,1,1,1,"HoldForm[ConvolutionLayer[64, {1, 1}, ""Stride"" -> {1, 1}, ""PaddingSize"" -> {{0, 0}, {0, 0}}, ""Dilation"" -> {1, 1}, ""Input"" -> {256, 30, 40}]]","0vesw90eosy3n",1.4563555555555554e11,1.400009494422027e11,6.92281690140845e10,"{0.000284, 0.000151, 0.000141, 0.00014, 0.000139, 0.000185, 0.000155, 0.000185, 0.000153, 0.000152, 0.000151, 0.000151, 0.000165, 0.000136, 0.000135, 0.000135, 0.000137, 0.000135, 0.000136, 0.000136, 0.000162, 0.000136, 0.000153, 0.000141, 0.000138, 0.000164, 0.000138, 0.00014, 0.00014, 0.000139, 0.000138, 0.00014, 0.000138, 0.000141, 0.000139, 0.000139, 0.000138, 0.00014, 0.000139, 0.000138, 0.00014, 0.000138, 0.000138, 0.000139, 0.00014, 0.00014, 0.000139, 0.000139, 0.000139, 0.000138}"
