"model_name","layer_name","layer_index","kind","min_time","mean_time","max_time","add_flops","div_flops","cmp_flops","exp_flops","mad_flops","input_channel","input_height","input_width","output_channel","output_height","output_width","function","kernel_1","kernel_2","stride_1","stride_2","dilation_1","dilation_2","input_form","topology_hash","mad/min_time","mad/mean_time","mad/max_time","time"
"ResNet-101 Trained on ImageNet Competition Data","5b/res5b_branch2c",330,"Convolution",0.000273,0.00028156666666666666,0.000419,0,0,0,0,51380224,512,7,7,2048,7,7,"",1,1,1,1,1,1,"HoldForm[ConvolutionLayer[2048, {1, 1}, ""Stride"" -> {1, 1}, ""PaddingSize"" -> {{0, 0}, {0, 0}}, ""Dilation"" -> {1, 1}, ""Input"" -> {512, 7, 7}]]","1bkx77xlmxi2d",1.882059487179487e11,1.8247978217118506e11,1.2262583293556085e11,"{0.000419, 0.000291, 0.000283, 0.000303, 0.000316, 0.000282, 0.000281, 0.000294, 0.000282, 0.000281, 0.000281, 0.000281, 0.00028, 0.000279, 0.000278, 0.00028, 0.000279, 0.000306, 0.000293, 0.000275, 0.000274, 0.000287, 0.000326, 0.000308, 0.000307, 0.000319, 0.000274, 0.000273, 0.000273, 0.000274, 0.000274, 0.000273, 0.000275, 0.000277, 0.000277, 0.000291, 0.000279, 0.000277, 0.000292, 0.000299, 0.000278, 0.000278, 0.000278, 0.000278, 0.000278, 0.000277, 0.000277, 0.000278, 0.000278, 0.000293}"
