"model_name","layer_name","layer_index","kind","min_time","mean_time","max_time","add_flops","div_flops","cmp_flops","exp_flops","mad_flops","input_channel","input_height","input_width","output_channel","output_height","output_width","function","kernel_1","kernel_2","stride_1","stride_2","dilation_1","dilation_2","input_form","topology_hash","mad/min_time","mad/mean_time","mad/max_time","time"
"Squeeze-and-Excitation Net Trained on ImageNet Competition Data","z6/conv4_32_1x1_reduce",732,"Convolution",0.000709,0.0007224000000000001,0.00387,0,0,0,0,102760448,1024,14,14,512,14,14,"",1,1,1,1,1,1,"HoldForm[ConvolutionLayer[512, {1, 1}, ""Stride"" -> {1, 1}, ""PaddingSize"" -> {{0, 0}, {0, 0}}, ""Dilation"" -> {1, 1}, ""Input"" -> {1024, 14, 14}]]","0di9as52hamos",1.4493716220028207e11,1.422486821705426e11,2.655308733850129e10,"{0.00387, 0.00076, 0.000768, 0.000742, 0.000723, 0.000724, 0.000748, 0.000714, 0.00071, 0.000794, 0.000793, 0.000716, 0.000715, 0.000711, 0.000712, 0.00075, 0.000736, 0.000715, 0.000712, 0.000711, 0.000712, 0.000722, 0.000712, 0.000826, 0.000768, 0.000715, 0.00071, 0.000721, 0.000712, 0.000752, 0.003419, 0.00076, 0.000749, 0.000802, 0.00083, 0.000717, 0.000712, 0.000711, 0.000711, 0.00076, 0.000715, 0.000711, 0.00071, 0.000711, 0.000711, 0.000719, 0.000785, 0.000803, 0.000714, 0.000714, 0.000721, 0.000711, 0.000712, 0.000752, 0.000713, 0.00071, 0.00072, 0.000712, 0.000711, 0.000715, 0.000813, 0.000779, 0.000716, 0.000714, 0.000711, 0.000709, 0.000753, 0.000725, 0.000746, 0.000712, 0.000744, 0.000714, 0.000722, 0.00076, 0.0008, 0.00073, 0.000716, 0.000723, 0.000712, 0.000711, 0.00075, 0.000714, 0.00071, 0.000723, 0.000713, 0.00071, 0.000711, 0.000784, 0.000805, 0.000715, 0.000714, 0.000711, 0.000711, 0.000711, 0.000758, 0.000715, 0.000712, 0.000711, 0.00071, 0.000721}"
