"model_name","layer_name","layer_index","kind","min_time","mean_time","max_time","add_flops","div_flops","cmp_flops","exp_flops","mad_flops","input_channel","input_height","input_width","output_channel","output_height","output_width","function","kernel_1","kernel_2","stride_1","stride_2","dilation_1","dilation_2","input_form","topology_hash","mad/min_time","mad/mean_time","mad/max_time","time"
"Wolfram ImageIdentify Net V1","4b/conv1x1",98,"Convolution",0.000163,0.00016620000000000003,0.000341,0,0,0,0,21676032,576,14,14,192,14,14,"",1,1,1,1,1,1,"HoldForm[ConvolutionLayer[192, {1, 1}, ""Stride"" -> {1, 1}, ""PaddingSize"" -> {{0, 0}, {0, 0}}, ""Dilation"" -> {1, 1}, ""Input"" -> {576, 14, 14}]]","1g5r4gylstuwz",1.3298179141104295e11,1.3042137184115521e11,6.356607624633431e10,"{0.000341, 0.000177, 0.00017, 0.000167, 0.000182, 0.000166, 0.000165, 0.000166, 0.000165, 0.000165, 0.000164, 0.000165, 0.000164, 0.000165, 0.000166, 0.000165, 0.000164, 0.000164, 0.000165, 0.000164, 0.000165, 0.000193, 0.000196, 0.000183, 0.000182, 0.000215, 0.000191, 0.000182, 0.000166, 0.000164, 0.000164, 0.000164, 0.000165, 0.000164, 0.000164, 0.000164, 0.000163, 0.000163, 0.000165, 0.000164, 0.000288, 0.000165, 0.000164, 0.000165, 0.000174, 0.000165, 0.000163, 0.000169, 0.000168, 0.000168}"
