"model_name","layer_name","layer_index","kind","min_time","mean_time","max_time","add_flops","div_flops","cmp_flops","exp_flops","mad_flops","input_channel","input_height","input_width","output_channel","output_height","output_width","function","kernel_1","kernel_2","stride_1","stride_2","dilation_1","dilation_2","input_form","topology_hash","mad/min_time","mad/mean_time","mad/max_time","time"
"ResNet-152 Trained on ImageNet Competition Data","4b13/res4b13_branch2c",258,"Convolution",0.000186,0.00019100000000000003,0.000379,0,0,0,0,51380224,256,14,14,1024,14,14,"",1,1,1,1,1,1,"HoldForm[ConvolutionLayer[1024, {1, 1}, ""Stride"" -> {1, 1}, ""PaddingSize"" -> {{0, 0}, {0, 0}}, ""Dilation"" -> {1, 1}, ""Input"" -> {256, 14, 14}]]","05922ucprscvp",2.762377634408602e11,2.6900640837696332e11,1.3556787335092348e11,"{0.000379, 0.000198, 0.000192, 0.000189, 0.000191, 0.000191, 0.000189, 0.00019, 0.000189, 0.00019, 0.000188, 0.000189, 0.000189, 0.00019, 0.000189, 0.000188, 0.000208, 0.000193, 0.00019, 0.00019, 0.00019, 0.000205, 0.000189, 0.00019, 0.000189, 0.000189, 0.000216, 0.00019, 0.000189, 0.000189, 0.000189, 0.000189, 0.000188, 0.000188, 0.000189, 0.000189, 0.000206, 0.000192, 0.000223, 0.000215, 0.000214, 0.000214, 0.000213, 0.000229, 0.000187, 0.000187, 0.000187, 0.000202, 0.000187, 0.000186}"
