"model_name","layer_name","layer_index","kind","min_time","mean_time","max_time","add_flops","div_flops","cmp_flops","exp_flops","mad_flops","input_channel","input_height","input_width","output_channel","output_height","output_width","function","kernel_1","kernel_2","stride_1","stride_2","dilation_1","dilation_2","input_form","topology_hash","mad/min_time","mad/mean_time","mad/max_time","time"
"Single-Image Depth Perception Net Trained on NYU Depth V2 Data","4/1/1/4/1/1/6/4/4",382,"Convolution",0.007561,0.0076567,0.021211,0,0,0,0,240844800,32,60,80,32,60,80,"",7,7,1,1,1,1,"HoldForm[ConvolutionLayer[32, {7, 7}, ""Stride"" -> {1, 1}, ""PaddingSize"" -> {{3, 3}, {3, 3}}, ""Dilation"" -> {1, 1}, ""Input"" -> {32, 60, 80}]]","12h05of60ihm3",3.185356434334083e10,3.1455431190983063e10,1.1354712177643675e10,"{0.021211, 0.007758, 0.007806, 0.007832, 0.007728, 0.007687, 0.007762, 0.007804, 0.007637, 0.00767, 0.00769, 0.007762, 0.007687, 0.007655, 0.007612, 0.00766, 0.007697, 0.007598, 0.007613, 0.00769, 0.007777, 0.007596, 0.007619, 0.007639, 0.007738, 0.007614, 0.007672, 0.007643, 0.007711, 0.007642, 0.007645, 0.007622, 0.007636, 0.0077, 0.007561, 0.007623, 0.007638, 0.007684, 0.007582, 0.007584, 0.007675, 0.007649, 0.007652, 0.007643, 0.007628, 0.007599, 0.007611, 0.00763, 0.007637, 0.00764}"
