"model_name","layer_name","layer_index","kind","min_time","mean_time","max_time","add_flops","div_flops","cmp_flops","exp_flops","mad_flops","input_channel","input_height","input_width","output_channel","output_height","output_width","function","kernel_1","kernel_2","stride_1","stride_2","dilation_1","dilation_2","input_form","topology_hash","mad/min_time","mad/mean_time","mad/max_time","time"
"CycleGAN Winter-to-Summer Translation","12/1/2",13,"Convolution",0.005607,0.005716666666666667,0.014494,0,0,0,0,603979776,128,66,66,128,64,64,"",3,3,1,1,1,1,"HoldForm[ConvolutionLayer[128, {3, 3}, ""Stride"" -> {1, 1}, ""PaddingSize"" -> {{0, 0}, {0, 0}}, ""Dilation"" -> {1, 1}, ""Input"" -> {128, 66, 66}]]","1sehkke39v8fh",1.0771888282504013e11,1.0565243895043732e11,4.167102083620809e10,"{0.014494, 0.006168, 0.005816, 0.005825, 0.005824, 0.005841, 0.005848, 0.005806, 0.005791, 0.005709, 0.005699, 0.005802, 0.005744, 0.005767, 0.005692, 0.005745, 0.00565, 0.005684, 0.005809, 0.005687, 0.005743, 0.005715, 0.005721, 0.005649, 0.005689, 0.00578, 0.005626, 0.00573, 0.005675, 0.005715, 0.005627, 0.005715, 0.005799, 0.005627, 0.005723, 0.005677, 0.005629, 0.005614, 0.005676, 0.005705, 0.005654, 0.005772, 0.005669, 0.005608, 0.005654, 0.005703, 0.00567, 0.005702, 0.005749, 0.005607}"
