"model_name","layer_name","layer_index","kind","min_time","mean_time","max_time","add_flops","div_flops","cmp_flops","exp_flops","mad_flops","input_channel","input_height","input_width","output_channel","output_height","output_width","function","kernel_1","kernel_2","stride_1","stride_2","dilation_1","dilation_2","input_form","topology_hash","mad/min_time","mad/mean_time","mad/max_time","time"
"2D Face Alignment Net Trained on 300W Large Pose Data","16/1/1/4/2/2/2/3",959,"Convolution",0.00274,0.0028189333333333328,0.010259,0,0,0,0,150994944,64,64,64,64,64,64,"",3,3,1,1,1,1,"HoldForm[ConvolutionLayer[64, {3, 3}, ""Stride"" -> {1, 1}, ""PaddingSize"" -> {{1, 1}, {1, 1}}, ""Dilation"" -> {1, 1}, ""Input"" -> {64, 64, 64}]]","18lxe32cwen1m",5.5107643795620445e10,5.3564567212184296e10,1.4718290671605417e10,"{0.010259, 0.003073, 0.003125, 0.00294, 0.002936, 0.002935, 0.002894, 0.00291, 0.002899, 0.002938, 0.002857, 0.002845, 0.002905, 0.002894, 0.002889, 0.002814, 0.002856, 0.002819, 0.002847, 0.002868, 0.002801, 0.002929, 0.002825, 0.002875, 0.002802, 0.002794, 0.002943, 0.002775, 0.002812, 0.002795, 0.002882, 0.002806, 0.002798, 0.002816, 0.002805, 0.002816, 0.002795, 0.002871, 0.002798, 0.002765, 0.002776, 0.002793, 0.002758, 0.002878, 0.002946, 0.002785, 0.002826, 0.002799, 0.002806, 0.002775, 0.002785, 0.002906, 0.002837, 0.002797, 0.002865, 0.002793, 0.00276, 0.00278, 0.002851, 0.002777, 0.002782, 0.002816, 0.002859, 0.00274, 0.002794, 0.002833, 0.002797, 0.002756, 0.002792, 0.002905, 0.002766, 0.002817, 0.002843, 0.002792, 0.002775, 0.002754, 0.002948, 0.002771, 0.002807, 0.00283, 0.00274, 0.002777, 0.002767, 0.002932, 0.002761, 0.002776, 0.002819, 0.002824, 0.002792, 0.002799, 0.002886, 0.002795, 0.002746, 0.002766, 0.002878, 0.002788, 0.002789, 0.002804, 0.002831, 0.002758}"
