"model_name","layer_name","layer_index","kind","min_time","mean_time","max_time","add_flops","div_flops","cmp_flops","exp_flops","mad_flops","input_channel","input_height","input_width","output_channel","output_height","output_width","function","kernel_1","kernel_2","stride_1","stride_2","dilation_1","dilation_2","input_form","topology_hash","mad/min_time","mad/mean_time","mad/max_time","time"
"CREPE Pitch Detection Net Trained on Monophonic Signal Data","Net/22",22,"Convolution",0.000698,0.0007100333333333335,0.004019,0,0,0,0,33554432,128,1,16,256,1,16,"",1,64,1,1,1,1,"HoldForm[ConvolutionLayer[256, {1, 64}, ""Stride"" -> {1, 1}, ""PaddingSize"" -> {{0, 0}, {31, 32}}, ""Dilation"" -> {1, 1}, ""Input"" -> {128, 1, 16}]]","1gei059f0sym8",4.807225214899713e10,4.7257544716210495e10,8.348950485195322e9,"{0.004019, 0.000836, 0.000722, 0.00079, 0.000797, 0.000705, 0.000748, 0.000718, 0.000701, 0.000704, 0.0007, 0.000732, 0.00072, 0.000704, 0.000703, 0.0007, 0.000699, 0.00081, 0.00076, 0.000735, 0.000729, 0.000703, 0.0007, 0.00071, 0.000704, 0.000706, 0.000705, 0.000703, 0.000701, 0.000714, 0.000736, 0.000782, 0.000734, 0.00072, 0.000718, 0.000704, 0.0007, 0.000701, 0.000701, 0.000703, 0.000713, 0.000707, 0.000703, 0.0007, 0.00074, 0.000793, 0.000729, 0.000712, 0.000724, 0.000702, 0.000702, 0.000713, 0.000702, 0.000705, 0.000706, 0.000704, 0.000701, 0.000718, 0.000747, 0.000782, 0.000731, 0.00071, 0.000743, 0.000704, 0.000701, 0.000705, 0.000704, 0.000705, 0.000719, 0.000704, 0.000705, 0.0007, 0.00076, 0.000813, 0.000704, 0.000715, 0.000723, 0.000702, 0.0007, 0.00071, 0.000701, 0.000705, 0.000706, 0.000703, 0.000709, 0.000701, 0.000763, 0.000792, 0.000701, 0.000699, 0.000762, 0.000706, 0.000698, 0.0007, 0.000701, 0.000714, 0.000706, 0.000704, 0.000702, 0.000704}"
