"model_name","layer_name","layer_index","kind","min_time","mean_time","max_time","add_flops","div_flops","cmp_flops","exp_flops","mad_flops","input_channel","input_height","input_width","output_channel","output_height","output_width","function","kernel_1","kernel_2","stride_1","stride_2","dilation_1","dilation_2","input_form","topology_hash","mad/min_time","mad/mean_time","mad/max_time","time"
"Inception V3 Trained on ImageNet Competition Data","Inception6/mixed_5_conv_conv2d",133,"Convolution",0.000415,0.0004205166666666668,0.003586,0,0,0,0,42614784,768,17,17,192,17,17,"",1,1,1,1,1,1,"HoldForm[ConvolutionLayer[192, {1, 1}, ""Stride"" -> {1, 1}, ""PaddingSize"" -> {{0, 0}, {0, 0}}, ""Dilation"" -> {1, 1}, ""Input"" -> {768, 17, 17}]]","1tsqcmjj62yhr",1.026862265060241e11,1.0133910823986362e11,1.1883654210819855e10,"{0.003586, 0.000463, 0.000432, 0.000443, 0.000435, 0.000493, 0.00047, 0.000447, 0.000422, 0.000422, 0.00042, 0.000421, 0.000434, 0.000421, 0.000418, 0.000419, 0.000418, 0.000419, 0.000418, 0.000419, 0.000418, 0.000419, 0.000436, 0.00042, 0.00042, 0.000419, 0.000418, 0.000417, 0.000477, 0.000468, 0.000467, 0.000431, 0.000419, 0.000417, 0.000417, 0.000417, 0.000417, 0.000417, 0.000418, 0.000417, 0.00043, 0.00042, 0.000419, 0.000418, 0.000417, 0.000417, 0.000418, 0.000418, 0.000418, 0.000418, 0.000429, 0.000459, 0.000465, 0.000474, 0.000417, 0.000418, 0.000418, 0.000417, 0.000417, 0.000432, 0.000458, 0.000424, 0.000417, 0.000417, 0.000416, 0.000416, 0.000417, 0.000416, 0.000432, 0.00042, 0.000419, 0.000418, 0.000417, 0.000419, 0.000417, 0.00049, 0.00049, 0.000464, 0.00042, 0.000418, 0.000417, 0.000417, 0.000418, 0.000418, 0.000418, 0.000418, 0.000417, 0.000429, 0.000419, 0.000419, 0.000417, 0.000417, 0.000415, 0.000417, 0.000417, 0.000417, 0.000429, 0.000419, 0.000476, 0.000465}"
