"model_name","layer_name","layer_index","kind","min_time","mean_time","max_time","add_flops","div_flops","cmp_flops","exp_flops","mad_flops","input_channel","input_height","input_width","output_channel","output_height","output_width","function","kernel_1","kernel_2","stride_1","stride_2","dilation_1","dilation_2","input_form","topology_hash","mad/min_time","mad/mean_time","mad/max_time","time"
"Ademxapp Model A1 Trained on Cityscapes Data","6a/res6a_branch1",113,"Convolution",0.291387,0.3728650666666667,0.462732,0,0,0,0,68719476736,1024,128,256,2048,128,256,"",1,1,1,1,1,1,"HoldForm[ConvolutionLayer[2048, {1, 1}, ""Stride"" -> {1, 1}, ""PaddingSize"" -> {{0, 0}, {0, 0}}, ""Dilation"" -> {1, 1}, ""Input"" -> {1024, 128, 256}]]","1t060tzmwcawx",2.3583576733347748e11,1.8430119332534235e11,1.485081574993733e11,"{0.462732, 0.350594, 0.333015, 0.366966, 0.321992, 0.351745, 0.406476, 0.380225, 0.383356, 0.367739, 0.299542, 0.371214, 0.381537, 0.368089, 0.354912, 0.345093, 0.423555, 0.374978, 0.359413, 0.371204, 0.400796, 0.342957, 0.349786, 0.317975, 0.348195, 0.322969, 0.334056, 0.38136, 0.330987, 0.327173, 0.367979, 0.372409, 0.348658, 0.388826, 0.294755, 0.351068, 0.347598, 0.351141, 0.343858, 0.384845, 0.403142, 0.37499, 0.386262, 0.383322, 0.407383, 0.404822, 0.382584, 0.346938, 0.432914, 0.347464, 0.39335, 0.404098, 0.376414, 0.376588, 0.374257, 0.398063, 0.389712, 0.363984, 0.324003, 0.361725, 0.371125, 0.36312, 0.352613, 0.291387, 0.403458, 0.393575, 0.396659, 0.404877, 0.342859, 0.418525, 0.403292, 0.412068, 0.372931, 0.335057, 0.358534, 0.312123, 0.380044, 0.422928, 0.384545, 0.358832, 0.388457, 0.358206, 0.415708, 0.37459, 0.410325, 0.380021, 0.387373, 0.405697, 0.376943, 0.402245, 0.371942, 0.361599, 0.376201, 0.388884, 0.377291, 0.391918, 0.380439, 0.354238, 0.400079, 0.384334}"
