"model_name","layer_name","layer_index","kind","min_time","mean_time","max_time","add_flops","div_flops","cmp_flops","exp_flops","mad_flops","input_channel","input_height","input_width","output_channel","output_height","output_width","function","kernel_1","kernel_2","stride_1","stride_2","dilation_1","dilation_2","input_form","topology_hash","mad/min_time","mad/mean_time","mad/max_time","time"
"OpenFace Face Recognition Net Trained on CASIA-WebFace and FaceScrub Data","15/4/1",60,"Convolution",0.000037,0.00003826666666666668,0.000129,0,0,0,0,2359296,256,12,12,64,12,12,"",1,1,1,1,1,1,"HoldForm[ConvolutionLayer[64, {1, 1}, ""Stride"" -> {1, 1}, ""PaddingSize"" -> {{0, 0}, {0, 0}}, ""Dilation"" -> {1, 1}, ""Input"" -> {256, 12, 12}]]","0x0tqdflp7b2x",6.376475675675676e10,6.1654076655052246e10,1.828911627906977e10,"{0.000129, 0.000045, 0.00004, 0.000038, 0.000039, 0.000038, 0.000038, 0.000038, 0.000038, 0.000039, 0.000038, 0.000038, 0.000039, 0.000039, 0.000039, 0.000039, 0.000059, 0.000038, 0.000038, 0.000038, 0.000053, 0.000038, 0.000038, 0.000039, 0.000039, 0.000039, 0.000038, 0.000039, 0.000039, 0.000038, 0.000038, 0.000038, 0.000038, 0.000038, 0.000039, 0.000038, 0.000039, 0.000038, 0.000037, 0.000038, 0.000037, 0.000037, 0.000038, 0.000037, 0.000037, 0.000038, 0.000038, 0.000037, 0.000037, 0.000038}"
