"model_name","layer_name","layer_index","kind","min_time","mean_time","max_time","add_flops","div_flops","cmp_flops","exp_flops","mad_flops","input_channel","input_height","input_width","output_channel","output_height","output_width","function","kernel_1","kernel_2","stride_1","stride_2","dilation_1","dilation_2","input_form","topology_hash","mad/min_time","mad/mean_time","mad/max_time","time"
"Inception V1 Trained on ImageNet Competition Data","inception_4b/5x5",65,"Convolution",0.000195,0.0002936833333333332,0.00309,0,0,0,0,7526400,24,14,14,64,14,14,"",5,5,1,1,1,1,"HoldForm[ConvolutionLayer[64, {5, 5}, ""Stride"" -> {1, 1}, ""PaddingSize"" -> {{2, 2}, {2, 2}}, ""Dilation"" -> {1, 1}, ""Input"" -> {24, 14, 14}]]","1sqb8zu72237l",3.859692307692307e10,2.562760342772829e10,2.435728155339806e9,"{0.00309, 0.000234, 0.000208, 0.000201, 0.000216, 0.000201, 0.000198, 0.000198, 0.000197, 0.000197, 0.000197, 0.000196, 0.000197, 0.000196, 0.000196, 0.000196, 0.000197, 0.000195, 0.000195, 0.000196, 0.000196, 0.000239, 0.000224, 0.000221, 0.00024, 0.000222, 0.00022, 0.000294, 0.000301, 0.000302, 0.0003, 0.000302, 0.000301, 0.0003, 0.000301, 0.000301, 0.000302, 0.000303, 0.000328, 0.000303, 0.000302, 0.000302, 0.000302, 0.000301, 0.000301, 0.000301, 0.0003, 0.000303, 0.000302, 0.0003, 0.000302, 0.000323, 0.000305, 0.000302, 0.000301, 0.000304, 0.000341, 0.00034, 0.000339, 0.0003, 0.000303, 0.0003, 0.000301, 0.000301, 0.000324, 0.000303, 0.000302, 0.0003, 0.000302, 0.000301, 0.000301, 0.0003, 0.000302, 0.000301, 0.0003, 0.0003, 0.000302, 0.000329, 0.000302, 0.000301, 0.000299, 0.000301, 0.000301, 0.0003, 0.0003, 0.000301, 0.000301, 0.0003, 0.000395, 0.00034, 0.000344, 0.000359, 0.000302, 0.0003, 0.000301, 0.000301, 0.000301, 0.000301, 0.000299, 0.000299}"
