"model_name","layer_name","layer_index","kind","min_time","mean_time","max_time","add_flops","div_flops","cmp_flops","exp_flops","mad_flops","input_channel","input_height","input_width","output_channel","output_height","output_width","function","kernel_1","kernel_2","stride_1","stride_2","dilation_1","dilation_2","input_form","topology_hash","mad/min_time","mad/mean_time","mad/max_time","time"
"Unguided Volumetric Regression Net for 3D Face Reconstruction","9/2/2/1/1/6",1011,"Convolution",0.003117,0.0031950333333333335,0.008612,0,0,0,0,339738624,128,48,48,128,48,48,"",3,3,1,1,1,1,"HoldForm[ConvolutionLayer[128, {3, 3}, ""Stride"" -> {1, 1}, ""PaddingSize"" -> {{1, 1}, {1, 1}}, ""Dilation"" -> {1, 1}, ""Input"" -> {128, 48, 48}]]","0k7bd1pxdjxz9",1.0899538787295476e11,1.0633335823309094e11,3.944944542498839e10,"{0.008612, 0.003393, 0.003259, 0.003238, 0.003171, 0.003142, 0.003312, 0.003164, 0.003147, 0.003348, 0.003144, 0.003183, 0.003338, 0.003173, 0.003132, 0.003238, 0.003238, 0.003127, 0.003222, 0.003281, 0.003117, 0.003177, 0.003356, 0.003242, 0.003163, 0.003231, 0.003118, 0.003129, 0.003203, 0.003169, 0.003123, 0.00327, 0.003178, 0.003128, 0.003279, 0.003168, 0.003127, 0.003302, 0.003192, 0.003132, 0.003238, 0.003267, 0.003146, 0.003241, 0.003251, 0.003132, 0.003136, 0.003242, 0.003156, 0.003126}"
