"model_name","layer_name","layer_index","kind","min_time","mean_time","max_time","add_flops","div_flops","cmp_flops","exp_flops","mad_flops","input_channel","input_height","input_width","output_channel","output_height","output_width","function","kernel_1","kernel_2","stride_1","stride_2","dilation_1","dilation_2","input_form","topology_hash","mad/min_time","mad/mean_time","mad/max_time","time"
"Single-Image Depth Perception Net Trained on NYU Depth V2 Data","4/1/1/5/4/1",447,"Convolution",0.000897,0.0009206666666666665,0.005566,0,0,0,0,157286400,128,120,160,64,120,160,"",1,1,1,1,1,1,"HoldForm[ConvolutionLayer[64, {1, 1}, ""Stride"" -> {1, 1}, ""PaddingSize"" -> {{0, 0}, {0, 0}}, ""Dilation"" -> {1, 1}, ""Input"" -> {128, 120, 160}]]","1brd3igy29rxn",1.7534715719063544e11,1.708396813902969e11,2.825842615882142e10,"{0.005566, 0.001114, 0.000942, 0.000931, 0.00091, 0.000959, 0.000908, 0.000956, 0.000983, 0.00102, 0.000909, 0.000919, 0.000903, 0.000902, 0.000935, 0.000903, 0.000943, 0.000941, 0.000903, 0.000996, 0.000981, 0.000899, 0.000925, 0.000902, 0.00092, 0.000897, 0.000926, 0.000906, 0.000905, 0.000916, 0.001027, 0.00094, 0.000905, 0.000923, 0.000904, 0.0009, 0.000903, 0.000942, 0.000907, 0.000906, 0.000942, 0.001042, 0.000911, 0.000899, 0.000899, 0.000979, 0.000913, 0.000897, 0.000926, 0.0009}"
