"model_name","layer_name","layer_index","kind","min_time","mean_time","max_time","add_flops","div_flops","cmp_flops","exp_flops","mad_flops","input_channel","input_height","input_width","output_channel","output_height","output_width","function","kernel_1","kernel_2","stride_1","stride_2","dilation_1","dilation_2","input_form","topology_hash","mad/min_time","mad/mean_time","mad/max_time","time"
"CREPE Pitch Detection Net Trained on Monophonic Signal Data","Net/7",7,"Convolution",0.011969,0.017751649999999994,0.041757,0,0,0,0,1073741824,1024,1,128,128,1,128,"",1,64,1,1,1,1,"HoldForm[ConvolutionLayer[128, {1, 64}, ""Stride"" -> {1, 1}, ""PaddingSize"" -> {{0, 0}, {31, 32}}, ""Dilation"" -> {1, 1}, ""Input"" -> {1024, 1, 128}]]","1wwyiu79zkwg4",8.971023677834406e10,6.048687440322451e10,2.5714055703235386e10,"{0.041757, 0.019745, 0.025779, 0.025532, 0.025633, 0.025644, 0.025545, 0.025587, 0.025465, 0.025633, 0.025397, 0.027776, 0.012073, 0.01592, 0.012637, 0.011999, 0.018802, 0.022957, 0.019526, 0.021289, 0.03396, 0.019797, 0.02555, 0.025557, 0.012275, 0.01946, 0.011981, 0.018845, 0.012406, 0.016754, 0.016067, 0.015862, 0.016197, 0.015795, 0.016075, 0.016034, 0.015877, 0.012018, 0.027827, 0.012036, 0.012198, 0.016176, 0.012022, 0.015521, 0.012263, 0.012006, 0.024789, 0.021667, 0.017554, 0.013771, 0.01197, 0.012186, 0.012129, 0.017868, 0.020857, 0.017626, 0.025788, 0.013588, 0.01224, 0.017783, 0.018664, 0.019371, 0.017555, 0.020607, 0.012017, 0.011989, 0.012299, 0.018442, 0.017752, 0.017582, 0.025007, 0.028001, 0.027986, 0.031264, 0.040721, 0.030478, 0.038088, 0.017605, 0.017601, 0.017647, 0.026558, 0.015657, 0.012173, 0.016951, 0.012132, 0.012049, 0.019048, 0.018345, 0.012085, 0.017904, 0.012032, 0.016374, 0.012102, 0.017483, 0.017665, 0.017537, 0.021975, 0.013207, 0.012404, 0.011969}"
