"model_name","layer_name","layer_index","kind","min_time","mean_time","max_time","add_flops","div_flops","cmp_flops","exp_flops","mad_flops","input_channel","input_height","input_width","output_channel","output_height","output_width","function","kernel_1","kernel_2","stride_1","stride_2","dilation_1","dilation_2","input_form","topology_hash","mad/min_time","mad/mean_time","mad/max_time","time"
"3D Face Alignment Net Trained on 300W Large Pose Data","12/1/2/3/1/2/3/1/2/4/1/1/3",900,"Convolution",0.001253,0.0013037499999999998,0.016582,0,0,0,0,18874368,256,8,8,128,8,8,"",3,3,1,1,1,1,"HoldForm[ConvolutionLayer[128, {3, 3}, ""Stride"" -> {1, 1}, ""PaddingSize"" -> {{1, 1}, {1, 1}}, ""Dilation"" -> {1, 1}, ""Input"" -> {256, 8, 8}]]","1ahm5bxmg08u0",1.5063342378292099e10,1.4476984084372005e10,1.138244361355687e9,"{0.011694, 0.013629, 0.010058, 0.010059, 0.010102, 0.010019, 0.01006, 0.010061, 0.01006, 0.01006, 0.01006, 0.016575, 0.013605, 0.016582, 0.013599, 0.01006, 0.01006, 0.001299, 0.001286, 0.001277, 0.001278, 0.001292, 0.00142, 0.00126, 0.001253, 0.001263, 0.00128, 0.001269, 0.001276, 0.00133, 0.001375, 0.00127, 0.001299, 0.001284, 0.001278, 0.001269, 0.001287, 0.001381, 0.001315, 0.001285, 0.001328, 0.001271, 0.001276, 0.001269, 0.001274, 0.001396, 0.001294, 0.001291, 0.001279, 0.001287, 0.001272, 0.001271, 0.001269, 0.001414, 0.001266, 0.001302, 0.001276, 0.001274, 0.001293, 0.001275, 0.001366, 0.001329, 0.001274, 0.001292, 0.001276, 0.001276, 0.001258, 0.001285, 0.001414, 0.001308, 0.001284, 0.00131, 0.001271, 0.001285, 0.001274, 0.001266, 0.001441, 0.001265, 0.001296, 0.001288, 0.001273, 0.001264, 0.00126, 0.001337, 0.001346, 0.001273, 0.001324, 0.001277, 0.001274, 0.001286, 0.001276, 0.001407, 0.001357, 0.001271, 0.001311, 0.001288, 0.001275, 0.001275, 0.001281, 0.001431}"
