"model_name","layer_name","layer_index","kind","min_time","mean_time","max_time","add_flops","div_flops","cmp_flops","exp_flops","mad_flops","input_channel","input_height","input_width","output_channel","output_height","output_width","function","kernel_1","kernel_2","stride_1","stride_2","dilation_1","dilation_2","input_form","topology_hash","mad/min_time","mad/mean_time","mad/max_time","time"
"Inception V3 Trained on ImageNet Competition Data","Inception7/mixed_6_tower_1_conv_2_conv2d",183,"Convolution",0.000475,0.0004952333333333332,0.022397,0,0,0,0,51788800,160,17,17,160,17,17,"",1,7,1,1,1,1,"HoldForm[ConvolutionLayer[160, {1, 7}, ""Stride"" -> {1, 1}, ""PaddingSize"" -> {{0, 0}, {3, 3}}, ""Dilation"" -> {1, 1}, ""Input"" -> {160, 17, 17}]]","0skhx6j8zzqmc",1.0902905263157893e11,1.045745439859999e11,2.312309684332723e9,"{0.015469, 0.012082, 0.01006, 0.020125, 0.01589, 0.013805, 0.019999, 0.016249, 0.022397, 0.01335, 0.000526, 0.000564, 0.000547, 0.000489, 0.000476, 0.000477, 0.000476, 0.00049, 0.00817, 0.000488, 0.000477, 0.000477, 0.000476, 0.000478, 0.000477, 0.000475, 0.00049, 0.000478, 0.000503, 0.000481, 0.000477, 0.000515, 0.000481, 0.000478, 0.00871, 0.000514, 0.000498, 0.000478, 0.000477, 0.00052, 0.000537, 0.00053, 0.000495, 0.000478, 0.000477, 0.000475, 0.000475, 0.000476, 0.000475, 0.000475, 0.000491, 0.008104, 0.000485, 0.000517, 0.000482, 0.000477, 0.000476, 0.000505, 0.000481, 0.000493, 0.000515, 0.000481, 0.000479, 0.000476, 0.000507, 0.000538, 0.000551, 0.008514, 0.00053, 0.000537, 0.000525, 0.000475, 0.000477, 0.000476, 0.000476, 0.000546, 0.000478, 0.000476, 0.000475, 0.000476, 0.000476, 0.0005, 0.00048, 0.00049, 0.008088, 0.000486, 0.000501, 0.000481, 0.000477, 0.000512, 0.000512, 0.000482, 0.000491, 0.000544, 0.000538, 0.000528, 0.000476, 0.000476, 0.000476, 0.000476}"
