"model_name","layer_name","layer_index","kind","min_time","mean_time","max_time","add_flops","div_flops","cmp_flops","exp_flops","mad_flops","input_channel","input_height","input_width","output_channel","output_height","output_width","function","kernel_1","kernel_2","stride_1","stride_2","dilation_1","dilation_2","input_form","topology_hash","mad/min_time","mad/mean_time","mad/max_time","time"
"2D Face Alignment Net Trained on 300W Large Pose Data","13/1/2/2/1/1/3",531,"Convolution",0.003,0.003055633333333334,0.007737,0,0,0,0,301989888,256,32,32,128,32,32,"",3,3,1,1,1,1,"HoldForm[ConvolutionLayer[128, {3, 3}, ""Stride"" -> {1, 1}, ""PaddingSize"" -> {{1, 1}, {1, 1}}, ""Dilation"" -> {1, 1}, ""Input"" -> {256, 32, 32}]]","08qm1fo4qkpj4",1.00663296e11,9.883053856810916e10,3.903191004265219e10,"{0.007737, 0.003087, 0.003007, 0.003152, 0.003045, 0.003032, 0.003098, 0.003058, 0.003066, 0.00303, 0.0031, 0.003064, 0.003017, 0.00307, 0.003003, 0.003021, 0.003186, 0.003043, 0.003013, 0.003086, 0.003115, 0.003077, 0.003003, 0.003088, 0.003007, 0.003009, 0.003105, 0.003025, 0.003, 0.003173, 0.003027, 0.003057, 0.003042, 0.003118, 0.00309, 0.003037, 0.003076, 0.003016, 0.00303, 0.003125, 0.003002, 0.003064, 0.003121, 0.003041, 0.003048, 0.003054, 0.003129, 0.003008, 0.00302, 0.003076}"
