"model_name","layer_name","layer_index","kind","min_time","mean_time","max_time","add_flops","div_flops","cmp_flops","exp_flops","mad_flops","input_channel","input_height","input_width","output_channel","output_height","output_width","function","kernel_1","kernel_2","stride_1","stride_2","dilation_1","dilation_2","input_form","topology_hash","mad/min_time","mad/mean_time","mad/max_time","time"
"YOLO V2 Trained on MS-COCO Data","Conv/conv1024/15",68,"Convolution",0.006854,0.007252833333333335,0.024003,0,0,0,0,797442048,512,13,13,1024,13,13,"",3,3,1,1,1,1,"HoldForm[ConvolutionLayer[1024, {3, 3}, ""Stride"" -> {1, 1}, ""PaddingSize"" -> {{1, 1}, {1, 1}}, ""Dilation"" -> {1, 1}, ""Input"" -> {512, 13, 13}]]","0l2oagvan9w9n",1.1634695768894077e11,1.0994903803111424e11,3.322259917510311e10,"{0.012163, 0.007227, 0.006975, 0.007138, 0.007189, 0.006979, 0.006992, 0.007094, 0.007121, 0.006958, 0.007134, 0.00711, 0.006937, 0.007123, 0.007135, 0.007125, 0.006977, 0.00705, 0.007042, 0.006942, 0.013408, 0.023997, 0.023997, 0.023998, 0.024003, 0.023993, 0.023995, 0.023997, 0.023997, 0.007024, 0.006874, 0.007062, 0.010101, 0.00718, 0.007011, 0.007086, 0.007153, 0.007198, 0.006993, 0.00718, 0.007221, 0.006949, 0.007182, 0.007159, 0.007153, 0.006985, 0.007251, 0.007259, 0.006953, 0.007157, 0.006954, 0.00706, 0.006905, 0.00703, 0.007032, 0.006873, 0.007663, 0.007624, 0.007558, 0.007555, 0.007871, 0.007767, 0.007501, 0.007565, 0.007689, 0.007965, 0.007545, 0.008841, 0.006867, 0.007214, 0.007847, 0.007199, 0.00799, 0.008157, 0.007983, 0.00841, 0.007114, 0.008238, 0.007456, 0.008719, 0.008015, 0.007562, 0.00742, 0.008249, 0.007633, 0.007067, 0.006982, 0.007088, 0.007038, 0.006889, 0.007048, 0.00711, 0.006986, 0.006979, 0.007046, 0.007034, 0.006854, 0.007042, 0.007078, 0.006871}"
