"model_name","layer_name","layer_index","kind","min_time","mean_time","max_time","add_flops","div_flops","cmp_flops","exp_flops","mad_flops","input_channel","input_height","input_width","output_channel","output_height","output_width","function","kernel_1","kernel_2","stride_1","stride_2","dilation_1","dilation_2","input_form","topology_hash","mad/min_time","mad/mean_time","mad/max_time","time"
"Dilated ResNet-105 Trained on Cityscapes Data","convolution8",25,"Convolution",0.02121,0.021382266666666663,0.054494,0,0,0,0,1207959552,64,128,256,64,128,256,"",3,3,1,1,1,1,"HoldForm[ConvolutionLayer[64, {3, 3}, ""Stride"" -> {1, 1}, ""PaddingSize"" -> {{1, 1}, {1, 1}}, ""Dilation"" -> {1, 1}, ""Input"" -> {64, 128, 256}]]","1oips665bin4u",5.695235983026874e10,5.6493521983949326e10,2.216683583513781e10,"{0.054494, 0.021244, 0.02121, 0.021545, 0.021546, 0.021419, 0.021328, 0.021274, 0.021365, 0.021284, 0.021472, 0.021369, 0.021385, 0.021363, 0.021409, 0.021265, 0.021283, 0.021406, 0.021307, 0.021549, 0.021505, 0.021479, 0.021325, 0.021212, 0.02163, 0.021323, 0.021337, 0.021325, 0.021495, 0.021471, 0.021314, 0.021389, 0.0214, 0.021302, 0.021319, 0.021379, 0.021647, 0.021366, 0.021369, 0.021385, 0.021442, 0.021405, 0.021444, 0.021435, 0.021317, 0.021426, 0.021465, 0.021395, 0.021343, 0.021364}"
