"model_name","layer_name","layer_index","kind","min_time","mean_time","max_time","add_flops","div_flops","cmp_flops","exp_flops","mad_flops","input_channel","input_height","input_width","output_channel","output_height","output_width","function","kernel_1","kernel_2","stride_1","stride_2","dilation_1","dilation_2","input_form","topology_hash","mad/min_time","mad/mean_time","mad/max_time","time"
"MobileNet V2 Trained on ImageNet Competition Data","2_2/3/conv2_2_linear",15,"Convolution",0.000158,0.00016146666666666662,0.001049,0,0,0,0,14450688,144,56,56,32,56,56,"",1,1,1,1,1,1,"HoldForm[ConvolutionLayer[32, {1, 1}, ""Stride"" -> {1, 1}, ""PaddingSize"" -> {{0, 0}, {0, 0}}, ""Dilation"" -> {1, 1}, ""Input"" -> {144, 56, 56}]]","0qggbnp37m66h",9.14600506329114e10,8.949641618497113e10,1.3775679694947569e10,"{0.001049, 0.000172, 0.000164, 0.000199, 0.000177, 0.000177, 0.00018, 0.00018, 0.000177, 0.000188, 0.00016, 0.00016, 0.00016, 0.000161, 0.00016, 0.000161, 0.000177, 0.000164, 0.000174, 0.000163, 0.000161, 0.00016, 0.000159, 0.000161, 0.00016, 0.000174, 0.000159, 0.000158, 0.00016, 0.000159, 0.000159, 0.000159, 0.000159, 0.000159, 0.000159, 0.000158, 0.000159, 0.000158, 0.000158, 0.000159, 0.000158, 0.000158, 0.000159, 0.000179, 0.000161, 0.000159, 0.000158, 0.000159, 0.000159, 0.000159}"
