"model_name","layer_name","layer_index","kind","min_time","mean_time","max_time","add_flops","div_flops","cmp_flops","exp_flops","mad_flops","input_channel","input_height","input_width","output_channel","output_height","output_width","function","kernel_1","kernel_2","stride_1","stride_2","dilation_1","dilation_2","input_form","topology_hash","mad/min_time","mad/mean_time","mad/max_time","time"
"Single-Image Depth Perception Net Trained on Depth in the Wild Data","4/1/1/4/1/1/4/1/2/6/3/1",327,"Convolution",0.000204,0.00021383333333333337,0.008893,0,0,0,0,19660800,256,30,40,64,30,40,"",1,1,1,1,1,1,"HoldForm[ConvolutionLayer[64, {1, 1}, ""Stride"" -> {1, 1}, ""PaddingSize"" -> {{0, 0}, {0, 0}}, ""Dilation"" -> {1, 1}, ""Input"" -> {256, 30, 40}]]","0vesw90eosy3n",9.637647058823529e10,9.194450506625095e10,2.21081749690768e9,"{0.008893, 0.000286, 0.000242, 0.000221, 0.00022, 0.000208, 0.000212, 0.000209, 0.000209, 0.000218, 0.000207, 0.00021, 0.000207, 0.000208, 0.000217, 0.000207, 0.000221, 0.000221, 0.000218, 0.000219, 0.000218, 0.000208, 0.000209, 0.000219, 0.000217, 0.000207, 0.000209, 0.000217, 0.000207, 0.000208, 0.000206, 0.000208, 0.000217, 0.000217, 0.000207, 0.00022, 0.000207, 0.000208, 0.000218, 0.000208, 0.000208, 0.000207, 0.000208, 0.000235, 0.000235, 0.00023, 0.00024, 0.000242, 0.000224, 0.000206, 0.000207, 0.000206, 0.000208, 0.000227, 0.000221, 0.000208, 0.000209, 0.000219, 0.000208, 0.000218, 0.000217, 0.000216, 0.000217, 0.000217, 0.000217, 0.000218, 0.000217, 0.000217, 0.000207, 0.000218, 0.000208, 0.00022, 0.000209, 0.000209, 0.000218, 0.000207, 0.000208, 0.000206, 0.000207, 0.000207, 0.000207, 0.000204, 0.000216, 0.000217, 0.000208, 0.000217, 0.000218, 0.000207, 0.000217, 0.000247, 0.000253, 0.000242, 0.000231, 0.00023, 0.000244, 0.000218, 0.000217, 0.000216, 0.000217, 0.000208}"
