"model_name","layer_name","layer_index","kind","min_time","mean_time","max_time","add_flops","div_flops","cmp_flops","exp_flops","mad_flops","input_channel","input_height","input_width","output_channel","output_height","output_width","function","kernel_1","kernel_2","stride_1","stride_2","dilation_1","dilation_2","input_form","topology_hash","mad/min_time","mad/mean_time","mad/max_time","time"
"Ademxapp Model A Trained on ImageNet Competition Data","4b4/res4b4_branch2a",80,"Convolution",0.019078,0.04171605,0.527111,0,0,0,0,3774873600,512,40,40,512,40,40,"",3,3,1,1,1,1,"HoldForm[ConvolutionLayer[512, {3, 3}, ""Stride"" -> {1, 1}, ""PaddingSize"" -> {{1, 1}, {1, 1}}, ""Dilation"" -> {1, 1}, ""Input"" -> {512, 40, 40}]]","0nmcb6nej9990",1.978652688961107e11,9.048971798624272e10,7.161439620876817e9,"{0.200571, 0.029102, 0.079945, 0.031122, 0.029663, 0.033346, 0.030943, 0.031179, 0.043829, 0.28775, 0.397077, 0.03753, 0.031058, 0.144628, 0.302773, 0.033058, 0.040015, 0.031129, 0.527111, 0.132998, 0.024753, 0.030461, 0.023115, 0.07745, 0.023116, 0.030217, 0.195161, 0.036604, 0.02309, 0.073867, 0.022922, 0.029923, 0.076477, 0.034945, 0.068349, 0.032188, 0.030299, 0.06974, 0.037073, 0.039599, 0.057722, 0.037046, 0.089614, 0.030862, 0.030412, 0.031951, 0.288832, 0.019184, 0.036772, 0.192719, 0.031971, 0.032245, 0.033767, 0.026196, 0.030331, 0.029721, 0.067761, 0.035307, 0.022822, 0.072779, 0.019078, 0.036142, 0.030084, 0.167736, 0.045042, 0.032866, 0.033775, 0.132727, 0.1322, 0.041374, 0.03115, 0.060806, 0.036093, 0.039899, 0.190297, 0.041781, 0.030972, 0.072693, 0.03236, 0.072025, 0.037996, 0.039824, 0.029121, 0.037007, 0.031372, 0.031257, 0.073141, 0.031111, 0.078892, 0.044023, 0.031366, 0.070582, 0.025308, 0.034812, 0.028027, 0.263074, 0.030838, 0.031218, 0.028958, 0.20151}"
