"model_name","layer_name","layer_index","kind","min_time","mean_time","max_time","add_flops","div_flops","cmp_flops","exp_flops","mad_flops","input_channel","input_height","input_width","output_channel","output_height","output_width","function","kernel_1","kernel_2","stride_1","stride_2","dilation_1","dilation_2","input_form","topology_hash","mad/min_time","mad/mean_time","mad/max_time","time"
"Dilated ResNet-105 Trained on Cityscapes Data","convolution47",152,"Convolution",0.006904,0.015119849999999995,0.050254,0,0,0,0,2147483648,256,64,128,1024,64,128,"",1,1,1,1,1,1,"HoldForm[ConvolutionLayer[1024, {1, 1}, ""Stride"" -> {1, 1}, ""PaddingSize"" -> {{0, 0}, {0, 0}}, ""Dilation"" -> {1, 1}, ""Input"" -> {256, 64, 128}]]","15d32b1913jb5",3.110491958285052e11,1.4203075083416837e11,4.273259139570979e10,"{0.050254, 0.043981, 0.03804, 0.038797, 0.015224, 0.01494, 0.015495, 0.014821, 0.01865, 0.006904, 0.015899, 0.015308, 0.015248, 0.015214, 0.015109, 0.015254, 0.015144, 0.015055, 0.014905, 0.014876, 0.014096, 0.014396, 0.014247, 0.014376, 0.014172, 0.014287, 0.0134, 0.015541, 0.014342, 0.014284, 0.014456, 0.014189, 0.014334, 0.014392, 0.014138, 0.02231, 0.018521, 0.015156, 0.01518, 0.014882, 0.015192, 0.015157, 0.015265, 0.015092, 0.01343, 0.014339, 0.014312, 0.014423, 0.014446, 0.014478, 0.014379, 0.014214, 0.014905, 0.008562, 0.020913, 0.015385, 0.015339, 0.015297, 0.015313, 0.015373, 0.015036, 0.019432, 0.02065, 0.015388, 0.015285, 0.015395, 0.015238, 0.015178, 0.015049, 0.014136, 0.022158, 0.015268, 0.014949, 0.015301, 0.014984, 0.015248, 0.015118, 0.016551, 0.020886, 0.015204, 0.015363, 0.015295, 0.015333, 0.015228, 0.015025, 0.015522, 0.020874, 0.015388, 0.01545, 0.014991, 0.015446, 0.015044, 0.015158, 0.015601, 0.020525, 0.015376, 0.014961, 0.015332, 0.014979, 0.015348}"
