"model_name","layer_name","layer_index","kind","min_time","mean_time","max_time","add_flops","div_flops","cmp_flops","exp_flops","mad_flops","input_channel","input_height","input_width","output_channel","output_height","output_width","function","kernel_1","kernel_2","stride_1","stride_2","dilation_1","dilation_2","input_form","topology_hash","mad/min_time","mad/mean_time","mad/max_time","time"
"ResNet-101 Trained on ImageNet Competition Data","5a/res5a_branch2c",320,"Convolution",0.000276,0.00028519999999999994,0.000428,0,0,0,0,51380224,512,7,7,2048,7,7,"",1,1,1,1,1,1,"HoldForm[ConvolutionLayer[2048, {1, 1}, ""Stride"" -> {1, 1}, ""PaddingSize"" -> {{0, 0}, {0, 0}}, ""Dilation"" -> {1, 1}, ""Input"" -> {512, 7, 7}]]","1bkx77xlmxi2d",1.8616023188405798e11,1.8015506311360452e11,1.2004725233644861e11,"{0.000428, 0.000295, 0.00034, 0.00032, 0.000316, 0.000359, 0.000313, 0.000287, 0.000296, 0.000286, 0.000283, 0.000284, 0.000282, 0.000284, 0.000283, 0.000283, 0.000301, 0.000296, 0.000277, 0.0003, 0.000278, 0.000277, 0.000291, 0.000279, 0.000277, 0.000313, 0.000285, 0.000278, 0.000277, 0.000276, 0.000277, 0.000277, 0.000276, 0.000277, 0.000277, 0.000276, 0.00033, 0.000316, 0.00031, 0.000362, 0.000285, 0.000278, 0.000279, 0.000279, 0.000279, 0.00028, 0.00028, 0.00028, 0.000279, 0.000279}"
