"model_name","layer_name","layer_index","kind","min_time","mean_time","max_time","add_flops","div_flops","cmp_flops","exp_flops","mad_flops","input_channel","input_height","input_width","output_channel","output_height","output_width","function","kernel_1","kernel_2","stride_1","stride_2","dilation_1","dilation_2","input_form","topology_hash","mad/min_time","mad/mean_time","mad/max_time","time"
"Gender Prediction VGG-16 Trained on IMDB-WIKI Data","conv2_1",6,"Convolution",0.009393,0.0095368,0.023095,0,0,0,0,924844032,64,112,112,128,112,112,"",3,3,1,1,1,1,"HoldForm[ConvolutionLayer[128, {3, 3}, ""Stride"" -> {1, 1}, ""PaddingSize"" -> {{1, 1}, {1, 1}}, ""Dilation"" -> {1, 1}, ""Input"" -> {64, 112, 112}]]","1v0inr0os0cwt",9.846098498882146e10,9.697634762184381e10,4.004520597531933e10,"{0.023095, 0.009737, 0.009724, 0.009678, 0.009638, 0.009591, 0.009567, 0.009574, 0.009666, 0.009417, 0.009393, 0.009503, 0.009479, 0.009498, 0.009481, 0.009458, 0.009502, 0.00948, 0.009519, 0.009499, 0.009514, 0.009567, 0.009595, 0.009588, 0.009622, 0.009581, 0.009659, 0.009615, 0.009536, 0.00963, 0.009545, 0.009517, 0.009429, 0.009442, 0.009451, 0.009484, 0.009435, 0.009439, 0.009443, 0.009552, 0.009436, 0.009452, 0.009514, 0.009532, 0.009628, 0.009598, 0.009503, 0.009518, 0.009661, 0.009572}"
