"model_name","layer_name","layer_index","kind","min_time","mean_time","max_time","add_flops","div_flops","cmp_flops","exp_flops","mad_flops","input_channel","input_height","input_width","output_channel","output_height","output_width","function","kernel_1","kernel_2","stride_1","stride_2","dilation_1","dilation_2","input_form","topology_hash","mad/min_time","mad/mean_time","mad/max_time","time"
"ResNet-101 Trained on ImageNet Competition Data","4b18/res4b18_branch2b",265,"Convolution",0.00207,0.00321245,0.006506,0,0,0,0,115605504,256,14,14,256,14,14,"",3,3,1,1,1,1,"HoldForm[ConvolutionLayer[256, {3, 3}, ""Stride"" -> {1, 1}, ""PaddingSize"" -> {{1, 1}, {1, 1}}, ""Dilation"" -> {1, 1}, ""Input"" -> {256, 14, 14}]]","0gg7sts7v315o",5.58480695652174e10,3.598670920948186e10,1.7769059944666462e10,"{0.006506, 0.003084, 0.003007, 0.002985, 0.002996, 0.00309, 0.002982, 0.002992, 0.003153, 0.003112, 0.003365, 0.003513, 0.003346, 0.003365, 0.003518, 0.003372, 0.003377, 0.003556, 0.003342, 0.003103, 0.003402, 0.003376, 0.003336, 0.003541, 0.00336, 0.003366, 0.003559, 0.00334, 0.003355, 0.003522, 0.003371, 0.003369, 0.003442, 0.003355, 0.003363, 0.003415, 0.003381, 0.003354, 0.003375, 0.003375, 0.003351, 0.003372, 0.003345, 0.003365, 0.003384, 0.003373, 0.003274, 0.003307, 0.003331, 0.003371, 0.003368, 0.003361, 0.003346, 0.003383, 0.003365, 0.003381, 0.003377, 0.003362, 0.003398, 0.00333, 0.003367, 0.003432, 0.003358, 0.003387, 0.003484, 0.003359, 0.003365, 0.003422, 0.003388, 0.003366, 0.00343, 0.003344, 0.003351, 0.003447, 0.003381, 0.002071, 0.002091, 0.002252, 0.00207, 0.002123, 0.002084, 0.002074, 0.002256, 0.002077, 0.002111, 0.002071, 0.002125, 0.002163, 0.002118, 0.002083, 0.002107, 0.002176, 0.002098, 0.002104, 0.002097, 0.002072, 0.002283, 0.002085, 0.002107, 0.002086}"
