"model_name","layer_name","layer_index","kind","min_time","mean_time","max_time","add_flops","div_flops","cmp_flops","exp_flops","mad_flops","input_channel","input_height","input_width","output_channel","output_height","output_width","function","kernel_1","kernel_2","stride_1","stride_2","dilation_1","dilation_2","input_form","topology_hash","mad/min_time","mad/mean_time","mad/max_time","time"
"2D Face Alignment Net Trained on 300W Large Pose Data","3",511,"Convolution",0.000632,0.0010218,0.001907,0,0,0,0,71303168,68,64,64,256,64,64,"",1,1,1,1,1,1,"HoldForm[ConvolutionLayer[256, {1, 1}, ""Stride"" -> {1, 1}, ""PaddingSize"" -> {{0, 0}, {0, 0}}, ""Dilation"" -> {1, 1}, ""Input"" -> {68, 64, 64}]]","14v1rc1vfur0l",1.1282146835443039e11,6.978192209825797e10,3.7390229680125854e10,"{0.001907, 0.00083, 0.000811, 0.000804, 0.000821, 0.000808, 0.000828, 0.000796, 0.000792, 0.000791, 0.000857, 0.000881, 0.000929, 0.001217, 0.001169, 0.001213, 0.001209, 0.001159, 0.001176, 0.001283, 0.001226, 0.001209, 0.001202, 0.001197, 0.001189, 0.001205, 0.001209, 0.001235, 0.001345, 0.001217, 0.001213, 0.001217, 0.001221, 0.001212, 0.001222, 0.001278, 0.001347, 0.001205, 0.000788, 0.000638, 0.000633, 0.000643, 0.000653, 0.000634, 0.000651, 0.000633, 0.000632, 0.000632, 0.000674, 0.000717}"
