"model_name","layer_name","layer_index","kind","min_time","mean_time","max_time","add_flops","div_flops","cmp_flops","exp_flops","mad_flops","input_channel","input_height","input_width","output_channel","output_height","output_width","function","kernel_1","kernel_2","stride_1","stride_2","dilation_1","dilation_2","input_form","topology_hash","mad/min_time","mad/mean_time","mad/max_time","time"
"Ademxapp Model A Trained on ImageNet Competition Data","2a/res2a_branch1",5,"Convolution",0.000759,0.0007868666666666665,0.002824,0,0,0,0,209715200,64,160,160,128,160,160,"",1,1,1,1,1,1,"HoldForm[ConvolutionLayer[128, {1, 1}, ""Stride"" -> {1, 1}, ""PaddingSize"" -> {{0, 0}, {0, 0}}, ""Dilation"" -> {1, 1}, ""Input"" -> {64, 160, 160}]]","1ahxd2lowp9kw",2.763046113306983e11,2.6651935948487677e11,7.426175637393768e10,"{0.002824, 0.000924, 0.000898, 0.000859, 0.000882, 0.000788, 0.000815, 0.000797, 0.000765, 0.00076, 0.000763, 0.000795, 0.000846, 0.00077, 0.000763, 0.000764, 0.000877, 0.00086, 0.00077, 0.000816, 0.000762, 0.000761, 0.000782, 0.000764, 0.000792, 0.000766, 0.000764, 0.000777, 0.000766, 0.00091, 0.000801, 0.000809, 0.000795, 0.000762, 0.000761, 0.000762, 0.000759, 0.000866, 0.000766, 0.000759, 0.000762, 0.000846, 0.000869, 0.000768, 0.000801, 0.000769, 0.000761, 0.000788, 0.000804, 0.000796}"
