"model_name","layer_name","layer_index","kind","min_time","mean_time","max_time","add_flops","div_flops","cmp_flops","exp_flops","mad_flops","input_channel","input_height","input_width","output_channel","output_height","output_width","function","kernel_1","kernel_2","stride_1","stride_2","dilation_1","dilation_2","input_form","topology_hash","mad/min_time","mad/mean_time","mad/max_time","time"
"Inception V3 Trained on ImageNet Competition Data","Inception10/mixed_9_conv_conv2d",249,"Convolution",0.001197,0.0012147666666666665,0.005027,0,0,0,0,26214400,1280,8,8,320,8,8,"",1,1,1,1,1,1,"HoldForm[ConvolutionLayer[320, {1, 1}, ""Stride"" -> {1, 1}, ""PaddingSize"" -> {{0, 0}, {0, 0}}, ""Dilation"" -> {1, 1}, ""Input"" -> {1280, 8, 8}]]","0gixdb6hbhrgz",2.1900083542188805e10,2.1579782125511078e10,5.21472050925005e9,"{0.005027, 0.001261, 0.001213, 0.001211, 0.001382, 0.001243, 0.001227, 0.001217, 0.001205, 0.001205, 0.001217, 0.001203, 0.001343, 0.00125, 0.001236, 0.001204, 0.001217, 0.001204, 0.001203, 0.0012, 0.001316, 0.001267, 0.001222, 0.00121, 0.001204, 0.001209, 0.001207, 0.001202, 0.001262, 0.001327, 0.001224, 0.001201, 0.0012, 0.00121, 0.001202, 0.001197, 0.001241, 0.001351, 0.001226, 0.001213, 0.001209, 0.0012, 0.001216, 0.001201, 0.001198, 0.001385, 0.001236, 0.001204, 0.001198, 0.001213, 0.001202, 0.001198, 0.001208, 0.001374, 0.00121, 0.001236, 0.001202, 0.0012, 0.001202, 0.001212, 0.0012, 0.001356, 0.00124, 0.001268, 0.0012, 0.001204, 0.001207, 0.001199, 0.001208, 0.001317, 0.001244, 0.001222, 0.001217, 0.001203, 0.001197, 0.001207, 0.001209, 0.001311, 0.0013, 0.001228, 0.001205, 0.001212, 0.001199, 0.001201, 0.0012, 0.001295, 0.001274, 0.001229, 0.001216, 0.0012, 0.001203, 0.001209, 0.001202, 0.001268, 0.001311, 0.001225, 0.0012, 0.001206, 0.001215, 0.001202}"
