"model_name","layer_name","layer_index","kind","min_time","mean_time","max_time","add_flops","div_flops","cmp_flops","exp_flops","mad_flops","input_channel","input_height","input_width","output_channel","output_height","output_width","function","kernel_1","kernel_2","stride_1","stride_2","dilation_1","dilation_2","input_form","topology_hash","mad/min_time","mad/mean_time","mad/max_time","time"
"Pix2pix Street-Map-to-Photo Translation","43",4,"Convolution",0.005133,0.005251466666666667,0.013315,0,0,0,0,536870912,64,128,128,128,64,64,"",4,4,2,2,1,1,"HoldForm[ConvolutionLayer[128, {4, 4}, ""Stride"" -> {2, 2}, ""PaddingSize"" -> {{1, 1}, {1, 1}}, ""Dilation"" -> {1, 1}, ""Input"" -> {64, 128, 128}]]","0104hgmumd5ay",1.0459203428794077e11,1.0223256588635555e11,4.0320759444235825e10,"{0.013315, 0.005703, 0.005453, 0.005521, 0.005315, 0.005422, 0.005245, 0.00532, 0.005247, 0.005331, 0.00519, 0.00527, 0.005197, 0.005237, 0.005207, 0.005282, 0.005253, 0.005301, 0.005293, 0.005231, 0.005401, 0.005183, 0.005381, 0.005187, 0.00532, 0.005181, 0.005241, 0.005175, 0.005215, 0.005182, 0.005242, 0.005176, 0.005209, 0.005141, 0.005226, 0.005181, 0.005255, 0.005225, 0.00525, 0.005259, 0.005259, 0.00532, 0.005206, 0.005321, 0.005196, 0.005385, 0.005161, 0.005317, 0.005133, 0.005216}"
