"model_name","layer_name","layer_index","kind","min_time","mean_time","max_time","add_flops","div_flops","cmp_flops","exp_flops","mad_flops","input_channel","input_height","input_width","output_channel","output_height","output_width","function","kernel_1","kernel_2","stride_1","stride_2","dilation_1","dilation_2","input_form","topology_hash","mad/min_time","mad/mean_time","mad/max_time","time"
"ResNet-101 Trained on YFCC100m Geotagged Data","stage3_unit19/conv1",261,"Convolution",0.000392,0.00039926666666666676,0.003345,0,0,0,0,51380224,1024,14,14,256,14,14,"",1,1,1,1,1,1,"HoldForm[ConvolutionLayer[256, {1, 1}, ""Stride"" -> {1, 1}, ""PaddingSize"" -> {{0, 0}, {0, 0}}, ""Dilation"" -> {1, 1}, ""Input"" -> {1024, 14, 14}]]","0659yipuh34xm",1.3107200000000002e11,1.2868648522290863e11,1.5360306128550076e10,"{0.003345, 0.000433, 0.000424, 0.000399, 0.000401, 0.000402, 0.0004, 0.000393, 0.000399, 0.000393, 0.000398, 0.000444, 0.000407, 0.000446, 0.000444, 0.000463, 0.000393, 0.000397, 0.000399, 0.000398, 0.000393, 0.000392, 0.00045, 0.000398, 0.000393, 0.000393, 0.000393, 0.000397, 0.000392, 0.000393, 0.000393, 0.00041, 0.000396, 0.000392, 0.000394, 0.000428, 0.000403, 0.000393, 0.000471, 0.000447, 0.000442, 0.000409, 0.000394, 0.000394, 0.000393, 0.000393, 0.000422, 0.000414, 0.000393, 0.000393, 0.000393, 0.000406, 0.000399, 0.000392, 0.000394, 0.000399, 0.000393, 0.000393, 0.000398, 0.000397, 0.000435, 0.000404, 0.000442, 0.000443, 0.000461, 0.000393, 0.000393, 0.000393, 0.000393, 0.000393, 0.000392, 0.000442, 0.000395, 0.000397, 0.000393, 0.000393, 0.000477, 0.000395, 0.000399, 0.000393, 0.000404, 0.000394, 0.000393, 0.000393, 0.000393, 0.000424, 0.000407, 0.00046, 0.000447, 0.000426, 0.000402, 0.000394, 0.000393, 0.000393, 0.000393, 0.000399, 0.000435, 0.000394, 0.000393, 0.000393}"
