"model_name","layer_name","layer_index","kind","min_time","mean_time","max_time","add_flops","div_flops","cmp_flops","exp_flops","mad_flops","input_channel","input_height","input_width","output_channel","output_height","output_width","function","kernel_1","kernel_2","stride_1","stride_2","dilation_1","dilation_2","input_form","topology_hash","mad/min_time","mad/mean_time","mad/max_time","time"
"3D Face Alignment Net Trained on 300W Large Pose Data","13/1/1/1/1/1/4/2/2/2/3",523,"Convolution",0.002716,0.002788633333333333,0.010352,0,0,0,0,150994944,64,64,64,64,64,64,"",3,3,1,1,1,1,"HoldForm[ConvolutionLayer[64, {3, 3}, ""Stride"" -> {1, 1}, ""PaddingSize"" -> {{1, 1}, {1, 1}}, ""Dilation"" -> {1, 1}, ""Input"" -> {64, 64, 64}]]","18lxe32cwen1m",5.559460382916053e10,5.414657502480307e10,1.4586064914992273e10,"{0.010352, 0.003088, 0.003097, 0.002909, 0.002899, 0.002832, 0.002908, 0.002822, 0.002829, 0.002974, 0.002862, 0.002796, 0.002816, 0.002872, 0.002777, 0.002774, 0.002856, 0.00286, 0.002807, 0.002793, 0.002897, 0.002752, 0.002779, 0.002784, 0.002809, 0.002784, 0.00279, 0.002935, 0.002773, 0.002819, 0.002794, 0.002808, 0.002752, 0.002784, 0.002932, 0.002794, 0.002778, 0.002743, 0.002784, 0.00278, 0.002753, 0.002822, 0.002788, 0.002805, 0.002752, 0.002857, 0.002778, 0.00277, 0.002784, 0.002795, 0.002716, 0.002734, 0.002908, 0.002776, 0.002734, 0.002746, 0.002812, 0.002758, 0.00275, 0.002872, 0.002743, 0.002778, 0.002763, 0.002863, 0.002755, 0.002776, 0.002802, 0.002779, 0.002737, 0.002767, 0.002862, 0.002721, 0.002788, 0.002758, 0.002789, 0.002743, 0.002793, 0.002842, 0.002739, 0.002731, 0.002757, 0.002774, 0.002768, 0.002792, 0.002773, 0.002801, 0.002726, 0.002734, 0.002895, 0.002777, 0.002793, 0.002731, 0.002793, 0.00276, 0.002755, 0.002848, 0.002784, 0.002747, 0.002763, 0.002796}"
