"model_name","layer_name","layer_index","kind","min_time","mean_time","max_time","add_flops","div_flops","cmp_flops","exp_flops","mad_flops","input_channel","input_height","input_width","output_channel","output_height","output_width","function","kernel_1","kernel_2","stride_1","stride_2","dilation_1","dilation_2","input_form","topology_hash","mad/min_time","mad/mean_time","mad/max_time","time"
"ResNet-101 Trained on YFCC100m Geotagged Data","stage3_unit1/conv2",83,"Convolution",0.000802,0.000832,0.003944,0,0,0,0,115605504,256,28,28,256,14,14,"",3,3,2,2,1,1,"HoldForm[ConvolutionLayer[256, {3, 3}, ""Stride"" -> {2, 2}, ""PaddingSize"" -> {{1, 1}, {1, 1}}, ""Dilation"" -> {1, 1}, ""Input"" -> {256, 28, 28}]]","0rx9vj7uycz8d",1.4414651371571072e11,1.3894892307692307e11,2.9311740365111565e10,"{0.003944, 0.003022, 0.003019, 0.003095, 0.002991, 0.003001, 0.00166, 0.000937, 0.000833, 0.000804, 0.000846, 0.000822, 0.000821, 0.000805, 0.000803, 0.000824, 0.000851, 0.000808, 0.000811, 0.000921, 0.000858, 0.000806, 0.000841, 0.00086, 0.000808, 0.00085, 0.000811, 0.000807, 0.00084, 0.00081, 0.00085, 0.000911, 0.000824, 0.000802, 0.000839, 0.000823, 0.000809, 0.000809, 0.000807, 0.000807, 0.000811, 0.00084, 0.00082, 0.000927, 0.000856, 0.000803, 0.000843, 0.000808, 0.000803, 0.000823}"
