"model_name","layer_name","layer_index","kind","min_time","mean_time","max_time","add_flops","div_flops","cmp_flops","exp_flops","mad_flops","input_channel","input_height","input_width","output_channel","output_height","output_width","function","kernel_1","kernel_2","stride_1","stride_2","dilation_1","dilation_2","input_form","topology_hash","mad/min_time","mad/mean_time","mad/max_time","time"
"Ademxapp Model A1 Trained on PASCAL VOC2012 and MS-COCO Data","4b2/res4b2_branch2b1",66,"Convolution",0.057554,0.13410505,1.155156,0,0,0,0,9364045824,512,63,63,512,63,63,"",3,3,1,1,1,1,"HoldForm[ConvolutionLayer[512, {3, 3}, ""Stride"" -> {1, 1}, ""PaddingSize"" -> {{1, 1}, {1, 1}}, ""Dilation"" -> {1, 1}, ""Input"" -> {512, 63, 63}]]","001lk0ffkep4m",1.627001741668694e11,6.982619837209709e10,8.106304104380706e9,"{0.28539, 0.092699, 0.379056, 0.068667, 0.068497, 0.17345, 0.069115, 0.152002, 0.064625, 0.092621, 0.488263, 0.073544, 0.183388, 0.072167, 0.171918, 0.096806, 0.2568, 0.203133, 0.065712, 0.41242, 0.151171, 0.412086, 0.078903, 0.12006, 0.090904, 0.132807, 0.163963, 0.090073, 0.313494, 0.139291, 0.667418, 0.076066, 0.057554, 0.28116, 0.228988, 0.527, 0.078342, 0.124176, 0.127978, 0.061414, 0.236562, 0.403536, 0.074917, 0.123641, 0.127865, 0.251616, 0.106909, 0.069189, 0.068434, 0.557706, 0.080386, 0.066932, 0.167199, 0.076382, 0.27476, 0.500436, 0.068443, 0.187112, 0.068526, 0.111707, 0.066119, 0.082042, 0.186604, 0.264383, 0.07753, 0.068218, 0.0762, 0.31892, 0.190611, 0.280237, 0.06925, 0.068485, 0.072473, 0.247465, 0.072101, 0.152341, 0.099905, 0.159231, 0.066493, 0.159749, 0.153785, 0.187152, 0.328342, 0.068922, 1.155156, 0.066095, 0.268106, 0.06607, 0.068669, 0.070984, 0.417047, 0.068525, 0.640387, 0.405671, 0.06925, 0.115832, 0.066325, 0.070138, 0.072561, 0.354829}"
