"model_name","layer_name","layer_index","kind","min_time","mean_time","max_time","add_flops","div_flops","cmp_flops","exp_flops","mad_flops","input_channel","input_height","input_width","output_channel","output_height","output_width","function","kernel_1","kernel_2","stride_1","stride_2","dilation_1","dilation_2","input_form","topology_hash","mad/min_time","mad/mean_time","mad/max_time","time"
"3D Face Alignment Net Trained on 300W Large Pose Data","13/1/2/2/1/1/3",531,"Convolution",0.00299,0.003072966666666667,0.007757,0,0,0,0,301989888,256,32,32,128,32,32,"",3,3,1,1,1,1,"HoldForm[ConvolutionLayer[128, {3, 3}, ""Stride"" -> {1, 1}, ""PaddingSize"" -> {{1, 1}, {1, 1}}, ""Dilation"" -> {1, 1}, ""Input"" -> {256, 32, 32}]]","08qm1fo4qkpj4",1.0099996254180602e11,9.827307639740097e10,3.893127343044991e10,"{0.007757, 0.0032, 0.003071, 0.002998, 0.003047, 0.003119, 0.00301, 0.003047, 0.003119, 0.003027, 0.003075, 0.00318, 0.003001, 0.003107, 0.003127, 0.003088, 0.00299, 0.003042, 0.003128, 0.003005, 0.003068, 0.003127, 0.003033, 0.003085, 0.003207, 0.003008, 0.003055, 0.003155, 0.003161, 0.003038, 0.003054, 0.003144, 0.003012, 0.003058, 0.003079, 0.00305, 0.003077, 0.003168, 0.003015, 0.003062, 0.003175, 0.003057, 0.002993, 0.003055, 0.00315, 0.003019, 0.003091, 0.003087, 0.003035, 0.003081}"
