"model_name","layer_name","layer_index","kind","min_time","mean_time","max_time","add_flops","div_flops","cmp_flops","exp_flops","mad_flops","input_channel","input_height","input_width","output_channel","output_height","output_width","function","kernel_1","kernel_2","stride_1","stride_2","dilation_1","dilation_2","input_form","topology_hash","mad/min_time","mad/mean_time","mad/max_time","time"
"Inception V1 Trained on Extended Salient Object Subitizing Data","inception_4a/3x3",47,"Convolution",0.000446,0.0005931666666666668,0.003676,0,0,0,0,35223552,96,14,14,208,14,14,"",3,3,1,1,1,1,"HoldForm[ConvolutionLayer[208, {3, 3}, ""Stride"" -> {1, 1}, ""PaddingSize"" -> {{1, 1}, {1, 1}}, ""Dilation"" -> {1, 1}, ""Input"" -> {96, 14, 14}]]","0tmkag19jlkrp",7.897657399103139e10,5.938221747681932e10,9.582032644178455e9,"{0.003676, 0.00048, 0.000452, 0.000448, 0.000462, 0.000446, 0.000449, 0.000449, 0.000453, 0.000454, 0.00045, 0.000447, 0.000464, 0.000451, 0.000448, 0.000448, 0.00051, 0.000561, 0.00049, 0.000476, 0.000451, 0.000492, 0.000595, 0.000593, 0.000594, 0.000595, 0.000595, 0.000593, 0.000598, 0.00059, 0.000595, 0.000594, 0.000594, 0.000594, 0.000722, 0.000738, 0.0006, 0.000593, 0.000595, 0.000595, 0.000604, 0.000604, 0.000596, 0.000595, 0.000599, 0.000556, 0.00066, 0.000595, 0.000591, 0.000593, 0.000676, 0.000688, 0.000605, 0.000594, 0.000594, 0.000594, 0.000594, 0.000595, 0.000595, 0.000596, 0.000594, 0.000598, 0.00059, 0.000591, 0.000594, 0.000592, 0.000598, 0.000692, 0.000709, 0.000599, 0.000596, 0.000596, 0.000596, 0.000598, 0.000634, 0.000602, 0.000593, 0.000597, 0.000589, 0.000591, 0.000616, 0.000595, 0.000594, 0.000717, 0.000689, 0.000609, 0.000597, 0.000593, 0.000592, 0.000594, 0.000594, 0.000593, 0.000594, 0.000614, 0.000598, 0.00059, 0.000594, 0.000595, 0.000594, 0.000614}"
