"model_name","layer_name","layer_index","kind","min_time","mean_time","max_time","add_flops","div_flops","cmp_flops","exp_flops","mad_flops","input_channel","input_height","input_width","output_channel","output_height","output_width","function","kernel_1","kernel_2","stride_1","stride_2","dilation_1","dilation_2","input_form","topology_hash","mad/min_time","mad/mean_time","mad/max_time","time"
"MobileNet V2 Trained on ImageNet Competition Data","5_3/3/conv5_3_linear",119,"Convolution",0.000134,0.00013716666666666665,0.002902,0,0,0,0,8956416,816,7,7,224,7,7,"",1,1,1,1,1,1,"HoldForm[ConvolutionLayer[224, {1, 1}, ""Stride"" -> {1, 1}, ""PaddingSize"" -> {{0, 0}, {0, 0}}, ""Dilation"" -> {1, 1}, ""Input"" -> {816, 7, 7}]]","13awutwewe3zn",6.683892537313433e10,6.52958639125152e10,3.08629083390765e9,"{0.002902, 0.000166, 0.000145, 0.000141, 0.00014, 0.000139, 0.000138, 0.000161, 0.000143, 0.000139, 0.000139, 0.000138, 0.000138, 0.000138, 0.000139, 0.00014, 0.000138, 0.000139, 0.000138, 0.000138, 0.000138, 0.000139, 0.000138, 0.000138, 0.00014, 0.000138, 0.000138, 0.000137, 0.000137, 0.000135, 0.000136, 0.000138, 0.000136, 0.000137, 0.000136, 0.000147, 0.000167, 0.000155, 0.000154, 0.000153, 0.000155, 0.000152, 0.000153, 0.000161, 0.000137, 0.000136, 0.000136, 0.000135, 0.000135, 0.000134, 0.000137, 0.000136, 0.000134, 0.000135, 0.000135, 0.000136, 0.000136, 0.000134, 0.000135, 0.000135, 0.000134, 0.000171, 0.000139, 0.000144, 0.000138, 0.000137, 0.000135, 0.000135, 0.000136, 0.000163, 0.000134, 0.000137, 0.000136, 0.000135, 0.000136, 0.000135, 0.000137, 0.000136, 0.000135, 0.000135, 0.000136, 0.000135, 0.000135, 0.000136, 0.000136, 0.000138, 0.000136, 0.000136, 0.000136, 0.000135, 0.000135, 0.000136, 0.000146, 0.000137, 0.000136, 0.000136, 0.000135, 0.000138, 0.000138, 0.000137}"
