"model_name","layer_name","layer_index","kind","min_time","mean_time","max_time","add_flops","div_flops","cmp_flops","exp_flops","mad_flops","input_channel","input_height","input_width","output_channel","output_height","output_width","function","kernel_1","kernel_2","stride_1","stride_2","dilation_1","dilation_2","input_form","topology_hash","mad/min_time","mad/mean_time","mad/max_time","time"
"Single-Image Depth Perception Net Trained on Depth in the Wild Data","4/1/1/4/1/1/4/1/2/3/4/1",176,"Convolution",0.00014,0.00014916666666666672,0.00299,0,0,0,0,9830400,256,30,40,32,30,40,"",1,1,1,1,1,1,"HoldForm[ConvolutionLayer[32, {1, 1}, ""Stride"" -> {1, 1}, ""PaddingSize"" -> {{0, 0}, {0, 0}}, ""Dilation"" -> {1, 1}, ""Input"" -> {256, 30, 40}]]","020eo88iz4wnl",7.021714285714285e10,6.590212290502791e10,3.2877591973244147e9,"{0.00299, 0.000174, 0.000164, 0.000159, 0.000146, 0.000156, 0.000155, 0.000145, 0.000155, 0.000146, 0.000146, 0.000143, 0.000152, 0.000155, 0.000154, 0.000154, 0.000154, 0.000154, 0.000145, 0.000153, 0.000154, 0.000155, 0.000155, 0.000143, 0.000157, 0.000145, 0.000152, 0.000144, 0.000143, 0.00019, 0.000142, 0.000141, 0.00015, 0.00014, 0.000142, 0.000142, 0.000141, 0.00015, 0.000142, 0.000151, 0.000141, 0.000143, 0.00015, 0.000152, 0.000153, 0.000141, 0.000189, 0.000161, 0.000158, 0.000158, 0.000175, 0.000162, 0.000175, 0.000142, 0.000143, 0.00015, 0.000142, 0.000142, 0.000151, 0.000153, 0.000152, 0.000152, 0.000152, 0.000152, 0.000153, 0.000151, 0.000141, 0.000142, 0.000151, 0.000153, 0.000152, 0.000208, 0.000153, 0.000141, 0.000142, 0.00015, 0.000154, 0.000148, 0.000142, 0.000142, 0.000151, 0.000152, 0.000153, 0.000152, 0.000142, 0.000141, 0.00014, 0.00015, 0.000142, 0.000142, 0.000151, 0.000141, 0.000142, 0.000141, 0.000141, 0.000173, 0.000154, 0.000142, 0.000152, 0.000152}"
