"model_name","layer_name","layer_index","kind","min_time","mean_time","max_time","add_flops","div_flops","cmp_flops","exp_flops","mad_flops","input_channel","input_height","input_width","output_channel","output_height","output_width","function","kernel_1","kernel_2","stride_1","stride_2","dilation_1","dilation_2","input_form","topology_hash","mad/min_time","mad/mean_time","mad/max_time","time"
"ColorNet Image Colorization Trained on Places Data","4/3",49,"Convolution",0.002462,0.0025,0.005842,0,0,0,0,231211008,256,28,28,128,28,28,"",3,3,1,1,1,1,"HoldForm[ConvolutionLayer[128, {3, 3}, ""Stride"" -> {1, 1}, ""PaddingSize"" -> {{1, 1}, {1, 1}}, ""Dilation"" -> {1, 1}, ""Input"" -> {256, 28, 28}]]","1umybi9v9h3x1",9.391186352558894e10,9.24844032e10,3.957737213283122e10,"{0.005842, 0.002512, 0.002496, 0.002494, 0.002559, 0.002503, 0.002484, 0.002479, 0.002579, 0.002502, 0.002489, 0.002475, 0.002583, 0.00249, 0.002475, 0.002475, 0.002574, 0.002498, 0.002486, 0.002472, 0.002565, 0.002512, 0.002462, 0.002494, 0.002556, 0.002496, 0.0025, 0.002478, 0.002544, 0.002507, 0.002515, 0.002473, 0.002533, 0.002474, 0.002486, 0.00249, 0.002562, 0.002516, 0.002487, 0.002491, 0.002559, 0.002483, 0.002492, 0.002482, 0.002557, 0.002507, 0.002471, 0.002464, 0.00255, 0.002482}"
