"model_name","layer_name","layer_index","kind","min_time","mean_time","max_time","add_flops","div_flops","cmp_flops","exp_flops","mad_flops","input_channel","input_height","input_width","output_channel","output_height","output_width","function","kernel_1","kernel_2","stride_1","stride_2","dilation_1","dilation_2","input_form","topology_hash","mad/min_time","mad/mean_time","mad/max_time","time"
"ResNet-101 Trained on YFCC100m Geotagged Data","stage3_unit17/conv3",247,"Convolution",0.000191,0.00019503333333333327,0.033318,0,0,0,0,51380224,256,14,14,1024,14,14,"",1,1,1,1,1,1,"HoldForm[ConvolutionLayer[1024, {1, 1}, ""Stride"" -> {1, 1}, ""PaddingSize"" -> {{0, 0}, {0, 0}}, ""Dilation"" -> {1, 1}, ""Input"" -> {256, 14, 14}]]","05922ucprscvp",2.6900640837696335e11,2.6344329516322006e11,1.5421160934029653e9,"{0.033318, 0.000285, 0.000206, 0.002052, 0.000198, 0.000194, 0.000194, 0.000193, 0.000195, 0.000193, 0.000193, 0.000193, 0.000194, 0.000193, 0.005755, 0.000196, 0.000193, 0.000192, 0.000193, 0.000193, 0.000193, 0.000192, 0.000192, 0.000193, 0.000193, 0.000192, 0.000202, 0.000194, 0.000194, 0.000193, 0.000193, 0.000206, 0.000194, 0.000192, 0.000193, 0.000193, 0.000192, 0.000192, 0.000193, 0.000233, 0.000217, 0.000217, 0.000217, 0.000216, 0.000238, 0.000192, 0.00021, 0.003615, 0.000193, 0.000205, 0.000193, 0.000192, 0.000193, 0.000192, 0.000193, 0.000192, 0.000193, 0.000192, 0.000193, 0.000193, 0.000192, 0.000191, 0.000193, 0.000193, 0.00021, 0.000192, 0.000192, 0.00637, 0.000196, 0.000194, 0.000193, 0.000193, 0.000193, 0.000192, 0.000193, 0.000192, 0.000192, 0.000192, 0.000192, 0.000204, 0.000194, 0.000194, 0.000192, 0.000192, 0.00021, 0.000193, 0.000193, 0.000192, 0.000193, 0.000193, 0.000193, 0.000224, 0.000217, 0.000216, 0.000217, 0.000216, 0.000216, 0.000214, 0.000205, 0.000193}"
