"model_name","layer_name","layer_index","kind","min_time","mean_time","max_time","add_flops","div_flops","cmp_flops","exp_flops","mad_flops","input_channel","input_height","input_width","output_channel","output_height","output_width","function","kernel_1","kernel_2","stride_1","stride_2","dilation_1","dilation_2","input_form","topology_hash","mad/min_time","mad/mean_time","mad/max_time","time"
"Dilated ResNet-105 Trained on Cityscapes Data","convolution42",136,"Convolution",0.007151,0.014439333333333334,0.028316,0,0,0,0,2147483648,1024,64,128,256,64,128,"",1,1,1,1,1,1,"HoldForm[ConvolutionLayer[256, {1, 1}, ""Stride"" -> {1, 1}, ""PaddingSize"" -> {{0, 0}, {0, 0}}, ""Dilation"" -> {1, 1}, ""Input"" -> {1024, 64, 128}]]","0c0juxkkztzi6",3.003053626066284e11,1.487245704787848e11,7.583993671422517e10,"{0.020028, 0.014641, 0.014353, 0.014481, 0.01444, 0.0143, 0.01437, 0.014272, 0.014376, 0.014268, 0.014361, 0.014257, 0.014264, 0.014364, 0.014227, 0.014337, 0.014184, 0.014812, 0.014606, 0.014525, 0.012188, 0.020025, 0.01435, 0.014373, 0.014166, 0.014199, 0.014549, 0.01423, 0.018169, 0.016577, 0.008005, 0.014297, 0.014233, 0.014374, 0.014213, 0.014538, 0.023134, 0.018653, 0.017613, 0.019371, 0.007228, 0.019301, 0.013169, 0.019335, 0.007291, 0.014445, 0.018367, 0.014671, 0.014316, 0.014375, 0.01418, 0.014645, 0.009316, 0.01994, 0.014503, 0.014709, 0.014312, 0.014411, 0.014333, 0.014238, 0.018334, 0.019994, 0.014905, 0.007151, 0.017202, 0.015898, 0.014249, 0.014285, 0.014439, 0.01434, 0.014402, 0.028316, 0.007173, 0.016901, 0.014406, 0.014181, 0.014217, 0.013574, 0.014206, 0.014432, 0.019632, 0.010265, 0.013728, 0.014278, 0.014362, 0.014199, 0.014471, 0.014221, 0.014472, 0.007884, 0.019266, 0.007385, 0.015402, 0.01599, 0.012025, 0.013736, 0.014278, 0.014452, 0.014557, 0.01452}"
