"model_name","layer_name","layer_index","kind","min_time","mean_time","max_time","add_flops","div_flops","cmp_flops","exp_flops","mad_flops","input_channel","input_height","input_width","output_channel","output_height","output_width","function","kernel_1","kernel_2","stride_1","stride_2","dilation_1","dilation_2","input_form","topology_hash","mad/min_time","mad/mean_time","mad/max_time","time"
"Ademxapp Model A1 Trained on Cityscapes Data","4a/res4a_branch1",48,"Convolution",0.027296,0.027471433333333337,0.04789,0,0,0,0,4294967296,256,256,512,512,128,256,"",1,1,2,2,1,1,"HoldForm[ConvolutionLayer[512, {1, 1}, ""Stride"" -> {2, 2}, ""PaddingSize"" -> {{0, 0}, {0, 0}}, ""Dilation"" -> {1, 1}, ""Input"" -> {256, 256, 512}]]","0zevwb44jzptz",1.5734786400937866e11,1.5634303619638824e11,8.968401119231572e10,"{0.04789, 0.027556, 0.027445, 0.027555, 0.027397, 0.02749, 0.027489, 0.027448, 0.027442, 0.027465, 0.027476, 0.02743, 0.027391, 0.027514, 0.027449, 0.027465, 0.027462, 0.027511, 0.027521, 0.027434, 0.027475, 0.027487, 0.027449, 0.027372, 0.027379, 0.027604, 0.027431, 0.027535, 0.027433, 0.027505, 0.027501, 0.027417, 0.027422, 0.027535, 0.027448, 0.027443, 0.027426, 0.02773, 0.0275, 0.027462, 0.027471, 0.027602, 0.02736, 0.027442, 0.027504, 0.027604, 0.027296, 0.027499, 0.027482, 0.027589}"
