"model_name","layer_name","layer_index","kind","min_time","mean_time","max_time","add_flops","div_flops","cmp_flops","exp_flops","mad_flops","input_channel","input_height","input_width","output_channel","output_height","output_width","function","kernel_1","kernel_2","stride_1","stride_2","dilation_1","dilation_2","input_form","topology_hash","mad/min_time","mad/mean_time","mad/max_time","time"
"Colorful Image Colorization Trained on ImageNet Competition Data","relu6_3",37,"Elementwise",0.00015,0.00015253333333333335,0.000881,0,0,401408,0,401408,512,28,28,512,28,28,"Ramp","","","","","","","HoldForm[ElementwiseLayer[Ramp, ""Input"" -> {512, 28, 28}]]","1dnvsxrgaunmm",2.6760533333333335e9,2.6316083916083913e9,4.5562769580022705e8,"{0.000881, 0.00019, 0.000164, 0.000154, 0.000155, 0.000154, 0.000154, 0.000154, 0.000154, 0.000155, 0.000154, 0.000154, 0.000154, 0.000154, 0.000154, 0.000154, 0.000154, 0.000154, 0.000154, 0.000155, 0.000167, 0.000168, 0.000152, 0.00015, 0.000151, 0.000152, 0.000151, 0.000151, 0.000152, 0.000151, 0.000152, 0.000151, 0.000152, 0.000152, 0.000151, 0.000151, 0.000151, 0.000152, 0.000151, 0.000151, 0.000151, 0.000151, 0.000151, 0.000151, 0.000151, 0.000151, 0.000167, 0.000151, 0.000151, 0.000151}"
