"model_name","layer_name","layer_index","kind","min_time","mean_time","max_time","add_flops","div_flops","cmp_flops","exp_flops","mad_flops","input_channel","input_height","input_width","output_channel","output_height","output_width","function","kernel_1","kernel_2","stride_1","stride_2","dilation_1","dilation_2","input_form","topology_hash","mad/min_time","mad/mean_time","mad/max_time","time"
"Single-Image Depth Perception Net Trained on NYU Depth V2 and Depth in the Wild Data","4/1/1/4/1/2/1/3/3",398,"Elementwise",0.00022,0.00022533333333333322,0.001346,0,0,614400,0,614400,32,120,160,32,120,160,"Ramp","","","","","","","HoldForm[ElementwiseLayer[Ramp, ""Input"" -> {32, 120, 160}]]","1v51dnnow66w3",2.7927272727272725e9,2.7266272189349127e9,4.564635958395245e8,"{0.001346, 0.000268, 0.00023, 0.000225, 0.000226, 0.000225, 0.000247, 0.000226, 0.000225, 0.000225, 0.000225, 0.000226, 0.000226, 0.000225, 0.000225, 0.000225, 0.000225, 0.000225, 0.000225, 0.000226, 0.000226, 0.000226, 0.000225, 0.000225, 0.000237, 0.000236, 0.000225, 0.000225, 0.000234, 0.000226, 0.000226, 0.000225, 0.000225, 0.000225, 0.000225, 0.000224, 0.000225, 0.000223, 0.000225, 0.000226, 0.000225, 0.000234, 0.000226, 0.000235, 0.000221, 0.00022, 0.00022, 0.00022, 0.00022, 0.00022}"
