"model_name","layer_name","layer_index","kind","min_time","mean_time","max_time","add_flops","div_flops","cmp_flops","exp_flops","mad_flops","input_channel","input_height","input_width","output_channel","output_height","output_width","function","kernel_1","kernel_2","stride_1","stride_2","dilation_1","dilation_2","input_form","topology_hash","mad/min_time","mad/mean_time","mad/max_time","time"
"3D Face Alignment Net Trained on 300W Large Pose Data","11/7/1/1/4/2/1/2",43,"Elementwise",0.000177,0.00017898333333333334,0.001222,0,0,524288,0,524288,128,64,64,128,64,64,"Ramp","","","","","","","HoldForm[ElementwiseLayer[Ramp, ""Input"" -> {128, 64, 64}]]","1hgvs9hyt3yrr",2.962079096045198e9,2.9292559828661885e9,4.290409165302782e8,"{0.001222, 0.000233, 0.000184, 0.000179, 0.000178, 0.000178, 0.000178, 0.000178, 0.000178, 0.000177, 0.000178, 0.000178, 0.000178, 0.000178, 0.000177, 0.000178, 0.000178, 0.000178, 0.000178, 0.000178, 0.000192, 0.00019, 0.00018, 0.000178, 0.000178, 0.000178, 0.000178, 0.000187, 0.000178, 0.000188, 0.000181, 0.000178, 0.000178, 0.000178, 0.000178, 0.000178, 0.000178, 0.000178, 0.000178, 0.000178, 0.000178, 0.000178, 0.000192, 0.000179, 0.000178, 0.000178, 0.000178, 0.000178, 0.000179, 0.000179, 0.000179, 0.000179, 0.000179, 0.000179, 0.000178, 0.000179, 0.000178, 0.000179, 0.000179, 0.000179, 0.000179, 0.000178, 0.000178, 0.000179, 0.000186, 0.000179, 0.00018, 0.000179, 0.00018, 0.000179, 0.00018, 0.00018, 0.000179, 0.000179, 0.00018, 0.000179, 0.00018, 0.000183, 0.000182, 0.00018, 0.000179, 0.00018, 0.00018, 0.000188, 0.00018, 0.000182, 0.000195, 0.000181, 0.00018, 0.00018, 0.00018, 0.000181, 0.00018, 0.00018, 0.000181, 0.000181, 0.00018, 0.000181, 0.00018, 0.00018}"
