"model_name","layer_name","layer_index","kind","min_time","mean_time","max_time","add_flops","div_flops","cmp_flops","exp_flops","mad_flops","input_channel","input_height","input_width","output_channel","output_height","output_width","function","kernel_1","kernel_2","stride_1","stride_2","dilation_1","dilation_2","input_form","topology_hash","mad/min_time","mad/mean_time","mad/max_time","time"
"Ademxapp Model A1 Trained on ADE20K Data","3b2/res3b2_branch2a_relu",40,"Elementwise",0.002001,0.002044533333333333,0.008768,0,0,4064256,0,4064256,256,126,126,256,126,126,"Ramp","","","","","","","HoldForm[ElementwiseLayer[Ramp, ""Input"" -> {256, 126, 126}]]","0szc8hu6pd3d3",2.0311124437781107e9,1.9878648754401987e9,4.6353284671532845e8,"{0.008768, 0.002471, 0.002275, 0.002162, 0.002119, 0.002075, 0.00209, 0.002087, 0.002079, 0.002071, 0.002058, 0.00205, 0.002096, 0.002059, 0.002066, 0.002043, 0.002055, 0.00206, 0.00206, 0.002034, 0.002044, 0.002026, 0.002082, 0.002019, 0.002036, 0.002034, 0.002059, 0.002031, 0.002042, 0.002007, 0.002024, 0.002026, 0.002045, 0.002011, 0.002038, 0.002013, 0.002048, 0.00203, 0.002039, 0.002033, 0.002036, 0.002027, 0.002035, 0.00201, 0.002025, 0.00201, 0.002035, 0.002001, 0.002017, 0.002041}"
