"model_name","layer_name","layer_index","kind","min_time","mean_time","max_time","add_flops","div_flops","cmp_flops","exp_flops","mad_flops","input_channel","input_height","input_width","output_channel","output_height","output_width","function","kernel_1","kernel_2","stride_1","stride_2","dilation_1","dilation_2","input_form","topology_hash","mad/min_time","mad/mean_time","mad/max_time","time"
"ResNet-101 Trained on ImageNet Competition Data","5c/res5c_branch2a_relu",336,"Elementwise",0.000027,0.000027500000000000008,0.000097,0,0,25088,0,25088,512,7,7,512,7,7,"Ramp","","","","","","","HoldForm[ElementwiseLayer[Ramp, ""Input"" -> {512, 7, 7}]]","1j6hsemrzkh8e",9.291851851851852e8,9.122909090909088e8,2.5863917525773194e8,"{0.000097, 0.00003, 0.000028, 0.000027, 0.000028, 0.000028, 0.000028, 0.000028, 0.000028, 0.000028, 0.000027, 0.000027, 0.000027, 0.000027, 0.000027, 0.000027, 0.000027, 0.000027, 0.000028, 0.000028, 0.000028, 0.000028, 0.000028, 0.000027, 0.000028, 0.000027, 0.000027, 0.000027, 0.000028, 0.000027, 0.000027, 0.000027, 0.000028, 0.000027, 0.000027, 0.000027, 0.000027, 0.000027, 0.000028, 0.000028, 0.000028, 0.000028, 0.000028, 0.000028, 0.000027, 0.000028, 0.000027, 0.000028, 0.000027, 0.000027}"
