"model_name","layer_name","layer_index","kind","min_time","mean_time","max_time","add_flops","div_flops","cmp_flops","exp_flops","mad_flops","input_channel","input_height","input_width","output_channel","output_height","output_width","function","kernel_1","kernel_2","stride_1","stride_2","dilation_1","dilation_2","input_form","topology_hash","mad/min_time","mad/mean_time","mad/max_time","time"
"VGGish Feature Extractor Trained on YouTube Data","Net/relu3_2",11,"Elementwise",0.000044,0.00004549999999999998,0.000363,0,0,98304,0,98304,256,24,16,256,24,16,"Ramp","","","","","","","HoldForm[ElementwiseLayer[Ramp, ""Input"" -> {256, 24, 16}]]","1q6pe55ly4sj6",2.234181818181818e9,2.1605274725274734e9,2.708099173553719e8,"{0.000363, 0.000056, 0.00005, 0.000048, 0.000047, 0.000046, 0.000046, 0.000046, 0.000046, 0.000046, 0.000046, 0.000045, 0.000046, 0.000046, 0.000046, 0.000045, 0.000046, 0.000046, 0.000045, 0.000045, 0.000045, 0.000046, 0.000046, 0.000046, 0.000046, 0.000045, 0.000046, 0.000046, 0.000046, 0.000045, 0.000045, 0.000046, 0.000045, 0.000045, 0.000046, 0.000046, 0.000045, 0.000045, 0.000046, 0.000046, 0.000046, 0.000045, 0.000045, 0.000046, 0.000045, 0.000046, 0.000046, 0.000045, 0.000045, 0.000046, 0.000045, 0.000046, 0.000046, 0.000046, 0.000045, 0.000046, 0.000046, 0.000046, 0.000046, 0.000046, 0.000045, 0.000046, 0.000071, 0.000049, 0.000046, 0.000045, 0.000045, 0.000045, 0.000045, 0.000045, 0.000044, 0.000045, 0.000044, 0.000045, 0.000045, 0.000045, 0.000045, 0.000045, 0.000044, 0.000045, 0.000045, 0.000044, 0.000057, 0.000074, 0.000071, 0.000049, 0.000046, 0.000045, 0.000045, 0.000044, 0.000044, 0.000045, 0.000045, 0.000045, 0.000044, 0.000045, 0.000044, 0.000044, 0.000044, 0.000044}"
