"model_name","layer_name","layer_index","kind","min_time","mean_time","max_time","add_flops","div_flops","cmp_flops","exp_flops","mad_flops","input_channel","input_height","input_width","output_channel","output_height","output_width","function","kernel_1","kernel_2","stride_1","stride_2","dilation_1","dilation_2","input_form","topology_hash","mad/min_time","mad/mean_time","mad/max_time","time"
"ColorNet Image Colorization Trained on ImageNet Competition Data","2/24",40,"Elementwise",0.000015,0.00001523333333333333,0.000127,0,0,1024,0,1024,1024,"","",1024,"","","Ramp","","","","","","","HoldForm[ElementwiseLayer[Ramp, ""Input"" -> 1024]]","18in13cil2xwm",6.826666666666667e7,6.722100656455144e7,8.062992125984252e6,"{0.000127, 0.000021, 0.000018, 0.000016, 0.000017, 0.000016, 0.000016, 0.000016, 0.000016, 0.000015, 0.000015, 0.000016, 0.000015, 0.000016, 0.000016, 0.000015, 0.000015, 0.000015, 0.000015, 0.000015, 0.000015, 0.000015, 0.000015, 0.000015, 0.000015, 0.000016, 0.000016, 0.000015, 0.000015, 0.000015, 0.000015, 0.000015, 0.000034, 0.000016, 0.000016, 0.000016, 0.000016, 0.000015, 0.000015, 0.000015, 0.000015, 0.000015, 0.000015, 0.000015, 0.000015, 0.000015, 0.000015, 0.000015, 0.000015, 0.000016, 0.000015, 0.000015, 0.000016, 0.000015, 0.000015, 0.000015, 0.000015, 0.000016, 0.000015, 0.000015, 0.000015, 0.000016, 0.000015, 0.000015, 0.000015, 0.000015, 0.000015, 0.000015, 0.000015, 0.000029, 0.000016, 0.000015, 0.000015, 0.000016, 0.000015, 0.000015, 0.000015, 0.000015, 0.000016, 0.000016, 0.000015, 0.000015, 0.000015, 0.000016, 0.000016, 0.000016, 0.000015, 0.000015, 0.000015, 0.000015, 0.000016, 0.000015, 0.000015, 0.000015, 0.000016, 0.000015, 0.000015, 0.000015, 0.000016, 0.000015}"
