"model_name","layer_name","layer_index","kind","min_time","mean_time","max_time","add_flops","div_flops","cmp_flops","exp_flops","mad_flops","input_channel","input_height","input_width","output_channel","output_height","output_width","function","kernel_1","kernel_2","stride_1","stride_2","dilation_1","dilation_2","input_form","topology_hash","mad/min_time","mad/mean_time","mad/max_time","time"
"Sentiment Language Model Trained on Amazon Product Review Data","mLSTM/Net/oSig",19,"Elementwise",0.000043,0.00004443333333333331,0.000164,4096,4096,0,4096,0,4096,"","",4096,"","","LogisticSigmoid","","","","","","","HoldForm[ElementwiseLayer[LogisticSigmoid, ""Input"" -> 4096]]","0dlvjgp373mvk",0.,0.,0.,"{0.000164, 0.000048, 0.000046, 0.000045, 0.000044, 0.000045, 0.000044, 0.000045, 0.000044, 0.000044, 0.000045, 0.000044, 0.000044, 0.000044, 0.000044, 0.000043, 0.000044, 0.000044, 0.000044, 0.000044, 0.000044, 0.000044, 0.000044, 0.000045, 0.000044, 0.000044, 0.000044, 0.000045, 0.000044, 0.000044, 0.000044, 0.000044, 0.000044, 0.000044, 0.000044, 0.000044, 0.000045, 0.000044, 0.000044, 0.000044, 0.000044, 0.000044, 0.000044, 0.000048, 0.000045, 0.000044, 0.000044, 0.000044, 0.000044, 0.000044, 0.000044, 0.000044, 0.000045, 0.000045, 0.000045, 0.000044, 0.000044, 0.000074, 0.000071, 0.000048, 0.000046, 0.000044, 0.000045, 0.000045, 0.000045, 0.000045, 0.000045, 0.000044, 0.000044, 0.000044, 0.000044, 0.000044, 0.000044, 0.000045, 0.000044, 0.000044, 0.000044, 0.000044, 0.000044, 0.000044, 0.000044, 0.000053, 0.000046, 0.000046, 0.000046, 0.000045, 0.000046, 0.000046, 0.000045, 0.000046, 0.000045, 0.000046, 0.000046, 0.000045, 0.000045, 0.000046, 0.000046, 0.000051, 0.000046, 0.000052}"
