"model_name","layer_name","layer_index","kind","min_time","mean_time","max_time","add_flops","div_flops","cmp_flops","exp_flops","mad_flops","input_channel","input_height","input_width","output_channel","output_height","output_width","function","kernel_1","kernel_2","stride_1","stride_2","dilation_1","dilation_2","input_form","topology_hash","mad/min_time","mad/mean_time","mad/max_time","time"
"Multi-scale Context Aggregation Net Trained on CamVid Data","ctx_relu2_1",42,"Elementwise",0.000036,0.000036933333333333334,0.000184,0,0,66066,0,66066,11,66,91,11,66,91,"Ramp","","","","","","","HoldForm[ElementwiseLayer[Ramp, ""Input"" -> {11, 66, 91}]]","15z14yu5izclp",1.8351666666666667e9,1.7887906137184114e9,3.5905434782608694e8,"{0.000184, 0.000042, 0.000038, 0.000037, 0.000037, 0.000037, 0.000037, 0.000038, 0.000037, 0.000037, 0.000037, 0.000037, 0.000037, 0.000037, 0.000036, 0.000037, 0.000037, 0.000036, 0.000037, 0.000037, 0.000037, 0.000036, 0.000036, 0.000036, 0.000037, 0.000037, 0.000036, 0.000037, 0.000037, 0.000037, 0.000036, 0.000037, 0.000037, 0.000036, 0.000037, 0.000037, 0.000036, 0.000037, 0.000068, 0.000068, 0.000041, 0.000038, 0.000036, 0.000037, 0.000036, 0.000037, 0.000037, 0.000037, 0.000037, 0.000036}"
