"model_name","layer_name","layer_index","kind","min_time","mean_time","max_time","add_flops","div_flops","cmp_flops","exp_flops","mad_flops","input_channel","input_height","input_width","output_channel","output_height","output_width","function","kernel_1","kernel_2","stride_1","stride_2","dilation_1","dilation_2","input_form","topology_hash","mad/min_time","mad/mean_time","mad/max_time","time"
"Wolfram ImageIdentify Net V1","relu_1",3,"Elementwise",0.000268,0.00027373333333333323,0.000319,0,0,802816,0,802816,64,112,112,64,112,112,"Ramp","","","","","","","HoldForm[ElementwiseLayer[Ramp, ""Input"" -> {64, 112, 112}]]","0jyyl14fughyy",2.995582089552239e9,2.93283974671213e9,2.516664576802508e9,"{0.000319, 0.000292, 0.000284, 0.00029, 0.00028, 0.000279, 0.00028, 0.000279, 0.000279, 0.000279, 0.000278, 0.000287, 0.000279, 0.000279, 0.00029, 0.00027, 0.000269, 0.00027, 0.000291, 0.000282, 0.000273, 0.000271, 0.000271, 0.00027, 0.000269, 0.00027, 0.00027, 0.000269, 0.00027, 0.000269, 0.00027, 0.00027, 0.000278, 0.00027, 0.00027, 0.00027, 0.00027, 0.00027, 0.000271, 0.000271, 0.000269, 0.00027, 0.000284, 0.000294, 0.000273, 0.000268, 0.000268, 0.000286, 0.000269, 0.000269}"
