"model_name","layer_name","layer_index","kind","min_time","mean_time","max_time","add_flops","div_flops","cmp_flops","exp_flops","mad_flops","input_channel","input_height","input_width","output_channel","output_height","output_width","function","kernel_1","kernel_2","stride_1","stride_2","dilation_1","dilation_2","input_form","topology_hash","mad/min_time","mad/mean_time","mad/max_time","time"
"3D Face Alignment Net Trained on 300W Large Pose Data","12/1/1/1/1/1/4/2/1/2",747,"Elementwise",0.000194,0.00019563333333333334,0.000223,0,0,524288,0,524288,128,64,64,128,64,64,"Ramp","","","","","","","HoldForm[ElementwiseLayer[Ramp, ""Input"" -> {128, 64, 64}]]","1hgvs9hyt3yrr",2.702515463917526e9,2.6799522917021637e9,2.351067264573991e9,"{0.000223, 0.000203, 0.000199, 0.0002, 0.000209, 0.000198, 0.000198, 0.000198, 0.000198, 0.000212, 0.000195, 0.000195, 0.000196, 0.000195, 0.000194, 0.000195, 0.000194, 0.000195, 0.000194, 0.000194, 0.000195, 0.000195, 0.000194, 0.000195, 0.000195, 0.000204, 0.000196, 0.000194, 0.000194, 0.000195, 0.000195, 0.000195, 0.000205, 0.000196, 0.000196, 0.000196, 0.000195, 0.000195, 0.000195, 0.000196, 0.000195, 0.000195, 0.000195, 0.000195, 0.000195, 0.000213, 0.000197, 0.000196, 0.000196, 0.000195}"
