"model_name","layer_name","layer_index","kind","min_time","mean_time","max_time","add_flops","div_flops","cmp_flops","exp_flops","mad_flops","input_channel","input_height","input_width","output_channel","output_height","output_width","function","kernel_1","kernel_2","stride_1","stride_2","dilation_1","dilation_2","input_form","topology_hash","mad/min_time","mad/mean_time","mad/max_time","time"
"CycleGAN Winter-to-Summer Translation","15/1/4",39,"Elementwise",0.000198,0.0002004999999999999,0.001157,0,0,524288,0,524288,128,64,64,128,64,64,"Ramp","","","","","","","HoldForm[ElementwiseLayer[Ramp, ""Input"" -> {128, 64, 64}]]","1hgvs9hyt3yrr",2.6479191919191923e9,2.6149027431421456e9,4.5314433880726016e8,"{0.001157, 0.000237, 0.000209, 0.000204, 0.000205, 0.000204, 0.00022, 0.000199, 0.000199, 0.000199, 0.000198, 0.000198, 0.000198, 0.00021, 0.0002, 0.0002, 0.0002, 0.0002, 0.000201, 0.00021, 0.000201, 0.000201, 0.000201, 0.0002, 0.0002, 0.000201, 0.0002, 0.000211, 0.000199, 0.000201, 0.000201, 0.000201, 0.0002, 0.000201, 0.0002, 0.0002, 0.0002, 0.0002, 0.000209, 0.0002, 0.0002, 0.0002, 0.0002, 0.0002, 0.000201, 0.000201, 0.000199, 0.0002, 0.0002, 0.000199}"
