"model_name","layer_name","layer_index","kind","min_time","mean_time","max_time","add_flops","div_flops","cmp_flops","exp_flops","mad_flops","input_channel","input_height","input_width","output_channel","output_height","output_width","function","kernel_1","kernel_2","stride_1","stride_2","dilation_1","dilation_2","input_form","topology_hash","mad/min_time","mad/mean_time","mad/max_time","time"
"Squeeze-and-Excitation Net Trained on ImageNet Competition Data","3d/conv3_4_relu",134,"Elementwise",0.000137,0.0001393333333333334,0.000961,0,0,401408,0,401408,512,28,28,512,28,28,"Ramp","","","","","","","HoldForm[ElementwiseLayer[Ramp, ""Input"" -> {512, 28, 28}]]","1dnvsxrgaunmm",2.929985401459854e9,2.88091866028708e9,4.176982310093652e8,"{0.000961, 0.000177, 0.000148, 0.000158, 0.000159, 0.00014, 0.000139, 0.000139, 0.000139, 0.000138, 0.000138, 0.000139, 0.000139, 0.000139, 0.000139, 0.000139, 0.000139, 0.000139, 0.000139, 0.000138, 0.000139, 0.000139, 0.000139, 0.000138, 0.000139, 0.000139, 0.00014, 0.000139, 0.000139, 0.000139, 0.000139, 0.000138, 0.000149, 0.000139, 0.000139, 0.000139, 0.000139, 0.000147, 0.000139, 0.000139, 0.000139, 0.000138, 0.000139, 0.000139, 0.000139, 0.000138, 0.000139, 0.000138, 0.000139, 0.000139, 0.000139, 0.000138, 0.000138, 0.000139, 0.000139, 0.00014, 0.000137, 0.000138, 0.000138, 0.000138, 0.000153, 0.000141, 0.000139, 0.000139, 0.000139, 0.00014, 0.00014, 0.000139, 0.000139, 0.000139, 0.00014, 0.000139, 0.00014, 0.000139, 0.00014, 0.00014, 0.000141, 0.000141, 0.00014, 0.00014, 0.000141, 0.000141, 0.00014, 0.00014, 0.00014, 0.00014, 0.000141, 0.000141, 0.00014, 0.000153, 0.000141, 0.000139, 0.00014, 0.00014, 0.000139, 0.00014, 0.00014, 0.00014, 0.00014, 0.00014}"
