"model_name","layer_name","layer_index","kind","min_time","mean_time","max_time","add_flops","div_flops","cmp_flops","exp_flops","mad_flops","input_channel","input_height","input_width","output_channel","output_height","output_width","function","kernel_1","kernel_2","stride_1","stride_2","dilation_1","dilation_2","input_form","topology_hash","mad/min_time","mad/mean_time","mad/max_time","time"
"CycleGAN Horse-to-Zebra Translation Trained on ImageNet Competition Data","8",8,"Elementwise",0.00037,0.0003751666666666667,0.002157,0,0,1048576,0,1048576,64,128,128,64,128,128,"Ramp","","","","","","","HoldForm[ElementwiseLayer[Ramp, ""Input"" -> {64, 128, 128}]]","0ceh9oj65p345",2.8339891891891894e9,2.794960462016881e9,4.861270282800185e8,"{0.002157, 0.000507, 0.000406, 0.000379, 0.000375, 0.000375, 0.000377, 0.000375, 0.000378, 0.000375, 0.000376, 0.000375, 0.000401, 0.000379, 0.000375, 0.000377, 0.000386, 0.000392, 0.00037, 0.000372, 0.00037, 0.000372, 0.00037, 0.000386, 0.000377, 0.000374, 0.000373, 0.000374, 0.000374, 0.000374, 0.000375, 0.000372, 0.000375, 0.000387, 0.000372, 0.000372, 0.000373, 0.000373, 0.000372, 0.000384, 0.000373, 0.000375, 0.000376, 0.000375, 0.000383, 0.000376, 0.000373, 0.000372, 0.000373, 0.000376}"
