"model_name","layer_name","layer_index","kind","min_time","mean_time","max_time","add_flops","div_flops","cmp_flops","exp_flops","mad_flops","input_channel","input_height","input_width","output_channel","output_height","output_width","function","kernel_1","kernel_2","stride_1","stride_2","dilation_1","dilation_2","input_form","topology_hash","mad/min_time","mad/mean_time","mad/max_time","time"
"Dilated ResNet-38 Trained on Cityscapes Data","relu9",35,"Elementwise",0.000335,0.00033834999999999996,0.002301,0,0,1048576,0,1048576,128,64,128,128,64,128,"Ramp","","","","","","","HoldForm[ElementwiseLayer[Ramp, ""Input"" -> {128, 64, 128}]]","0dx3x2h53rfm1",3.1300776119402986e9,3.0990867444953456e9,4.5570447631464577e8,"{0.002301, 0.000506, 0.000387, 0.000358, 0.000343, 0.000344, 0.000344, 0.000355, 0.000342, 0.000342, 0.000343, 0.000343, 0.00035, 0.000345, 0.000342, 0.000336, 0.000336, 0.000336, 0.000348, 0.000335, 0.000337, 0.000335, 0.000336, 0.000336, 0.000336, 0.000336, 0.000336, 0.000336, 0.000336, 0.000337, 0.000346, 0.000336, 0.000337, 0.000338, 0.000337, 0.000336, 0.000336, 0.000337, 0.000337, 0.000336, 0.000337, 0.000337, 0.000354, 0.00034, 0.000337, 0.000338, 0.000338, 0.000338, 0.000336, 0.000337, 0.000338, 0.000338, 0.000338, 0.000337, 0.000347, 0.000338, 0.000338, 0.000337, 0.000337, 0.000337, 0.000338, 0.000338, 0.000337, 0.00034, 0.00034, 0.000337, 0.000348, 0.000337, 0.000336, 0.000337, 0.000337, 0.000345, 0.000339, 0.000338, 0.000337, 0.000338, 0.000338, 0.00035, 0.000338, 0.000339, 0.000339, 0.00034, 0.000339, 0.000339, 0.00034, 0.000339, 0.000338, 0.000339, 0.000339, 0.000352, 0.000339, 0.000339, 0.000339, 0.000339, 0.000338, 0.000338, 0.000339, 0.00034, 0.000339, 0.000339}"
