"model_name","layer_name","layer_index","kind","min_time","mean_time","max_time","add_flops","div_flops","cmp_flops","exp_flops","mad_flops","input_channel","input_height","input_width","output_channel","output_height","output_width","function","kernel_1","kernel_2","stride_1","stride_2","dilation_1","dilation_2","input_form","topology_hash","mad/min_time","mad/mean_time","mad/max_time","time"
"Inception V3 Trained on ImageNet Competition Data","Inception3/mixed_2_tower_conv_relu",69,"Elementwise",0.000033,0.000034300000000000014,0.000268,0,0,58800,0,58800,48,35,35,48,35,35,"Ramp","","","","","","","HoldForm[ElementwiseLayer[Ramp, ""Input"" -> {48, 35, 35}]]","0qo3x0xiin11r",1.7818181818181818e9,1.7142857142857134e9,2.1940298507462686e8,"{0.000268, 0.000043, 0.000036, 0.000035, 0.000034, 0.000035, 0.000035, 0.000035, 0.000034, 0.000034, 0.000035, 0.000034, 0.000035, 0.000035, 0.000035, 0.000035, 0.000035, 0.000035, 0.000035, 0.000034, 0.000034, 0.000034, 0.000034, 0.000035, 0.000035, 0.000034, 0.000034, 0.000034, 0.000034, 0.000034, 0.000035, 0.000034, 0.000034, 0.000034, 0.000034, 0.000034, 0.000035, 0.000034, 0.000034, 0.000044, 0.000035, 0.000034, 0.000034, 0.000035, 0.000034, 0.000034, 0.000034, 0.000034, 0.000034, 0.000034, 0.000034, 0.000034, 0.000034, 0.000034, 0.000034, 0.000035, 0.000034, 0.000035, 0.000035, 0.000035, 0.000034, 0.000034, 0.000034, 0.000034, 0.000035, 0.000034, 0.000034, 0.000034, 0.000034, 0.000034, 0.000034, 0.000034, 0.000034, 0.000035, 0.000035, 0.000034, 0.000034, 0.000034, 0.000034, 0.000035, 0.000033, 0.000034, 0.000034, 0.000034, 0.000034, 0.000035, 0.000034, 0.000034, 0.000034, 0.000034, 0.000035, 0.000034, 0.000053, 0.00006, 0.000038, 0.000035, 0.000034, 0.000035, 0.000035, 0.000034}"
