"model_name","layer_name","layer_index","kind","min_time","mean_time","max_time","add_flops","div_flops","cmp_flops","exp_flops","mad_flops","input_channel","input_height","input_width","output_channel","output_height","output_width","function","kernel_1","kernel_2","stride_1","stride_2","dilation_1","dilation_2","input_form","topology_hash","mad/min_time","mad/mean_time","mad/max_time","time"
"U-Net Trained on Glioblastoma-Astrocytoma U373 Cells on a Polyacrylamide Substrate Data","contract_2/relu_1",8,"Elementwise",0.006199,0.006257049999999998,0.021891,0,0,10179072,0,10179072,128,282,282,128,282,282,"Ramp","","","","","","","HoldForm[ElementwiseLayer[Ramp, ""Input"" -> {128, 282, 282}]]","00qctpm5tpf4o",1.6420506533311827e9,1.6268164710206892e9,4.649888995477593e8,"{0.021891, 0.006402, 0.006306, 0.006319, 0.006262, 0.006289, 0.006287, 0.006256, 0.00632, 0.006213, 0.006249, 0.00627, 0.006291, 0.006252, 0.006283, 0.006237, 0.006243, 0.006294, 0.006231, 0.006245, 0.006267, 0.006278, 0.006217, 0.006286, 0.006294, 0.006237, 0.006277, 0.006267, 0.006248, 0.00628, 0.006235, 0.006257, 0.006268, 0.006304, 0.006215, 0.0063, 0.006279, 0.006287, 0.006278, 0.006235, 0.006259, 0.006212, 0.006236, 0.006252, 0.006266, 0.006228, 0.006253, 0.006252, 0.006271, 0.006241, 0.006219, 0.006215, 0.006216, 0.006283, 0.006244, 0.006207, 0.00629, 0.006222, 0.006267, 0.006267, 0.006251, 0.00626, 0.006239, 0.006251, 0.006294, 0.006265, 0.006204, 0.006227, 0.006249, 0.006277, 0.0063, 0.006242, 0.006246, 0.00626, 0.006268, 0.006206, 0.006277, 0.006211, 0.006268, 0.006276, 0.006228, 0.006274, 0.006205, 0.006256, 0.00626, 0.006214, 0.006277, 0.006204, 0.006254, 0.0063, 0.006232, 0.00626, 0.006232, 0.006231, 0.006293, 0.006262, 0.006199, 0.00624, 0.00624, 0.006265}"
