"model_name","layer_name","layer_index","kind","min_time","mean_time","max_time","add_flops","div_flops","cmp_flops","exp_flops","mad_flops","input_channel","input_height","input_width","output_channel","output_height","output_width","function","kernel_1","kernel_2","stride_1","stride_2","dilation_1","dilation_2","input_form","topology_hash","mad/min_time","mad/mean_time","mad/max_time","time"
"CycleGAN Photo-to-Van Gogh Translation","9",9,"Elementwise",0.000337,0.0003393666666666668,0.002326,0,0,1048576,0,1048576,64,128,128,64,128,128,"Ramp","","","","","","","HoldForm[ElementwiseLayer[Ramp, ""Input"" -> {64, 128, 128}]]","0ceh9oj65p345",3.1115014836795254e9,3.0898025734210773e9,4.508065348237317e8,"{0.002326, 0.000541, 0.000413, 0.000351, 0.000345, 0.000343, 0.000343, 0.000342, 0.000343, 0.000342, 0.000342, 0.000342, 0.000343, 0.000363, 0.000344, 0.000339, 0.000339, 0.000349, 0.00034, 0.000339, 0.00034, 0.000338, 0.000339, 0.00034, 0.000355, 0.000339, 0.000339, 0.000338, 0.000338, 0.000339, 0.000339, 0.000341, 0.000339, 0.000339, 0.000339, 0.000338, 0.000348, 0.00034, 0.000339, 0.000339, 0.000338, 0.000338, 0.000337, 0.000339, 0.000339, 0.000338, 0.000348, 0.000338, 0.000349, 0.000339, 0.000338, 0.000338, 0.000338, 0.000338, 0.000339, 0.00034, 0.000337, 0.000339, 0.000339, 0.000349, 0.000339, 0.000338, 0.000337, 0.000339, 0.000339, 0.000339, 0.000338, 0.000339, 0.000338, 0.000338, 0.000339, 0.00035, 0.000338, 0.000338, 0.000339, 0.000351, 0.000339, 0.00034, 0.000339, 0.000339, 0.000339, 0.000338, 0.000339, 0.00035, 0.000339, 0.000339, 0.00034, 0.00034, 0.000338, 0.000339, 0.00034, 0.000338, 0.000339, 0.000337, 0.000339, 0.000349, 0.000339, 0.000339, 0.000339, 0.000339}"
