"model_name","layer_name","layer_index","kind","min_time","mean_time","max_time","add_flops","div_flops","cmp_flops","exp_flops","mad_flops","input_channel","input_height","input_width","output_channel","output_height","output_width","function","kernel_1","kernel_2","stride_1","stride_2","dilation_1","dilation_2","input_form","topology_hash","mad/min_time","mad/mean_time","mad/max_time","time"
"OpenFace Face Recognition Net Trained on CASIA-WebFace and FaceScrub Data","16/2/3",74,"Elementwise",0.000013,0.0000236,0.000137,0,0,4608,0,4608,32,12,12,32,12,12,"Ramp","","","","","","","HoldForm[ElementwiseLayer[Ramp, ""Input"" -> {32, 12, 12}]]","0j684z2mweeas",3.5446153846153843e8,1.952542372881356e8,3.363503649635036e7,"{0.000137, 0.000028, 0.000025, 0.000024, 0.000024, 0.000023, 0.000024, 0.000024, 0.000023, 0.000023, 0.000023, 0.000024, 0.000024, 0.000023, 0.000023, 0.000023, 0.000023, 0.000023, 0.000023, 0.000023, 0.000032, 0.000013, 0.000024, 0.000024, 0.000024, 0.000023, 0.000023, 0.000024, 0.000024, 0.000023, 0.000024, 0.000024, 0.000023, 0.000024, 0.000023, 0.000024, 0.000024, 0.000024, 0.000023, 0.000023, 0.000024, 0.000024, 0.000023, 0.000023, 0.000023, 0.000024, 0.000024, 0.000023, 0.000024, 0.000024, 0.000023, 0.000023, 0.000023, 0.000024, 0.000024, 0.000024, 0.000024, 0.000024, 0.000023, 0.000023, 0.000024, 0.000024, 0.000024, 0.000023, 0.000023, 0.000024, 0.000024, 0.000024, 0.000023, 0.000023, 0.000024, 0.000024, 0.000023, 0.000023, 0.000024, 0.000024, 0.000024, 0.000023, 0.000023, 0.000024, 0.000024, 0.000023, 0.000024, 0.000024, 0.000023, 0.000023, 0.000023, 0.000023, 0.000024, 0.000024, 0.000024, 0.000024, 0.000023, 0.000023, 0.000024, 0.000024, 0.000024, 0.000023, 0.000024, 0.000024}"
