"model_name","layer_name","layer_index","kind","min_time","mean_time","max_time","add_flops","div_flops","cmp_flops","exp_flops","mad_flops","input_channel","input_height","input_width","output_channel","output_height","output_width","function","kernel_1","kernel_2","stride_1","stride_2","dilation_1","dilation_2","input_form","topology_hash","mad/min_time","mad/mean_time","mad/max_time","time"
"Ademxapp Model A1 Trained on PASCAL VOC2012 and MS-COCO Data","3b2/res3b2_branch2a_relu",40,"Elementwise",0.002032,0.002079933333333333,0.00893,0,0,4064256,0,4064256,256,126,126,256,126,126,"Ramp","","","","","","","HoldForm[ElementwiseLayer[Ramp, ""Input"" -> {256, 126, 126}]]","0szc8hu6pd3d3",2.0001259842519686e9,1.9540318599955127e9,4.551238521836506e8,"{0.00893, 0.002543, 0.002312, 0.002172, 0.002161, 0.002163, 0.002142, 0.002143, 0.002142, 0.002099, 0.002153, 0.002082, 0.002096, 0.002051, 0.002083, 0.002095, 0.002086, 0.002093, 0.002067, 0.002078, 0.002091, 0.00211, 0.002057, 0.00208, 0.00206, 0.002097, 0.002121, 0.002074, 0.002059, 0.002107, 0.002047, 0.00207, 0.002032, 0.002058, 0.002059, 0.002066, 0.002054, 0.00207, 0.002057, 0.002092, 0.002062, 0.002076, 0.002039, 0.002078, 0.002075, 0.002049, 0.00205, 0.002052, 0.002056, 0.002053}"
