"model_name","layer_name","layer_index","kind","min_time","mean_time","max_time","add_flops","div_flops","cmp_flops","exp_flops","mad_flops","input_channel","input_height","input_width","output_channel","output_height","output_width","function","kernel_1","kernel_2","stride_1","stride_2","dilation_1","dilation_2","input_form","topology_hash","mad/min_time","mad/mean_time","mad/max_time","time"
"Yahoo Open NSFW Model V1","stage0_block0/relu_branch2a",10,"Elementwise",0.000044,0.00004626666666666666,0.000079,0,0,100352,0,100352,32,56,56,32,56,56,"Ramp","","","","","","","HoldForm[ElementwiseLayer[Ramp, ""Input"" -> {32, 56, 56}]]","0cwuh44b7xixf",2.280727272727273e9,2.168991354466859e9,1.2702784810126584e9,"{0.000079, 0.000049, 0.000046, 0.000045, 0.000045, 0.000045, 0.000045, 0.000045, 0.000044, 0.000045, 0.000044, 0.000075, 0.000078, 0.00005, 0.000047, 0.000047, 0.000046, 0.000046, 0.000047, 0.000046, 0.000047, 0.000047, 0.000047, 0.000047, 0.000046, 0.000046, 0.000046, 0.000046, 0.000046, 0.000046, 0.000046, 0.000046, 0.000046, 0.000046, 0.000046, 0.000046, 0.000047, 0.000046, 0.000046, 0.000046, 0.000046, 0.000047, 0.000046, 0.000046, 0.000046, 0.000046, 0.000049, 0.00005, 0.000047, 0.000047}"
