"model_name","layer_name","layer_index","kind","min_time","mean_time","max_time","add_flops","div_flops","cmp_flops","exp_flops","mad_flops","input_channel","input_height","input_width","output_channel","output_height","output_width","function","kernel_1","kernel_2","stride_1","stride_2","dilation_1","dilation_2","input_form","topology_hash","mad/min_time","mad/mean_time","mad/max_time","time"
"ResNet-101 Trained on ImageNet Competition Data","2b/res2b_branch2a_relu",20,"Elementwise",0.000077,0.00007806666666666664,0.000555,0,0,200704,0,200704,64,56,56,64,56,56,"Ramp","","","","","","","HoldForm[ElementwiseLayer[Ramp, ""Input"" -> {64, 56, 56}]]","0055vgwv4hket",2.6065454545454545e9,2.570930828351837e9,3.616288288288288e8,"{0.000555, 0.0001, 0.00008, 0.000078, 0.000079, 0.000079, 0.000079, 0.000079, 0.000079, 0.000078, 0.000078, 0.000079, 0.000078, 0.000078, 0.000078, 0.000078, 0.000079, 0.000089, 0.000079, 0.000078, 0.000078, 0.000079, 0.000078, 0.000078, 0.000087, 0.000088, 0.000078, 0.000078, 0.000079, 0.000078, 0.000079, 0.000078, 0.000078, 0.000077, 0.000078, 0.000078, 0.000079, 0.000078, 0.000078, 0.000078, 0.00009, 0.000078, 0.000079, 0.000079, 0.000078, 0.000078, 0.000078, 0.000086, 0.000078, 0.000078, 0.000078, 0.000078, 0.000078, 0.000078, 0.000078, 0.000079, 0.000078, 0.000078, 0.000078, 0.000078, 0.000078, 0.000078, 0.000078, 0.000078, 0.000078, 0.000078, 0.000078, 0.000078, 0.000078, 0.000078, 0.000078, 0.000078, 0.000077, 0.000078, 0.000078, 0.000078, 0.000078, 0.000078, 0.000078, 0.000078, 0.000077, 0.000078, 0.000078, 0.000078, 0.000078, 0.000077, 0.000078, 0.000078, 0.000078, 0.000078, 0.000089, 0.000078, 0.000078, 0.000078, 0.000078, 0.000078, 0.000078, 0.000078, 0.000078, 0.000077}"
