"model_name","layer_name","layer_index","kind","min_time","mean_time","max_time","add_flops","div_flops","cmp_flops","exp_flops","mad_flops","input_channel","input_height","input_width","output_channel","output_height","output_width","function","kernel_1","kernel_2","stride_1","stride_2","dilation_1","dilation_2","input_form","topology_hash","mad/min_time","mad/mean_time","mad/max_time","time"
"SSD-VGG-512 Trained on MS-COCO Data","1/1/blockNet9/conv9b/2",43,"Elementwise",0.000024,0.000025,0.000077,0,0,16384,0,16384,256,8,8,256,8,8,"Ramp","","","","","","","HoldForm[ElementwiseLayer[Ramp, ""Input"" -> {256, 8, 8}]]","0753v9hbefcxf",6.826666666666666e8,6.5536e8,2.127792207792208e8,"{0.000077, 0.000029, 0.000026, 0.000025, 0.000025, 0.000025, 0.000025, 0.000025, 0.000025, 0.000025, 0.000025, 0.000025, 0.000024, 0.000025, 0.000025, 0.000042, 0.000026, 0.000026, 0.000025, 0.000025, 0.000025, 0.000025, 0.000025, 0.000025, 0.000025, 0.000026, 0.000025, 0.000025, 0.000025, 0.000024, 0.000025, 0.000024, 0.000025, 0.000025, 0.000025, 0.000025, 0.000025, 0.000024, 0.000025, 0.000025, 0.000025, 0.000025, 0.000025, 0.000026, 0.000025, 0.000025, 0.000025, 0.000025, 0.000025, 0.000025}"
