"model_name","layer_name","layer_index","kind","min_time","mean_time","max_time","add_flops","div_flops","cmp_flops","exp_flops","mad_flops","input_channel","input_height","input_width","output_channel","output_height","output_width","function","kernel_1","kernel_2","stride_1","stride_2","dilation_1","dilation_2","input_form","topology_hash","mad/min_time","mad/mean_time","mad/max_time","time"
"Squeeze-and-Excitation Net Trained on ImageNet Competition Data","z10/conv4_36_1x1_reduce_relu",802,"Elementwise",0.000044,0.00004616666666666671,0.000357,0,0,100352,0,100352,512,14,14,512,14,14,"Ramp","","","","","","","HoldForm[ElementwiseLayer[Ramp, ""Input"" -> {512, 14, 14}]]","051ljacqnis96",2.280727272727273e9,2.173689530685919e9,2.8109803921568626e8,"{0.000357, 0.000056, 0.000048, 0.000047, 0.000045, 0.000046, 0.000045, 0.000045, 0.000045, 0.000045, 0.000044, 0.000045, 0.000045, 0.000044, 0.000045, 0.000045, 0.000045, 0.000044, 0.000044, 0.000044, 0.000045, 0.000044, 0.000044, 0.000045, 0.000045, 0.000045, 0.000045, 0.000045, 0.000052, 0.000046, 0.000052, 0.000045, 0.000045, 0.000044, 0.000045, 0.000045, 0.000045, 0.000044, 0.000045, 0.000045, 0.000045, 0.000045, 0.000045, 0.000045, 0.000059, 0.000048, 0.000046, 0.000046, 0.000046, 0.000046, 0.000046, 0.000047, 0.000047, 0.000046, 0.000047, 0.000047, 0.000047, 0.000047, 0.000046, 0.000047, 0.000047, 0.000047, 0.000047, 0.000047, 0.000047, 0.000047, 0.000047, 0.000047, 0.000047, 0.000047, 0.000046, 0.000047, 0.000047, 0.000047, 0.000047, 0.000046, 0.000046, 0.000047, 0.000047, 0.000047, 0.000047, 0.000047, 0.000046, 0.000046, 0.000047, 0.000047, 0.000046, 0.000047, 0.000047, 0.000046, 0.000046, 0.000047, 0.000047, 0.000047, 0.000047, 0.000047, 0.000046, 0.000047, 0.000047, 0.000047}"
