"model_name","layer_name","layer_index","kind","min_time","mean_time","max_time","add_flops","div_flops","cmp_flops","exp_flops","mad_flops","input_channel","input_height","input_width","output_channel","output_height","output_width","function","kernel_1","kernel_2","stride_1","stride_2","dilation_1","dilation_2","input_form","topology_hash","mad/min_time","mad/mean_time","mad/max_time","time"
"3D Face Alignment Net Trained on 300W Large Pose Data","18/1/1/2",492,"Elementwise",0.000345,0.00035023333333333346,0.002407,0,0,1048576,0,1048576,256,64,64,256,64,64,"Ramp","","","","","","","HoldForm[ElementwiseLayer[Ramp, ""Input"" -> {256, 64, 64}]]","11v1xlvm83ptf",3.0393507246376815e9,2.9939354715903673e9,4.3563606148732865e8,"{0.002407, 0.000547, 0.000426, 0.00036, 0.000356, 0.000368, 0.000355, 0.000356, 0.000356, 0.000355, 0.000356, 0.000355, 0.000356, 0.000355, 0.000368, 0.000345, 0.000354, 0.000346, 0.000347, 0.000345, 0.000345, 0.000345, 0.000345, 0.000345, 0.000346, 0.000345, 0.000346, 0.000347, 0.000358, 0.000349, 0.000357, 0.000347, 0.000348, 0.000349, 0.000348, 0.000348, 0.000349, 0.000348, 0.000349, 0.00036, 0.000349, 0.000348, 0.000348, 0.000348, 0.000348, 0.000348, 0.000348, 0.000348, 0.000347, 0.000348}"
