"model_name","layer_name","layer_index","kind","min_time","mean_time","max_time","add_flops","div_flops","cmp_flops","exp_flops","mad_flops","input_channel","input_height","input_width","output_channel","output_height","output_width","function","kernel_1","kernel_2","stride_1","stride_2","dilation_1","dilation_2","input_form","topology_hash","mad/min_time","mad/mean_time","mad/max_time","time"
"ResNet-101 Trained on ImageNet Competition Data","2a/res2a_relu",17,"Elementwise",0.00026,0.0002618999999999999,0.0018,0,0,802816,0,802816,256,56,56,256,56,56,"Ramp","","","","","","","HoldForm[ElementwiseLayer[Ramp, ""Input"" -> {256, 56, 56}]]","0tcc7oger2ac7",3.0877538461538467e9,3.065353188239787e9,4.460088888888889e8,"{0.0018, 0.000364, 0.000294, 0.000265, 0.000261, 0.000262, 0.000262, 0.000261, 0.000261, 0.000261, 0.000272, 0.000263, 0.000261, 0.000261, 0.000261, 0.000261, 0.000261, 0.000273, 0.000263, 0.00026, 0.000261, 0.000261, 0.000261, 0.00026, 0.000261, 0.000261, 0.000261, 0.000261, 0.000261, 0.000261, 0.000262, 0.000261, 0.00026, 0.000272, 0.000262, 0.000264, 0.00027, 0.000262, 0.000262, 0.000262, 0.000262, 0.000262, 0.000262, 0.000262, 0.000262, 0.000262, 0.000261, 0.000261, 0.00027, 0.000264, 0.000263, 0.000261, 0.000261, 0.000261, 0.000261, 0.000261, 0.000262, 0.000262, 0.000261, 0.000261, 0.000261, 0.000261, 0.000261, 0.000271, 0.000262, 0.000262, 0.000262, 0.000261, 0.000261, 0.000261, 0.000262, 0.000262, 0.000262, 0.000262, 0.00027, 0.000264, 0.000262, 0.000261, 0.000272, 0.000263, 0.000262, 0.000263, 0.000263, 0.000263, 0.000262, 0.000263, 0.000263, 0.000265, 0.000265, 0.000263, 0.000263, 0.000263, 0.000262, 0.000274, 0.000263, 0.000263, 0.000262, 0.000262, 0.000262, 0.000262}"
