"model_name","layer_name","layer_index","kind","min_time","mean_time","max_time","add_flops","div_flops","cmp_flops","exp_flops","mad_flops","input_channel","input_height","input_width","output_channel","output_height","output_width","function","kernel_1","kernel_2","stride_1","stride_2","dilation_1","dilation_2","input_form","topology_hash","mad/min_time","mad/mean_time","mad/max_time","time"
"CycleGAN Summer-to-Winter Translation","15/1/4",39,"Elementwise",0.000208,0.0002106666666666667,0.001181,0,0,524288,0,524288,128,64,64,128,64,64,"Ramp","","","","","","","HoldForm[ElementwiseLayer[Ramp, ""Input"" -> {128, 64, 64}]]","1hgvs9hyt3yrr",2.5206153846153846e9,2.4887088607594934e9,4.4393564775613886e8,"{0.001181, 0.000241, 0.000231, 0.000213, 0.000214, 0.000213, 0.000213, 0.000213, 0.000213, 0.000227, 0.000209, 0.000208, 0.000243, 0.000211, 0.00021, 0.00021, 0.00021, 0.000221, 0.000211, 0.00021, 0.000209, 0.00021, 0.00021, 0.000211, 0.00021, 0.00021, 0.00021, 0.000209, 0.00021, 0.00021, 0.00021, 0.00021, 0.00021, 0.00021, 0.00021, 0.00021, 0.00022, 0.00021, 0.000208, 0.000209, 0.000209, 0.000209, 0.000209, 0.000209, 0.000208, 0.000227, 0.000212, 0.000211, 0.00021, 0.00022}"
