"model_name","layer_name","layer_index","kind","min_time","mean_time","max_time","add_flops","div_flops","cmp_flops","exp_flops","mad_flops","input_channel","input_height","input_width","output_channel","output_height","output_width","function","kernel_1","kernel_2","stride_1","stride_2","dilation_1","dilation_2","input_form","topology_hash","mad/min_time","mad/mean_time","mad/max_time","time"
"Dilated ResNet-105 Trained on Cityscapes Data","relu7",27,"Elementwise",0.000693,0.0007041333333333334,0.004569,0,0,2097152,0,2097152,64,128,256,64,128,256,"Ramp","","","","","","","HoldForm[ElementwiseLayer[Ramp, ""Input"" -> {64, 128, 256}]]","1rs0uwtp6kcgp",3.026193362193362e9,2.978345010414694e9,4.589958415408186e8,"{0.004569, 0.001209, 0.001016, 0.000761, 0.000716, 0.000707, 0.000713, 0.000717, 0.000703, 0.000712, 0.000702, 0.000702, 0.000718, 0.00072, 0.000708, 0.000703, 0.000701, 0.000704, 0.000703, 0.000711, 0.000697, 0.000696, 0.000704, 0.0007, 0.000721, 0.000704, 0.000712, 0.000705, 0.000703, 0.000709, 0.000714, 0.000703, 0.000696, 0.000702, 0.000701, 0.000697, 0.000712, 0.000698, 0.000711, 0.000701, 0.000699, 0.000717, 0.000707, 0.000704, 0.000701, 0.000699, 0.000707, 0.000711, 0.000701, 0.000694, 0.000693, 0.000693, 0.000709, 0.000718, 0.000702, 0.000714, 0.000702, 0.000702, 0.000709, 0.000699, 0.000696, 0.0007, 0.000695, 0.000697, 0.000703, 0.000701, 0.000697, 0.000699, 0.000698, 0.000714, 0.000717, 0.000699, 0.000701, 0.000703, 0.000699, 0.000703, 0.000715, 0.000702, 0.0007, 0.000693, 0.000704, 0.000715, 0.000712, 0.000715, 0.000699, 0.000703, 0.0007, 0.00071, 0.000701, 0.0007, 0.000693, 0.000697, 0.000694, 0.00071, 0.0007, 0.0007, 0.0007, 0.000723, 0.000731, 0.000708}"
