"model_name","layer_name","layer_index","kind","min_time","mean_time","max_time","add_flops","div_flops","cmp_flops","exp_flops","mad_flops","input_channel","input_height","input_width","output_channel","output_height","output_width","function","kernel_1","kernel_2","stride_1","stride_2","dilation_1","dilation_2","input_form","topology_hash","mad/min_time","mad/mean_time","mad/max_time","time"
"3D Face Alignment Net Trained on 300W Large Pose Data","13/1/2/3/1/2/3/1/2/3/1/2/2/1/1/2",623,"Elementwise",0.000015,0.000024183333333333346,0.000138,0,0,4096,0,4096,256,4,4,256,4,4,"Ramp","","","","","","","HoldForm[ElementwiseLayer[Ramp, ""Input"" -> {256, 4, 4}]]","14dwieciwh2o4",2.730666666666667e8,1.6937284631288758e8,2.9681159420289855e7,"{0.000138, 0.000029, 0.000026, 0.000026, 0.000026, 0.000025, 0.000024, 0.000025, 0.000024, 0.000025, 0.000025, 0.000025, 0.000025, 0.000025, 0.000024, 0.000025, 0.000025, 0.000024, 0.000024, 0.000025, 0.000025, 0.000025, 0.000025, 0.000025, 0.000024, 0.000024, 0.000025, 0.000025, 0.000024, 0.000025, 0.000025, 0.000024, 0.000025, 0.000025, 0.000025, 0.000024, 0.000025, 0.000024, 0.000025, 0.000025, 0.000025, 0.000025, 0.000025, 0.000024, 0.000025, 0.000025, 0.000024, 0.000024, 0.000025, 0.000025, 0.000024, 0.000024, 0.000024, 0.000025, 0.000025, 0.000025, 0.000024, 0.000025, 0.000025, 0.000025, 0.000025, 0.000024, 0.000025, 0.000025, 0.000025, 0.000025, 0.000025, 0.000025, 0.000036, 0.000018, 0.000017, 0.000015, 0.000017, 0.000017, 0.000017, 0.000017, 0.000023, 0.000017, 0.000022, 0.000016, 0.000024, 0.000023, 0.000023, 0.000023, 0.000022, 0.000022, 0.000017, 0.000023, 0.000022, 0.000017, 0.000016, 0.000016, 0.000015, 0.000016, 0.000017, 0.000017, 0.000016, 0.000017, 0.000017, 0.000016}"
