"model_name","layer_name","layer_index","kind","min_time","mean_time","max_time","add_flops","div_flops","cmp_flops","exp_flops","mad_flops","input_channel","input_height","input_width","output_channel","output_height","output_width","function","kernel_1","kernel_2","stride_1","stride_2","dilation_1","dilation_2","input_form","topology_hash","mad/min_time","mad/mean_time","mad/max_time","time"
"AdaIN-Style Trained on MS-COCO and Painter by Numbers Data","encoder_content/23",23,"Elementwise",0.002055,0.0021012333333333333,0.008833,0,0,4194304,0,4194304,256,128,128,256,128,128,"Ramp","","","","","","","HoldForm[ElementwiseLayer[Ramp, ""Input"" -> {256, 128, 128}]]","0ncvn3sejjvjr",2.0410238442822385e9,1.9961152973650396e9,4.748447865957206e8,"{0.008833, 0.002602, 0.002321, 0.002217, 0.002167, 0.00218, 0.002148, 0.002158, 0.002127, 0.002141, 0.002132, 0.002107, 0.002149, 0.002107, 0.00211, 0.002106, 0.002124, 0.002105, 0.002115, 0.002105, 0.002126, 0.002117, 0.002116, 0.002097, 0.002109, 0.002084, 0.002104, 0.002091, 0.002055, 0.002077, 0.002064, 0.0021, 0.002069, 0.002093, 0.002057, 0.002091, 0.002071, 0.002091, 0.002058, 0.002082, 0.002081, 0.002089, 0.002073, 0.002085, 0.002072, 0.002093, 0.00207, 0.0021, 0.002071, 0.002069}"
