"model_name","layer_name","layer_index","kind","min_time","mean_time","max_time","add_flops","div_flops","cmp_flops","exp_flops","mad_flops","input_channel","input_height","input_width","output_channel","output_height","output_width","function","kernel_1","kernel_2","stride_1","stride_2","dilation_1","dilation_2","input_form","topology_hash","mad/min_time","mad/mean_time","mad/max_time","time"
"CycleGAN Photo-to-Van Gogh Translation","9",9,"Elementwise",0.000353,0.00035840000000000004,0.00217,0,0,1048576,0,1048576,64,128,128,64,128,128,"Ramp","","","","","","","HoldForm[ElementwiseLayer[Ramp, ""Input"" -> {64, 128, 128}]]","0ceh9oj65p345",2.970470254957507e9,2.9257142857142854e9,4.832147465437788e8,"{0.00217, 0.00048, 0.000403, 0.000363, 0.00036, 0.000369, 0.000361, 0.000361, 0.000361, 0.000372, 0.000361, 0.000362, 0.000361, 0.000361, 0.000361, 0.000361, 0.000361, 0.000363, 0.000362, 0.000376, 0.00036, 0.000353, 0.000353, 0.000354, 0.000353, 0.000365, 0.000357, 0.000353, 0.000354, 0.000353, 0.000354, 0.000368, 0.000358, 0.000364, 0.000354, 0.000355, 0.000353, 0.000354, 0.000354, 0.000355, 0.000355, 0.000353, 0.000365, 0.000356, 0.000355, 0.000356, 0.000356, 0.000355, 0.000357, 0.000356}"
