"model_name","layer_name","layer_index","kind","min_time","mean_time","max_time","add_flops","div_flops","cmp_flops","exp_flops","mad_flops","input_channel","input_height","input_width","output_channel","output_height","output_width","function","kernel_1","kernel_2","stride_1","stride_2","dilation_1","dilation_2","input_form","topology_hash","mad/min_time","mad/mean_time","mad/max_time","time"
"Dilated ResNet-38 Trained on Cityscapes Data","relu25",95,"Elementwise",0.000733,0.0007499166666666669,0.004586,0,0,2097152,0,2097152,256,64,128,256,64,128,"Ramp","","","","","","","HoldForm[ElementwiseLayer[Ramp, ""Input"" -> {256, 64, 128}]]","1dq53uhc5a1i5",2.8610532060027285e9,2.796513390376708e9,4.5729437418229395e8,"{0.004586, 0.001216, 0.001045, 0.000813, 0.000753, 0.000752, 0.000747, 0.000755, 0.000747, 0.000743, 0.000744, 0.000749, 0.000759, 0.000741, 0.00075, 0.000746, 0.000755, 0.000756, 0.000755, 0.000742, 0.000748, 0.000749, 0.000747, 0.000757, 0.000747, 0.000746, 0.000751, 0.000748, 0.000774, 0.000752, 0.000748, 0.000753, 0.000751, 0.000759, 0.000779, 0.000751, 0.000747, 0.000748, 0.000748, 0.000764, 0.000748, 0.000757, 0.000747, 0.000748, 0.000761, 0.000744, 0.000748, 0.000749, 0.000752, 0.000759, 0.00075, 0.000746, 0.00075, 0.000748, 0.000757, 0.000763, 0.00075, 0.000752, 0.000751, 0.000745, 0.000762, 0.000746, 0.000745, 0.000751, 0.000744, 0.000763, 0.000751, 0.000748, 0.000757, 0.000751, 0.000751, 0.00076, 0.000746, 0.000751, 0.000744, 0.00075, 0.00076, 0.000745, 0.000742, 0.000744, 0.000744, 0.00077, 0.000749, 0.000748, 0.000747, 0.000747, 0.000749, 0.000758, 0.000746, 0.000747, 0.000747, 0.000742, 0.000761, 0.000736, 0.00075, 0.000738, 0.00074, 0.000759, 0.000741, 0.000733}"
