"model_name","layer_name","layer_index","kind","min_time","mean_time","max_time","add_flops","div_flops","cmp_flops","exp_flops","mad_flops","input_channel","input_height","input_width","output_channel","output_height","output_width","function","kernel_1","kernel_2","stride_1","stride_2","dilation_1","dilation_2","input_form","topology_hash","mad/min_time","mad/mean_time","mad/max_time","time"
"ResNet-152 Trained on ImageNet Competition Data","4b21/res4b21_relu",341,"Elementwise",0.00008,0.00008129999999999998,0.000103,0,0,200704,0,200704,1024,14,14,1024,14,14,"Ramp","","","","","","","HoldForm[ElementwiseLayer[Ramp, ""Input"" -> {1024, 14, 14}]]","1k2x5pn4rbhw1",2.5087999999999995e9,2.468683886838869e9,1.9485825242718446e9,"{0.000103, 0.000098, 0.000082, 0.000093, 0.000081, 0.000081, 0.000081, 0.000081, 0.000081, 0.000081, 0.000081, 0.000082, 0.000081, 0.000081, 0.000082, 0.000081, 0.000081, 0.000081, 0.000081, 0.000081, 0.000081, 0.000081, 0.000081, 0.000081, 0.000081, 0.000081, 0.000082, 0.000081, 0.000081, 0.000089, 0.000087, 0.000082, 0.000081, 0.000082, 0.000081, 0.000082, 0.000082, 0.000082, 0.000081, 0.000081, 0.000082, 0.000081, 0.000082, 0.000082, 0.000082, 0.000082, 0.000081, 0.000081, 0.000081, 0.00008}"
