"model_name","layer_name","layer_index","kind","min_time","mean_time","max_time","add_flops","div_flops","cmp_flops","exp_flops","mad_flops","input_channel","input_height","input_width","output_channel","output_height","output_width","function","kernel_1","kernel_2","stride_1","stride_2","dilation_1","dilation_2","input_form","topology_hash","mad/min_time","mad/mean_time","mad/max_time","time"
"Ademxapp Model A1 Trained on ADE20K Data","4b4/res4b4_branch2b1_relu",79,"Elementwise",0.000685,0.0006961833333333338,0.004416,0,0,2032128,0,2032128,512,63,63,512,63,63,"Ramp","","","","","","","HoldForm[ElementwiseLayer[Ramp, ""Input"" -> {512, 63, 63}]]","0bs40dqisfuvt",2.9666102189781027e9,2.918955256038877e9,4.6017391304347825e8,"{0.004416, 0.001177, 0.000994, 0.000777, 0.000714, 0.000702, 0.000713, 0.000704, 0.000711, 0.000694, 0.000699, 0.000695, 0.000691, 0.000706, 0.000698, 0.000704, 0.000704, 0.000695, 0.000695, 0.000705, 0.000693, 0.000693, 0.000695, 0.000692, 0.000693, 0.000704, 0.000698, 0.000694, 0.000692, 0.000705, 0.000693, 0.000708, 0.000692, 0.000693, 0.000694, 0.000694, 0.000707, 0.000695, 0.000694, 0.000688, 0.000691, 0.000693, 0.000703, 0.000699, 0.000694, 0.000695, 0.000694, 0.000693, 0.000709, 0.000694, 0.000692, 0.000705, 0.000691, 0.000693, 0.000702, 0.000693, 0.000694, 0.000691, 0.000705, 0.000703, 0.00069, 0.000705, 0.000696, 0.000694, 0.000696, 0.000706, 0.000694, 0.000695, 0.000694, 0.000691, 0.000695, 0.000703, 0.0007, 0.00069, 0.000695, 0.000693, 0.000695, 0.0007, 0.000692, 0.000685, 0.000694, 0.000693, 0.000709, 0.000687, 0.000694, 0.000693, 0.000702, 0.0007, 0.000709, 0.000696, 0.000691, 0.000694, 0.000693, 0.000694, 0.000702, 0.000693, 0.000685, 0.000694, 0.000691, 0.000696}"
