"model_name","layer_name","layer_index","kind","min_time","mean_time","max_time","add_flops","div_flops","cmp_flops","exp_flops","mad_flops","input_channel","input_height","input_width","output_channel","output_height","output_width","function","kernel_1","kernel_2","stride_1","stride_2","dilation_1","dilation_2","input_form","topology_hash","mad/min_time","mad/mean_time","mad/max_time","time"
"Inception V1 Trained on Extended Salient Object Subitizing Data","inception_5a/relu_1x1",116,"Elementwise",0.000025,0.000026316666666666645,0.000157,0,0,12544,0,12544,256,7,7,256,7,7,"Ramp","","","","","","","HoldForm[ElementwiseLayer[Ramp, ""Input"" -> {256, 7, 7}]]","1gveqrix91rz0",5.0176e8,4.766561114629516e8,7.989808917197452e7,"{0.000157, 0.000029, 0.000027, 0.000027, 0.000026, 0.000027, 0.000026, 0.000027, 0.000026, 0.000026, 0.000025, 0.000026, 0.000027, 0.000026, 0.000027, 0.000026, 0.000027, 0.000025, 0.000027, 0.000026, 0.000027, 0.000025, 0.000025, 0.000026, 0.000034, 0.000027, 0.000027, 0.000033, 0.000026, 0.000027, 0.000026, 0.000027, 0.000025, 0.000027, 0.000026, 0.000027, 0.000026, 0.000027, 0.000026, 0.000027, 0.000025, 0.000027, 0.000026, 0.000026, 0.000038, 0.000027, 0.000026, 0.000027, 0.000025, 0.000027, 0.000025, 0.000025, 0.000027, 0.000026, 0.000026, 0.000026, 0.000026, 0.000026, 0.000027, 0.000025, 0.000027, 0.000026, 0.000026, 0.000026, 0.000026, 0.000027, 0.000026, 0.000026, 0.000026, 0.000026, 0.000026, 0.000027, 0.000025, 0.000027, 0.000026, 0.000026, 0.000026, 0.000027, 0.000025, 0.000026, 0.000026, 0.000026, 0.000026, 0.000026, 0.000027, 0.000025, 0.000027, 0.000026, 0.000026, 0.000026, 0.000027, 0.000026, 0.000027, 0.000026, 0.000027, 0.000025, 0.000026, 0.000026, 0.000027, 0.000025}"
