"model_name","layer_name","layer_index","kind","min_time","mean_time","max_time","add_flops","div_flops","cmp_flops","exp_flops","mad_flops","input_channel","input_height","input_width","output_channel","output_height","output_width","function","kernel_1","kernel_2","stride_1","stride_2","dilation_1","dilation_2","input_form","topology_hash","mad/min_time","mad/mean_time","mad/max_time","time"
"Wide ResNet-50-2 Trained on ImageNet Competition Data","8/3",39,"Elementwise",0.000274,0.0002776333333333334,0.000319,0,0,802816,0,802816,256,56,56,256,56,56,"Ramp","","","","","","","HoldForm[ElementwiseLayer[Ramp, ""Input"" -> {256, 56, 56}]]","0tcc7oger2ac7",2.929985401459854e9,2.8916412534517946e9,2.516664576802508e9,"{0.000319, 0.000294, 0.000284, 0.000282, 0.000281, 0.000282, 0.000281, 0.000281, 0.000291, 0.000282, 0.000292, 0.000282, 0.000282, 0.000281, 0.000281, 0.000281, 0.000297, 0.000276, 0.000276, 0.000276, 0.000275, 0.000276, 0.000295, 0.000276, 0.000276, 0.000275, 0.000275, 0.000276, 0.000276, 0.000275, 0.000284, 0.000276, 0.000276, 0.000276, 0.000275, 0.000276, 0.000275, 0.000284, 0.000276, 0.000276, 0.000275, 0.000276, 0.000275, 0.000275, 0.000275, 0.000274, 0.000275, 0.000275, 0.000274, 0.000275}"
