"model_name","layer_name","layer_index","kind","min_time","mean_time","max_time","add_flops","div_flops","cmp_flops","exp_flops","mad_flops","input_channel","input_height","input_width","output_channel","output_height","output_width","function","kernel_1","kernel_2","stride_1","stride_2","dilation_1","dilation_2","input_form","topology_hash","mad/min_time","mad/mean_time","mad/max_time","time"
"Pix2pix Photo-to-Street-Map Translation","28",38,"Elementwise",0.000035,0.00003550000000000001,0.000279,0,0,65536,0,65536,1024,8,8,1024,8,8,"Ramp","","","","","","","HoldForm[ElementwiseLayer[Ramp, ""Input"" -> {1024, 8, 8}]]","06gkeqefbb2fu",1.872457142857143e9,1.846084507042253e9,2.3489605734767026e8,"{0.000279, 0.000043, 0.000038, 0.000036, 0.000036, 0.000036, 0.000036, 0.000036, 0.000035, 0.000035, 0.000035, 0.000036, 0.000036, 0.000035, 0.000035, 0.000035, 0.000035, 0.000035, 0.000036, 0.000036, 0.000035, 0.000035, 0.000035, 0.000035, 0.000035, 0.000035, 0.000036, 0.000036, 0.000036, 0.000035, 0.000035, 0.000035, 0.000035, 0.000036, 0.000036, 0.000035, 0.000035, 0.000036, 0.000036, 0.000036, 0.000036, 0.000036, 0.000035, 0.000035, 0.000035, 0.000035, 0.000035, 0.000036, 0.000036, 0.000036, 0.000036, 0.000036, 0.000035, 0.000036, 0.000036, 0.000036, 0.000036, 0.000036, 0.000036, 0.000035, 0.000035, 0.000035, 0.000036, 0.000035, 0.000036, 0.000035, 0.000035, 0.000036, 0.000036, 0.000036, 0.000036, 0.000036, 0.000036, 0.000035, 0.000035, 0.000036, 0.000036, 0.000036, 0.000035, 0.000035, 0.000035, 0.000035, 0.000036, 0.000035, 0.000035, 0.000035, 0.000035, 0.000035, 0.000036, 0.000035, 0.000035, 0.000035, 0.000036, 0.000035, 0.000036, 0.000035, 0.000035, 0.000045, 0.000044, 0.000035}"
