"model_name","layer_name","layer_index","kind","min_time","mean_time","max_time","add_flops","div_flops","cmp_flops","exp_flops","mad_flops","input_channel","input_height","input_width","output_channel","output_height","output_width","function","kernel_1","kernel_2","stride_1","stride_2","dilation_1","dilation_2","input_form","topology_hash","mad/min_time","mad/mean_time","mad/max_time","time"
"GPT Transformer Trained on BookCorpus Data","decoder/10/1/attention/6/query/Net",671,"Linear",0.000024,0.000032800000000000004,0.00014,0,0,0,0,49152,768,"","",64,"","","","","","","","","","HoldForm[LinearLayer[{64}, ""Input"" -> 768]]","1ar66gqblf480",2.048e9,1.4985365853658535e9,3.5108571428571427e8,"{0.000036, 0.00004, 0.000025, 0.000024, 0.000025, 0.000024, 0.000024, 0.000024, 0.000024, 0.000024, 0.000024, 0.000024, 0.000024, 0.000024, 0.000024, 0.000024, 0.000034, 0.000044, 0.000027, 0.000028, 0.000027, 0.000027, 0.000028, 0.000051, 0.00014, 0.000027, 0.000028, 0.000027, 0.000044, 0.000027, 0.000026, 0.00003, 0.000042, 0.000042, 0.000042, 0.000042, 0.000042, 0.000041, 0.000041, 0.000041, 0.000042, 0.000042, 0.000041, 0.000041, 0.000061, 0.000037, 0.000037, 0.000036, 0.000037, 0.000038}"
