"model_name","layer_name","layer_index","kind","min_time","mean_time","max_time","add_flops","div_flops","cmp_flops","exp_flops","mad_flops","input_channel","input_height","input_width","output_channel","output_height","output_width","function","kernel_1","kernel_2","stride_1","stride_2","dilation_1","dilation_2","input_form","topology_hash","mad/min_time","mad/mean_time","mad/max_time","time"
"GPT Transformer Trained on BookCorpus Data","decoder/3/1/attention/4/value/Net",166,"Linear",0.000022,0.00002348333333333334,0.002599,0,0,0,0,49152,768,"","",64,"","","","","","","","","","HoldForm[LinearLayer[{64}, ""Input"" -> 768]]","1ar66gqblf480",2.234181818181818e9,2.0930589070262594e9,1.891188918814929e7,"{0.002599, 0.000051, 0.000029, 0.000025, 0.000025, 0.000024, 0.000025, 0.000025, 0.000024, 0.000024, 0.000023, 0.000023, 0.000023, 0.000024, 0.000024, 0.000024, 0.000023, 0.000024, 0.000023, 0.000023, 0.000023, 0.000024, 0.000024, 0.000024, 0.000023, 0.000024, 0.000024, 0.000023, 0.000023, 0.000024, 0.000024, 0.000023, 0.000023, 0.000022, 0.000023, 0.000024, 0.000024, 0.000024, 0.000024, 0.000024, 0.000023, 0.000023, 0.000023, 0.000023, 0.000024, 0.000023, 0.000024, 0.000024, 0.000024, 0.000024, 0.000023, 0.000024, 0.000023, 0.000023, 0.000023, 0.000023, 0.000024, 0.000024, 0.000023, 0.000024, 0.000023, 0.000024, 0.000023, 0.000023, 0.000023, 0.000023, 0.000024, 0.000023, 0.000023, 0.000023, 0.000024, 0.000023, 0.000023, 0.000024, 0.000024, 0.000023, 0.000023, 0.000023, 0.000023, 0.000023, 0.000023, 0.000024, 0.000024, 0.000023, 0.000023, 0.000023, 0.000024, 0.000024, 0.000023, 0.000024, 0.000023, 0.000024, 0.000024, 0.000023, 0.000024, 0.000024, 0.000023, 0.000023, 0.000023, 0.000023}"
