"model_name","layer_name","layer_index","kind","min_time","mean_time","max_time","add_flops","div_flops","cmp_flops","exp_flops","mad_flops","input_channel","input_height","input_width","output_channel","output_height","output_width","function","kernel_1","kernel_2","stride_1","stride_2","dilation_1","dilation_2","input_form","topology_hash","mad/min_time","mad/mean_time","mad/max_time","time"
"GPT-2 Transformer Trained on WebText Data","decoder/12/1/attention/11/query/Net",816,"Linear",0.000022,0.00002338333333333334,0.002677,0,0,0,0,49152,768,"","",64,"","","","","","","","","","HoldForm[LinearLayer[{64}, ""Input"" -> 768]]","1ar66gqblf480",2.234181818181818e9,2.102009978617248e9,1.8360851699663803e7,"{0.002677, 0.000049, 0.000028, 0.000026, 0.000024, 0.000024, 0.000024, 0.000024, 0.000024, 0.000023, 0.000023, 0.000024, 0.000023, 0.000023, 0.000023, 0.000023, 0.000023, 0.000023, 0.000023, 0.000023, 0.000023, 0.000023, 0.000024, 0.000023, 0.000023, 0.000023, 0.000023, 0.000023, 0.000023, 0.000024, 0.000023, 0.000023, 0.000023, 0.000023, 0.000024, 0.000023, 0.000024, 0.000023, 0.000023, 0.000023, 0.000023, 0.000023, 0.000023, 0.000024, 0.000024, 0.000024, 0.000024, 0.000024, 0.000023, 0.000023, 0.000023, 0.000024, 0.000024, 0.000023, 0.000023, 0.000023, 0.000023, 0.000024, 0.000024, 0.000024, 0.000024, 0.000022, 0.000035, 0.000024, 0.000024, 0.000023, 0.000023, 0.000024, 0.000024, 0.000024, 0.000023, 0.000024, 0.000024, 0.000024, 0.000023, 0.000023, 0.000023, 0.000024, 0.000023, 0.000024, 0.000024, 0.000023, 0.000023, 0.000023, 0.000023, 0.000024, 0.000023, 0.000023, 0.000023, 0.000024, 0.000024, 0.000023, 0.000024, 0.000023, 0.000023, 0.000023, 0.000024, 0.000024, 0.000023, 0.000023}"
