"model_name","layer_name","layer_index","kind","min_time","mean_time","max_time","add_flops","div_flops","cmp_flops","exp_flops","mad_flops","input_channel","input_height","input_width","output_channel","output_height","output_width","function","kernel_1","kernel_2","stride_1","stride_2","dilation_1","dilation_2","input_form","topology_hash","mad/min_time","mad/mean_time","mad/max_time","time"
"BERT Trained on BookCorpus and English Wikipedia Data","encoder/7/1/attention/14/Net",498,"Linear",0.000043,0.00004543333333333331,0.000093,0,0,0,0,589824,768,"","",768,"","","","","","","","","","HoldForm[LinearLayer[{768}, ""Input"" -> 768]]","1i4k7z9majhj6",1.3716837209302324e10,1.29821863536317e10,6.342193548387097e9,"{0.000093, 0.000049, 0.000044, 0.000044, 0.000044, 0.000043, 0.000043, 0.000043, 0.000043, 0.00006, 0.000044, 0.000062, 0.000043, 0.000043, 0.000043, 0.000043, 0.000044, 0.000043, 0.000043, 0.000043, 0.000044, 0.000043, 0.000072, 0.000048, 0.000048, 0.000046, 0.000047, 0.000047, 0.000047, 0.000046, 0.000046, 0.000047, 0.000047, 0.000047, 0.000047, 0.000046, 0.000048, 0.000047, 0.000047, 0.000047, 0.000047, 0.000047, 0.000047, 0.000047, 0.000056, 0.000044, 0.000043, 0.000043, 0.000044, 0.000044}"
