"model_name","layer_name","layer_index","kind","min_time","mean_time","max_time","add_flops","div_flops","cmp_flops","exp_flops","mad_flops","input_channel","input_height","input_width","output_channel","output_height","output_width","function","kernel_1","kernel_2","stride_1","stride_2","dilation_1","dilation_2","input_form","topology_hash","mad/min_time","mad/mean_time","mad/max_time","time"
"Squeeze-and-Excitation Net Trained on ImageNet Competition Data","5b/conv5_2_1x1_down",845,"Linear",0.000031,0.00003186666666666668,0.000063,0,0,0,0,262144,2048,"","",128,"","","","","","","","","","HoldForm[LinearLayer[{128}, ""Input"" -> 2048]]","0lrvpmwbafqrx",8.456258064516129e9,8.226276150627612e9,4.161015873015873e9,"{0.000063, 0.000046, 0.000032, 0.000032, 0.000032, 0.000032, 0.000032, 0.000032, 0.000031, 0.000032, 0.000032, 0.000032, 0.000051, 0.000032, 0.000032, 0.000031, 0.000032, 0.000032, 0.000032, 0.000031, 0.000033, 0.000033, 0.000032, 0.000032, 0.000032, 0.000032, 0.000032, 0.000032, 0.000032, 0.000031, 0.000031, 0.000032, 0.000032, 0.000031, 0.000032, 0.000032, 0.000031, 0.000044, 0.000032, 0.000031, 0.000031, 0.000031, 0.000032, 0.000032, 0.000032, 0.000032, 0.000031, 0.000031, 0.000031, 0.000031}"
