"model_name","layer_name","layer_index","kind","min_time","mean_time","max_time","add_flops","div_flops","cmp_flops","exp_flops","mad_flops","input_channel","input_height","input_width","output_channel","output_height","output_width","function","kernel_1","kernel_2","stride_1","stride_2","dilation_1","dilation_2","input_form","topology_hash","mad/min_time","mad/mean_time","mad/max_time","time"
"GPT Transformer Trained on BookCorpus Data","decoder/4/1/attention/5/value/Net",242,"Linear",0.000023,0.000023483333333333323,0.002648,0,0,0,0,49152,768,"","",64,"","","","","","","","","","HoldForm[LinearLayer[{64}, ""Input"" -> 768]]","1ar66gqblf480",2.1370434782608695e9,2.0930589070262609e9,1.85619335347432e7,"{0.002648, 0.000052, 0.000042, 0.000029, 0.000029, 0.000028, 0.000027, 0.000027, 0.000026, 0.000027, 0.000027, 0.000037, 0.000024, 0.000024, 0.000023, 0.000023, 0.000024, 0.000024, 0.000023, 0.000023, 0.000023, 0.000023, 0.000023, 0.000024, 0.000023, 0.000023, 0.000023, 0.000024, 0.000023, 0.000023, 0.000023, 0.000024, 0.000024, 0.000023, 0.000023, 0.000023, 0.000023, 0.000023, 0.000024, 0.000024, 0.000023, 0.000023, 0.000023, 0.000024, 0.000024, 0.000023, 0.000023, 0.000023, 0.000023, 0.000023, 0.000024, 0.000025, 0.000023, 0.000023, 0.000023, 0.000023, 0.000023, 0.000023, 0.000023, 0.000024, 0.000024, 0.000023, 0.000024, 0.000024, 0.000023, 0.000024, 0.000024, 0.000023, 0.000024, 0.000024, 0.000023, 0.000024, 0.000023, 0.000024, 0.000024, 0.000024, 0.000023, 0.000023, 0.000024, 0.000024, 0.000024, 0.000023, 0.000024, 0.000024, 0.000023, 0.000023, 0.000023, 0.000023, 0.000024, 0.000024, 0.000023, 0.000023, 0.000024, 0.000023, 0.000024, 0.000025, 0.000023, 0.000023, 0.000023, 0.000024}"
