"model_name","layer_name","layer_index","kind","min_time","mean_time","max_time","add_flops","div_flops","cmp_flops","exp_flops","mad_flops","input_channel","input_height","input_width","output_channel","output_height","output_width","function","kernel_1","kernel_2","stride_1","stride_2","dilation_1","dilation_2","input_form","topology_hash","mad/min_time","mad/mean_time","mad/max_time","time"
"GPT Transformer Trained on BookCorpus Data","decoder/11/1/attention/1/value/Net",719,"Linear",0.000025,0.00002793333333333332,0.000045,0,0,0,0,49152,768,"","",64,"","","","","","","","","","HoldForm[LinearLayer[{64}, ""Input"" -> 768]]","1ar66gqblf480",1.96608e9,1.7596181384248219e9,1.0922666666666667e9,"{0.000038, 0.00004, 0.000027, 0.000027, 0.000026, 0.000026, 0.000026, 0.000026, 0.000026, 0.000026, 0.000025, 0.000026, 0.000026, 0.000026, 0.000025, 0.000026, 0.000026, 0.000026, 0.000026, 0.000026, 0.000035, 0.000045, 0.000038, 0.000028, 0.000028, 0.000029, 0.000028, 0.000029, 0.000028, 0.000039, 0.00003, 0.000029, 0.000029, 0.000029, 0.000028, 0.000029, 0.000029, 0.000029, 0.000028, 0.000029, 0.000029, 0.000029, 0.000028, 0.000029, 0.000029, 0.000028, 0.000029, 0.000029, 0.000028, 0.000028}"
