"model_name","layer_name","layer_index","kind","min_time","mean_time","max_time","add_flops","div_flops","cmp_flops","exp_flops","mad_flops","input_channel","input_height","input_width","output_channel","output_height","output_width","function","kernel_1","kernel_2","stride_1","stride_2","dilation_1","dilation_2","input_form","topology_hash","mad/min_time","mad/mean_time","mad/max_time","time"
"VGG-16 Trained on ImageNet Competition Data","fc8",39,"Linear",0.0002,0.00020719999999999997,0.000267,0,0,0,0,4096000,4096,"","",1000,"","","","","","","","","","HoldForm[LinearLayer[{1000}, ""Input"" -> 4096]]","04w7gdpwyxtkm",2.048e10,1.976833976833977e10,1.5340823970037455e10,"{0.000267, 0.000224, 0.000213, 0.00021, 0.00021, 0.00021, 0.00021, 0.000209, 0.000209, 0.00021, 0.000209, 0.000244, 0.000213, 0.00021, 0.00022, 0.000211, 0.00021, 0.00021, 0.000225, 0.000202, 0.000202, 0.000202, 0.000201, 0.000201, 0.00022, 0.000201, 0.000202, 0.000201, 0.000203, 0.000202, 0.000202, 0.000202, 0.000201, 0.000214, 0.000233, 0.000213, 0.000211, 0.000211, 0.000211, 0.000219, 0.000201, 0.000201, 0.0002, 0.000201, 0.000219, 0.000202, 0.000203, 0.000201, 0.000202, 0.000202}"
