"model_name","layer_name","layer_index","kind","min_time","mean_time","max_time","add_flops","div_flops","cmp_flops","exp_flops","mad_flops","input_channel","input_height","input_width","output_channel","output_height","output_width","function","kernel_1","kernel_2","stride_1","stride_2","dilation_1","dilation_2","input_form","topology_hash","mad/min_time","mad/mean_time","mad/max_time","time"
"BERT Trained on BookCorpus and English Wikipedia Data","encoder/1/1/attention/5/query/Net",32,"Linear",0.000022,0.00002308333333333334,0.011998,0,0,0,0,49152,768,"","",64,"","","","","","","","","","HoldForm[LinearLayer[{64}, ""Input"" -> 768]]","1ar66gqblf480",2.234181818181818e9,2.129328519855595e9,4.0966827804634105e6,"{0.002967, 0.006702, 0.007989, 0.004529, 0.003468, 0.006591, 0.009407, 0.007999, 0.011998, 0.009388, 0.001961, 0.00003, 0.000031, 0.000024, 0.000023, 0.000023, 0.000024, 0.000023, 0.000023, 0.000023, 0.000023, 0.000024, 0.000023, 0.000023, 0.000022, 0.000023, 0.000023, 0.000023, 0.000022, 0.000023, 0.000023, 0.000022, 0.000023, 0.000023, 0.000023, 0.000023, 0.000023, 0.000031, 0.000024, 0.000023, 0.000023, 0.000023, 0.000024, 0.000024, 0.000024, 0.000023, 0.000023, 0.000023, 0.000023, 0.000023, 0.000023, 0.000023, 0.000023, 0.000023, 0.000022, 0.000023, 0.000023, 0.000023, 0.000023, 0.000024, 0.000023, 0.000023, 0.000023, 0.000023, 0.000023, 0.000023, 0.000023, 0.000023, 0.000024, 0.000023, 0.000023, 0.000023, 0.000022, 0.000023, 0.000023, 0.000022, 0.000023, 0.000024, 0.000023, 0.000023, 0.000022, 0.000023, 0.000024, 0.000023, 0.000023, 0.000023, 0.000023, 0.000023, 0.000023, 0.000023, 0.000023, 0.000023, 0.000023, 0.000023, 0.000022, 0.000023, 0.000023, 0.000023, 0.000022, 0.000023}"
