"model_name","layer_name","layer_index","kind","min_time","mean_time","max_time","add_flops","div_flops","cmp_flops","exp_flops","mad_flops","input_channel","input_height","input_width","output_channel","output_height","output_width","function","kernel_1","kernel_2","stride_1","stride_2","dilation_1","dilation_2","input_form","topology_hash","mad/min_time","mad/mean_time","mad/max_time","time"
"Squeeze-and-Excitation Net Trained on ImageNet Competition Data","4c/conv4_3_1x1_up",250,"Linear",0.000032,0.00003351666666666667,0.008629,0,0,0,0,65536,64,"","",1024,"","","","","","","","","","HoldForm[LinearLayer[{1024}, ""Input"" -> 64]]","0zgc0b3wv6j4d",2.048e9,1.955325708602685e9,7.594854560203964e6,"{0.008629, 0.000054, 0.000038, 0.000035, 0.000036, 0.000035, 0.000035, 0.000033, 0.000034, 0.000033, 0.000033, 0.000034, 0.000033, 0.000033, 0.000033, 0.000033, 0.000034, 0.000033, 0.000034, 0.000033, 0.000033, 0.000033, 0.000034, 0.000034, 0.000034, 0.000034, 0.000033, 0.000033, 0.000034, 0.000033, 0.000033, 0.000032, 0.000033, 0.000033, 0.000033, 0.000034, 0.000033, 0.000033, 0.000033, 0.000033, 0.000034, 0.000033, 0.000034, 0.000034, 0.000033, 0.000033, 0.000034, 0.000034, 0.000034, 0.000033, 0.000033, 0.000034, 0.000034, 0.000034, 0.000033, 0.000033, 0.000034, 0.000033, 0.000033, 0.000034, 0.000033, 0.000034, 0.000033, 0.000033, 0.000033, 0.000034, 0.000033, 0.000034, 0.000034, 0.000033, 0.000033, 0.000034, 0.000034, 0.000034, 0.000033, 0.000034, 0.000034, 0.000034, 0.000034, 0.000033, 0.000034, 0.000033, 0.000033, 0.000034, 0.000034, 0.000034, 0.000034, 0.000034, 0.000034, 0.000033, 0.000034, 0.000034, 0.000034, 0.000033, 0.000034, 0.000033, 0.000033, 0.000033, 0.000044, 0.000033}"
