"model_name","layer_name","layer_index","kind","min_time","mean_time","max_time","add_flops","div_flops","cmp_flops","exp_flops","mad_flops","input_channel","input_height","input_width","output_channel","output_height","output_width","function","kernel_1","kernel_2","stride_1","stride_2","dilation_1","dilation_2","input_form","topology_hash","mad/min_time","mad/mean_time","mad/max_time","time"
"ColorNet Image Colorization Trained on ImageNet Competition Data","2/23",39,"Linear",0.001978,0.0020246333333333332,0.002146,0,0,0,0,25690112,25088,"","",1024,"","","","","","","","","","HoldForm[LinearLayer[{1024}, ""Input"" -> 25088]]","16fdujpulc4lc",1.298792315470172e10,1.2688772617264032e10,1.1971161230195713e10,"{0.002146, 0.002087, 0.002104, 0.002093, 0.002042, 0.002056, 0.002035, 0.002122, 0.002054, 0.002031, 0.002011, 0.002018, 0.002085, 0.002121, 0.002007, 0.002036, 0.002012, 0.002091, 0.00201, 0.002077, 0.002032, 0.002011, 0.002062, 0.002004, 0.002015, 0.002013, 0.002002, 0.002038, 0.002055, 0.001992, 0.002025, 0.002002, 0.002044, 0.001999, 0.002008, 0.001997, 0.002038, 0.002029, 0.002016, 0.00199, 0.002004, 0.002019, 0.002023, 0.002022, 0.001978, 0.001992, 0.002027, 0.001998, 0.002004, 0.001979}"
