"model_name","layer_name","layer_index","kind","min_time","mean_time","max_time","add_flops","div_flops","cmp_flops","exp_flops","mad_flops","input_channel","input_height","input_width","output_channel","output_height","output_width","function","kernel_1","kernel_2","stride_1","stride_2","dilation_1","dilation_2","input_form","topology_hash","mad/min_time","mad/mean_time","mad/max_time","time"
"Squeeze-and-Excitation Net Trained on ImageNet Competition Data","4r/conv4_18_1x1_down",503,"Linear",0.000026,0.000028300000000000003,0.000043,0,0,0,0,65536,1024,"","",64,"","","","","","","","","","HoldForm[LinearLayer[{64}, ""Input"" -> 1024]]","0g4vmp1vvggav",2.5206153846153846e9,2.3157597173144875e9,1.5240930232558138e9,"{0.000041, 0.000039, 0.000028, 0.000033, 0.000029, 0.000038, 0.00003, 0.00003, 0.00003, 0.000029, 0.00003, 0.000029, 0.000029, 0.00003, 0.00003, 0.000029, 0.00003, 0.00003, 0.00003, 0.00003, 0.00003, 0.000039, 0.000026, 0.000026, 0.000027, 0.000036, 0.000026, 0.000026, 0.000027, 0.000043, 0.000042, 0.000027, 0.000027, 0.000026, 0.000027, 0.000027, 0.000027, 0.000027, 0.000027, 0.000027, 0.000027, 0.000027, 0.000027, 0.000027, 0.000028, 0.000027, 0.000027, 0.000026, 0.000027, 0.000026}"
