"model_name","layer_name","layer_index","kind","min_time","mean_time","max_time","add_flops","div_flops","cmp_flops","exp_flops","mad_flops","input_channel","input_height","input_width","output_channel","output_height","output_width","function","kernel_1","kernel_2","stride_1","stride_2","dilation_1","dilation_2","input_form","topology_hash","mad/min_time","mad/mean_time","mad/max_time","time"
"GPT Transformer Trained on BookCorpus Data","decoder/9/1/attention/5/query/Net",595,"Linear",0.000024,0.00003370000000000001,0.000058,0,0,0,0,49152,768,"","",64,"","","","","","","","","","HoldForm[LinearLayer[{64}, ""Input"" -> 768]]","1ar66gqblf480",2.048e9,1.458516320474777e9,8.474482758620689e8,"{0.00004, 0.000041, 0.000032, 0.000025, 0.000039, 0.000027, 0.000027, 0.000027, 0.000028, 0.000027, 0.000027, 0.000027, 0.000027, 0.000028, 0.000027, 0.000027, 0.000027, 0.000027, 0.000037, 0.000036, 0.000024, 0.000024, 0.000024, 0.000024, 0.000024, 0.000031, 0.000037, 0.000038, 0.000038, 0.000038, 0.000038, 0.000038, 0.000037, 0.000038, 0.000037, 0.000037, 0.000037, 0.000037, 0.000037, 0.000037, 0.000036, 0.000037, 0.000036, 0.000038, 0.000037, 0.000038, 0.000037, 0.000037, 0.000058, 0.000039}"
