"model_name","layer_name","layer_index","kind","min_time","mean_time","max_time","add_flops","div_flops","cmp_flops","exp_flops","mad_flops","input_channel","input_height","input_width","output_channel","output_height","output_width","function","kernel_1","kernel_2","stride_1","stride_2","dilation_1","dilation_2","input_form","topology_hash","mad/min_time","mad/mean_time","mad/max_time","time"
"GPT Transformer Trained on BookCorpus Data","decoder/1/1/attention/9/query/Net",47,"Linear",0.000025,0.00002623333333333333,0.000039,0,0,0,0,49152,768,"","",64,"","","","","","","","","","HoldForm[LinearLayer[{64}, ""Input"" -> 768]]","1ar66gqblf480",1.96608e9,1.8736467598475225e9,1.2603076923076923e9,"{0.000039, 0.000038, 0.000027, 0.000026, 0.000026, 0.000026, 0.000026, 0.000026, 0.000026, 0.000026, 0.000026, 0.000026, 0.000026, 0.000026, 0.000026, 0.000026, 0.000027, 0.000026, 0.000026, 0.000026, 0.000026, 0.000026, 0.000027, 0.000025, 0.000026, 0.000026, 0.000026, 0.000026, 0.000026, 0.000039, 0.000028, 0.000027, 0.000027, 0.000027, 0.000027, 0.000026, 0.000027, 0.000026, 0.000027, 0.000027, 0.000026, 0.000026, 0.000026, 0.000026, 0.000027, 0.000027, 0.000026, 0.000026, 0.000027, 0.000026}"
