"model_name","layer_name","layer_index","kind","min_time","mean_time","max_time","add_flops","div_flops","cmp_flops","exp_flops","mad_flops","input_channel","input_height","input_width","output_channel","output_height","output_width","function","kernel_1","kernel_2","stride_1","stride_2","dilation_1","dilation_2","input_form","topology_hash","mad/min_time","mad/mean_time","mad/max_time","time"
"BERT Trained on BookCorpus and English Wikipedia Data","encoder/10/1/norm",714,"Normalization",0.000158,0.0001604833333333334,0.000323,"768*LengthVar[1481364255]","1536*LengthVar[1481364255]",0,"768*LengthVar[1481364255]","1536*LengthVar[1481364255]","LengthVar[1481364255]",768,"","LengthVar[1481364255]",768,"","","","","","","","","HoldForm[NormalizationLayer[""Same"", ""Epsilon"" -> 1.*^-12, ""Input"" -> {""Varying"", 768}]]","0f271m8kvd2l1","9.721518987341773*^6*LengthVar[1.481364255*^9]","9.571087340326093*^6*LengthVar[1.481364255*^9]","4.755417956656346*^6*LengthVar[1.481364255*^9]","{0.000323, 0.000163, 0.000161, 0.000158, 0.00016, 0.00016, 0.000173, 0.000161, 0.000161, 0.00016, 0.00016, 0.00016, 0.000174, 0.000161, 0.00016, 0.000161, 0.00016, 0.00016, 0.00016, 0.00016, 0.00016, 0.00016, 0.000161, 0.00016, 0.000161, 0.000161, 0.00016, 0.00016, 0.00016, 0.00016, 0.00016, 0.000168, 0.00016, 0.00016, 0.00016, 0.00016, 0.00016, 0.000161, 0.000161, 0.000161, 0.00016, 0.000161, 0.00016, 0.00016, 0.00016, 0.00016, 0.00016, 0.00016, 0.00016, 0.00016, 0.00016, 0.00016, 0.00016, 0.00016, 0.00016, 0.00016, 0.000167, 0.000161, 0.00016, 0.00016, 0.00016, 0.00016, 0.00016, 0.00016, 0.00016, 0.00016, 0.000159, 0.00016, 0.00016, 0.00016, 0.00016, 0.00016, 0.00016, 0.00016, 0.000175, 0.00016, 0.00016, 0.00016, 0.000161, 0.00016, 0.000161, 0.00017, 0.000163, 0.000163, 0.000162, 0.000163, 0.000163, 0.000163, 0.000163, 0.000162, 0.000163, 0.000163, 0.000163, 0.000163, 0.000163, 0.000162, 0.000162, 0.000163, 0.000163, 0.000163}"
