"model_name","layer_name","layer_index","kind","min_time","mean_time","max_time","add_flops","div_flops","cmp_flops","exp_flops","mad_flops","input_channel","input_height","input_width","output_channel","output_height","output_width","function","kernel_1","kernel_2","stride_1","stride_2","dilation_1","dilation_2","input_form","topology_hash","mad/min_time","mad/mean_time","mad/max_time","time"
"CycleGAN Photo-to-Monet Translation","15/1/3",38,"Normalization",0.025969,0.02604049999999999,0.027027,524288,1048576,0,524288,1048576,128,64,64,128,64,64,"","","","","","","","HoldForm[NormalizationLayer[""Epsilon"" -> 0.00001, ""Input"" -> {128, 64, 64}]]","0swr1e5sz4uqw",4.0377989140898764e7,4.026712236708206e7,3.87973507973508e7,"{0.027027, 0.026024, 0.026018, 0.026048, 0.026063, 0.026061, 0.026079, 0.026022, 0.026054, 0.02605, 0.026, 0.026006, 0.02601, 0.026071, 0.026075, 0.026067, 0.026024, 0.026065, 0.026027, 0.026015, 0.026003, 0.025969, 0.026029, 0.026044, 0.026063, 0.025985, 0.026057, 0.026051, 0.025997, 0.026013, 0.025976, 0.026083, 0.026012, 0.026047, 0.026007, 0.026072, 0.026079, 0.026075, 0.026023, 0.026019, 0.025995, 0.026098, 0.026062, 0.026074, 0.02607, 0.026018, 0.026017, 0.026074, 0.026071, 0.025973}"
