"model_name","layer_name","layer_index","kind","min_time","mean_time","max_time","add_flops","div_flops","cmp_flops","exp_flops","mad_flops","input_channel","input_height","input_width","output_channel","output_height","output_width","function","kernel_1","kernel_2","stride_1","stride_2","dilation_1","dilation_2","input_form","topology_hash","mad/min_time","mad/mean_time","mad/max_time","time"
"GPT-2 Transformer Trained on WebText Data","decoder/5/1/norm",281,"Normalization",0.000158,0.00016003333333333328,0.000421,"768*LengthVar[2022774245]","1536*LengthVar[2022774245]",0,"768*LengthVar[2022774245]","1536*LengthVar[2022774245]","LengthVar[2022774245]",768,"","LengthVar[2022774245]",768,"","","","","","","","","HoldForm[NormalizationLayer[""Same"", ""Epsilon"" -> 0.00001, ""Input"" -> {""Varying"", 768}]]","12pkgvpxywols","9.721518987341773*^6*LengthVar[2.022774245*^9]","9.598000416579884*^6*LengthVar[2.022774245*^9]","3.6484560570071265*^6*LengthVar[2.022774245*^9]","{0.000421, 0.000165, 0.00016, 0.00017, 0.00016, 0.000159, 0.00016, 0.000159, 0.000159, 0.00016, 0.000159, 0.000159, 0.00016, 0.000159, 0.000159, 0.000158, 0.000159, 0.000158, 0.00016, 0.00016, 0.000168, 0.000159, 0.000159, 0.000158, 0.000159, 0.000159, 0.00016, 0.000159, 0.000169, 0.00016, 0.000159, 0.000158, 0.000159, 0.000159, 0.000159, 0.000159, 0.000159, 0.000159, 0.000159, 0.000158, 0.000159, 0.000158, 0.000159, 0.000159, 0.000159, 0.000159, 0.000159, 0.000159, 0.000159, 0.000159, 0.000159, 0.000158, 0.000159, 0.00017, 0.00016, 0.00016, 0.00016, 0.00016, 0.000161, 0.000167, 0.000161, 0.00016, 0.000161, 0.00016, 0.000161, 0.00016, 0.000161, 0.000161, 0.000161, 0.000161, 0.000161, 0.000161, 0.000161, 0.000161, 0.00016, 0.000161, 0.000161, 0.00017, 0.000161, 0.000161, 0.000161, 0.000161, 0.000161, 0.000161, 0.000161, 0.000161, 0.000161, 0.000161, 0.000161, 0.000161, 0.000161, 0.00016, 0.000161, 0.000162, 0.000161, 0.00016, 0.00017, 0.000161, 0.000161, 0.00016}"
