"model_name","layer_name","layer_index","kind","min_time","mean_time","max_time","add_flops","div_flops","cmp_flops","exp_flops","mad_flops","input_channel","input_height","input_width","output_channel","output_height","output_width","function","kernel_1","kernel_2","stride_1","stride_2","dilation_1","dilation_2","input_form","topology_hash","mad/min_time","mad/mean_time","mad/max_time","time"
"CycleGAN Orange-to-Apple Translation Trained on ImageNet Competition Data","16/1/3",46,"Normalization",0.025949,0.02602736666666667,0.026982,524288,1048576,0,524288,1048576,128,64,64,128,64,64,"","","","","","","","HoldForm[NormalizationLayer[""Epsilon"" -> 0.00001, ""Input"" -> {128, 64, 64}]]","0swr1e5sz4uqw",4.040911017765617e7,4.028744103962367e7,3.886205618560522e7,"{0.026982, 0.026066, 0.026048, 0.025958, 0.026038, 0.025996, 0.026002, 0.026017, 0.026022, 0.025977, 0.026031, 0.026022, 0.025996, 0.02605, 0.025949, 0.025999, 0.026003, 0.026067, 0.025976, 0.026064, 0.026058, 0.026046, 0.025992, 0.026015, 0.026067, 0.026006, 0.026022, 0.026021, 0.026023, 0.026015, 0.026022, 0.026014, 0.025985, 0.026011, 0.025981, 0.025998, 0.026057, 0.026072, 0.026073, 0.026067, 0.026073, 0.026014, 0.026036, 0.026019, 0.026015, 0.026049, 0.026062, 0.026073, 0.02602, 0.026074}"
