"model_name","layer_name","layer_index","kind","min_time","mean_time","max_time","add_flops","div_flops","cmp_flops","exp_flops","mad_flops","input_channel","input_height","input_width","output_channel","output_height","output_width","function","kernel_1","kernel_2","stride_1","stride_2","dilation_1","dilation_2","input_form","topology_hash","mad/min_time","mad/mean_time","mad/max_time","time"
"CycleGAN Horse-to-Zebra Translation Trained on ImageNet Competition Data","13/1/3",22,"Normalization",0.025942,0.026036083333333335,0.027177,524288,1048576,0,524288,1048576,128,64,64,128,64,64,"","","","","","","","HoldForm[NormalizationLayer[""Epsilon"" -> 0.00001, ""Input"" -> {128, 64, 64}]]","0swr1e5sz4uqw",4.042001387711048e7,4.027395313555226e7,3.858321374691835e7,"{0.027177, 0.026094, 0.025951, 0.026081, 0.026035, 0.026077, 0.02611, 0.026092, 0.026004, 0.026093, 0.026023, 0.026085, 0.026023, 0.026041, 0.026024, 0.026079, 0.026051, 0.025969, 0.026033, 0.026021, 0.025996, 0.026062, 0.026004, 0.026042, 0.026023, 0.026028, 0.026051, 0.02601, 0.026005, 0.026024, 0.026024, 0.026056, 0.026066, 0.026026, 0.026057, 0.026053, 0.026041, 0.026016, 0.026042, 0.026022, 0.026022, 0.026071, 0.026023, 0.025971, 0.026062, 0.025942, 0.026075, 0.026013, 0.026016, 0.026071, 0.02602, 0.026071, 0.026022, 0.025997, 0.026011, 0.026046, 0.026042, 0.026051, 0.026045, 0.026073, 0.025967, 0.026065, 0.026075, 0.02601, 0.02606, 0.026, 0.026059, 0.02605, 0.026048, 0.026069, 0.026022, 0.026034, 0.026018, 0.026012, 0.025999, 0.026, 0.025984, 0.026069, 0.026025, 0.026046, 0.02606, 0.026031, 0.026017, 0.026022, 0.026055, 0.026003, 0.02607, 0.026016, 0.02597, 0.026003, 0.026064, 0.026012, 0.026076, 0.026012, 0.026078, 0.02601, 0.026002, 0.026057, 0.026044, 0.026078}"
