"model_name","layer_name","layer_index","kind","min_time","mean_time","max_time","add_flops","div_flops","cmp_flops","exp_flops","mad_flops","input_channel","input_height","input_width","output_channel","output_height","output_width","function","kernel_1","kernel_2","stride_1","stride_2","dilation_1","dilation_2","input_form","topology_hash","mad/min_time","mad/mean_time","mad/max_time","time"
"Pix2pix Street-Map-to-Photo Translation","23",35,"Normalization",0.001644,0.0016566833333333329,0.001891,32768,65536,0,32768,65536,512,8,8,512,8,8,"","","","","","","","HoldForm[NormalizationLayer[""Input"" -> {512, 8, 8}]]","10vfmk6t82ftj",3.986374695863747e7,3.955855574893614e7,3.4656795346377574e7,"{0.001891, 0.001652, 0.001656, 0.001661, 0.001654, 0.00166, 0.001653, 0.00166, 0.001659, 0.001653, 0.001661, 0.001654, 0.001659, 0.001654, 0.001655, 0.001654, 0.001644, 0.001655, 0.001644, 0.001652, 0.00166, 0.001653, 0.001667, 0.001655, 0.001662, 0.001652, 0.001657, 0.001663, 0.001656, 0.001666, 0.001652, 0.001653, 0.001668, 0.001655, 0.001663, 0.001653, 0.001663, 0.001664, 0.001661, 0.001654, 0.001645, 0.001653, 0.001647, 0.001646, 0.00166, 0.001652, 0.001661, 0.001656, 0.001655, 0.001662, 0.001656, 0.00166, 0.001648, 0.001655, 0.001644, 0.001645, 0.001667, 0.001647, 0.001655, 0.001645, 0.001644, 0.001654, 0.001647, 0.001668, 0.001654, 0.001663, 0.001656, 0.001655, 0.001662, 0.001658, 0.001663, 0.001656, 0.001656, 0.001662, 0.001653, 0.001668, 0.001655, 0.001663, 0.001652, 0.001652, 0.001662, 0.001659, 0.001661, 0.001655, 0.001652, 0.001661, 0.001655, 0.001666, 0.001653, 0.001655, 0.001666, 0.001655, 0.001662, 0.001658, 0.001663, 0.001655, 0.001656, 0.001663, 0.001656, 0.001661}"
