"model_name","layer_name","layer_index","kind","min_time","mean_time","max_time","add_flops","div_flops","cmp_flops","exp_flops","mad_flops","input_channel","input_height","input_width","output_channel","output_height","output_width","function","kernel_1","kernel_2","stride_1","stride_2","dilation_1","dilation_2","input_form","topology_hash","mad/min_time","mad/mean_time","mad/max_time","time"
"CycleGAN Orange-to-Apple Translation Trained on ImageNet Competition Data","7",7,"Normalization",0.052126,0.052193433333333344,0.054068,1048576,2097152,0,1048576,2097152,64,128,128,64,128,128,"","","","","","","","HoldForm[NormalizationLayer[""Epsilon"" -> 0.00001, ""Input"" -> {64, 128, 128}]]","11dj6d7luxeus",4.023236005064651e7,4.0180380290496305e7,3.878730487534216e7,"{0.054068, 0.052148, 0.052131, 0.052165, 0.052186, 0.052193, 0.052128, 0.052177, 0.052192, 0.052197, 0.052141, 0.052324, 0.052212, 0.052138, 0.052218, 0.052215, 0.052263, 0.052181, 0.052204, 0.052198, 0.052204, 0.052207, 0.052204, 0.052193, 0.052196, 0.05221, 0.052191, 0.052155, 0.052126, 0.052141, 0.052261, 0.052219, 0.05216, 0.052214, 0.052156, 0.052241, 0.052222, 0.052223, 0.052145, 0.052217, 0.052203, 0.052207, 0.052193, 0.052181, 0.052203, 0.052191, 0.05221, 0.052137, 0.052164, 0.052196}"
