"model_name","layer_name","layer_index","kind","min_time","mean_time","max_time","add_flops","div_flops","cmp_flops","exp_flops","mad_flops","input_channel","input_height","input_width","output_channel","output_height","output_width","function","kernel_1","kernel_2","stride_1","stride_2","dilation_1","dilation_2","input_form","topology_hash","mad/min_time","mad/mean_time","mad/max_time","time"
"CycleGAN Photo-to-Cezanne Translation","19/1/7",60,"Normalization",0.025942,0.026025666666666666,0.026981,524288,1048576,0,524288,1048576,128,64,64,128,64,64,"","","","","","","","HoldForm[NormalizationLayer[""Epsilon"" -> 0.00001, ""Input"" -> {128, 64, 64}]]","0swr1e5sz4uqw",4.042001387711048e7,4.029007262061811e7,3.886349653459842e7,"{0.026981, 0.026032, 0.026069, 0.026003, 0.026055, 0.025952, 0.026056, 0.025998, 0.026052, 0.02606, 0.026033, 0.026009, 0.026041, 0.026048, 0.026061, 0.026015, 0.026066, 0.02602, 0.026051, 0.026013, 0.026041, 0.026003, 0.026049, 0.026014, 0.026075, 0.026011, 0.025981, 0.026013, 0.026052, 0.025951, 0.026001, 0.026, 0.026002, 0.026042, 0.026009, 0.02598, 0.026078, 0.026018, 0.026088, 0.026072, 0.026034, 0.026001, 0.025997, 0.026067, 0.026024, 0.025972, 0.026008, 0.025942, 0.025998, 0.02602}"
