"model_name","layer_name","layer_index","kind","min_time","mean_time","max_time","add_flops","div_flops","cmp_flops","exp_flops","mad_flops","input_channel","input_height","input_width","output_channel","output_height","output_width","function","kernel_1","kernel_2","stride_1","stride_2","dilation_1","dilation_2","input_form","topology_hash","mad/min_time","mad/mean_time","mad/max_time","time"
"3D Face Alignment Net Trained on 300W Large Pose Data","11/5",22,"Pooling",0.003116,0.003169383333333335,0.004319,2097152,0,0,0,0,128,128,128,128,64,64,"Mean",2,2,2,2,"","","HoldForm[PoolingLayer[{2, 2}, {2, 2}, ""PaddingSize"" -> {{0, 0}, {0, 0}}, ""Function"" -> Mean, ""Input"" -> {128, 128, 128}]]","04has5j37wavo",0.,0.,0.,"{0.004319, 0.00325, 0.003179, 0.00318, 0.003151, 0.003163, 0.003175, 0.003169, 0.003181, 0.003162, 0.00318, 0.00317, 0.003167, 0.003178, 0.00315, 0.003194, 0.003184, 0.003167, 0.003168, 0.003169, 0.003169, 0.003167, 0.003177, 0.003151, 0.003181, 0.003175, 0.003166, 0.003167, 0.00318, 0.003167, 0.003172, 0.00317, 0.003193, 0.003152, 0.003169, 0.003177, 0.003169, 0.003169, 0.003162, 0.003167, 0.003165, 0.003157, 0.003142, 0.003116, 0.00315, 0.003165, 0.003167, 0.003179, 0.003163, 0.003167, 0.003174, 0.003165, 0.003166, 0.003166, 0.003193, 0.003168, 0.00317, 0.003162, 0.003164, 0.003183, 0.003178, 0.003164, 0.003165, 0.00318, 0.003167, 0.003168, 0.003181, 0.003149, 0.003165, 0.003181, 0.003166, 0.003151, 0.003166, 0.003178, 0.003168, 0.003168, 0.003162, 0.003165, 0.003171, 0.003199, 0.003163, 0.003168, 0.003181, 0.003167, 0.003169, 0.003194, 0.00315, 0.003168, 0.00318, 0.003167, 0.003168, 0.00316, 0.003169, 0.003184, 0.003171, 0.003176, 0.003165, 0.003167, 0.00318, 0.003164}"
