"model_name","layer_name","layer_index","kind","min_time","mean_time","max_time","add_flops","div_flops","cmp_flops","exp_flops","mad_flops","input_channel","input_height","input_width","output_channel","output_height","output_width","function","kernel_1","kernel_2","stride_1","stride_2","dilation_1","dilation_2","input_form","topology_hash","mad/min_time","mad/mean_time","mad/max_time","time"
"U-Net Trained on Glioblastoma-Astrocytoma U373 Cells on a Polyacrylamide Substrate Data","contract_4/pooling",25,"Pooling",0.002498,0.002514383333333334,0.003715,0,0,2097152,0,0,512,64,64,512,32,32,"Max",2,2,2,2,"","","HoldForm[PoolingLayer[{2, 2}, {2, 2}, ""PaddingSize"" -> {{0, 0}, {0, 0}}, ""Input"" -> {512, 64, 64}]]","0hu7uxz691y64",0.,0.,0.,"{0.003715, 0.002586, 0.002536, 0.002535, 0.002516, 0.002503, 0.002516, 0.002542, 0.002504, 0.002731, 0.002499, 0.002526, 0.002517, 0.0025, 0.002516, 0.002527, 0.002499, 0.002515, 0.002514, 0.002512, 0.002519, 0.002502, 0.002518, 0.002531, 0.002502, 0.002518, 0.002515, 0.002519, 0.002518, 0.002498, 0.002516, 0.002529, 0.002499, 0.002516, 0.002518, 0.002509, 0.002517, 0.002503, 0.002515, 0.00253, 0.0025, 0.002515, 0.00252, 0.002515, 0.002516, 0.002499, 0.002512, 0.002531, 0.002502, 0.002516, 0.002516, 0.002509, 0.002515, 0.002514, 0.0025, 0.002738, 0.002503, 0.002515, 0.002518, 0.002513, 0.002517, 0.002515, 0.002504, 0.002531, 0.002498, 0.002514, 0.002515, 0.002512, 0.00252, 0.002518, 0.002499, 0.002528, 0.002712, 0.0025, 0.002517, 0.002512, 0.002516, 0.002518, 0.002502, 0.002528, 0.002515, 0.002499, 0.002519, 0.002513, 0.002514, 0.002516, 0.002501, 0.00253, 0.002516, 0.002502, 0.002515, 0.002514, 0.002506, 0.002513, 0.0025, 0.002529, 0.002517, 0.0025, 0.002516, 0.002528}"
