"model_name","layer_name","layer_index","kind","min_time","mean_time","max_time","add_flops","div_flops","cmp_flops","exp_flops","mad_flops","input_channel","input_height","input_width","output_channel","output_height","output_width","function","kernel_1","kernel_2","stride_1","stride_2","dilation_1","dilation_2","input_form","topology_hash","mad/min_time","mad/mean_time","mad/max_time","time"
"SSD-VGG-300 Trained on PASCAL VOC Data","1/1/blockNet4/pool3/2",18,"Pooling",0.001757,0.0017731,0.002675,0,0,1478656,0,0,256,76,76,256,38,38,"Max",2,2,2,2,"","","HoldForm[PoolingLayer[{2, 2}, {2, 2}, ""PaddingSize"" -> {{0, 0}, {0, 0}}, ""Input"" -> {256, 76, 76}]]","1c2ru2wexecfl",0.,0.,0.,"{0.002675, 0.001821, 0.001787, 0.00176, 0.001802, 0.001761, 0.001774, 0.001771, 0.001762, 0.001773, 0.001778, 0.001786, 0.001763, 0.00178, 0.001759, 0.001758, 0.00179, 0.001771, 0.001781, 0.001762, 0.001774, 0.001777, 0.001779, 0.001769, 0.00179, 0.001774, 0.001758, 0.001792, 0.001771, 0.001777, 0.001763, 0.001776, 0.001758, 0.001776, 0.001783, 0.001762, 0.00178, 0.001758, 0.001807, 0.001775, 0.001778, 0.001761, 0.001761, 0.001796, 0.001776, 0.001789, 0.001762, 0.001777, 0.001758, 0.001776, 0.001776, 0.001788, 0.001777, 0.001761, 0.001772, 0.001777, 0.001786, 0.00176, 0.001778, 0.001761, 0.001758, 0.001792, 0.001786, 0.00178, 0.001761, 0.001775, 0.001758, 0.001794, 0.00179, 0.001763, 0.001775, 0.00176, 0.001791, 0.00177, 0.001776, 0.00176, 0.001777, 0.001757, 0.001776, 0.001784, 0.001763, 0.001804, 0.001758, 0.001774, 0.001785, 0.001776, 0.001763, 0.001763, 0.001776, 0.001777, 0.001803, 0.001762, 0.001777, 0.001761, 0.001776, 0.001777, 0.00177, 0.001777, 0.001761, 0.001772}"
