"model_name","layer_name","layer_index","kind","min_time","mean_time","max_time","add_flops","div_flops","cmp_flops","exp_flops","mad_flops","input_channel","input_height","input_width","output_channel","output_height","output_width","function","kernel_1","kernel_2","stride_1","stride_2","dilation_1","dilation_2","input_form","topology_hash","mad/min_time","mad/mean_time","mad/max_time","time"
"Ademxapp Model A Trained on ImageNet Competition Data","4b3/_plus4b3",77,"Threading",0.00039,0.0003924666666666666,0.002025,1638400,0,0,0,0,512,40,40,512,40,40,"Plus","","","","","","","HoldForm[ThreadingLayer[Plus, ""Inputs"" -> {{512, 40, 40}, {512, 40, 40}}]]","1s3mr1b7le4sy",0.,0.,0.,"{0.002025, 0.000662, 0.000469, 0.000397, 0.000392, 0.000392, 0.000391, 0.0004, 0.000391, 0.000391, 0.000403, 0.000392, 0.000391, 0.00039, 0.000391, 0.000391, 0.000391, 0.000391, 0.00039, 0.000391, 0.000401, 0.000393, 0.000395, 0.000395, 0.000391, 0.000392, 0.000392, 0.000393, 0.000393, 0.000392, 0.000403, 0.000393, 0.0004, 0.000391, 0.000392, 0.000392, 0.000393, 0.000392, 0.000392, 0.000392, 0.000402, 0.000392, 0.000392, 0.000392, 0.000392, 0.000391, 0.000392, 0.000394, 0.000395, 0.000392, 0.000392, 0.000402, 0.000393, 0.000392, 0.000392, 0.000392, 0.000392, 0.000399, 0.000391, 0.000392, 0.000392, 0.000403, 0.000393, 0.000391, 0.000393, 0.000393, 0.000392, 0.000392, 0.000392, 0.000391, 0.000392, 0.000404, 0.000392, 0.000395, 0.000395, 0.000392, 0.000392, 0.000393, 0.000393, 0.000392, 0.000392, 0.000399, 0.000393, 0.000401, 0.000391, 0.000392, 0.000392, 0.000393, 0.000392, 0.000393, 0.000392, 0.000404, 0.000392, 0.000392, 0.000392, 0.000391, 0.000392, 0.000392, 0.000395, 0.000395}"
