"model_name","layer_name","layer_index","kind","min_time","mean_time","max_time","add_flops","div_flops","cmp_flops","exp_flops","mad_flops","input_channel","input_height","input_width","output_channel","output_height","output_width","function","kernel_1","kernel_2","stride_1","stride_2","dilation_1","dilation_2","input_form","topology_hash","mad/min_time","mad/mean_time","mad/max_time","time"
"Squeeze-and-Excitation Net Trained on ImageNet Competition Data","4m/conv4_13_scale",423,"Threading",0.000112,0.00011329999999999998,0.000474,0,0,0,0,401408,1024,14,14,1024,14,14,"Times","","","","","","","HoldForm[ThreadingLayer[Times, ""Inputs"" -> {{1024, 14, 14}, {1024, 14, 14}}]]","0pjdpb3japuu1",3.5840000000000005e9,3.5428773168578997e9,8.468523206751056e8,"{0.000474, 0.000126, 0.000116, 0.000115, 0.000116, 0.000116, 0.000115, 0.000116, 0.000116, 0.000116, 0.000129, 0.000112, 0.000113, 0.000113, 0.000113, 0.000113, 0.000112, 0.000123, 0.000113, 0.000113, 0.000113, 0.000112, 0.000113, 0.000113, 0.000113, 0.000113, 0.000113, 0.000113, 0.000113, 0.000112, 0.000114, 0.000113, 0.000113, 0.000113, 0.000113, 0.000114, 0.000114, 0.000114, 0.000114, 0.000113, 0.000113, 0.000113, 0.000113, 0.000113, 0.000113, 0.000113, 0.000113, 0.000113, 0.000113, 0.000113}"
