"model_name","layer_name","layer_index","kind","min_time","mean_time","max_time","add_flops","div_flops","cmp_flops","exp_flops","mad_flops","input_channel","input_height","input_width","output_channel","output_height","output_width","function","kernel_1","kernel_2","stride_1","stride_2","dilation_1","dilation_2","input_form","topology_hash","mad/min_time","mad/mean_time","mad/max_time","time"
"Squeeze-and-Excitation Net Trained on ImageNet Competition Data","2b/conv2_2_scale",45,"Threading",0.000391,0.00039313333333333326,0.001811,0,0,0,0,1605632,256,56,56,256,56,56,"Times","","","","","","","HoldForm[ThreadingLayer[Times, ""Inputs"" -> {{256, 56, 56}, {256, 56, 56}}]]","1sxo8swiqpdkx",4.106475703324808e9,4.0841919620145845e9,8.865996686913308e8,"{0.001811, 0.000564, 0.00044, 0.000395, 0.000393, 0.000392, 0.000392, 0.000392, 0.000391, 0.000392, 0.000408, 0.000392, 0.000391, 0.000392, 0.000392, 0.000403, 0.000392, 0.000393, 0.000393, 0.000391, 0.000391, 0.0004, 0.000408, 0.000392, 0.000393, 0.000392, 0.000391, 0.000391, 0.000392, 0.000391, 0.000393, 0.000406, 0.000393, 0.000394, 0.000393, 0.000392, 0.000393, 0.000394, 0.000393, 0.000394, 0.000402, 0.000405, 0.000394, 0.000393, 0.000393, 0.000393, 0.000392, 0.000409, 0.000392, 0.000395}"
