"model_name","layer_name","layer_index","kind","min_time","mean_time","max_time","add_flops","div_flops","cmp_flops","exp_flops","mad_flops","input_channel","input_height","input_width","output_channel","output_height","output_width","function","kernel_1","kernel_2","stride_1","stride_2","dilation_1","dilation_2","input_form","topology_hash","mad/min_time","mad/mean_time","mad/max_time","time"
"ResNet-152 Trained on ImageNet Competition Data","4b29/res4b29",420,"Total",0.000132,0.00013303333333333344,0.000628,200704,0,0,0,0,1024,14,14,1024,14,14,"","","","","","","","HoldForm[TotalLayer[""Inputs"" -> {{1024, 14, 14}, {1024, 14, 14}}]]","0krmdiyn3vw17",0.,0.,0.,"{0.000628, 0.000171, 0.000135, 0.000133, 0.000134, 0.000133, 0.000132, 0.000133, 0.000132, 0.000133, 0.000132, 0.000133, 0.000133, 0.000133, 0.000141, 0.000133, 0.000132, 0.000132, 0.000132, 0.000133, 0.000133, 0.000132, 0.000132, 0.000132, 0.000133, 0.000133, 0.000133, 0.000132, 0.000133, 0.000133, 0.000145, 0.000133, 0.000132, 0.000132, 0.000132, 0.000132, 0.000132, 0.000132, 0.000132, 0.000133, 0.000133, 0.000132, 0.000132, 0.000132, 0.000133, 0.000133, 0.000133, 0.000133, 0.000133, 0.000132, 0.000133, 0.000132, 0.000132, 0.000132, 0.000132, 0.000133, 0.000133, 0.000132, 0.000133, 0.000132, 0.000143, 0.000133, 0.000134, 0.000133, 0.000133, 0.000134, 0.000133, 0.000133, 0.000133, 0.000134, 0.000134, 0.000133, 0.000133, 0.000134, 0.000134, 0.000134, 0.000133, 0.000133, 0.000133, 0.000134, 0.000134, 0.000134, 0.000133, 0.000133, 0.000133, 0.000134, 0.000134, 0.000134, 0.000134, 0.000147, 0.000147, 0.000134, 0.000134, 0.000133, 0.000134, 0.000133, 0.000134, 0.000134, 0.000133, 0.000134}"
