"model_name","layer_name","layer_index","kind","min_time","mean_time","max_time","add_flops","div_flops","cmp_flops","exp_flops","mad_flops","input_channel","input_height","input_width","output_channel","output_height","output_width","function","kernel_1","kernel_2","stride_1","stride_2","dilation_1","dilation_2","input_form","topology_hash","mad/min_time","mad/mean_time","mad/max_time","time"
"ResNet-101 Trained on ImageNet Competition Data","4b6/res4b6",150,"Total",0.000135,0.00013713333333333332,0.000529,200704,0,0,0,0,1024,14,14,1024,14,14,"","","","","","","","HoldForm[TotalLayer[""Inputs"" -> {{1024, 14, 14}, {1024, 14, 14}}]]","0krmdiyn3vw17",0.,0.,0.,"{0.000529, 0.000154, 0.000139, 0.000137, 0.000149, 0.000138, 0.000138, 0.000147, 0.000143, 0.000137, 0.000137, 0.000137, 0.000137, 0.000137, 0.000137, 0.000137, 0.000137, 0.000138, 0.000138, 0.000138, 0.000137, 0.000137, 0.000137, 0.000137, 0.000137, 0.000137, 0.000136, 0.000137, 0.000137, 0.000137, 0.000141, 0.000138, 0.000138, 0.000151, 0.000137, 0.000137, 0.000137, 0.000152, 0.000136, 0.000136, 0.000136, 0.000136, 0.000136, 0.000136, 0.000136, 0.000137, 0.000136, 0.000136, 0.000135, 0.000136}"
