"id","name","machine_name","min_time","mean_time","max_time","raw_time"
49,"3D Face Alignment Net Trained on 300W Large Pose Data","c5.large",1.144439e6,1.1523953e6,1.186216e6,"{1.186216*^6, 1.145156*^6, 1.15117*^6, 1.148906*^6, 1.149033*^6, 1.146571*^6, 1.145853*^6, 1.148901*^6, 1.149414*^6, 1.163357*^6, 1.150933*^6, 1.146767*^6, 1.147401*^6, 1.159432*^6, 1.168401*^6, 1.153307*^6, 1.145528*^6, 1.14771*^6, 1.156067*^6, 1.152292*^6, 1.159178*^6, 1.163628*^6, 1.155447*^6, 1.15654*^6, 1.157377*^6, 1.15559*^6, 1.151232*^6, 1.155005*^6, 1.155517*^6, 1.148108*^6, 1.155104*^6, 1.15246*^6, 1.154498*^6, 1.149564*^6, 1.157479*^6, 1.156474*^6, 1.157756*^6, 1.156139*^6, 1.153755*^6, 1.158097*^6, 1.15134*^6, 1.145404*^6, 1.147467*^6, 1.152038*^6, 1.17116*^6, 1.149906*^6, 1.147903*^6, 1.144439*^6, 1.150129*^6, 1.144797*^6}"
