"id","name","machine_name","min_time","mean_time","max_time","raw_time"
"NotFound","U-Net Trained on Glioblastoma-Astrocytoma U373 Cells on a Polyacrylamide Substrate Data","c5.large",5.872081e6,5.8796928333e6,6.792921e6,"{6.792921*^6, 5.885744*^6, 5.8764*^6, 5.872327*^6, 5.879754*^6, 5.889933*^6, 5.900226*^6, 5.876011*^6, 5.874277*^6, 5.877276*^6, 5.879079*^6, 5.877963*^6, 5.875262*^6, 5.875308*^6, 5.875284*^6, 5.890323*^6, 5.885549*^6, 5.87985*^6, 5.875738*^6, 5.876127*^6, 5.876392*^6, 5.885321*^6, 5.878266*^6, 5.876672*^6, 5.875279*^6, 5.886529*^6, 5.890455*^6, 5.875201*^6, 5.882147*^6, 5.885401*^6, 5.875412*^6, 5.874649*^6, 5.872081*^6, 5.88262*^6, 5.884323*^6, 5.878299*^6, 5.879818*^6, 5.88062*^6, 5.884781*^6, 5.888618*^6, 5.879124*^6, 5.880152*^6, 5.875265*^6, 5.883414*^6, 5.883086*^6, 5.880224*^6, 5.875292*^6, 5.889298*^6, 5.884683*^6, 5.876524*^6}"
