"id","name","machine_name","min_time","mean_time","max_time","raw_time"
56,"Multi-scale Context Aggregation Net Trained on CamVid Data","c4.xlarge",1.4704163e7,1.47227533e7,1.6024658e7,"{1.6024658*^7, 1.4729151*^7, 1.4717579*^7, 1.4715205*^7, 1.4724139*^7, 1.4749242*^7, 1.4745961*^7, 1.4737606*^7, 1.4705281*^7, 1.4720668*^7, 1.4719061*^7, 1.4717219*^7, 1.4717088*^7, 1.471646*^7, 1.4720446*^7, 1.4732962*^7, 1.4713289*^7, 1.4728275*^7, 1.4715081*^7, 1.4713586*^7, 1.4717334*^7, 1.4726885*^7, 1.4732142*^7, 1.473168*^7, 1.4712213*^7, 1.4726424*^7, 1.4713676*^7, 1.4727273*^7, 1.4726142*^7, 1.472791*^7, 1.4737773*^7, 1.475665*^7, 1.4705679*^7, 1.4715197*^7, 1.4719214*^7, 1.4739824*^7, 1.4725099*^7, 1.4728592*^7, 1.4737562*^7, 1.4730885*^7, 1.4740766*^7, 1.4718929*^7, 1.4707809*^7, 1.4709997*^7, 1.4704163*^7, 1.470845*^7, 1.4728297*^7, 1.4737406*^7, 1.4705479*^7, 1.4713147*^7}"
