"id","name","machine_name","min_time","mean_time","max_time","raw_time"
37,"CycleGAN Summer-to-Winter Translation","c5.xlarge",1.553384e6,1.5627637000000002e6,1.781031e6,"{1.781031*^6, 1.564648*^6, 1.563684*^6, 1.562335*^6, 1.563198*^6, 1.565759*^6, 1.560367*^6, 1.555557*^6, 1.557773*^6, 1.561102*^6, 1.560031*^6, 1.554955*^6, 1.561621*^6, 1.563235*^6, 1.566472*^6, 1.56479*^6, 1.563575*^6, 1.566801*^6, 1.564026*^6, 1.563667*^6, 1.56511*^6, 1.56404*^6, 1.562738*^6, 1.56295*^6, 1.563555*^6, 1.562383*^6, 1.554698*^6, 1.555986*^6, 1.55695*^6, 1.555933*^6, 1.554639*^6, 1.564298*^6, 1.572646*^6, 1.565547*^6, 1.564106*^6, 1.568131*^6, 1.5636*^6, 1.564729*^6, 1.564115*^6, 1.563138*^6, 1.564145*^6, 1.563841*^6, 1.563054*^6, 1.56173*^6, 1.561797*^6, 1.553989*^6, 1.565339*^6, 1.55943*^6, 1.553983*^6, 1.553384*^6}"
