"model_name","layer_name","layer_index","kind","min_time","mean_time","max_time","add_flops","div_flops","cmp_flops","exp_flops","mad_flops","input_channel","input_height","input_width","output_channel","output_height","output_width","function","kernel_1","kernel_2","stride_1","stride_2","dilation_1","dilation_2","input_form","topology_hash","mad/min_time","mad/mean_time","mad/max_time","time"
"Squeeze-and-Excitation Net Trained on ImageNet Competition Data","z10/conv4_36_global_pool",808,"Aggregation",0.006072,0.006086700000000001,0.006304,200704,200704,0,0,0,1024,14,14,1024,"","","Mean","","","","","","","HoldForm[AggregationLayer[Mean, ""Input"" -> {1024, 14, 14}]]","03xx1wy2c8bth",0.,0.,0.,"{0.006304, 0.006109, 0.006102, 0.006113, 0.006096, 0.006093, 0.006077, 0.006146, 0.006086, 0.006098, 0.006083, 0.006093, 0.006084, 0.006095, 0.006075, 0.006096, 0.006085, 0.006092, 0.00608, 0.006084, 0.006084, 0.006094, 0.006093, 0.006081, 0.006088, 0.006078, 0.006095, 0.006099, 0.006115, 0.006072, 0.006086, 0.006078, 0.006089, 0.006082, 0.006089, 0.006084, 0.006099, 0.006078, 0.006094, 0.006083, 0.006086, 0.00608, 0.006093, 0.006094, 0.006082, 0.006095, 0.006081, 0.006087, 0.006077, 0.00609, 0.006077, 0.006094, 0.00608, 0.006088, 0.00608, 0.006089, 0.006106, 0.006088, 0.006075, 0.006093, 0.006074, 0.006096, 0.00608, 0.006087, 0.006081, 0.006087, 0.006092, 0.00608, 0.006089, 0.006083, 0.006092, 0.006082, 0.006089, 0.006076, 0.006088, 0.006092, 0.006089, 0.006085, 0.006085, 0.006079, 0.006096, 0.006079, 0.006088, 0.006075, 0.006088, 0.00608, 0.006084, 0.006079, 0.006087, 0.006094, 0.00608, 0.00609, 0.006076, 0.006085, 0.00608, 0.006092, 0.006074, 0.006089, 0.006077, 0.006095}"
