"model_name","layer_name","layer_index","kind","min_time","mean_time","max_time","add_flops","div_flops","cmp_flops","exp_flops","mad_flops","input_channel","input_height","input_width","output_channel","output_height","output_width","function","kernel_1","kernel_2","stride_1","stride_2","dilation_1","dilation_2","input_form","topology_hash","mad/min_time","mad/mean_time","mad/max_time","time"
"Squeeze-and-Excitation Net Trained on ImageNet Competition Data","3a/conv3_1_1x1_increase_bn",74,"BatchNormalization",0.000294,0.0003015333333333333,0.001359,401408,401408,0,0,0,512,28,28,512,28,28,"","","","","","","","HoldForm[BatchNormalizationLayer[""Epsilon"" -> 0.0001, ""Input"" -> {512, 28, 28}]]","04pb5s9ihghh3",0.,0.,0.,"{0.001359, 0.00033, 0.000341, 0.000306, 0.000298, 0.000296, 0.000297, 0.000296, 0.000296, 0.000296, 0.000296, 0.000318, 0.000304, 0.000297, 0.000296, 0.000324, 0.000307, 0.000297, 0.000304, 0.0003, 0.000296, 0.000295, 0.000296, 0.000294, 0.000295, 0.000296, 0.000295, 0.000299, 0.000295, 0.000324, 0.000308, 0.0003, 0.0003, 0.000297, 0.000305, 0.000305, 0.000299, 0.000299, 0.000298, 0.000298, 0.000298, 0.000299, 0.00033, 0.000307, 0.000315, 0.00031, 0.000299, 0.000302, 0.0003, 0.000298, 0.0003, 0.000303, 0.000307, 0.000302, 0.000298, 0.000325, 0.000308, 0.000299, 0.0003, 0.000299, 0.0003, 0.000299, 0.000298, 0.000299, 0.000299, 0.0003, 0.000299, 0.000298, 0.000336, 0.00031, 0.000302, 0.000302, 0.000303, 0.000301, 0.000302, 0.000301, 0.000301, 0.0003, 0.000305, 0.000306, 0.000306, 0.00033, 0.000307, 0.000303, 0.000307, 0.000308, 0.000303, 0.000302, 0.000301, 0.000303, 0.000302, 0.000302, 0.000301, 0.000302, 0.000335, 0.000311, 0.000307, 0.000303, 0.000303, 0.000302}"
