"model_name","layer_name","layer_index","kind","min_time","mean_time","max_time","add_flops","div_flops","cmp_flops","exp_flops","mad_flops","input_channel","input_height","input_width","output_channel","output_height","output_width","function","kernel_1","kernel_2","stride_1","stride_2","dilation_1","dilation_2","input_form","topology_hash","mad/min_time","mad/mean_time","mad/max_time","time"
"Unguided Volumetric Regression Net for 3D Face Reconstruction","9/2/3/2",1018,"BatchNormalization",0.000396,0.0004051666666666667,0.001845,589824,589824,0,0,0,256,48,48,256,48,48,"","","","","","","","HoldForm[BatchNormalizationLayer[""Momentum"" -> 0.1, ""Epsilon"" -> 0.00001, ""Input"" -> {256, 48, 48}]]","0yiwnx2cwqd0y",0.,0.,0.,"{0.001845, 0.000408, 0.000434, 0.000407, 0.000399, 0.000397, 0.000398, 0.000397, 0.000397, 0.000396, 0.00042, 0.000404, 0.000427, 0.000407, 0.000419, 0.000401, 0.000397, 0.000397, 0.000396, 0.000418, 0.000403, 0.000428, 0.000406, 0.000399, 0.000399, 0.000397, 0.000398, 0.000415, 0.000402, 0.000398, 0.000398, 0.000432, 0.000408, 0.000402, 0.000401, 0.000406, 0.000406, 0.000402, 0.000405, 0.000401, 0.000401, 0.000427, 0.000405, 0.000406, 0.00041, 0.000405, 0.000402, 0.000401, 0.0004, 0.000402, 0.0004, 0.000443, 0.000415, 0.000406, 0.000403, 0.000404, 0.000404, 0.000404, 0.000404, 0.000404, 0.000416, 0.00042, 0.000409, 0.000405, 0.000404, 0.000404, 0.000404, 0.000404, 0.000407, 0.000415, 0.000438, 0.000409, 0.000405, 0.000404, 0.000404, 0.000405, 0.000402, 0.000406, 0.000403, 0.000405, 0.000433, 0.00041, 0.000405, 0.000405, 0.000405, 0.00041, 0.000411, 0.000408, 0.000405, 0.000405, 0.00041, 0.00041, 0.000404, 0.000409, 0.000408, 0.000405, 0.000405, 0.000405, 0.000404, 0.000415}"
