"model_name","layer_name","layer_index","kind","min_time","mean_time","max_time","add_flops","div_flops","cmp_flops","exp_flops","mad_flops","input_channel","input_height","input_width","output_channel","output_height","output_width","function","kernel_1","kernel_2","stride_1","stride_2","dilation_1","dilation_2","input_form","topology_hash","mad/min_time","mad/mean_time","mad/max_time","time"
"Ademxapp Model A1 Trained on PASCAL VOC2012 and MS-COCO Data","4b4/bn4b4_branch2b1",78,"BatchNormalization",0.001256,0.0012736833333333328,0.006052,2032128,2032128,0,0,0,512,63,63,512,63,63,"","","","","","","","HoldForm[BatchNormalizationLayer[""Epsilon"" -> 0.00001001, ""Input"" -> {512, 63, 63}]]","07ii0bj6crfqt",0.,0.,0.,"{0.006052, 0.001333, 0.001271, 0.001261, 0.001269, 0.001274, 0.001267, 0.001298, 0.001271, 0.00126, 0.00129, 0.001274, 0.001271, 0.001298, 0.001273, 0.001261, 0.001287, 0.001266, 0.001259, 0.001286, 0.001274, 0.001271, 0.001295, 0.001266, 0.001259, 0.001292, 0.001276, 0.00129, 0.001282, 0.001302, 0.001272, 0.001267, 0.001287, 0.001269, 0.001261, 0.001286, 0.001273, 0.001273, 0.001292, 0.001268, 0.001259, 0.001284, 0.001267, 0.001261, 0.00129, 0.001284, 0.001276, 0.001295, 0.001277, 0.001265, 0.0013, 0.001269, 0.001268, 0.001273, 0.001292, 0.001271, 0.001263, 0.001285, 0.001266, 0.001259, 0.00129, 0.001277, 0.001272, 0.001295, 0.001267, 0.001262, 0.001285, 0.001268, 0.001267, 0.0013, 0.001268, 0.001259, 0.001285, 0.001266, 0.001263, 0.001256, 0.00127, 0.001273, 0.001265, 0.001293, 0.001264, 0.001261, 0.001285, 0.001265, 0.001268, 0.001294, 0.001269, 0.001258, 0.001288, 0.001271, 0.001265, 0.001285, 0.001274, 0.00127, 0.001298, 0.001265, 0.00126, 0.001295, 0.00127, 0.001265}"
