"model_name","layer_name","layer_index","kind","min_time","mean_time","max_time","add_flops","div_flops","cmp_flops","exp_flops","mad_flops","input_channel","input_height","input_width","output_channel","output_height","output_width","function","kernel_1","kernel_2","stride_1","stride_2","dilation_1","dilation_2","input_form","topology_hash","mad/min_time","mad/mean_time","mad/max_time","time"
"Inception V3 Trained on ImageNet Competition Data","Inception1/mixed_tower_1_conv_1_batchnorm",31,"BatchNormalization",0.00012,0.00012134999999999985,0.000594,117600,117600,0,0,0,96,35,35,96,35,35,"","","","","","","","HoldForm[BatchNormalizationLayer[""Input"" -> {96, 35, 35}]]","10vlbyalwhm2h",0.,0.,0.,"{0.000594, 0.000133, 0.000125, 0.000123, 0.000122, 0.000122, 0.000121, 0.00016, 0.000132, 0.000122, 0.000121, 0.000122, 0.000121, 0.000121, 0.000121, 0.000122, 0.000125, 0.000121, 0.000122, 0.00012, 0.000121, 0.000122, 0.000121, 0.000121, 0.000122, 0.000121, 0.000122, 0.000121, 0.000121, 0.000122, 0.000121, 0.00012, 0.000121, 0.000121, 0.00012, 0.000122, 0.000121, 0.00012, 0.000122, 0.000161, 0.000132, 0.000147, 0.000133, 0.000123, 0.000121, 0.000121, 0.00012, 0.000121, 0.000121, 0.000121, 0.00012, 0.00014, 0.000126, 0.000122, 0.000122, 0.000121, 0.000121, 0.000122, 0.000121, 0.000121, 0.00012, 0.000126, 0.00013, 0.000122, 0.000121, 0.000121, 0.00012, 0.00012, 0.00012, 0.00012, 0.000161, 0.000131, 0.000123, 0.000121, 0.000121, 0.00013, 0.000129, 0.000121, 0.000121, 0.000121, 0.000121, 0.000121, 0.000122, 0.000121, 0.000122, 0.000121, 0.000121, 0.000122, 0.000121, 0.000121, 0.00012, 0.000121, 0.000121, 0.00012, 0.000121, 0.000121, 0.000121, 0.000121, 0.000121, 0.000121}"
