"model_name","layer_name","layer_index","kind","min_time","mean_time","max_time","add_flops","div_flops","cmp_flops","exp_flops","mad_flops","input_channel","input_height","input_width","output_channel","output_height","output_width","function","kernel_1","kernel_2","stride_1","stride_2","dilation_1","dilation_2","input_form","topology_hash","mad/min_time","mad/mean_time","mad/max_time","time"
"YOLO V2 Trained on MS-COCO Data","Conv/conv_final_1/5",75,"BatchNormalization",0.000145,0.00014788333333333326,0.000601,173056,173056,0,0,0,1024,13,13,1024,13,13,"","","","","","","","HoldForm[BatchNormalizationLayer[""Epsilon"" -> 1.*^-6, ""Input"" -> {1024, 13, 13}]]","1di52sv24kxyx",0.,0.,0.,"{0.000601, 0.000159, 0.000151, 0.000149, 0.000147, 0.000147, 0.000147, 0.000159, 0.000148, 0.000148, 0.000147, 0.00015, 0.000154, 0.000146, 0.000147, 0.000146, 0.000146, 0.000146, 0.000146, 0.000177, 0.000148, 0.000147, 0.000146, 0.000146, 0.000145, 0.000146, 0.000146, 0.000147, 0.000146, 0.000146, 0.000146, 0.000147, 0.000147, 0.000145, 0.000146, 0.000145, 0.000145, 0.000146, 0.000146, 0.000145, 0.000145, 0.000145, 0.000145, 0.000146, 0.000146, 0.000187, 0.000152, 0.000149, 0.000147, 0.000147, 0.000147, 0.000147, 0.000146, 0.000146, 0.000146, 0.000146, 0.000146, 0.000147, 0.000147, 0.000147, 0.000146, 0.000146, 0.000146, 0.000147, 0.000146, 0.000147, 0.000146, 0.000145, 0.000147, 0.000146, 0.000146, 0.000148, 0.000173, 0.000155, 0.000152, 0.000151, 0.000151, 0.000151, 0.000152, 0.000152, 0.000151, 0.00015, 0.000151, 0.000151, 0.000151, 0.00015, 0.000151, 0.000153, 0.000151, 0.000151, 0.00015, 0.000151, 0.000151, 0.000152, 0.00015, 0.000151, 0.000152, 0.000152, 0.000194, 0.000158}"
