"model_name","layer_name","layer_index","kind","min_time","mean_time","max_time","add_flops","div_flops","cmp_flops","exp_flops","mad_flops","input_channel","input_height","input_width","output_channel","output_height","output_width","function","kernel_1","kernel_2","stride_1","stride_2","dilation_1","dilation_2","input_form","topology_hash","mad/min_time","mad/mean_time","mad/max_time","time"
"Squeeze-and-Excitation Net Trained on ImageNet Competition Data","conv1_2_3x3_bn",5,"BatchNormalization",0.000363,0.0003706166666666668,0.001845,802816,802816,0,0,0,64,112,112,64,112,112,"","","","","","","","HoldForm[BatchNormalizationLayer[""Epsilon"" -> 0.0001, ""Input"" -> {64, 112, 112}]]","1ko3jcagxwa1e",0.,0.,0.,"{0.001845, 0.000388, 0.000379, 0.000376, 0.000416, 0.00038, 0.000401, 0.000371, 0.00037, 0.000368, 0.00037, 0.000369, 0.000371, 0.000368, 0.00037, 0.000403, 0.000371, 0.000368, 0.000369, 0.000368, 0.000369, 0.000369, 0.000369, 0.000372, 0.000369, 0.000397, 0.000373, 0.00037, 0.000374, 0.000368, 0.00037, 0.00037, 0.000369, 0.000387, 0.000394, 0.000374, 0.000418, 0.000374, 0.000372, 0.000372, 0.000371, 0.000378, 0.000372, 0.00037, 0.000371, 0.000371, 0.000399, 0.000373, 0.000371, 0.000371, 0.000372, 0.00037, 0.000381, 0.00037, 0.000375, 0.000372, 0.000372, 0.000399, 0.000374, 0.000398, 0.000389, 0.00037, 0.000368, 0.000366, 0.00037, 0.00037, 0.000365, 0.000365, 0.000374, 0.000366, 0.000366, 0.000365, 0.000365, 0.000365, 0.000364, 0.000365, 0.000363, 0.000365, 0.0004, 0.000371, 0.000367, 0.000372, 0.000385, 0.000368, 0.000365, 0.000365, 0.00037, 0.000369, 0.000364, 0.00041, 0.000372, 0.00037, 0.000376, 0.000365, 0.000365, 0.000364, 0.000364, 0.000366, 0.000365, 0.000364}"
