"model_name","layer_name","layer_index","kind","min_time","mean_time","max_time","add_flops","div_flops","cmp_flops","exp_flops","mad_flops","input_channel","input_height","input_width","output_channel","output_height","output_width","function","kernel_1","kernel_2","stride_1","stride_2","dilation_1","dilation_2","input_form","topology_hash","mad/min_time","mad/mean_time","mad/max_time","time"
"Inception V3 Trained on ImageNet Competition Data","Inception5/mixed_4_tower_1_conv_3_batchnorm",123,"BatchNormalization",0.000075,0.00008141666666666664,0.000317,36992,36992,0,0,0,128,17,17,128,17,17,"","","","","","","","HoldForm[BatchNormalizationLayer[""Input"" -> {128, 17, 17}]]","1rfqg3yjw72uu",0.,0.,0.,"{0.000317, 0.000096, 0.000089, 0.000086, 0.000085, 0.000085, 0.000085, 0.000085, 0.000085, 0.000085, 0.000084, 0.000085, 0.000084, 0.000116, 0.000084, 0.000078, 0.000078, 0.000077, 0.000077, 0.000078, 0.000079, 0.000078, 0.000077, 0.000077, 0.000078, 0.000078, 0.000077, 0.000077, 0.000077, 0.000078, 0.000078, 0.000077, 0.000077, 0.000076, 0.000077, 0.000087, 0.000076, 0.000077, 0.000076, 0.000075, 0.000075, 0.000075, 0.000075, 0.000075, 0.000077, 0.000086, 0.000077, 0.000078, 0.000077, 0.000077, 0.000078, 0.000083, 0.000079, 0.000078, 0.000078, 0.000079, 0.000079, 0.000079, 0.000079, 0.000078, 0.000077, 0.000077, 0.000105, 0.000094, 0.000085, 0.000084, 0.000089, 0.000084, 0.000085, 0.000085, 0.000085, 0.000084, 0.000084, 0.000083, 0.000084, 0.000083, 0.000084, 0.000084, 0.000084, 0.000084, 0.000085, 0.000084, 0.000094, 0.000082, 0.000081, 0.000081, 0.000093, 0.000084, 0.000084, 0.000084, 0.000083, 0.000083, 0.000084, 0.000083, 0.000083, 0.000083, 0.000084, 0.000084, 0.000084, 0.000084}"
