"model_name","layer_name","layer_index","kind","min_time","mean_time","max_time","add_flops","div_flops","cmp_flops","exp_flops","mad_flops","input_channel","input_height","input_width","output_channel","output_height","output_width","function","kernel_1","kernel_2","stride_1","stride_2","dilation_1","dilation_2","input_form","topology_hash","mad/min_time","mad/mean_time","mad/max_time","time"
"Yahoo Open NSFW Model V1","stage2_block2/bn_branch2b",106,"BatchNormalization",0.000067,0.00007226666666666668,0.000272,25088,25088,0,0,0,128,14,14,128,14,14,"","","","","","","","HoldForm[BatchNormalizationLayer[""Epsilon"" -> 0.0001, ""Input"" -> {128, 14, 14}]]","0bj05hk387jtg",0.,0.,0.,"{0.000272, 0.000087, 0.00008, 0.000078, 0.000076, 0.000076, 0.000075, 0.000074, 0.000075, 0.000075, 0.000076, 0.000075, 0.000074, 0.000074, 0.000074, 0.000074, 0.000074, 0.000074, 0.000075, 0.000074, 0.000074, 0.000074, 0.000073, 0.000074, 0.000074, 0.000073, 0.000073, 0.000073, 0.000073, 0.000073, 0.000072, 0.000074, 0.000073, 0.000073, 0.000073, 0.000073, 0.000073, 0.000075, 0.000073, 0.000073, 0.000073, 0.000073, 0.000072, 0.000073, 0.000072, 0.000074, 0.000074, 0.000092, 0.000076, 0.000072, 0.000071, 0.000071, 0.000071, 0.000071, 0.000071, 0.000071, 0.000071, 0.00007, 0.00007, 0.000071, 0.000071, 0.000071, 0.000071, 0.000071, 0.000071, 0.00007, 0.00007, 0.00007, 0.00007, 0.00007, 0.00007, 0.00007, 0.000069, 0.00007, 0.00007, 0.00007, 0.00007, 0.00007, 0.00007, 0.00007, 0.00007, 0.000105, 0.000094, 0.000076, 0.000073, 0.000072, 0.000071, 0.00007, 0.000071, 0.000069, 0.00007, 0.000069, 0.00007, 0.000085, 0.000076, 0.000067, 0.000067, 0.000068, 0.000067, 0.000067}"
