"model_name","layer_name","layer_index","kind","min_time","mean_time","max_time","add_flops","div_flops","cmp_flops","exp_flops","mad_flops","input_channel","input_height","input_width","output_channel","output_height","output_width","function","kernel_1","kernel_2","stride_1","stride_2","dilation_1","dilation_2","input_form","topology_hash","mad/min_time","mad/mean_time","mad/max_time","time"
"Squeeze-and-Excitation Net Trained on ImageNet Competition Data","2a/conv2_1_1x1_proj_bn",13,"BatchNormalization",0.00052,0.0005302000000000002,0.002497,802816,802816,0,0,0,256,56,56,256,56,56,"","","","","","","","HoldForm[BatchNormalizationLayer[""Epsilon"" -> 0.0001, ""Input"" -> {256, 56, 56}]]","0lmb0g68wkpzz",0.,0.,0.,"{0.002497, 0.000572, 0.000535, 0.000525, 0.000526, 0.00052, 0.000528, 0.000528, 0.000522, 0.000551, 0.000531, 0.000527, 0.000548, 0.000527, 0.000522, 0.000521, 0.000551, 0.000529, 0.000529, 0.000534, 0.000526, 0.000524, 0.000522, 0.000521, 0.00055, 0.000531, 0.000523, 0.000521, 0.000522, 0.000521, 0.000529, 0.000555, 0.000535, 0.000527, 0.000525, 0.000524, 0.000525, 0.000546, 0.00054, 0.000561, 0.000535, 0.000529, 0.000526, 0.000525, 0.000524, 0.000524, 0.00055, 0.000533, 0.000523, 0.000546, 0.000533, 0.000526, 0.000524, 0.000527, 0.000564, 0.000539, 0.000535, 0.000537, 0.000532, 0.00053, 0.000532, 0.000555, 0.000532, 0.000526, 0.000525, 0.000525, 0.000526, 0.000523, 0.00053, 0.000575, 0.000542, 0.000535, 0.00053, 0.000531, 0.000531, 0.000535, 0.000562, 0.000532, 0.000526, 0.000526, 0.000527, 0.000526, 0.000524, 0.000526, 0.000535, 0.000535, 0.000533, 0.000535, 0.000534, 0.00053, 0.00053, 0.00056, 0.000535, 0.000528, 0.000533, 0.000534, 0.000531, 0.000531, 0.000554, 0.000532}"
