"model_name","layer_name","layer_index","kind","min_time","mean_time","max_time","add_flops","div_flops","cmp_flops","exp_flops","mad_flops","input_channel","input_height","input_width","output_channel","output_height","output_width","function","kernel_1","kernel_2","stride_1","stride_2","dilation_1","dilation_2","input_form","topology_hash","mad/min_time","mad/mean_time","mad/max_time","time"
"Single-Image Depth Perception Net Trained on NYU Depth V2 and Depth in the Wild Data","4/1/1/5/4/2",448,"BatchNormalization",0.000546,0.000555266666666667,0.002861,1228800,1228800,0,0,0,64,120,160,64,120,160,"","","","","","","","HoldForm[BatchNormalizationLayer[""Momentum"" -> 0.1, ""Epsilon"" -> 0.00001, ""Input"" -> {64, 120, 160}]]","0e4icb1olymil",0.,0.,0.,"{0.002861, 0.000604, 0.00056, 0.000552, 0.000548, 0.000585, 0.000551, 0.000548, 0.000566, 0.000549, 0.000552, 0.000549, 0.000592, 0.00055, 0.000565, 0.000553, 0.000552, 0.000556, 0.000558, 0.000603, 0.000579, 0.000565, 0.000561, 0.000557, 0.000554, 0.000559, 0.000592, 0.000559, 0.000551, 0.000553, 0.000558, 0.000576, 0.000569, 0.000617, 0.000563, 0.000556, 0.000553, 0.000555, 0.000556, 0.000552, 0.000559, 0.000552, 0.00055, 0.000548, 0.000555, 0.000549, 0.00055, 0.000549, 0.000581, 0.000552, 0.000549, 0.00055, 0.000548, 0.000551, 0.000551, 0.000593, 0.000554, 0.000548, 0.000553, 0.000556, 0.000552, 0.000546, 0.000579, 0.000552, 0.000591, 0.000556, 0.000553, 0.000552, 0.000553, 0.000585, 0.000552, 0.000551, 0.000552, 0.000554, 0.00057, 0.000558, 0.000589, 0.000559, 0.000556, 0.000555, 0.000553, 0.000554, 0.00055, 0.00058, 0.000554, 0.000551, 0.000552, 0.00055, 0.000554, 0.000553, 0.000592, 0.000561, 0.000555, 0.000558, 0.000552, 0.000557, 0.000558, 0.000554, 0.000557, 0.000557}"
