"model_name","layer_name","layer_index","kind","min_time","mean_time","max_time","add_flops","div_flops","cmp_flops","exp_flops","mad_flops","input_channel","input_height","input_width","output_channel","output_height","output_width","function","kernel_1","kernel_2","stride_1","stride_2","dilation_1","dilation_2","input_form","topology_hash","mad/min_time","mad/mean_time","mad/max_time","time"
"Squeeze-and-Excitation Net Trained on ImageNet Competition Data","3c/conv3_3_1x1_increase_bn",108,"BatchNormalization",0.000218,0.00022403333333333338,0.001115,401408,401408,0,0,0,512,28,28,512,28,28,"","","","","","","","HoldForm[BatchNormalizationLayer[""Epsilon"" -> 0.0001, ""Input"" -> {512, 28, 28}]]","04pb5s9ihghh3",0.,0.,0.,"{0.001115, 0.000264, 0.000232, 0.000222, 0.000222, 0.000221, 0.000222, 0.000221, 0.000221, 0.000221, 0.000222, 0.000221, 0.00022, 0.00022, 0.000239, 0.000221, 0.000221, 0.000221, 0.000221, 0.000253, 0.000223, 0.000221, 0.000221, 0.000221, 0.000221, 0.00022, 0.000221, 0.000221, 0.000221, 0.000218, 0.000221, 0.000221, 0.00022, 0.00022, 0.000221, 0.000219, 0.000258, 0.000234, 0.000229, 0.000229, 0.000228, 0.000226, 0.000227, 0.000226, 0.000244, 0.000227, 0.000226, 0.000227, 0.000227, 0.000226, 0.000227, 0.000226, 0.000228, 0.000229, 0.000229, 0.000224, 0.000224, 0.000224, 0.000243, 0.000225, 0.000224, 0.000223, 0.000224, 0.000225, 0.000224, 0.000223, 0.000226, 0.000225, 0.000224, 0.000224, 0.000224, 0.000247, 0.000224, 0.000222, 0.000243, 0.000241, 0.000224, 0.000224, 0.000223, 0.000225, 0.000225, 0.000225, 0.000225, 0.000224, 0.000224, 0.000223, 0.000225, 0.000225, 0.000266, 0.000229, 0.000225, 0.000224, 0.000225, 0.000223, 0.000225, 0.000223, 0.000223, 0.000223, 0.000224, 0.000224}"
