"model_name","layer_name","layer_index","kind","min_time","mean_time","max_time","add_flops","div_flops","cmp_flops","exp_flops","mad_flops","input_channel","input_height","input_width","output_channel","output_height","output_width","function","kernel_1","kernel_2","stride_1","stride_2","dilation_1","dilation_2","input_form","topology_hash","mad/min_time","mad/mean_time","mad/max_time","time"
"Dilated ResNet-105 Trained on Cityscapes Data","batchnorm92",303,"BatchNormalization",0.005807,0.005861866666666665,0.01858,8388608,8388608,0,0,0,1024,64,128,1024,64,128,"","","","","","","","HoldForm[BatchNormalizationLayer[""Momentum"" -> 0.899999976158, ""Epsilon"" -> 9.99999974738*^-6, ""Input"" -> {1024, 64, 128}]]","0fy35p5f11m54",0.,0.,0.,"{0.01858, 0.005849, 0.005883, 0.005843, 0.005887, 0.005848, 0.005871, 0.005852, 0.005894, 0.005832, 0.005875, 0.005843, 0.005855, 0.005844, 0.00586, 0.005882, 0.005848, 0.005862, 0.005844, 0.005917, 0.005855, 0.005908, 0.005885, 0.005923, 0.005867, 0.005889, 0.005873, 0.005892, 0.005847, 0.005871, 0.005874, 0.005871, 0.005873, 0.00585, 0.005874, 0.005819, 0.005848, 0.005832, 0.005884, 0.005843, 0.005864, 0.005849, 0.005807, 0.005863, 0.005847, 0.005858, 0.005831, 0.00588, 0.005862, 0.005845}"
