"model_name","layer_name","layer_index","kind","min_time","mean_time","max_time","add_flops","div_flops","cmp_flops","exp_flops","mad_flops","input_channel","input_height","input_width","output_channel","output_height","output_width","function","kernel_1","kernel_2","stride_1","stride_2","dilation_1","dilation_2","input_form","topology_hash","mad/min_time","mad/mean_time","mad/max_time","time"
"MobileNet V2 Trained on ImageNet Competition Data","5_2/2/conv5_2_dwise_bn",108,"BatchNormalization",0.000173,0.00017591666666666667,0.000758,159936,159936,0,0,0,816,14,14,816,14,14,"","","","","","","","HoldForm[BatchNormalizationLayer[""Input"" -> {816, 14, 14}]]","17oir1lkj06r3",0.,0.,0.,"{0.000758, 0.000187, 0.000181, 0.000176, 0.000177, 0.000175, 0.000176, 0.000175, 0.000176, 0.000196, 0.000178, 0.000194, 0.000225, 0.000225, 0.000187, 0.000178, 0.000178, 0.000178, 0.000176, 0.000176, 0.000176, 0.000176, 0.000176, 0.000175, 0.000174, 0.000174, 0.000175, 0.000174, 0.00018, 0.000176, 0.000173, 0.000175, 0.000175, 0.000174, 0.000174, 0.000208, 0.000185, 0.000174, 0.000175, 0.000176, 0.000174, 0.000175, 0.000173, 0.000175, 0.000175, 0.000175, 0.000174, 0.000179, 0.000174, 0.000175, 0.000175, 0.000174, 0.000174, 0.000173, 0.000174, 0.000173, 0.000173, 0.000206, 0.000186, 0.000177, 0.000177, 0.000176, 0.000175, 0.000176, 0.000177, 0.000174, 0.000176, 0.000175, 0.000231, 0.000188, 0.000177, 0.000176, 0.000175, 0.000176, 0.000174, 0.000175, 0.000176, 0.000177, 0.000175, 0.000208, 0.000186, 0.000176, 0.000176, 0.000181, 0.000176, 0.000176, 0.000177, 0.000175, 0.000177, 0.000176, 0.000174, 0.000176, 0.000176, 0.000175, 0.000176, 0.000177, 0.000176, 0.000176, 0.000175, 0.000177}"
