"model_name","layer_name","layer_index","kind","min_time","mean_time","max_time","add_flops","div_flops","cmp_flops","exp_flops","mad_flops","input_channel","input_height","input_width","output_channel","output_height","output_width","function","kernel_1","kernel_2","stride_1","stride_2","dilation_1","dilation_2","input_form","topology_hash","mad/min_time","mad/mean_time","mad/max_time","time"
"2D Face Alignment Net Trained on 300W Large Pose Data","11/4/1/1/1",5,"BatchNormalization",0.000648,0.0006592666666666665,0.003207,1048576,1048576,0,0,0,64,128,128,64,128,128,"","","","","","","","HoldForm[BatchNormalizationLayer[""Momentum"" -> 0.1, ""Epsilon"" -> 0.00001, ""Input"" -> {64, 128, 128}]]","0bgq2upz2ngsr",0.,0.,0.,"{0.003207, 0.000701, 0.000675, 0.000659, 0.00065, 0.000679, 0.000659, 0.00065, 0.000649, 0.000653, 0.000655, 0.000681, 0.000658, 0.000652, 0.000649, 0.000648, 0.000648, 0.000676, 0.000657, 0.00065, 0.000649, 0.000648, 0.000648, 0.000675, 0.000666, 0.00066, 0.000657, 0.000652, 0.000652, 0.00068, 0.000661, 0.000679, 0.000671, 0.000665, 0.000653, 0.000678, 0.000656, 0.000671, 0.000657, 0.000659, 0.000659, 0.000683, 0.00066, 0.000652, 0.000653, 0.000651, 0.000651, 0.000681, 0.000666, 0.000661, 0.000655, 0.000652, 0.000651, 0.000681, 0.000662, 0.000659, 0.000663, 0.000659, 0.000656, 0.000682, 0.000659, 0.000654, 0.000658, 0.000661, 0.000665, 0.000683, 0.000661, 0.000656, 0.000661, 0.000658, 0.000661, 0.000687, 0.00066, 0.000655, 0.000659, 0.000657, 0.000655, 0.00068, 0.000664, 0.000661, 0.000656, 0.000655, 0.000654, 0.000682, 0.000661, 0.000661, 0.000661, 0.000658, 0.000654, 0.00068, 0.000661, 0.000653, 0.000658, 0.000662, 0.000667, 0.000683, 0.000661, 0.000656, 0.000654, 0.000655}"
