"model_name","layer_name","layer_index","kind","min_time","mean_time","max_time","add_flops","div_flops","cmp_flops","exp_flops","mad_flops","input_channel","input_height","input_width","output_channel","output_height","output_width","function","kernel_1","kernel_2","stride_1","stride_2","dilation_1","dilation_2","input_form","topology_hash","mad/min_time","mad/mean_time","mad/max_time","time"
"Squeeze-and-Excitation Net Trained on ImageNet Competition Data","4r/conv4_18_1x1_reduce_bn",495,"BatchNormalization",0.000107,0.00011669999999999994,0.000544,100352,100352,0,0,0,512,14,14,512,14,14,"","","","","","","","HoldForm[BatchNormalizationLayer[""Epsilon"" -> 0.0001, ""Input"" -> {512, 14, 14}]]","1gv3vnfgwc9qt",0.,0.,0.,"{0.000544, 0.000136, 0.000127, 0.000124, 0.000124, 0.000124, 0.000124, 0.000123, 0.000123, 0.000122, 0.000121, 0.000122, 0.000123, 0.000122, 0.000122, 0.000123, 0.000123, 0.000122, 0.00012, 0.000122, 0.000123, 0.000122, 0.000123, 0.000124, 0.000122, 0.000156, 0.000134, 0.000125, 0.000124, 0.000124, 0.000124, 0.000124, 0.000124, 0.000123, 0.000123, 0.000124, 0.000124, 0.000123, 0.000124, 0.000123, 0.000123, 0.000123, 0.000123, 0.000128, 0.000131, 0.000124, 0.000123, 0.000124, 0.000123, 0.000138, 0.000114, 0.000109, 0.000119, 0.000109, 0.000109, 0.000108, 0.000108, 0.000137, 0.000113, 0.000108, 0.000109, 0.000109, 0.000109, 0.000109, 0.000108, 0.000108, 0.000108, 0.000108, 0.000109, 0.000108, 0.000108, 0.000107, 0.000108, 0.000108, 0.000109, 0.000107, 0.000108, 0.000109, 0.000109, 0.000108, 0.000108, 0.000109, 0.000108, 0.000108, 0.00011, 0.000108, 0.000109, 0.000108, 0.000109, 0.000108, 0.000109, 0.000108, 0.000109, 0.000131, 0.000112, 0.000109, 0.000109, 0.000108, 0.000109, 0.00011}"
