"model_name","layer_name","layer_index","kind","min_time","mean_time","max_time","add_flops","div_flops","cmp_flops","exp_flops","mad_flops","input_channel","input_height","input_width","output_channel","output_height","output_width","function","kernel_1","kernel_2","stride_1","stride_2","dilation_1","dilation_2","input_form","topology_hash","mad/min_time","mad/mean_time","mad/max_time","time"
"Squeeze-and-Excitation Net Trained on ImageNet Competition Data","2a/conv2_1_1x1_reduce_bn",15,"BatchNormalization",0.000218,0.00022596666666666667,0.001034,401408,401408,0,0,0,128,56,56,128,56,56,"","","","","","","","HoldForm[BatchNormalizationLayer[""Epsilon"" -> 0.0001, ""Input"" -> {128, 56, 56}]]","0n6jbzyqqq26r",0.,0.,0.,"{0.001034, 0.000229, 0.000223, 0.000221, 0.000221, 0.00022, 0.00022, 0.00022, 0.000229, 0.00022, 0.00022, 0.000219, 0.000234, 0.00022, 0.00022, 0.000219, 0.000219, 0.000219, 0.000219, 0.000219, 0.000218, 0.000218, 0.00022, 0.000219, 0.000218, 0.000254, 0.000228, 0.000224, 0.000225, 0.000223, 0.000224, 0.000224, 0.000224, 0.000223, 0.000223, 0.000223, 0.000225, 0.000223, 0.000224, 0.000224, 0.000224, 0.000223, 0.000224, 0.000258, 0.00023, 0.000229, 0.000228, 0.000227, 0.000227, 0.000227, 0.000227, 0.000227, 0.000228, 0.000227, 0.000228, 0.000226, 0.000228, 0.000241, 0.000229, 0.000227, 0.000254, 0.000226, 0.000226, 0.000225, 0.000225, 0.000224, 0.000236, 0.000228, 0.000228, 0.000227, 0.000226, 0.000228, 0.000228, 0.000228, 0.000228, 0.000227, 0.000229, 0.000258, 0.000229, 0.000227, 0.000227, 0.000227, 0.000227, 0.000228, 0.000228, 0.000226, 0.000227, 0.000226, 0.000227, 0.000227, 0.000227, 0.000227, 0.000228, 0.000226, 0.000229, 0.000227, 0.000226, 0.000226, 0.000227, 0.000227}"
