"model_name","layer_name","layer_index","kind","min_time","mean_time","max_time","add_flops","div_flops","cmp_flops","exp_flops","mad_flops","input_channel","input_height","input_width","output_channel","output_height","output_width","function","kernel_1","kernel_2","stride_1","stride_2","dilation_1","dilation_2","input_form","topology_hash","mad/min_time","mad/mean_time","mad/max_time","time"
"Inception V1 Trained on Places365 Data","inception_4d/output",98,"Catenate",0.000095,0.00009950000000000005,0.000426,0,0,0,0,0,112,14,14,528,14,14,"","","","","","","","HoldForm[CatenateLayer[""Inputs"" -> {{112, 14, 14}, {288, 14, 14}, {64, 14, 14}, {64, 14, 14}}]]","0cb3n0m6zp53d",0.,0.,0.,"{0.000426, 0.000112, 0.000105, 0.000103, 0.000101, 0.000101, 0.000101, 0.0001, 0.0001, 0.0001, 0.000101, 0.0001, 0.000101, 0.0001, 0.0001, 0.000099, 0.0001, 0.0001, 0.0001, 0.0001, 0.00013, 0.000103, 0.000101, 0.000101, 0.000101, 0.0001, 0.000101, 0.0001, 0.000099, 0.000099, 0.000099, 0.000099, 0.0001, 0.000099, 0.0001, 0.0001, 0.0001, 0.0001, 0.0001, 0.000099, 0.0001, 0.000099, 0.0001, 0.0001, 0.0001, 0.0001, 0.000101, 0.0001, 0.0001, 0.0001, 0.000101, 0.0001, 0.000101, 0.0001, 0.0001, 0.0001, 0.0001, 0.0001, 0.000122, 0.000113, 0.000101, 0.000099, 0.000109, 0.000098, 0.000098, 0.000096, 0.000097, 0.000096, 0.000097, 0.000098, 0.000097, 0.000097, 0.000097, 0.000097, 0.000102, 0.000095, 0.000097, 0.000111, 0.000101, 0.000096, 0.000097, 0.000098, 0.000097, 0.000097, 0.000096, 0.000097, 0.000096, 0.000096, 0.000106, 0.000096, 0.000096, 0.000096, 0.000097, 0.000096, 0.000097, 0.000096, 0.000096, 0.000096, 0.000126, 0.000107}"
