"model_name","layer_name","layer_index","kind","min_time","mean_time","max_time","add_flops","div_flops","cmp_flops","exp_flops","mad_flops","input_channel","input_height","input_width","output_channel","output_height","output_width","function","kernel_1","kernel_2","stride_1","stride_2","dilation_1","dilation_2","input_form","topology_hash","mad/min_time","mad/mean_time","mad/max_time","time"
"Single-Image Depth Perception Net Trained on NYU Depth V2 Data","4/1/1/4/1/1/4/1/1/1/5",115,"Catenate",0.000454,0.00046688333333333345,0.0028,0,0,0,0,0,64,60,80,256,60,80,"","","","","","","","HoldForm[CatenateLayer[""Inputs"" -> {{64, 60, 80}, {64, 60, 80}, {64, 60, 80}, {64, 60, 80}}]]","1p97ui6eg67df",0.,0.,0.,"{0.0028, 0.000541, 0.000483, 0.000505, 0.00047, 0.00047, 0.000468, 0.000466, 0.000467, 0.000463, 0.000462, 0.000528, 0.000481, 0.00047, 0.000482, 0.000461, 0.000464, 0.000463, 0.000464, 0.000463, 0.000483, 0.000468, 0.000464, 0.000463, 0.000462, 0.000464, 0.000463, 0.000461, 0.000497, 0.000475, 0.000468, 0.000471, 0.000466, 0.000511, 0.000475, 0.000469, 0.00047, 0.000469, 0.000462, 0.000463, 0.000464, 0.000469, 0.000516, 0.000472, 0.000466, 0.000515, 0.000468, 0.000467, 0.000465, 0.00047, 0.000466, 0.000464, 0.000464, 0.000496, 0.000507, 0.000471, 0.000458, 0.000481, 0.000464, 0.000457, 0.000456, 0.000454, 0.000484, 0.000482, 0.000456, 0.000455, 0.000454, 0.000455, 0.000456, 0.000454, 0.000485, 0.000464, 0.000455, 0.000456, 0.000454, 0.000495, 0.000466, 0.00046, 0.000459, 0.000482, 0.000471, 0.000463, 0.00046, 0.000462, 0.000466, 0.000463, 0.000466, 0.000489, 0.000473, 0.000471, 0.000463, 0.000458, 0.00046, 0.000456, 0.000459, 0.000456, 0.000487, 0.00048, 0.000469, 0.000457}"
