"model_name","layer_name","layer_index","kind","min_time","mean_time","max_time","add_flops","div_flops","cmp_flops","exp_flops","mad_flops","input_channel","input_height","input_width","output_channel","output_height","output_width","function","kernel_1","kernel_2","stride_1","stride_2","dilation_1","dilation_2","input_form","topology_hash","mad/min_time","mad/mean_time","mad/max_time","time"
"2D Face Alignment Net Trained on 300W Large Pose Data","14/1/2/3/1/1/1/1/1/4/3",327,"Catenate",0.000141,0.0001448,0.000767,0,0,0,0,0,128,32,32,256,32,32,"","","","","","","","HoldForm[CatenateLayer[""Inputs"" -> {{128, 32, 32}, {128, 32, 32}}]]","10n2esfllxwi6",0.,0.,0.,"{0.000767, 0.000151, 0.000146, 0.000144, 0.000144, 0.000142, 0.000142, 0.000142, 0.000159, 0.000144, 0.000143, 0.000143, 0.000142, 0.000148, 0.000159, 0.000148, 0.000143, 0.000173, 0.00015, 0.000143, 0.000143, 0.000142, 0.000143, 0.000141, 0.000142, 0.000142, 0.000142, 0.000141, 0.000141, 0.000141, 0.000143, 0.000143, 0.000142, 0.000141, 0.000145, 0.000141, 0.000141, 0.000142, 0.000158, 0.000146, 0.000141, 0.000141, 0.000154, 0.000145, 0.000174, 0.000149, 0.000144, 0.000141, 0.000142, 0.000142, 0.000142, 0.000141, 0.000141, 0.000141, 0.00015, 0.000141, 0.000141, 0.000141, 0.000141, 0.000141, 0.000141, 0.000141, 0.000142, 0.000141, 0.000154, 0.000142, 0.000142, 0.000141, 0.000141, 0.000141, 0.000141, 0.000141, 0.000176, 0.000146, 0.000144, 0.000145, 0.000161, 0.000146, 0.000145, 0.000144, 0.000145, 0.000144, 0.000156, 0.000171, 0.000156, 0.000155, 0.000154, 0.000152, 0.000153, 0.000152, 0.000152, 0.000152, 0.000152, 0.000151, 0.000152, 0.000151, 0.000151, 0.000168, 0.000155, 0.000153}"
