"model_name","layer_name","layer_index","kind","min_time","mean_time","max_time","add_flops","div_flops","cmp_flops","exp_flops","mad_flops","input_channel","input_height","input_width","output_channel","output_height","output_width","function","kernel_1","kernel_2","stride_1","stride_2","dilation_1","dilation_2","input_form","topology_hash","mad/min_time","mad/mean_time","mad/max_time","time"
"Pix2pix Photo-to-Street-Map Translation","47",49,"Catenate",0.000419,0.0004271499999999999,0.002328,0,0,0,0,0,128,64,64,256,64,64,"","","","","","","","HoldForm[CatenateLayer[""Inputs"" -> {{128, 64, 64}, {128, 64, 64}}]]","05sfqelh41v61",0.,0.,0.,"{0.002328, 0.00045, 0.000425, 0.000424, 0.000423, 0.000425, 0.000422, 0.00042, 0.000422, 0.000482, 0.000431, 0.000431, 0.000432, 0.000429, 0.000428, 0.000426, 0.000427, 0.000429, 0.000461, 0.000422, 0.000421, 0.00042, 0.000424, 0.000429, 0.000438, 0.000427, 0.000421, 0.000419, 0.000466, 0.000429, 0.000425, 0.000426, 0.000428, 0.000426, 0.000426, 0.000429, 0.000427, 0.00046, 0.000431, 0.000429, 0.000424, 0.000425, 0.000432, 0.000432, 0.00043, 0.000428, 0.000471, 0.000428, 0.000427, 0.000426, 0.000426, 0.000428, 0.000431, 0.000431, 0.000427, 0.000472, 0.000426, 0.000424, 0.000423, 0.000423, 0.000422, 0.000424, 0.000422, 0.000423, 0.000455, 0.000434, 0.00043, 0.00043, 0.00044, 0.000429, 0.000429, 0.000429, 0.00044, 0.000429, 0.000439, 0.000424, 0.000424, 0.000424, 0.000423, 0.000425, 0.000423, 0.000424, 0.000424, 0.000465, 0.000427, 0.000425, 0.000425, 0.000425, 0.000424, 0.000424, 0.000428, 0.000424, 0.000467, 0.000433, 0.000427, 0.000426, 0.000428, 0.000426, 0.000427, 0.000432}"
