"model_name","layer_name","layer_index","kind","min_time","mean_time","max_time","add_flops","div_flops","cmp_flops","exp_flops","mad_flops","input_channel","input_height","input_width","output_channel","output_height","output_width","function","kernel_1","kernel_2","stride_1","stride_2","dilation_1","dilation_2","input_form","topology_hash","mad/min_time","mad/mean_time","mad/max_time","time"
"Single-Image Depth Perception Net Trained on NYU Depth V2 Data","4/1/1/4/1/1/4/1/2/5/5",317,"Catenate",0.000182,0.00018570000000000007,0.00101,0,0,0,0,0,64,30,40,256,30,40,"","","","","","","","HoldForm[CatenateLayer[""Inputs"" -> {{64, 30, 40}, {64, 30, 40}, {64, 30, 40}, {64, 30, 40}}]]","1dnve5mfsq3es",0.,0.,0.,"{0.00101, 0.000197, 0.00019, 0.000185, 0.000186, 0.000185, 0.000185, 0.000185, 0.000184, 0.000184, 0.000184, 0.000185, 0.000186, 0.000212, 0.000193, 0.000184, 0.000185, 0.000184, 0.000183, 0.000185, 0.000184, 0.000183, 0.000183, 0.000183, 0.000183, 0.000184, 0.000183, 0.000182, 0.000183, 0.000183, 0.000183, 0.000183, 0.000183, 0.000183, 0.000213, 0.000192, 0.000206, 0.000191, 0.000185, 0.000183, 0.000184, 0.000184, 0.000183, 0.000183, 0.000211, 0.000193, 0.000186, 0.000184, 0.000183, 0.000184, 0.000189, 0.000189, 0.000185, 0.000184, 0.000183, 0.000213, 0.000194, 0.000185, 0.000185, 0.000184, 0.000184, 0.000184, 0.000183, 0.000184, 0.000184, 0.000189, 0.000184, 0.000184, 0.000183, 0.000188, 0.000189, 0.000184, 0.000184, 0.000183, 0.000184, 0.000183, 0.000212, 0.000197, 0.000189, 0.000189, 0.000186, 0.000188, 0.000188, 0.000187, 0.000187, 0.000187, 0.000188, 0.000187, 0.000187, 0.000192, 0.000193, 0.000187, 0.000189, 0.000189, 0.000188, 0.000188, 0.000188, 0.000197, 0.000197, 0.000188}"
