"model_name","layer_name","layer_index","kind","min_time","mean_time","max_time","add_flops","div_flops","cmp_flops","exp_flops","mad_flops","input_channel","input_height","input_width","output_channel","output_height","output_width","function","kernel_1","kernel_2","stride_1","stride_2","dilation_1","dilation_2","input_form","topology_hash","mad/min_time","mad/mean_time","mad/max_time","time"
"Inception V1 Trained on Places365 Data","inception_4e/output",112,"Catenate",0.000121,0.00012695000000000005,0.000556,0,0,0,0,0,256,14,14,832,14,14,"","","","","","","","HoldForm[CatenateLayer[""Inputs"" -> {{256, 14, 14}, {320, 14, 14}, {128, 14, 14}, {128, 14, 14}}]]","0lehpi321m7wq",0.,0.,0.,"{0.000556, 0.000141, 0.000134, 0.000131, 0.000131, 0.000131, 0.00013, 0.00013, 0.00013, 0.00013, 0.00013, 0.00013, 0.000131, 0.000129, 0.00013, 0.00013, 0.000129, 0.000129, 0.000129, 0.00013, 0.00013, 0.000129, 0.00013, 0.000153, 0.000135, 0.000124, 0.000123, 0.000123, 0.000123, 0.000123, 0.000122, 0.000123, 0.000122, 0.000122, 0.000122, 0.000122, 0.000123, 0.000124, 0.000123, 0.000122, 0.000122, 0.000122, 0.000121, 0.000122, 0.000123, 0.000122, 0.000122, 0.000122, 0.000122, 0.000122, 0.000121, 0.000122, 0.000123, 0.000123, 0.000123, 0.00016, 0.000132, 0.000129, 0.000127, 0.000128, 0.000127, 0.000128, 0.000127, 0.000128, 0.000128, 0.000128, 0.000127, 0.000127, 0.000128, 0.000128, 0.000126, 0.000127, 0.000127, 0.000127, 0.000127, 0.000126, 0.000127, 0.000127, 0.000127, 0.000126, 0.000127, 0.000127, 0.000127, 0.000128, 0.000128, 0.000142, 0.000131, 0.000128, 0.000127, 0.000127, 0.000127, 0.000128, 0.000127, 0.000128, 0.000127, 0.000128, 0.000127, 0.000127, 0.000128, 0.000127}"
