"model_name","layer_name","layer_index","kind","min_time","mean_time","max_time","add_flops","div_flops","cmp_flops","exp_flops","mad_flops","input_channel","input_height","input_width","output_channel","output_height","output_width","function","kernel_1","kernel_2","stride_1","stride_2","dilation_1","dilation_2","input_form","topology_hash","mad/min_time","mad/mean_time","mad/max_time","time"
"Single-Image Depth Perception Net Trained on Depth in the Wild Data","4/1/2/1/5",498,"Catenate",0.003164,0.0032707666666666677,0.01087,0,0,0,0,0,16,240,320,64,240,320,"","","","","","","","HoldForm[CatenateLayer[""Inputs"" -> {{16, 240, 320}, {16, 240, 320}, {16, 240, 320}, {16, 240, 320}}]]","040ap8fz606bc",0.,0.,0.,"{0.01087, 0.003335, 0.003346, 0.003319, 0.003335, 0.003305, 0.003295, 0.003278, 0.003374, 0.003384, 0.003385, 0.003383, 0.003403, 0.003337, 0.003404, 0.003445, 0.003356, 0.003313, 0.003311, 0.003277, 0.003292, 0.003279, 0.003277, 0.003292, 0.003311, 0.003305, 0.00336, 0.00336, 0.003305, 0.00328, 0.003253, 0.0032, 0.003255, 0.003244, 0.003305, 0.003218, 0.003191, 0.003231, 0.003275, 0.003283, 0.003242, 0.003166, 0.003218, 0.003285, 0.003206, 0.003249, 0.003216, 0.003164, 0.00326, 0.003278, 0.003231, 0.003275, 0.003184, 0.003284, 0.003356, 0.003374, 0.003323, 0.003292, 0.003237, 0.003227, 0.003241, 0.003256, 0.003262, 0.003194, 0.003209, 0.003264, 0.003254, 0.003244, 0.003177, 0.003284, 0.003295, 0.00321, 0.003234, 0.00323, 0.003262, 0.003406, 0.003392, 0.003374, 0.003324, 0.00328, 0.003268, 0.003255, 0.003261, 0.003276, 0.003232, 0.003177, 0.003234, 0.00328, 0.003244, 0.003225, 0.003189, 0.003192, 0.003278, 0.003222, 0.003291, 0.003233, 0.00323, 0.003221, 0.003236, 0.003257}"
