"model_name","layer_name","layer_index","kind","min_time","mean_time","max_time","add_flops","div_flops","cmp_flops","exp_flops","mad_flops","input_channel","input_height","input_width","output_channel","output_height","output_width","function","kernel_1","kernel_2","stride_1","stride_2","dilation_1","dilation_2","input_form","topology_hash","mad/min_time","mad/mean_time","mad/max_time","time"
"3D Face Alignment Net Trained on 300W Large Pose Data","14/1/2/4/1/1/4/3",486,"Catenate",0.000164,0.00016620000000000008,0.000901,0,0,0,0,0,128,32,32,256,32,32,"","","","","","","","HoldForm[CatenateLayer[""Inputs"" -> {{128, 32, 32}, {128, 32, 32}}]]","10n2esfllxwi6",0.,0.,0.,"{0.000901, 0.000176, 0.000168, 0.000168, 0.000166, 0.000167, 0.000166, 0.000166, 0.000165, 0.000195, 0.000175, 0.000167, 0.000166, 0.000165, 0.000166, 0.000166, 0.000165, 0.000165, 0.000165, 0.000165, 0.000165, 0.000168, 0.000171, 0.000165, 0.000165, 0.000165, 0.000165, 0.000165, 0.000165, 0.000196, 0.000174, 0.000165, 0.000195, 0.000173, 0.000166, 0.000165, 0.000165, 0.000165, 0.000165, 0.000165, 0.000166, 0.000166, 0.000164, 0.000165, 0.000166, 0.000166, 0.000165, 0.000164, 0.000165, 0.000189, 0.000174, 0.000187, 0.000171, 0.000165, 0.000165, 0.000195, 0.000176, 0.000166, 0.000166, 0.000166, 0.000165, 0.000165, 0.000165, 0.000165, 0.000164, 0.000166, 0.000165, 0.000164, 0.000164, 0.000165, 0.000165, 0.000165, 0.000165, 0.000165, 0.000165, 0.000165, 0.000165, 0.000165, 0.000164, 0.000193, 0.000178, 0.00017, 0.000167, 0.000167, 0.000166, 0.000172, 0.000174, 0.000167, 0.000181, 0.000178, 0.000167, 0.000165, 0.000166, 0.000166, 0.000165, 0.000165, 0.000185, 0.000173, 0.00017, 0.000169}"
