"model_name","layer_name","layer_index","kind","min_time","mean_time","max_time","add_flops","div_flops","cmp_flops","exp_flops","mad_flops","input_channel","input_height","input_width","output_channel","output_height","output_width","function","kernel_1","kernel_2","stride_1","stride_2","dilation_1","dilation_2","input_form","topology_hash","mad/min_time","mad/mean_time","mad/max_time","time"
"Inception V3 Trained on ImageNet Competition Data","Inception11/mixed_10_tower_1_conv_1_conv2d",293,"Convolution",0.002783,0.002829016666666666,0.007462,0,0,0,0,99090432,448,8,8,384,8,8,"",3,3,1,1,1,1,"HoldForm[ConvolutionLayer[384, {3, 3}, ""Stride"" -> {1, 1}, ""PaddingSize"" -> {{1, 1}, {1, 1}}, ""Dilation"" -> {1, 1}, ""Input"" -> {448, 8, 8}]]","1fk0l65eqvu51",3.560561696011498e10,3.50264574852275e10,1.3279339587242025e10,"{0.007462, 0.002846, 0.002854, 0.002846, 0.002806, 0.002798, 0.002822, 0.002848, 0.002798, 0.002815, 0.002835, 0.002789, 0.002827, 0.002817, 0.002813, 0.002794, 0.002848, 0.002843, 0.0028, 0.002845, 0.002843, 0.002803, 0.002812, 0.002842, 0.002839, 0.002799, 0.00283, 0.002836, 0.002801, 0.002823, 0.00283, 0.002833, 0.002821, 0.002855, 0.002854, 0.002805, 0.002841, 0.002817, 0.002817, 0.002783, 0.002872, 0.002835, 0.002827, 0.002821, 0.002823, 0.0028, 0.002834, 0.002864, 0.002853, 0.002808, 0.002814, 0.002834, 0.002797, 0.002848, 0.002834, 0.002823, 0.002792, 0.002837, 0.002834, 0.002805, 0.002839, 0.002853, 0.002862, 0.00281, 0.002873, 0.002875, 0.00282, 0.002856, 0.002852, 0.002819, 0.002799, 0.002843, 0.002836, 0.002825, 0.002817, 0.00286, 0.002839, 0.0028, 0.002831, 0.002826, 0.002801, 0.002837, 0.002845, 0.002805, 0.002822, 0.002825, 0.00282, 0.002792, 0.002832, 0.002854, 0.002863, 0.002937, 0.002876, 0.002868, 0.002827, 0.00283, 0.002823, 0.002807, 0.002838, 0.002817}"
