"model_name","layer_name","layer_index","kind","min_time","mean_time","max_time","add_flops","div_flops","cmp_flops","exp_flops","mad_flops","input_channel","input_height","input_width","output_channel","output_height","output_width","function","kernel_1","kernel_2","stride_1","stride_2","dilation_1","dilation_2","input_form","topology_hash","mad/min_time","mad/mean_time","mad/max_time","time"
"Inception V3 Trained on ImageNet Competition Data","Inception8/mixed_7_tower_1_conv_2_conv2d",215,"Convolution",0.001491,0.0015122666666666667,0.002355,0,0,0,0,74575872,192,17,17,192,17,17,"",1,7,1,1,1,1,"HoldForm[ConvolutionLayer[192, {1, 7}, ""Stride"" -> {1, 1}, ""PaddingSize"" -> {{0, 0}, {3, 3}}, ""Dilation"" -> {1, 1}, ""Input"" -> {192, 17, 17}]]","19071tgs8aw1z",5.0017352112676056e10,4.9313969317580666e10,3.166703694267516e10,"{0.002355, 0.001502, 0.001531, 0.001498, 0.001492, 0.001567, 0.001496, 0.001538, 0.001497, 0.001491, 0.001527, 0.001493, 0.001536, 0.001508, 0.001501, 0.001523, 0.0015, 0.0015, 0.001526, 0.001511, 0.001536, 0.001501, 0.001502, 0.001524, 0.001499, 0.001501, 0.001528, 0.001505, 0.001523, 0.001512, 0.001506, 0.001523, 0.001519, 0.001519, 0.001527, 0.001497, 0.001535, 0.001529, 0.001499, 0.001536, 0.001511, 0.001506, 0.0015, 0.0015, 0.001531, 0.001503, 0.0015, 0.001529, 0.001502, 0.001531}"
