"model_name","layer_name","layer_index","kind","min_time","mean_time","max_time","add_flops","div_flops","cmp_flops","exp_flops","mad_flops","input_channel","input_height","input_width","output_channel","output_height","output_width","function","kernel_1","kernel_2","stride_1","stride_2","dilation_1","dilation_2","input_form","topology_hash","mad/min_time","mad/mean_time","mad/max_time","time"
"Unguided Volumetric Regression Net for 3D Face Reconstruction","8/2/1/2/6/1/1/9",497,"Convolution",0.000609,0.0006178666666666669,0.001027,0,0,0,0,18874368,128,24,24,256,24,24,"",1,1,1,1,1,1,"HoldForm[ConvolutionLayer[256, {1, 1}, ""Stride"" -> {1, 1}, ""PaddingSize"" -> {{0, 0}, {0, 0}}, ""Dilation"" -> {1, 1}, ""Input"" -> {128, 24, 24}]]","10onybid92hx5",3.0992394088669952e10,3.054763918860595e10,1.8378157740993187e10,"{0.001027, 0.000629, 0.000616, 0.000612, 0.00061, 0.000611, 0.000637, 0.000623, 0.000618, 0.000613, 0.000613, 0.000613, 0.000649, 0.000617, 0.000609, 0.00063, 0.000618, 0.000616, 0.00065, 0.000621, 0.000611, 0.000612, 0.000616, 0.000615, 0.000611, 0.00064, 0.000617, 0.00062, 0.000617, 0.000618, 0.000616, 0.000649, 0.000626, 0.000619, 0.000616, 0.000616, 0.000615, 0.000617, 0.000641, 0.00062, 0.000612, 0.000614, 0.000611, 0.000611, 0.00065, 0.000633, 0.000625, 0.000617, 0.000617, 0.000618}"
