"model_name","layer_name","layer_index","kind","min_time","mean_time","max_time","add_flops","div_flops","cmp_flops","exp_flops","mad_flops","input_channel","input_height","input_width","output_channel","output_height","output_width","function","kernel_1","kernel_2","stride_1","stride_2","dilation_1","dilation_2","input_form","topology_hash","mad/min_time","mad/mean_time","mad/max_time","time"
"Yahoo Open NSFW Model V1","stage2_block1/conv_branch2c",98,"Convolution",0.000442,0.00044921666666666654,0.004496,0,0,0,0,12845056,128,14,14,512,14,14,"",1,1,1,1,1,1,"HoldForm[ConvolutionLayer[512, {1, 1}, ""Stride"" -> {1, 1}, ""PaddingSize"" -> {{0, 0}, {0, 0}}, ""Dilation"" -> {1, 1}, ""Input"" -> {128, 14, 14}]]","1s6hv6or3losp",2.9061212669683254e10,2.8594344228842808e10,2.856996441281139e9,"{0.004496, 0.000476, 0.000457, 0.000455, 0.000458, 0.000483, 0.000461, 0.000457, 0.000469, 0.000454, 0.000453, 0.000445, 0.000444, 0.000445, 0.000475, 0.000452, 0.000444, 0.000444, 0.000445, 0.000445, 0.000443, 0.000445, 0.000443, 0.000464, 0.000449, 0.000444, 0.000447, 0.000447, 0.000444, 0.000443, 0.000488, 0.000478, 0.000457, 0.000446, 0.000445, 0.000444, 0.000446, 0.000445, 0.000444, 0.000444, 0.00047, 0.000452, 0.000485, 0.000453, 0.000445, 0.000443, 0.000444, 0.000445, 0.000446, 0.000515, 0.000455, 0.000446, 0.000487, 0.000452, 0.000455, 0.000446, 0.000446, 0.000471, 0.000455, 0.000446, 0.000444, 0.000444, 0.000444, 0.000443, 0.000444, 0.000444, 0.000469, 0.000452, 0.000446, 0.000446, 0.000446, 0.000453, 0.000447, 0.000443, 0.000487, 0.000474, 0.000458, 0.000472, 0.000447, 0.000448, 0.000444, 0.000448, 0.000448, 0.000443, 0.000477, 0.000454, 0.000444, 0.000442, 0.000443, 0.000442, 0.000445, 0.000446, 0.000463, 0.000455, 0.000447, 0.000446, 0.000484, 0.000451, 0.000471, 0.000447}"
