"model_name","layer_name","layer_index","kind","min_time","mean_time","max_time","add_flops","div_flops","cmp_flops","exp_flops","mad_flops","input_channel","input_height","input_width","output_channel","output_height","output_width","function","kernel_1","kernel_2","stride_1","stride_2","dilation_1","dilation_2","input_form","topology_hash","mad/min_time","mad/mean_time","mad/max_time","time"
"Ademxapp Model A Trained on ImageNet Competition Data","3b1/res3b1_branch2b1",39,"Convolution",0.065846,0.06600583333333333,0.167997,0,0,0,0,3774873600,256,80,80,256,80,80,"",3,3,1,1,1,1,"HoldForm[ConvolutionLayer[256, {3, 3}, ""Stride"" -> {1, 1}, ""PaddingSize"" -> {{1, 1}, {1, 1}}, ""Dilation"" -> {1, 1}, ""Input"" -> {256, 80, 80}]]","04awb576lp8fw",5.732882179631261e10,5.7189999873748535e10,2.2469886962267185e10,"{0.167997, 0.125734, 0.125444, 0.12562, 0.125641, 0.074618, 0.066163, 0.066014, 0.066055, 0.065943, 0.065964, 0.06613, 0.066041, 0.065976, 0.066103, 0.066069, 0.066147, 0.065969, 0.065962, 0.066015, 0.066043, 0.066137, 0.066025, 0.065969, 0.066023, 0.066008, 0.066106, 0.06608, 0.066099, 0.066082, 0.065903, 0.066002, 0.065879, 0.065897, 0.065849, 0.065859, 0.065922, 0.066054, 0.065846, 0.065885, 0.065864, 0.065909, 0.065953, 0.06603, 0.066006, 0.065952, 0.065896, 0.065898, 0.06587, 0.065868}"
