"model_name","layer_name","layer_index","kind","min_time","mean_time","max_time","add_flops","div_flops","cmp_flops","exp_flops","mad_flops","input_channel","input_height","input_width","output_channel","output_height","output_width","function","kernel_1","kernel_2","stride_1","stride_2","dilation_1","dilation_2","input_form","topology_hash","mad/min_time","mad/mean_time","mad/max_time","time"
"Single-Image Depth Perception Net Trained on Depth in the Wild Data","4/1/1/4/1/1/3/3/1",81,"Convolution",0.00074,0.0007540999999999998,0.001015,0,0,0,0,19660800,128,60,80,32,60,80,"",1,1,1,1,1,1,"HoldForm[ConvolutionLayer[32, {1, 1}, ""Stride"" -> {1, 1}, ""PaddingSize"" -> {{0, 0}, {0, 0}}, ""Dilation"" -> {1, 1}, ""Input"" -> {128, 60, 80}]]","0oo0b9z83902j",2.656864864864865e10,2.6071873756796185e10,1.937024630541872e10,"{0.001015, 0.000744, 0.000741, 0.000772, 0.000754, 0.000745, 0.000744, 0.000744, 0.000775, 0.000753, 0.000752, 0.000749, 0.000747, 0.000787, 0.000755, 0.000748, 0.000746, 0.000748, 0.00078, 0.000839, 0.000887, 0.000792, 0.000781, 0.000806, 0.000759, 0.000752, 0.00075, 0.000744, 0.000744, 0.00075, 0.000753, 0.000744, 0.000743, 0.000745, 0.000791, 0.000752, 0.000752, 0.000749, 0.000747, 0.000781, 0.000749, 0.00074, 0.000774, 0.000756, 0.00078, 0.000757, 0.000748, 0.000746, 0.000747, 0.000758}"
