"model_name","layer_name","layer_index","kind","min_time","mean_time","max_time","add_flops","div_flops","cmp_flops","exp_flops","mad_flops","input_channel","input_height","input_width","output_channel","output_height","output_width","function","kernel_1","kernel_2","stride_1","stride_2","dilation_1","dilation_2","input_form","topology_hash","mad/min_time","mad/mean_time","mad/max_time","time"
"SSD-VGG-512 Trained on MS-COCO Data","1/1/blockNet11/conv11b/1",56,"Convolution",0.000229,0.00023455,0.004212,0,0,0,0,1179648,128,4,4,256,2,2,"",3,3,2,2,1,1,"HoldForm[ConvolutionLayer[256, {3, 3}, ""Stride"" -> {2, 2}, ""PaddingSize"" -> {{1, 1}, {1, 1}}, ""Dilation"" -> {1, 1}, ""Input"" -> {128, 4, 4}]]","0eazzge5wu4uo",5.151301310043669e9,5.029409507567682e9,2.800683760683761e8,"{0.004212, 0.000262, 0.000282, 0.000255, 0.000245, 0.000243, 0.000243, 0.000243, 0.000243, 0.000241, 0.00024, 0.000241, 0.000243, 0.000249, 0.000244, 0.000241, 0.000261, 0.000238, 0.000267, 0.000244, 0.000242, 0.000239, 0.000238, 0.000239, 0.000238, 0.000238, 0.000238, 0.000238, 0.000239, 0.000239, 0.000237, 0.000238, 0.00024, 0.000238, 0.000266, 0.00024, 0.000232, 0.000232, 0.000232, 0.000232, 0.000231, 0.00023, 0.000232, 0.00023, 0.000231, 0.000229, 0.000232, 0.000231, 0.00023, 0.000229, 0.000232, 0.000258, 0.000237, 0.000232, 0.000234, 0.000235, 0.000231, 0.000231, 0.00024, 0.000231, 0.000231, 0.000231, 0.00023, 0.000229, 0.00023, 0.000229, 0.000231, 0.00023, 0.000262, 0.000238, 0.000231, 0.00023, 0.000231, 0.000231, 0.000231, 0.00023, 0.000236, 0.000236, 0.000231, 0.00023, 0.00023, 0.000231, 0.00023, 0.00023, 0.000231, 0.00026, 0.000234, 0.000234, 0.000232, 0.000231, 0.00023, 0.000231, 0.000231, 0.000231, 0.00023, 0.000231, 0.00023, 0.000235, 0.000235, 0.00023}"
