"model_name","layer_name","layer_index","kind","min_time","mean_time","max_time","add_flops","div_flops","cmp_flops","exp_flops","mad_flops","input_channel","input_height","input_width","output_channel","output_height","output_width","function","kernel_1","kernel_2","stride_1","stride_2","dilation_1","dilation_2","input_form","topology_hash","mad/min_time","mad/mean_time","mad/max_time","time"
"Multi-scale Context Aggregation Net Trained on Cityscapes Data","conv4_1",18,"Convolution",0.463864,0.46480580000000005,0.584088,0,0,0,0,33294385152,256,170,170,512,168,168,"",3,3,1,1,1,1,"HoldForm[ConvolutionLayer[512, {3, 3}, ""Stride"" -> {1, 1}, ""PaddingSize"" -> {{0, 0}, {0, 0}}, ""Dilation"" -> {1, 1}, ""Input"" -> {256, 170, 170}]]","16fv9c6sjiqvl",7.177617825914493e10,7.163074374717355e10,5.700234408513785e10,"{0.584088, 0.46419, 0.464147, 0.464532, 0.46406, 0.464135, 0.464196, 0.463864, 0.464461, 0.46465, 0.464792, 0.464715, 0.464657, 0.465453, 0.465029, 0.464741, 0.465052, 0.464799, 0.464688, 0.464651, 0.46473, 0.464865, 0.465171, 0.465018, 0.465013, 0.465563, 0.464606, 0.463954, 0.463974, 0.465256, 0.464992, 0.465987, 0.464846, 0.464705, 0.46495, 0.464745, 0.464933, 0.464837, 0.464683, 0.464654, 0.464718, 0.464209, 0.464671, 0.466057, 0.464921, 0.464832, 0.465149, 0.465414, 0.465409, 0.465881}"
