"model_name","layer_name","layer_index","kind","min_time","mean_time","max_time","add_flops","div_flops","cmp_flops","exp_flops","mad_flops","input_channel","input_height","input_width","output_channel","output_height","output_width","function","kernel_1","kernel_2","stride_1","stride_2","dilation_1","dilation_2","input_form","topology_hash","mad/min_time","mad/mean_time","mad/max_time","time"
"Dilated ResNet-105 Trained on Cityscapes Data","convolution40",129,"Convolution",0.111026,0.11163046666666669,0.145937,0,0,0,0,13421772800,256,64,128,256,64,128,"",3,3,1,1,2,2,"HoldForm[ConvolutionLayer[256, {3, 3}, ""Stride"" -> {1, 1}, ""PaddingSize"" -> {{2, 2}, {2, 2}}, ""Dilation"" -> {2, 2}, ""Input"" -> {256, 64, 128}]]","0rawpwhp9u3xx",1.2088855583376868e11,1.202339576352214e11,9.196963621288638e10,"{0.145937, 0.11137, 0.111301, 0.111558, 0.111605, 0.111617, 0.111614, 0.111743, 0.111838, 0.111851, 0.111791, 0.11187, 0.111977, 0.112045, 0.11167, 0.111149, 0.111138, 0.111139, 0.111462, 0.111452, 0.111536, 0.111702, 0.111803, 0.112098, 0.111851, 0.111864, 0.111349, 0.111052, 0.111176, 0.111458, 0.111562, 0.111539, 0.112076, 0.111902, 0.111734, 0.11168, 0.111026, 0.111171, 0.111482, 0.111826, 0.111628, 0.111723, 0.111854, 0.111201, 0.11114, 0.111424, 0.111622, 0.11157, 0.111898, 0.111905}"
