"model_name","layer_name","layer_index","kind","min_time","mean_time","max_time","add_flops","div_flops","cmp_flops","exp_flops","mad_flops","input_channel","input_height","input_width","output_channel","output_height","output_width","function","kernel_1","kernel_2","stride_1","stride_2","dilation_1","dilation_2","input_form","topology_hash","mad/min_time","mad/mean_time","mad/max_time","time"
"Unguided Volumetric Regression Net for 3D Face Reconstruction","9/2/1/1/2/1/1/3",545,"Convolution",0.002075,0.0021001333333333333,0.002576,0,0,0,0,75497472,256,48,48,128,48,48,"",1,1,1,1,1,1,"HoldForm[ConvolutionLayer[128, {1, 1}, ""Stride"" -> {1, 1}, ""PaddingSize"" -> {{0, 0}, {0, 0}}, ""Dilation"" -> {1, 1}, ""Input"" -> {256, 48, 48}]]","0qhidgmvlgzgt",3.6384323855421684e10,3.594889467335407e10,2.9308024844720497e10,"{0.002576, 0.002109, 0.002112, 0.002082, 0.002112, 0.002091, 0.002109, 0.00211, 0.002114, 0.0021, 0.002111, 0.002094, 0.002102, 0.002093, 0.002115, 0.002091, 0.002096, 0.002087, 0.002109, 0.00212, 0.002081, 0.002116, 0.002099, 0.002108, 0.002075, 0.002108, 0.002082, 0.002111, 0.002083, 0.002117, 0.002087, 0.002103, 0.002088, 0.002113, 0.002083, 0.002094, 0.00208, 0.002095, 0.002084, 0.002089, 0.002111, 0.002078, 0.002103, 0.00209, 0.002114, 0.002098, 0.002106, 0.0021, 0.002112, 0.002084}"
