"model_name","layer_name","layer_index","kind","min_time","mean_time","max_time","add_flops","div_flops","cmp_flops","exp_flops","mad_flops","input_channel","input_height","input_width","output_channel","output_height","output_width","function","kernel_1","kernel_2","stride_1","stride_2","dilation_1","dilation_2","input_form","topology_hash","mad/min_time","mad/mean_time","mad/max_time","time"
"Single-Image Depth Perception Net Trained on Depth in the Wild Data","4/1/1/4/1/1/4/1/2/2/1/1",139,"Convolution",0.000622,0.00063755,0.004951,0,0,0,0,19660800,256,30,40,64,30,40,"",1,1,1,1,1,1,"HoldForm[ConvolutionLayer[64, {1, 1}, ""Stride"" -> {1, 1}, ""PaddingSize"" -> {{0, 0}, {0, 0}}, ""Dilation"" -> {1, 1}, ""Input"" -> {256, 30, 40}]]","0vesw90eosy3n",3.1609003215434082e10,3.083805191749667e10,3.971076550191881e9,"{0.004951, 0.000677, 0.000639, 0.000641, 0.000639, 0.000664, 0.000683, 0.000638, 0.000644, 0.000638, 0.000626, 0.000662, 0.000638, 0.000631, 0.000629, 0.000629, 0.000657, 0.000636, 0.000657, 0.000638, 0.000633, 0.000638, 0.000632, 0.000635, 0.000667, 0.000638, 0.000632, 0.000628, 0.000655, 0.000628, 0.000657, 0.000637, 0.000653, 0.000633, 0.000636, 0.000634, 0.000657, 0.000638, 0.000635, 0.000637, 0.000649, 0.000632, 0.000662, 0.000638, 0.000634, 0.00063, 0.000622, 0.000628, 0.000648, 0.000656, 0.00064, 0.000633, 0.000634, 0.000632, 0.00063, 0.000654, 0.000643, 0.00064, 0.000632, 0.000633, 0.000631, 0.000657, 0.000636, 0.00066, 0.000628, 0.000635, 0.000638, 0.000659, 0.000636, 0.00063, 0.00063, 0.000638, 0.000634, 0.000634, 0.000632, 0.00063, 0.000631, 0.000628, 0.000629, 0.000656, 0.000673, 0.000635, 0.000628, 0.000629, 0.000661, 0.000625, 0.000652, 0.000636, 0.000622, 0.000628, 0.000624, 0.000631, 0.000655, 0.000635, 0.000629, 0.00065, 0.000677, 0.000624, 0.000649, 0.00064}"
