"model_name","layer_name","layer_index","kind","min_time","mean_time","max_time","add_flops","div_flops","cmp_flops","exp_flops","mad_flops","input_channel","input_height","input_width","output_channel","output_height","output_width","function","kernel_1","kernel_2","stride_1","stride_2","dilation_1","dilation_2","input_form","topology_hash","mad/min_time","mad/mean_time","mad/max_time","time"
"ResNet-101 Trained on ImageNet Competition Data","3b1/res3b1_branch2b",53,"Convolution",0.004742,0.004802566666666667,0.00748,0,0,0,0,115605504,128,28,28,128,28,28,"",3,3,1,1,1,1,"HoldForm[ConvolutionLayer[128, {3, 3}, ""Stride"" -> {1, 1}, ""PaddingSize"" -> {{1, 1}, {1, 1}}, ""Dilation"" -> {1, 1}, ""Input"" -> {128, 28, 28}]]","0c4tt4orzdexg",2.43790603121046e10,2.4071608376076683e10,1.545528128342246e10,"{0.00748, 0.004752, 0.004769, 0.004813, 0.00483, 0.004791, 0.004746, 0.004756, 0.0048, 0.004842, 0.004769, 0.004787, 0.004767, 0.004832, 0.004819, 0.004825, 0.004824, 0.004801, 0.004791, 0.004808, 0.004791, 0.004807, 0.004789, 0.004811, 0.004802, 0.004793, 0.004742, 0.004806, 0.004813, 0.004805, 0.004794, 0.00477, 0.004779, 0.004797, 0.004804, 0.004813, 0.004785, 0.0048, 0.004831, 0.004825, 0.004797, 0.004811, 0.004798, 0.00482, 0.004846, 0.004813, 0.004826, 0.004766, 0.004813, 0.004805}"
