"model_name","layer_name","layer_index","kind","min_time","mean_time","max_time","add_flops","div_flops","cmp_flops","exp_flops","mad_flops","input_channel","input_height","input_width","output_channel","output_height","output_width","function","kernel_1","kernel_2","stride_1","stride_2","dilation_1","dilation_2","input_form","topology_hash","mad/min_time","mad/mean_time","mad/max_time","time"
"Single-Image Depth Perception Net Trained on Depth in the Wild Data","4/1/1/4/1/1/3/2/1",75,"Convolution",0.00074,0.0007509000000000001,0.001044,0,0,0,0,19660800,128,60,80,32,60,80,"",1,1,1,1,1,1,"HoldForm[ConvolutionLayer[32, {1, 1}, ""Stride"" -> {1, 1}, ""PaddingSize"" -> {{0, 0}, {0, 0}}, ""Dilation"" -> {1, 1}, ""Input"" -> {128, 60, 80}]]","0oo0b9z83902j",2.656864864864865e10,2.618298042349181e10,1.883218390804598e10,"{0.001044, 0.000754, 0.000747, 0.000748, 0.000747, 0.000776, 0.00075, 0.000747, 0.000745, 0.000742, 0.000775, 0.00075, 0.000755, 0.000749, 0.00074, 0.000757, 0.000771, 0.000744, 0.000759, 0.000746, 0.000741, 0.000773, 0.000753, 0.000746, 0.000744, 0.000744, 0.000779, 0.00075, 0.000749, 0.000746, 0.00075, 0.000779, 0.000753, 0.000746, 0.000749, 0.00075, 0.000748, 0.000786, 0.000753, 0.00075, 0.000748, 0.000745, 0.000776, 0.000751, 0.000773, 0.000752, 0.000745, 0.000782, 0.000752, 0.000747}"
