"model_name","layer_name","layer_index","kind","min_time","mean_time","max_time","add_flops","div_flops","cmp_flops","exp_flops","mad_flops","input_channel","input_height","input_width","output_channel","output_height","output_width","function","kernel_1","kernel_2","stride_1","stride_2","dilation_1","dilation_2","input_form","topology_hash","mad/min_time","mad/mean_time","mad/max_time","time"
"ResNet-50 Trained on ImageNet Competition Data","2b/res2b_branch2b",21,"Convolution",0.005855,0.005902166666666667,0.014062,0,0,0,0,115605504,64,56,56,64,56,56,"",3,3,1,1,1,1,"HoldForm[ConvolutionLayer[64, {3, 3}, ""Stride"" -> {1, 1}, ""PaddingSize"" -> {{1, 1}, {1, 1}}, ""Dilation"" -> {1, 1}, ""Input"" -> {64, 56, 56}]]","0uz07f73bs44a",1.97447487617421e10,1.958696026882783e10,8.221128146778553e9,"{0.014062, 0.005916, 0.00591, 0.005903, 0.005902, 0.005891, 0.005889, 0.005864, 0.005883, 0.005863, 0.005899, 0.005883, 0.0059, 0.005895, 0.005876, 0.005863, 0.005888, 0.005882, 0.005887, 0.00589, 0.005868, 0.005886, 0.005868, 0.005995, 0.005862, 0.005976, 0.005958, 0.005913, 0.005855, 0.005895, 0.005859, 0.005889, 0.005865, 0.005894, 0.005886, 0.005916, 0.005879, 0.005903, 0.005876, 0.005893, 0.005918, 0.005899, 0.005924, 0.005887, 0.005907, 0.005876, 0.005893, 0.005894, 0.005867, 0.005965, 0.005904, 0.005907, 0.005909, 0.005884, 0.005925, 0.005913, 0.005984, 0.006001, 0.005973, 0.005912, 0.00589, 0.006002, 0.005885, 0.005911, 0.0059, 0.005929, 0.005971, 0.005933, 0.00592, 0.005927, 0.00591, 0.005949, 0.005906, 0.005922, 0.00595, 0.005934, 0.005901, 0.005889, 0.005964, 0.005884, 0.005894, 0.005969, 0.005877, 0.005934, 0.005907, 0.005912, 0.005908, 0.005876, 0.00592, 0.005922, 0.00594, 0.005865, 0.005959, 0.005913, 0.005893, 0.005965, 0.005886, 0.005889, 0.005908, 0.005867}"
