"model_name","layer_name","layer_index","kind","min_time","mean_time","max_time","add_flops","div_flops","cmp_flops","exp_flops","mad_flops","input_channel","input_height","input_width","output_channel","output_height","output_width","function","kernel_1","kernel_2","stride_1","stride_2","dilation_1","dilation_2","input_form","topology_hash","mad/min_time","mad/mean_time","mad/max_time","time"
"3D Face Alignment Net Trained on 300W Large Pose Data","15/1/2/3/1/2/3/1/2/3/1/2/2/1/1/4/2/2/2/3",174,"Convolution",0.000112,0.00012181666666666653,0.00394,0,0,0,0,589824,64,4,4,64,4,4,"",3,3,1,1,1,1,"HoldForm[ConvolutionLayer[64, {3, 3}, ""Stride"" -> {1, 1}, ""PaddingSize"" -> {{1, 1}, {1, 1}}, ""Dilation"" -> {1, 1}, ""Input"" -> {64, 4, 4}]]","1q4duk73bmnra",5.266285714285715e9,4.841899028594889e9,1.497015228426396e8,"{0.00394, 0.000148, 0.000132, 0.000125, 0.000124, 0.000123, 0.000122, 0.000122, 0.000123, 0.000123, 0.000121, 0.000121, 0.000121, 0.000121, 0.000121, 0.000122, 0.000122, 0.000181, 0.000125, 0.000123, 0.000123, 0.000121, 0.000122, 0.000122, 0.000122, 0.000121, 0.000123, 0.000122, 0.000121, 0.000121, 0.000122, 0.000112, 0.000131, 0.000123, 0.000122, 0.000122, 0.000123, 0.000121, 0.000122, 0.000122, 0.000121, 0.000122, 0.000122, 0.000121, 0.000121, 0.000122, 0.000122, 0.000122, 0.00012, 0.000122, 0.000123, 0.000121, 0.000123, 0.000121, 0.000121, 0.000122, 0.000122, 0.000121, 0.000122, 0.000122, 0.000122, 0.000121, 0.000121, 0.000139, 0.00012, 0.000147, 0.000123, 0.000121, 0.000121, 0.000121, 0.00012, 0.000121, 0.000119, 0.000124, 0.000123, 0.000122, 0.000122, 0.000121, 0.000121, 0.000122, 0.000122, 0.000122, 0.000121, 0.00012, 0.000123, 0.000122, 0.000121, 0.00012, 0.00012, 0.000122, 0.000121, 0.000121, 0.000121, 0.000121, 0.000143, 0.000137, 0.000166, 0.000132, 0.000122, 0.000122}"
