"model_name","layer_name","layer_index","kind","min_time","mean_time","max_time","add_flops","div_flops","cmp_flops","exp_flops","mad_flops","input_channel","input_height","input_width","output_channel","output_height","output_width","function","kernel_1","kernel_2","stride_1","stride_2","dilation_1","dilation_2","input_form","topology_hash","mad/min_time","mad/mean_time","mad/max_time","time"
"SSD-VGG-512 Trained on PASCAL VOC2007, PASCAL VOC2012 and MS-COCO Data","1/1/blockNet4/conv2a/1",6,"Convolution",0.217936,0.23685194999999995,0.311162,0,0,0,0,4831838208,64,256,256,128,256,256,"",3,3,1,1,1,1,"HoldForm[ConvolutionLayer[128, {3, 3}, ""Stride"" -> {1, 1}, ""PaddingSize"" -> {{1, 1}, {1, 1}}, ""Dilation"" -> {1, 1}, ""Input"" -> {64, 256, 256}]]","0iredqmvrtajl",2.217090433888848e10,2.04002466857461e10,1.552836852829073e10,"{0.311162, 0.218149, 0.217989, 0.218185, 0.218097, 0.218237, 0.21836, 0.218141, 0.218203, 0.218204, 0.223769, 0.239393, 0.229372, 0.238753, 0.238967, 0.238839, 0.238963, 0.238879, 0.239194, 0.239437, 0.239151, 0.232912, 0.235905, 0.238957, 0.239214, 0.239526, 0.238865, 0.23881, 0.239284, 0.239046, 0.236874, 0.230582, 0.239056, 0.239295, 0.239138, 0.238719, 0.239112, 0.239345, 0.239154, 0.236853, 0.225501, 0.23913, 0.238964, 0.239084, 0.238956, 0.238944, 0.238997, 0.239059, 0.237092, 0.225456, 0.239244, 0.238996, 0.239278, 0.239016, 0.238767, 0.239531, 0.239271, 0.237683, 0.225701, 0.239149, 0.239233, 0.23899, 0.239201, 0.239365, 0.239515, 0.239295, 0.224916, 0.218067, 0.218473, 0.217997, 0.218533, 0.218564, 0.218634, 0.218098, 0.218318, 0.218274, 0.217936, 0.225097, 0.239207, 0.239426, 0.239934, 0.239266, 0.239266, 0.238612, 0.238829, 0.237552, 0.225505, 0.239762, 0.239182, 0.239226, 0.239107, 0.239717, 0.239195, 0.239128, 0.239081, 0.227294, 0.23945, 0.239125, 0.238946, 0.238637}"
