"model_name","layer_name","layer_index","kind","min_time","mean_time","max_time","add_flops","div_flops","cmp_flops","exp_flops","mad_flops","input_channel","input_height","input_width","output_channel","output_height","output_width","function","kernel_1","kernel_2","stride_1","stride_2","dilation_1","dilation_2","input_form","topology_hash","mad/min_time","mad/mean_time","mad/max_time","time"
"Single-Image Depth Perception Net Trained on NYU Depth V2 Data","4/1/1/4/1/1/4/1/2/6/4/1",333,"Convolution",0.000609,0.0006196666666666667,0.000795,0,0,0,0,19660800,256,30,40,64,30,40,"",1,1,1,1,1,1,"HoldForm[ConvolutionLayer[64, {1, 1}, ""Stride"" -> {1, 1}, ""PaddingSize"" -> {{0, 0}, {0, 0}}, ""Dilation"" -> {1, 1}, ""Input"" -> {256, 30, 40}]]","0vesw90eosy3n",3.2283743842364532e10,3.1728025820333508e10,2.4730566037735847e10,"{0.000795, 0.000617, 0.000612, 0.000618, 0.000639, 0.000623, 0.000619, 0.000609, 0.000621, 0.000617, 0.000639, 0.000623, 0.000619, 0.000614, 0.00061, 0.000616, 0.000609, 0.000632, 0.000637, 0.000619, 0.000621, 0.000618, 0.000618, 0.000638, 0.000619, 0.00061, 0.00061, 0.00062, 0.000612, 0.00064, 0.000627, 0.00062, 0.000614, 0.000615, 0.000616, 0.000624, 0.000647, 0.000621, 0.000621, 0.000617, 0.000614, 0.000619, 0.000642, 0.000643, 0.000622, 0.000623, 0.000616, 0.000614, 0.000615, 0.000646}"
