"model_name","layer_name","layer_index","kind","min_time","mean_time","max_time","add_flops","div_flops","cmp_flops","exp_flops","mad_flops","input_channel","input_height","input_width","output_channel","output_height","output_width","function","kernel_1","kernel_2","stride_1","stride_2","dilation_1","dilation_2","input_form","topology_hash","mad/min_time","mad/mean_time","mad/max_time","time"
"Single-Image Depth Perception Net Trained on NYU Depth V2 Data","4/1/1/4/1/1/5/3/1",351,"Convolution",0.000636,0.0006421666666666665,0.000944,0,0,0,0,39321600,256,60,80,32,60,80,"",1,1,1,1,1,1,"HoldForm[ConvolutionLayer[32, {1, 1}, ""Stride"" -> {1, 1}, ""PaddingSize"" -> {{0, 0}, {0, 0}}, ""Dilation"" -> {1, 1}, ""Input"" -> {256, 60, 80}]]","1kammgq0p8z6r",6.182641509433963e10,6.123270179081237e10,4.16542372881356e10,"{0.000944, 0.000649, 0.000661, 0.000641, 0.000639, 0.00064, 0.000645, 0.000645, 0.000649, 0.000639, 0.00064, 0.00064, 0.000658, 0.000674, 0.000641, 0.000639, 0.000639, 0.000638, 0.000638, 0.000662, 0.000639, 0.000637, 0.000641, 0.000638, 0.000638, 0.000662, 0.000639, 0.000638, 0.000654, 0.000638, 0.00064, 0.000662, 0.000636, 0.000646, 0.000672, 0.00064, 0.000639, 0.000664, 0.00064, 0.000645, 0.000638, 0.000637, 0.000638, 0.000639, 0.000653, 0.000643, 0.000638, 0.000649, 0.000638, 0.000652}"
