"model_name","layer_name","layer_index","kind","min_time","mean_time","max_time","add_flops","div_flops","cmp_flops","exp_flops","mad_flops","input_channel","input_height","input_width","output_channel","output_height","output_width","function","kernel_1","kernel_2","stride_1","stride_2","dilation_1","dilation_2","input_form","topology_hash","mad/min_time","mad/mean_time","mad/max_time","time"
"MobileNet V2 Trained on ImageNet Competition Data","5_3/2/conv5_3_dwise",116,"Convolution",0.000799,0.0008133333333333332,0.001505,0,0,0,0,359856,816,14,14,816,7,7,"",3,3,2,2,1,1,"HoldForm[ConvolutionLayer[816, {3, 3}, ""Stride"" -> {2, 2}, ""PaddingSize"" -> {{0, 2}, {0, 2}}, ""Dilation"" -> {1, 1}, ""ChannelGroups"" -> 816, ""Input"" -> {816, 14, 14}]]","0qcoyi5o6xh5m",4.503829787234043e8,4.4244590163934433e8,2.3910697674418604e8,"{0.001505, 0.000806, 0.000864, 0.000816, 0.000807, 0.000828, 0.000804, 0.00084, 0.000812, 0.000802, 0.000799, 0.000799, 0.000841, 0.000813, 0.000803, 0.000825, 0.000807, 0.000876, 0.000812, 0.000803, 0.000802, 0.000809, 0.000813, 0.000806, 0.000806, 0.000804, 0.000838, 0.000829, 0.000814, 0.000808, 0.000832, 0.000849, 0.000813, 0.000802, 0.000803, 0.000803, 0.000836, 0.000823, 0.000802, 0.000803, 0.000828, 0.000846, 0.000834, 0.000808, 0.000815, 0.000806, 0.000836, 0.000811, 0.000805, 0.000803}"
