"model_name","layer_name","layer_index","kind","min_time","mean_time","max_time","add_flops","div_flops","cmp_flops","exp_flops","mad_flops","input_channel","input_height","input_width","output_channel","output_height","output_width","function","kernel_1","kernel_2","stride_1","stride_2","dilation_1","dilation_2","input_form","topology_hash","mad/min_time","mad/mean_time","mad/max_time","time"
"Single-Image Depth Perception Net Trained on Depth in the Wild Data","4/1/1/6/2/4",460,"Convolution",0.008125,0.008333466666666666,0.01813,0,0,0,0,88473600,32,120,160,16,120,160,"",3,3,1,1,1,1,"HoldForm[ConvolutionLayer[16, {3, 3}, ""Stride"" -> {1, 1}, ""PaddingSize"" -> {{1, 1}, {1, 1}}, ""Dilation"" -> {1, 1}, ""Input"" -> {32, 120, 160}]]","18nqldc534s0t",1.088905846153846e10,1.0616662133405867e10,4.879955874241589e9,"{0.01813, 0.008195, 0.008143, 0.008541, 0.008265, 0.008261, 0.008796, 0.008308, 0.008468, 0.008764, 0.008515, 0.008534, 0.00843, 0.008341, 0.008185, 0.008185, 0.008171, 0.008125, 0.008152, 0.008538, 0.008349, 0.00839, 0.00824, 0.008207, 0.00818, 0.008223, 0.008186, 0.008163, 0.008181, 0.008153, 0.008191, 0.008174, 0.008181, 0.00814, 0.008508, 0.00874, 0.008372, 0.008375, 0.008564, 0.008251, 0.008516, 0.008341, 0.008368, 0.008329, 0.008355, 0.008475, 0.008633, 0.008523, 0.008528, 0.008471}"
