"model_name","layer_name","layer_index","kind","min_time","mean_time","max_time","add_flops","div_flops","cmp_flops","exp_flops","mad_flops","input_channel","input_height","input_width","output_channel","output_height","output_width","function","kernel_1","kernel_2","stride_1","stride_2","dilation_1","dilation_2","input_form","topology_hash","mad/min_time","mad/mean_time","mad/max_time","time"
"MobileNet V2 Trained on ImageNet Competition Data","1/conv1",1,"Convolution",0.001843,0.0018736999999999998,0.009537,0,0,0,0,16257024,3,224,224,48,112,112,"",3,3,2,2,1,1,"HoldForm[ConvolutionLayer[48, {3, 3}, ""Stride"" -> {2, 2}, ""PaddingSize"" -> {{0, 2}, {0, 2}}, ""Dilation"" -> {1, 1}, ""Input"" -> {3, 224, 224}]]","0u53ybi4cxh1b",8.820957135105806e9,8.676428457063564e9,1.704626612142183e9,"{0.009537, 0.001973, 0.001868, 0.001884, 0.001857, 0.001872, 0.001862, 0.001856, 0.001875, 0.001854, 0.001897, 0.00187, 0.00187, 0.001851, 0.001874, 0.001884, 0.00195, 0.001919, 0.001923, 0.00186, 0.001899, 0.001903, 0.001926, 0.001857, 0.001863, 0.001857, 0.001858, 0.001906, 0.001858, 0.001883, 0.001871, 0.001887, 0.001855, 0.001893, 0.00187, 0.001873, 0.001856, 0.001885, 0.001885, 0.001898, 0.001873, 0.001892, 0.001901, 0.001867, 0.001911, 0.001861, 0.001903, 0.001864, 0.001887, 0.001856, 0.001874, 0.001858, 0.001897, 0.001864, 0.001886, 0.001865, 0.00188, 0.001861, 0.001859, 0.001895, 0.001869, 0.001889, 0.00186, 0.001892, 0.001857, 0.001884, 0.001854, 0.001873, 0.001854, 0.001882, 0.001857, 0.001889, 0.001858, 0.001858, 0.001892, 0.001871, 0.001884, 0.00185, 0.001893, 0.001859, 0.001878, 0.001853, 0.001902, 0.001864, 0.001888, 0.001867, 0.001883, 0.001871, 0.001903, 0.001861, 0.001853, 0.001853, 0.001856, 0.001887, 0.001857, 0.001891, 0.001843, 0.001881, 0.001853, 0.001891}"
