"model_name","layer_name","layer_index","kind","min_time","mean_time","max_time","add_flops","div_flops","cmp_flops","exp_flops","mad_flops","input_channel","input_height","input_width","output_channel","output_height","output_width","function","kernel_1","kernel_2","stride_1","stride_2","dilation_1","dilation_2","input_form","topology_hash","mad/min_time","mad/mean_time","mad/max_time","time"
"Unguided Volumetric Regression Net for 3D Face Reconstruction","9/2/1/1/4/1/1/3/1/1/9",595,"Convolution",0.002346,0.0024133000000000015,0.007006,0,0,0,0,75497472,128,48,48,256,48,48,"",1,1,1,1,1,1,"HoldForm[ConvolutionLayer[256, {1, 1}, ""Stride"" -> {1, 1}, ""PaddingSize"" -> {{0, 0}, {0, 0}}, ""Dilation"" -> {1, 1}, ""Input"" -> {128, 48, 48}]]","1ult5ox50zm5p",3.218136061381074e10,3.128391497120124e10,1.0776116471595776e10,"{0.007006, 0.002448, 0.002419, 0.002424, 0.002426, 0.002422, 0.002407, 0.002416, 0.002399, 0.002438, 0.002417, 0.002419, 0.002407, 0.002359, 0.002416, 0.002408, 0.002398, 0.002421, 0.0024, 0.002427, 0.00241, 0.002418, 0.002445, 0.002414, 0.002428, 0.002411, 0.002416, 0.002445, 0.002421, 0.002414, 0.002398, 0.002424, 0.002377, 0.002402, 0.002393, 0.002411, 0.002407, 0.002431, 0.002422, 0.002416, 0.00242, 0.002431, 0.002439, 0.002428, 0.002414, 0.002406, 0.002394, 0.002425, 0.002421, 0.00242, 0.002402, 0.002394, 0.002415, 0.002407, 0.002406, 0.002403, 0.002346, 0.002423, 0.002401, 0.002396, 0.002414, 0.002368, 0.002425, 0.00241, 0.002413, 0.002415, 0.002413, 0.002418, 0.002402, 0.002421, 0.002438, 0.002416, 0.002402, 0.002401, 0.002407, 0.002441, 0.002427, 0.002397, 0.002393, 0.002432, 0.002436, 0.002413, 0.002406, 0.002411, 0.002419, 0.002432, 0.002413, 0.002401, 0.002397, 0.002413, 0.00242, 0.002389, 0.0024, 0.002405, 0.002407, 0.00243, 0.002403, 0.002396, 0.00241, 0.002422}"
