"model_name","layer_name","layer_index","kind","min_time","mean_time","max_time","add_flops","div_flops","cmp_flops","exp_flops","mad_flops","input_channel","input_height","input_width","output_channel","output_height","output_width","function","kernel_1","kernel_2","stride_1","stride_2","dilation_1","dilation_2","input_form","topology_hash","mad/min_time","mad/mean_time","mad/max_time","time"
"Dilated ResNet-105 Trained on Cityscapes Data","convolution38",122,"Convolution",0.028945,0.02903393333333333,0.036971,0,0,0,0,2147483648,256,64,128,1024,64,128,"",1,1,1,1,1,1,"HoldForm[ConvolutionLayer[1024, {1, 1}, ""Stride"" -> {1, 1}, ""PaddingSize"" -> {{0, 0}, {0, 0}}, ""Dilation"" -> {1, 1}, ""Input"" -> {256, 64, 128}]]","15d32b1913jb5",7.41918689929176e10,7.396461317676558e10,5.8085625165670395e10,"{0.036971, 0.029102, 0.029021, 0.029035, 0.029023, 0.029104, 0.029076, 0.029028, 0.029014, 0.029043, 0.029056, 0.029031, 0.029025, 0.029058, 0.029037, 0.029018, 0.029061, 0.029025, 0.02912, 0.028994, 0.029057, 0.029019, 0.029097, 0.029006, 0.029064, 0.029012, 0.029115, 0.029027, 0.028993, 0.028973, 0.02897, 0.028988, 0.029119, 0.029132, 0.029088, 0.029028, 0.028988, 0.028945, 0.029023, 0.029027, 0.029019, 0.029017, 0.028966, 0.029042, 0.028994, 0.029144, 0.029044, 0.029115, 0.028953, 0.028951}"
