"model_name","layer_name","layer_index","kind","min_time","mean_time","max_time","add_flops","div_flops","cmp_flops","exp_flops","mad_flops","input_channel","input_height","input_width","output_channel","output_height","output_width","function","kernel_1","kernel_2","stride_1","stride_2","dilation_1","dilation_2","input_form","topology_hash","mad/min_time","mad/mean_time","mad/max_time","time"
"Ademxapp Model A Trained on ImageNet Competition Data","4a/res4a_branch2a",52,"Convolution",0.046665,0.046966183333333335,0.060131,0,0,0,0,1887436800,256,40,40,512,40,40,"",3,3,1,1,1,1,"HoldForm[ConvolutionLayer[512, {3, 3}, ""Stride"" -> {1, 1}, ""PaddingSize"" -> {{1, 1}, {1, 1}}, ""Dilation"" -> {1, 1}, ""Input"" -> {256, 40, 40}]]","10heu2xluv9w8",4.044651880424301e10,4.018714458026715e10,3.1388747900417423e10,"{0.060131, 0.046968, 0.046747, 0.046714, 0.046776, 0.046679, 0.046718, 0.046782, 0.046702, 0.046665, 0.046737, 0.047047, 0.046853, 0.047051, 0.047027, 0.04705, 0.047047, 0.047083, 0.046969, 0.047007, 0.046994, 0.047115, 0.047056, 0.04708, 0.046984, 0.047174, 0.046852, 0.046825, 0.04699, 0.047016, 0.046792, 0.046777, 0.04701, 0.046841, 0.04705, 0.046996, 0.047152, 0.046726, 0.046679, 0.046915, 0.04692, 0.046982, 0.047002, 0.046987, 0.047007, 0.046776, 0.046864, 0.047034, 0.047071, 0.046816, 0.046959, 0.047079, 0.046988, 0.047158, 0.047049, 0.047064, 0.047136, 0.046815, 0.047, 0.047104, 0.046945, 0.046805, 0.047006, 0.047131, 0.047015, 0.046983, 0.046894, 0.046708, 0.046937, 0.047024, 0.04703, 0.047053, 0.047065, 0.047193, 0.047129, 0.047144, 0.046819, 0.046732, 0.047114, 0.046773, 0.046846, 0.04705, 0.047109, 0.04684, 0.046782, 0.046895, 0.047136, 0.046972, 0.046936, 0.046981, 0.047067, 0.047011, 0.047024, 0.046952, 0.046742, 0.047046, 0.047101, 0.046921, 0.046716, 0.046886}"
