"model_name","layer_name","layer_index","kind","min_time","mean_time","max_time","add_flops","div_flops","cmp_flops","exp_flops","mad_flops","input_channel","input_height","input_width","output_channel","output_height","output_width","function","kernel_1","kernel_2","stride_1","stride_2","dilation_1","dilation_2","input_form","topology_hash","mad/min_time","mad/mean_time","mad/max_time","time"
"MobileNet V2 Trained on ImageNet Competition Data","4_7/1/conv4_7_expand",87,"Convolution",0.000366,0.0003722833333333333,0.004583,0,0,0,0,9106944,88,14,14,528,14,14,"",1,1,1,1,1,1,"HoldForm[ConvolutionLayer[528, {1, 1}, ""Stride"" -> {1, 1}, ""PaddingSize"" -> {{0, 0}, {0, 0}}, ""Dilation"" -> {1, 1}, ""Input"" -> {88, 14, 14}]]","127c43woy48mb",2.4882360655737705e10,2.4462400501410217e10,1.9871141173903556e9,"{0.004583, 0.000404, 0.000383, 0.000371, 0.00037, 0.00037, 0.000403, 0.000383, 0.000371, 0.000369, 0.000368, 0.000373, 0.000369, 0.000368, 0.000367, 0.000368, 0.000367, 0.000383, 0.000372, 0.000369, 0.000374, 0.000368, 0.000368, 0.000369, 0.000369, 0.000368, 0.00037, 0.0004, 0.000381, 0.000373, 0.000367, 0.000368, 0.000366, 0.000369, 0.000384, 0.000384, 0.00037, 0.000375, 0.000406, 0.000378, 0.000375, 0.000375, 0.000373, 0.000374, 0.000375, 0.000374, 0.000373, 0.000374, 0.000405, 0.000379, 0.000374, 0.000369, 0.000368, 0.000373, 0.00037, 0.000374, 0.000374, 0.000369, 0.000369, 0.000409, 0.000378, 0.000374, 0.000373, 0.000387, 0.000378, 0.000373, 0.000372, 0.000378, 0.000373, 0.000398, 0.000381, 0.000374, 0.000373, 0.00037, 0.000375, 0.000373, 0.000371, 0.000372, 0.000372, 0.000372, 0.000397, 0.000377, 0.000377, 0.00037, 0.000369, 0.000369, 0.000368, 0.000366, 0.000368, 0.000368, 0.000396, 0.000379, 0.00037, 0.000369, 0.000368, 0.00037, 0.000368, 0.000369, 0.000368, 0.000368}"
