"model_name","layer_name","layer_index","kind","min_time","mean_time","max_time","add_flops","div_flops","cmp_flops","exp_flops","mad_flops","input_channel","input_height","input_width","output_channel","output_height","output_width","function","kernel_1","kernel_2","stride_1","stride_2","dilation_1","dilation_2","input_form","topology_hash","mad/min_time","mad/mean_time","mad/max_time","time"
"Single-Image Depth Perception Net Trained on Depth in the Wild Data","4/1/1/4/1/1/4/1/2/4/1/2/3/3/1",259,"Convolution",0.000163,0.0001688166666666666,0.003932,0,0,0,0,2457600,256,15,20,32,15,20,"",1,1,1,1,1,1,"HoldForm[ConvolutionLayer[32, {1, 1}, ""Stride"" -> {1, 1}, ""PaddingSize"" -> {{0, 0}, {0, 0}}, ""Dilation"" -> {1, 1}, ""Input"" -> {256, 15, 20}]]","1ke4wyo7w890b",1.5077300613496933e10,1.4557804324217598e10,6.250254323499491e8,"{0.003932, 0.000192, 0.000173, 0.000169, 0.000167, 0.000166, 0.000166, 0.000166, 0.000167, 0.000166, 0.000172, 0.000173, 0.000166, 0.000165, 0.000164, 0.000166, 0.000165, 0.000164, 0.000164, 0.000165, 0.000165, 0.000185, 0.000169, 0.000198, 0.000176, 0.00017, 0.000169, 0.00017, 0.00017, 0.000169, 0.000168, 0.000169, 0.000169, 0.000175, 0.000177, 0.00017, 0.000202, 0.000181, 0.000171, 0.000168, 0.000168, 0.000169, 0.000168, 0.000169, 0.000178, 0.000171, 0.000168, 0.000168, 0.00017, 0.00017, 0.00017, 0.000169, 0.000169, 0.00017, 0.000168, 0.00017, 0.000169, 0.000169, 0.000168, 0.000169, 0.000168, 0.000169, 0.000169, 0.000168, 0.000171, 0.000172, 0.00017, 0.000178, 0.000176, 0.000176, 0.00017, 0.000169, 0.000169, 0.00017, 0.000168, 0.000168, 0.00017, 0.000167, 0.000167, 0.000168, 0.000167, 0.000169, 0.000169, 0.000169, 0.000168, 0.000169, 0.000168, 0.000167, 0.000168, 0.000173, 0.00021, 0.000205, 0.000167, 0.000164, 0.000164, 0.000164, 0.000164, 0.000163, 0.000164, 0.000165}"
