"model_name","layer_name","layer_index","kind","min_time","mean_time","max_time","add_flops","div_flops","cmp_flops","exp_flops","mad_flops","input_channel","input_height","input_width","output_channel","output_height","output_width","function","kernel_1","kernel_2","stride_1","stride_2","dilation_1","dilation_2","input_form","topology_hash","mad/min_time","mad/mean_time","mad/max_time","time"
"Unguided Volumetric Regression Net for 3D Face Reconstruction","9/2/2/1/1/3",1008,"Convolution",0.001826,0.0018535833333333327,0.006288,0,0,0,0,75497472,256,48,48,128,48,48,"",1,1,1,1,1,1,"HoldForm[ConvolutionLayer[128, {1, 1}, ""Stride"" -> {1, 1}, ""PaddingSize"" -> {{0, 0}, {0, 0}}, ""Dilation"" -> {1, 1}, ""Input"" -> {256, 48, 48}]]","0qhidgmvlgzgt",4.1345822562979195e10,4.073055181405388e10,1.2006595419847328e10,"{0.006288, 0.001908, 0.001859, 0.001866, 0.001848, 0.001865, 0.00184, 0.00185, 0.001843, 0.001844, 0.001878, 0.001841, 0.001865, 0.00188, 0.00187, 0.001839, 0.00186, 0.001839, 0.001894, 0.001839, 0.001863, 0.001838, 0.001839, 0.001842, 0.001852, 0.001874, 0.001835, 0.001858, 0.00184, 0.001861, 0.001833, 0.001859, 0.00185, 0.001858, 0.001831, 0.001891, 0.001847, 0.001834, 0.001864, 0.001842, 0.001856, 0.001879, 0.001864, 0.001832, 0.00186, 0.001872, 0.001891, 0.001842, 0.001854, 0.001834, 0.001943, 0.001841, 0.001879, 0.001865, 0.001833, 0.00186, 0.001832, 0.001899, 0.001843, 0.001853, 0.001838, 0.001852, 0.001835, 0.001902, 0.001838, 0.001826, 0.001855, 0.00183, 0.001934, 0.001841, 0.001869, 0.001832, 0.001895, 0.001834, 0.0019, 0.00184, 0.001855, 0.001835, 0.001855, 0.001898, 0.001843, 0.001853, 0.001838, 0.001858, 0.001892, 0.001875, 0.001837, 0.001871, 0.001835, 0.001857, 0.001899, 0.00186, 0.00184, 0.001855, 0.001837, 0.001892, 0.001869, 0.001843, 0.001873, 0.001861}"
