"model_name","layer_name","layer_index","kind","min_time","mean_time","max_time","add_flops","div_flops","cmp_flops","exp_flops","mad_flops","input_channel","input_height","input_width","output_channel","output_height","output_width","function","kernel_1","kernel_2","stride_1","stride_2","dilation_1","dilation_2","input_form","topology_hash","mad/min_time","mad/mean_time","mad/max_time","time"
"2D Face Alignment Net Trained on 300W Large Pose Data","13/1/2/3/1/2/3/1/2/4/1/1/4/2/2/2/3",679,"Convolution",0.000176,0.00018076666666666665,0.00031,0,0,0,0,2359296,64,8,8,64,8,8,"",3,3,1,1,1,1,"HoldForm[ConvolutionLayer[64, {3, 3}, ""Stride"" -> {1, 1}, ""PaddingSize"" -> {{1, 1}, {1, 1}}, ""Dilation"" -> {1, 1}, ""Input"" -> {64, 8, 8}]]","1w62v5todalnu",1.340509090909091e10,1.3051609810068228e10,7.610632258064516e9,"{0.00031, 0.00019, 0.000185, 0.000178, 0.000178, 0.000224, 0.00021, 0.000193, 0.000184, 0.000182, 0.000183, 0.000182, 0.000182, 0.000189, 0.000187, 0.000183, 0.000182, 0.000181, 0.000181, 0.000182, 0.000182, 0.000182, 0.000181, 0.000182, 0.000182, 0.000181, 0.00022, 0.000184, 0.000178, 0.000179, 0.000178, 0.00018, 0.000181, 0.000178, 0.000178, 0.000177, 0.000177, 0.000178, 0.000177, 0.000177, 0.000178, 0.000178, 0.000176, 0.000177, 0.000178, 0.000177, 0.000177, 0.000178, 0.000225, 0.000192}"
