"model_name","layer_name","layer_index","kind","min_time","mean_time","max_time","add_flops","div_flops","cmp_flops","exp_flops","mad_flops","input_channel","input_height","input_width","output_channel","output_height","output_width","function","kernel_1","kernel_2","stride_1","stride_2","dilation_1","dilation_2","input_form","topology_hash","mad/min_time","mad/mean_time","mad/max_time","time"
"ResNet-152 Trained on ImageNet Competition Data","4b21/res4b21_branch2c",338,"Convolution",0.0013,0.0013164666666666666,0.00162,0,0,0,0,51380224,256,14,14,1024,14,14,"",1,1,1,1,1,1,"HoldForm[ConvolutionLayer[1024, {1, 1}, ""Stride"" -> {1, 1}, ""PaddingSize"" -> {{0, 0}, {0, 0}}, ""Dilation"" -> {1, 1}, ""Input"" -> {256, 14, 14}]]","05922ucprscvp",3.952324923076923e10,3.902888337468983e10,3.1716187654320988e10,"{0.00162, 0.001314, 0.001328, 0.001313, 0.0013, 0.001326, 0.00132, 0.001308, 0.001328, 0.001313, 0.001301, 0.001329, 0.001311, 0.001307, 0.001346, 0.001314, 0.001306, 0.001335, 0.001317, 0.001306, 0.001335, 0.00132, 0.001308, 0.001336, 0.001316, 0.001305, 0.001336, 0.001312, 0.001307, 0.001334, 0.001311, 0.001307, 0.001343, 0.001319, 0.001307, 0.001334, 0.00132, 0.001316, 0.001318, 0.00132, 0.001308, 0.001308, 0.001311, 0.001309, 0.001311, 0.001329, 0.001323, 0.001309, 0.001334, 0.001313}"
