"model_name","layer_name","layer_index","kind","min_time","mean_time","max_time","add_flops","div_flops","cmp_flops","exp_flops","mad_flops","input_channel","input_height","input_width","output_channel","output_height","output_width","function","kernel_1","kernel_2","stride_1","stride_2","dilation_1","dilation_2","input_form","topology_hash","mad/min_time","mad/mean_time","mad/max_time","time"
"Wolfram ImageIdentify Net V1","5b/convdouble_3x3_0",219,"Convolution",0.00083,0.0008577500000000001,0.005077,0,0,0,0,18966528,192,7,7,224,7,7,"",3,3,1,1,1,1,"HoldForm[ConvolutionLayer[224, {3, 3}, ""Stride"" -> {1, 1}, ""PaddingSize"" -> {{1, 1}, {1, 1}}, ""Dilation"" -> {1, 1}, ""Input"" -> {192, 7, 7}]]","0ulb44f8lijkl",2.2851238554216866e10,2.2111953366365486e10,3.7357746700807567e9,"{0.005077, 0.000896, 0.000866, 0.000857, 0.00089, 0.000874, 0.000858, 0.000854, 0.000855, 0.000881, 0.000855, 0.000848, 0.000889, 0.000886, 0.000859, 0.000854, 0.000854, 0.000855, 0.000879, 0.000854, 0.000854, 0.000882, 0.000877, 0.000859, 0.000861, 0.000858, 0.000853, 0.001194, 0.000865, 0.000853, 0.000854, 0.000895, 0.000859, 0.000853, 0.000853, 0.000916, 0.000881, 0.000856, 0.00085, 0.000846, 0.000848, 0.000888, 0.000849, 0.000851, 0.000848, 0.000867, 0.000898, 0.000857, 0.000851, 0.000848, 0.000885, 0.000854, 0.00085, 0.000848, 0.000873, 0.000853, 0.00085, 0.000848, 0.000897, 0.000885, 0.000922, 0.000852, 0.000847, 0.00085, 0.000872, 0.000851, 0.000849, 0.000846, 0.000872, 0.000851, 0.000894, 0.000856, 0.00085, 0.000879, 0.000854, 0.000849, 0.000848, 0.000876, 0.000854, 0.000852, 0.000847, 0.000892, 0.000888, 0.000853, 0.000845, 0.000846, 0.000846, 0.000865, 0.000836, 0.000835, 0.00083, 0.000867, 0.000834, 0.000877, 0.000841, 0.000836, 0.000858, 0.000837, 0.000831, 0.000831}"
