"model_name","layer_name","layer_index","kind","min_time","mean_time","max_time","add_flops","div_flops","cmp_flops","exp_flops","mad_flops","input_channel","input_height","input_width","output_channel","output_height","output_width","function","kernel_1","kernel_2","stride_1","stride_2","dilation_1","dilation_2","input_form","topology_hash","mad/min_time","mad/mean_time","mad/max_time","time"
"ResNet-101 Trained on Augmented CASIA-WebFace Data","5c/res5c_branch2a",334,"Convolution",0.00171,0.0017393999999999997,0.005917,0,0,0,0,51380224,2048,7,7,512,7,7,"",1,1,1,1,1,1,"HoldForm[ConvolutionLayer[512, {1, 1}, ""Stride"" -> {1, 1}, ""PaddingSize"" -> {{0, 0}, {0, 0}}, ""Dilation"" -> {1, 1}, ""Input"" -> {2048, 7, 7}]]","16o5zjhpfiguk",3.004691461988304e10,2.953905024721169e10,8.683492310292377e9,"{0.005917, 0.00177, 0.001718, 0.001741, 0.001727, 0.001758, 0.001721, 0.001742, 0.001717, 0.00173, 0.001764, 0.001723, 0.00175, 0.001714, 0.001741, 0.001722, 0.001725, 0.001778, 0.001719, 0.00174, 0.001722, 0.001751, 0.001715, 0.00181, 0.001733, 0.001738, 0.00177, 0.001729, 0.001761, 0.001751, 0.001746, 0.001726, 0.001718, 0.001746, 0.001717, 0.001773, 0.001722, 0.001745, 0.001726, 0.001727, 0.001717, 0.001714, 0.001744, 0.001716, 0.001829, 0.001727, 0.001781, 0.001723, 0.001712, 0.001763, 0.001722, 0.001742, 0.001762, 0.001746, 0.001715, 0.001734, 0.001743, 0.00171, 0.001767, 0.001722, 0.00185, 0.001776, 0.001742, 0.001714, 0.001772, 0.001742, 0.001718, 0.001784, 0.001721, 0.001794, 0.001724, 0.001716, 0.001739, 0.001796, 0.00176, 0.001767, 0.001751, 0.001718, 0.001733, 0.001766, 0.001714, 0.001766, 0.001717, 0.001778, 0.001763, 0.00174, 0.001714, 0.001773, 0.001717, 0.001712, 0.001771, 0.001718, 0.001744, 0.001745, 0.001743, 0.00172, 0.001778, 0.001761, 0.001759, 0.001755}"
