"model_name","layer_name","layer_index","kind","min_time","mean_time","max_time","add_flops","div_flops","cmp_flops","exp_flops","mad_flops","input_channel","input_height","input_width","output_channel","output_height","output_width","function","kernel_1","kernel_2","stride_1","stride_2","dilation_1","dilation_2","input_form","topology_hash","mad/min_time","mad/mean_time","mad/max_time","time"
"3D Face Alignment Net Trained on 300W Large Pose Data","12/1/2/3/1/2/2/1/1/4/2/1/3",795,"Convolution",0.001096,0.001148016666666667,0.007976,0,0,0,0,18874368,128,16,16,64,16,16,"",3,3,1,1,1,1,"HoldForm[ConvolutionLayer[64, {3, 3}, ""Stride"" -> {1, 1}, ""PaddingSize"" -> {{1, 1}, {1, 1}}, ""Dilation"" -> {1, 1}, ""Input"" -> {128, 16, 16}]]","02rpbnlh0jd82",1.7221138686131386e10,1.6440848419738386e10,2.3663951855566697e9,"{0.007976, 0.00113, 0.001114, 0.001126, 0.001109, 0.0011, 0.001098, 0.001126, 0.001108, 0.001096, 0.001121, 0.001107, 0.001104, 0.001098, 0.001104, 0.001107, 0.001104, 0.0011, 0.001125, 0.001106, 0.001102, 0.001119, 0.001112, 0.001102, 0.001103, 0.001134, 0.001106, 0.001109, 0.001128, 0.001106, 0.001106, 0.001109, 0.00113, 0.001108, 0.001101, 0.0011, 0.001106, 0.001104, 0.001104, 0.001119, 0.00111, 0.001103, 0.001099, 0.001138, 0.001107, 0.001102, 0.001122, 0.001107, 0.001104, 0.001109, 0.001133, 0.001108, 0.001107, 0.001103, 0.001127, 0.001105, 0.001101, 0.001121, 0.001112, 0.001104, 0.001101, 0.001205, 0.001222, 0.001217, 0.001243, 0.001222, 0.001218, 0.001232, 0.001221, 0.001215, 0.001234, 0.00122, 0.001214, 0.001212, 0.001241, 0.001225, 0.001217, 0.00124, 0.001223, 0.001208, 0.001227, 0.001222, 0.001222, 0.001219, 0.001245, 0.001217, 0.001212, 0.001244, 0.00122, 0.001214, 0.001248, 0.001278, 0.001217, 0.001227, 0.001215, 0.001214, 0.001208, 0.001221, 0.001209, 0.00129}"
