"model_name","layer_name","layer_index","kind","min_time","mean_time","max_time","add_flops","div_flops","cmp_flops","exp_flops","mad_flops","input_channel","input_height","input_width","output_channel","output_height","output_width","function","kernel_1","kernel_2","stride_1","stride_2","dilation_1","dilation_2","input_form","topology_hash","mad/min_time","mad/mean_time","mad/max_time","time"
"Pix2pix Photo-to-Street-Map Translation","36",7,"Convolution",0.01719,0.018241783333333334,0.023422,0,0,0,0,536870912,128,64,64,256,32,32,"",4,4,2,2,1,1,"HoldForm[ConvolutionLayer[256, {4, 4}, ""Stride"" -> {2, 2}, ""PaddingSize"" -> {{1, 1}, {1, 1}}, ""Dilation"" -> {1, 1}, ""Input"" -> {128, 64, 64}]]","0bxhkiwgmvy9e",3.123158301337987e10,2.9430834814213158e10,2.2921651097258987e10,"{0.023422, 0.018268, 0.018172, 0.018266, 0.018231, 0.018352, 0.018246, 0.018355, 0.018323, 0.018498, 0.018538, 0.018548, 0.018291, 0.018122, 0.018353, 0.017928, 0.01837, 0.018371, 0.018521, 0.01811, 0.018375, 0.018656, 0.01817, 0.018393, 0.018262, 0.018471, 0.018145, 0.018148, 0.018381, 0.017954, 0.018485, 0.018162, 0.01853, 0.018228, 0.018243, 0.018374, 0.018125, 0.018256, 0.017991, 0.01846, 0.018083, 0.018381, 0.018148, 0.018108, 0.018166, 0.017998, 0.01851, 0.017838, 0.018444, 0.018189, 0.018368, 0.018142, 0.018007, 0.018421, 0.018062, 0.018292, 0.018103, 0.018259, 0.018332, 0.018281, 0.018425, 0.018012, 0.018179, 0.017888, 0.018418, 0.017869, 0.017999, 0.018505, 0.018255, 0.018087, 0.018216, 0.01834, 0.018112, 0.018289, 0.017413, 0.017279, 0.017704, 0.017356, 0.017614, 0.017506, 0.017531, 0.01719, 0.017251, 0.017641, 0.017275, 0.018439, 0.018461, 0.018289, 0.018203, 0.018184, 0.018482, 0.018398, 0.018306, 0.018264, 0.018389, 0.018163, 0.018265, 0.018653, 0.018144, 0.018406}"
