"model_name","layer_name","layer_index","kind","min_time","mean_time","max_time","add_flops","div_flops","cmp_flops","exp_flops","mad_flops","input_channel","input_height","input_width","output_channel","output_height","output_width","function","kernel_1","kernel_2","stride_1","stride_2","dilation_1","dilation_2","input_form","topology_hash","mad/min_time","mad/mean_time","mad/max_time","time"
"Inception V1 Trained on Places365 Data","inception_4e/3x3_reduce",101,"Convolution",0.000566,0.000572916666666667,0.003594,0,0,0,0,16558080,528,14,14,160,14,14,"",1,1,1,1,1,1,"HoldForm[ConvolutionLayer[160, {1, 1}, ""Stride"" -> {1, 1}, ""PaddingSize"" -> {{0, 0}, {0, 0}}, ""Dilation"" -> {1, 1}, ""Input"" -> {528, 14, 14}]]","1a06epjw4a5e1",2.9254558303886925e10,2.890137599999998e10,4.607145242070117e9,"{0.003594, 0.000585, 0.000568, 0.000593, 0.000579, 0.000573, 0.000588, 0.000585, 0.000571, 0.000594, 0.000608, 0.000577, 0.000575, 0.000571, 0.00057, 0.000567, 0.000574, 0.00058, 0.000574, 0.000568, 0.00057, 0.000569, 0.000576, 0.000598, 0.000578, 0.000577, 0.000577, 0.000576, 0.000578, 0.00057, 0.000589, 0.000571, 0.00057, 0.000571, 0.000566, 0.000568, 0.000568, 0.000599, 0.000576, 0.000567, 0.000572, 0.000569, 0.000586, 0.000568, 0.000595, 0.000575, 0.000574, 0.000578, 0.000573, 0.000567, 0.000569, 0.000592, 0.000579, 0.000573, 0.000569, 0.000567, 0.000568, 0.000568, 0.000591, 0.000573, 0.000566, 0.000569, 0.000574, 0.000575, 0.000569, 0.0006, 0.000578, 0.000571, 0.000569, 0.000568, 0.000571, 0.000573, 0.000591, 0.000576, 0.00057, 0.000568, 0.000568, 0.000566, 0.000567, 0.000592, 0.000578, 0.000574, 0.000573, 0.000572, 0.000567, 0.000567, 0.000592, 0.000579, 0.000577, 0.000569, 0.000568, 0.000567, 0.00057, 0.000581, 0.000573, 0.000568, 0.000568, 0.000573, 0.000575, 0.000567}"
