"model_name","layer_name","layer_index","kind","min_time","mean_time","max_time","add_flops","div_flops","cmp_flops","exp_flops","mad_flops","input_channel","input_height","input_width","output_channel","output_height","output_width","function","kernel_1","kernel_2","stride_1","stride_2","dilation_1","dilation_2","input_form","topology_hash","mad/min_time","mad/mean_time","mad/max_time","time"
"3D Face Alignment Net Trained on 300W Large Pose Data","11/7/1/2/3",53,"Convolution",0.003444,0.0034817666666666666,0.005004,0,0,0,0,134217728,128,64,64,256,64,64,"",1,1,1,1,1,1,"HoldForm[ConvolutionLayer[256, {1, 1}, ""Stride"" -> {1, 1}, ""PaddingSize"" -> {{0, 0}, {0, 0}}, ""Dilation"" -> {1, 1}, ""Input"" -> {128, 64, 64}]]","0ewvq6td5qfdg",3.897146573751452e10,3.854874287957263e10,2.6822087929656277e10,"{0.005004, 0.003488, 0.003504, 0.003498, 0.003513, 0.003506, 0.003498, 0.003445, 0.003464, 0.003474, 0.003508, 0.003477, 0.003511, 0.003462, 0.003457, 0.003456, 0.003467, 0.003464, 0.003489, 0.003465, 0.003518, 0.003444, 0.00345, 0.003472, 0.003488, 0.003498, 0.00346, 0.003507, 0.003468, 0.003465, 0.003466, 0.003501, 0.003474, 0.00346, 0.003479, 0.00352, 0.003506, 0.00348, 0.003471, 0.003477, 0.003472, 0.003507, 0.003573, 0.003506, 0.003467, 0.003485, 0.003461, 0.00347, 0.003478, 0.00351}"
