"model_name","layer_name","layer_index","kind","min_time","mean_time","max_time","add_flops","div_flops","cmp_flops","exp_flops","mad_flops","input_channel","input_height","input_width","output_channel","output_height","output_width","function","kernel_1","kernel_2","stride_1","stride_2","dilation_1","dilation_2","input_form","topology_hash","mad/min_time","mad/mean_time","mad/max_time","time"
"3D Face Alignment Net Trained on 300W Large Pose Data","11/4/1/2/3",20,"Convolution",0.004814,0.004849416666666665,0.011783,0,0,0,0,134217728,64,128,128,128,128,128,"",1,1,1,1,1,1,"HoldForm[ConvolutionLayer[128, {1, 1}, ""Stride"" -> {1, 1}, ""PaddingSize"" -> {{0, 0}, {0, 0}}, ""Dilation"" -> {1, 1}, ""Input"" -> {64, 128, 128}]]","08fwzvfwiaqu8",2.7880707935189034e10,2.7677087209801876e10,1.1390794195026733e10,"{0.011783, 0.004996, 0.004927, 0.004887, 0.004881, 0.004884, 0.004874, 0.00484, 0.004844, 0.004871, 0.004851, 0.004864, 0.004848, 0.004853, 0.004964, 0.004954, 0.004908, 0.004881, 0.004899, 0.004873, 0.004846, 0.004847, 0.00488, 0.004856, 0.004827, 0.004854, 0.004841, 0.004861, 0.004852, 0.004875, 0.004864, 0.004854, 0.004838, 0.004841, 0.004847, 0.004836, 0.004848, 0.004842, 0.004866, 0.004855, 0.004821, 0.004844, 0.004845, 0.004846, 0.00485, 0.00485, 0.004857, 0.004873, 0.004836, 0.004824, 0.004865, 0.004824, 0.004854, 0.004829, 0.004838, 0.004888, 0.004838, 0.00483, 0.004846, 0.004845, 0.004852, 0.00483, 0.00483, 0.004851, 0.004838, 0.004846, 0.004836, 0.004828, 0.00485, 0.004836, 0.004839, 0.004825, 0.004835, 0.004814, 0.005002, 0.00518, 0.004959, 0.004848, 0.004861, 0.00488, 0.004884, 0.004857, 0.004839, 0.004863, 0.004845, 0.004836, 0.004832, 0.004855, 0.004825, 0.004823, 0.004831, 0.004837, 0.004855, 0.004826, 0.004822, 0.004846, 0.004854, 0.004837, 0.00483, 0.004841}"
