"model_name","layer_name","layer_index","kind","min_time","mean_time","max_time","add_flops","div_flops","cmp_flops","exp_flops","mad_flops","input_channel","input_height","input_width","output_channel","output_height","output_width","function","kernel_1","kernel_2","stride_1","stride_2","dilation_1","dilation_2","input_form","topology_hash","mad/min_time","mad/mean_time","mad/max_time","time"
"ResNet-50 Trained on ImageNet Competition Data","3a/res3a_branch2a",40,"Convolution",0.001124,0.0011422500000000005,0.004474,0,0,0,0,25690112,256,56,56,128,28,28,"",1,1,2,2,1,1,"HoldForm[ConvolutionLayer[128, {1, 1}, ""Stride"" -> {2, 2}, ""PaddingSize"" -> {{0, 0}, {0, 0}}, ""Dilation"" -> {1, 1}, ""Input"" -> {256, 56, 56}]]","0syb9sqof3z9l",2.285597153024911e10,2.2490796235500103e10,5.74209029950827e9,"{0.004474, 0.001165, 0.001134, 0.001173, 0.001141, 0.001163, 0.001158, 0.001146, 0.001127, 0.001127, 0.001155, 0.001129, 0.001137, 0.001151, 0.001152, 0.001129, 0.001124, 0.001157, 0.001126, 0.001126, 0.001167, 0.001132, 0.001132, 0.001138, 0.001178, 0.001136, 0.001128, 0.001169, 0.001149, 0.001129, 0.001129, 0.001159, 0.001138, 0.00115, 0.001151, 0.001138, 0.001147, 0.001128, 0.001164, 0.00114, 0.001136, 0.001158, 0.001132, 0.001131, 0.001129, 0.001159, 0.00113, 0.001126, 0.001152, 0.001136, 0.001129, 0.001128, 0.001162, 0.001137, 0.00113, 0.001153, 0.001134, 0.001132, 0.001145, 0.001161, 0.001138, 0.001132, 0.001156, 0.001136, 0.001132, 0.001147, 0.001161, 0.001142, 0.001144, 0.001173, 0.001136, 0.001145, 0.001142, 0.001165, 0.001147, 0.001149, 0.001159, 0.001149, 0.001148, 0.001129, 0.001158, 0.001132, 0.001129, 0.001155, 0.001147, 0.001136, 0.001131, 0.001157, 0.001131, 0.001127, 0.001166, 0.001134, 0.001126, 0.001134, 0.001168, 0.001137, 0.001151, 0.001158, 0.001146, 0.001143}"
