"model_name","layer_name","layer_index","kind","min_time","mean_time","max_time","add_flops","div_flops","cmp_flops","exp_flops","mad_flops","input_channel","input_height","input_width","output_channel","output_height","output_width","function","kernel_1","kernel_2","stride_1","stride_2","dilation_1","dilation_2","input_form","topology_hash","mad/min_time","mad/mean_time","mad/max_time","time"
"3D Face Alignment Net Trained on 300W Large Pose Data","15/1/2/3/1/1/1/1/1/3",88,"Convolution",0.012204,0.012356200000000005,0.01934,0,0,0,0,301989888,256,32,32,128,32,32,"",3,3,1,1,1,1,"HoldForm[ConvolutionLayer[128, {3, 3}, ""Stride"" -> {1, 1}, ""PaddingSize"" -> {{1, 1}, {1, 1}}, ""Dilation"" -> {1, 1}, ""Input"" -> {256, 32, 32}]]","08qm1fo4qkpj4",2.474515634218289e10,2.44403528592933e10,1.561478221302999e10,"{0.01934, 0.012605, 0.012433, 0.012457, 0.01222, 0.012371, 0.012454, 0.012425, 0.012479, 0.012303, 0.0125, 0.012495, 0.012388, 0.01232, 0.012204, 0.012384, 0.012306, 0.012256, 0.012255, 0.012235, 0.012273, 0.012298, 0.012581, 0.012377, 0.012322, 0.012279, 0.012268, 0.01227, 0.0124, 0.012486, 0.012667, 0.012522, 0.012595, 0.012396, 0.012732, 0.012335, 0.012299, 0.012294, 0.012211, 0.012324, 0.01234, 0.012378, 0.012288, 0.012207, 0.012279, 0.012474, 0.012374, 0.012244, 0.012366, 0.012257}"
