"model_name","layer_name","layer_index","kind","min_time","mean_time","max_time","add_flops","div_flops","cmp_flops","exp_flops","mad_flops","input_channel","input_height","input_width","output_channel","output_height","output_width","function","kernel_1","kernel_2","stride_1","stride_2","dilation_1","dilation_2","input_form","topology_hash","mad/min_time","mad/mean_time","mad/max_time","time"
"2D Face Alignment Net Trained on 300W Large Pose Data","15/1/2/3/1/1/1/1/1/3",88,"Convolution",0.006273,0.011311,0.019015,0,0,0,0,301989888,256,32,32,128,32,32,"",3,3,1,1,1,1,"HoldForm[ConvolutionLayer[128, {3, 3}, ""Stride"" -> {1, 1}, ""PaddingSize"" -> {{1, 1}, {1, 1}}, ""Dilation"" -> {1, 1}, ""Input"" -> {256, 32, 32}]]","08qm1fo4qkpj4",4.814122238163558e10,2.669877888780833e10,1.5881666473836445e10,"{0.019015, 0.012194, 0.012253, 0.01211, 0.012102, 0.01224, 0.012109, 0.012224, 0.0122, 0.012254, 0.012118, 0.012185, 0.012146, 0.012136, 0.012141, 0.012147, 0.012168, 0.012148, 0.012147, 0.012198, 0.012215, 0.012178, 0.012205, 0.012221, 0.012122, 0.012222, 0.012153, 0.012241, 0.012156, 0.012165, 0.012182, 0.012162, 0.012107, 0.012124, 0.01214, 0.010073, 0.006349, 0.006319, 0.006331, 0.006331, 0.006273, 0.006337, 0.006287, 0.006301, 0.00643, 0.006328, 0.006384, 0.006356, 0.006282, 0.006308}"
