"model_name","layer_name","layer_index","kind","min_time","mean_time","max_time","add_flops","div_flops","cmp_flops","exp_flops","mad_flops","input_channel","input_height","input_width","output_channel","output_height","output_width","function","kernel_1","kernel_2","stride_1","stride_2","dilation_1","dilation_2","input_form","topology_hash","mad/min_time","mad/mean_time","mad/max_time","time"
"VGG-16 Trained on ImageNet Competition Data","conv1_1",1,"Convolution",0.006768,0.0068077666666666635,0.018107,0,0,0,0,86704128,3,224,224,64,224,224,"",3,3,1,1,1,1,"HoldForm[ConvolutionLayer[64, {3, 3}, ""Stride"" -> {1, 1}, ""PaddingSize"" -> {{1, 1}, {1, 1}}, ""Dilation"" -> {1, 1}, ""Input"" -> {3, 224, 224}]]","1i876macjjebj",1.2810893617021278e10,1.2736060479942032e10,4.788431435356491e9,"{0.018107, 0.006899, 0.00682, 0.006833, 0.006822, 0.006816, 0.006809, 0.006805, 0.00684, 0.006807, 0.006804, 0.00681, 0.006824, 0.006814, 0.006812, 0.006831, 0.006807, 0.006845, 0.006855, 0.006797, 0.006801, 0.006785, 0.006833, 0.006828, 0.006903, 0.006975, 0.006862, 0.006891, 0.006844, 0.006871, 0.006863, 0.006864, 0.006911, 0.006836, 0.006812, 0.00682, 0.006825, 0.0068, 0.006795, 0.006788, 0.006797, 0.006797, 0.006791, 0.006808, 0.006806, 0.006785, 0.006793, 0.006806, 0.006796, 0.006807, 0.00679, 0.006781, 0.006816, 0.006797, 0.006784, 0.006787, 0.006787, 0.006802, 0.006791, 0.006782, 0.006776, 0.006779, 0.006798, 0.006783, 0.006775, 0.006768, 0.006788, 0.006818, 0.006796, 0.006789, 0.006811, 0.006778, 0.006821, 0.006838, 0.006803, 0.006782, 0.00681, 0.006808, 0.006805, 0.006812, 0.006833, 0.006793, 0.006807, 0.006813, 0.006806, 0.006789, 0.006796, 0.006796, 0.006811, 0.006794, 0.006778, 0.006827, 0.006797, 0.006839, 0.006822, 0.00679, 0.006786, 0.00684, 0.006866, 0.00681}"
