"model_name","layer_name","layer_index","kind","min_time","mean_time","max_time","add_flops","div_flops","cmp_flops","exp_flops","mad_flops","input_channel","input_height","input_width","output_channel","output_height","output_width","function","kernel_1","kernel_2","stride_1","stride_2","dilation_1","dilation_2","input_form","topology_hash","mad/min_time","mad/mean_time","mad/max_time","time"
"OpenFace Face Recognition Net Trained on CASIA-WebFace and FaceScrub Data","14/3/2",29,"Convolution",0.000069,0.00008253333333333332,0.003529,0,0,0,0,153600,192,5,5,32,5,5,"",1,1,1,1,1,1,"HoldForm[ConvolutionLayer[32, {1, 1}, ""Stride"" -> {1, 1}, ""PaddingSize"" -> {{0, 0}, {0, 0}}, ""Dilation"" -> {1, 1}, ""Input"" -> {192, 5, 5}]]","0nfw348zmibsd",2.226086956521739e9,1.8610662358642976e9,4.3525077925758004e7,"{0.003529, 0.000119, 0.000092, 0.000087, 0.000086, 0.000085, 0.000085, 0.000084, 0.000087, 0.000085, 0.000083, 0.000082, 0.000083, 0.000084, 0.000082, 0.000083, 0.000082, 0.000083, 0.000083, 0.000082, 0.000084, 0.000087, 0.000082, 0.000082, 0.000084, 0.000083, 0.000083, 0.000082, 0.000083, 0.000081, 0.000082, 0.000083, 0.000082, 0.000082, 0.000083, 0.000083, 0.000082, 0.000081, 0.000081, 0.000082, 0.000085, 0.000084, 0.000082, 0.000082, 0.000122, 0.000084, 0.000083, 0.000083, 0.000083, 0.000083, 0.000085, 0.000083, 0.000082, 0.000082, 0.000082, 0.000082, 0.000082, 0.000081, 0.000082, 0.000082, 0.000082, 0.000082, 0.000083, 0.000082, 0.000083, 0.000082, 0.000081, 0.000081, 0.000082, 0.000081, 0.000082, 0.000081, 0.000082, 0.000081, 0.000077, 0.000085, 0.000083, 0.000082, 0.000083, 0.000082, 0.000082, 0.000083, 0.000082, 0.000082, 0.000081, 0.000083, 0.000083, 0.000085, 0.000083, 0.000087, 0.000069, 0.000082, 0.00008, 0.000079, 0.000079, 0.000079, 0.000078, 0.000078, 0.000119, 0.000084}"
