"model_name","layer_name","layer_index","kind","min_time","mean_time","max_time","add_flops","div_flops","cmp_flops","exp_flops","mad_flops","input_channel","input_height","input_width","output_channel","output_height","output_width","function","kernel_1","kernel_2","stride_1","stride_2","dilation_1","dilation_2","input_form","topology_hash","mad/min_time","mad/mean_time","mad/max_time","time"
"Dilated ResNet-105 Trained on Cityscapes Data","convolution20",64,"Convolution",0.015563,0.016061133333333335,0.017898,0,0,0,0,536870912,512,64,128,128,64,128,"",1,1,1,1,1,1,"HoldForm[ConvolutionLayer[128, {1, 1}, ""Stride"" -> {1, 1}, ""PaddingSize"" -> {{0, 0}, {0, 0}}, ""Dilation"" -> {1, 1}, ""Input"" -> {512, 64, 128}]]","0phumwoxjguum",3.4496620959969154e10,3.3426714096556072e10,2.9996139903899876e10,"{0.017898, 0.016147, 0.016001, 0.015831, 0.015655, 0.015743, 0.015688, 0.015696, 0.015921, 0.015875, 0.016122, 0.016651, 0.016455, 0.016277, 0.015899, 0.016056, 0.016151, 0.016239, 0.01614, 0.015902, 0.015896, 0.015986, 0.016007, 0.015807, 0.01578, 0.015563, 0.015777, 0.015829, 0.015658, 0.015664, 0.01578, 0.015735, 0.016332, 0.016363, 0.016139, 0.015887, 0.015896, 0.016174, 0.01661, 0.0165, 0.016559, 0.01661, 0.016454, 0.016574, 0.016623, 0.016377, 0.01641, 0.016346, 0.016229, 0.015815}"
