"model_name","layer_name","layer_index","kind","min_time","mean_time","max_time","add_flops","div_flops","cmp_flops","exp_flops","mad_flops","input_channel","input_height","input_width","output_channel","output_height","output_width","function","kernel_1","kernel_2","stride_1","stride_2","dilation_1","dilation_2","input_form","topology_hash","mad/min_time","mad/mean_time","mad/max_time","time"
"Squeeze-and-Excitation Net Trained on ImageNet Competition Data","3f/conv3_6_3x3",155,"Convolution",0.002063,0.003132266666666667,0.008409,0,0,0,0,14450688,256,28,28,512,28,28,"",3,3,1,1,1,1,"HoldForm[ConvolutionLayer[512, {3, 3}, ""Stride"" -> {1, 1}, ""PaddingSize"" -> {{1, 1}, {1, 1}}, ""Dilation"" -> {1, 1}, ""ChannelGroups"" -> 64, ""Input"" -> {256, 28, 28}]]","0i522nllaz033",7.004696073679108e9,4.613492252681764e9,1.7184787727434893e9,"{0.008409, 0.003658, 0.00365, 0.003651, 0.00365, 0.003655, 0.003665, 0.003648, 0.003619, 0.003639, 0.003654, 0.003643, 0.003648, 0.003656, 0.003646, 0.003648, 0.00365, 0.003645, 0.003657, 0.003624, 0.003634, 0.003647, 0.00364, 0.003819, 0.004397, 0.004347, 0.004361, 0.004337, 0.004393, 0.004559, 0.002131, 0.002151, 0.0021, 0.002101, 0.002097, 0.002094, 0.002074, 0.002082, 0.002081, 0.002075, 0.002104, 0.002079, 0.002095, 0.002076, 0.002087, 0.002075, 0.002084, 0.002063, 0.002104, 0.002064}"
