"model_name","layer_name","layer_index","kind","min_time","mean_time","max_time","add_flops","div_flops","cmp_flops","exp_flops","mad_flops","input_channel","input_height","input_width","output_channel","output_height","output_width","function","kernel_1","kernel_2","stride_1","stride_2","dilation_1","dilation_2","input_form","topology_hash","mad/min_time","mad/mean_time","mad/max_time","time"
"3D Face Alignment Net Trained on 300W Large Pose Data","12/1/2/3/1/1/1/1/1/4/2/1/3",779,"Convolution",0.004366,0.004404233333333335,0.008227,0,0,0,0,75497472,128,32,32,64,32,32,"",3,3,1,1,1,1,"HoldForm[ConvolutionLayer[64, {3, 3}, ""Stride"" -> {1, 1}, ""PaddingSize"" -> {{1, 1}, {1, 1}}, ""Dilation"" -> {1, 1}, ""Input"" -> {128, 32, 32}]]","1lamqwqsgikmq",1.7292137425561153e10,1.7142023659055294e10,9.176792512458977e9,"{0.008227, 0.004411, 0.004426, 0.004417, 0.004464, 0.004433, 0.004477, 0.004388, 0.004399, 0.004387, 0.004379, 0.004384, 0.004413, 0.004394, 0.004455, 0.004469, 0.004411, 0.00438, 0.004446, 0.004392, 0.004423, 0.004382, 0.004414, 0.00442, 0.004399, 0.004441, 0.004374, 0.00439, 0.004447, 0.004384, 0.00441, 0.0044, 0.004428, 0.004442, 0.004407, 0.004399, 0.004381, 0.004389, 0.004401, 0.004398, 0.004399, 0.004445, 0.004386, 0.004402, 0.004429, 0.004383, 0.004373, 0.004394, 0.004393, 0.004375, 0.004412, 0.004436, 0.004393, 0.004412, 0.004393, 0.004382, 0.004398, 0.004403, 0.004378, 0.004383, 0.004448, 0.00443, 0.00444, 0.004393, 0.004479, 0.004377, 0.004393, 0.004382, 0.004395, 0.004397, 0.004408, 0.004424, 0.00442, 0.00441, 0.004436, 0.00437, 0.004379, 0.004384, 0.004377, 0.004382, 0.004397, 0.004438, 0.004443, 0.004394, 0.004391, 0.004366, 0.004441, 0.00439, 0.004377, 0.004409, 0.00443, 0.004422, 0.004401, 0.004425, 0.004428, 0.004393, 0.004389, 0.004382, 0.004484, 0.004455}"
