"model_name","layer_name","layer_index","kind","min_time","mean_time","max_time","add_flops","div_flops","cmp_flops","exp_flops","mad_flops","input_channel","input_height","input_width","output_channel","output_height","output_width","function","kernel_1","kernel_2","stride_1","stride_2","dilation_1","dilation_2","input_form","topology_hash","mad/min_time","mad/mean_time","mad/max_time","time"
"Inception V3 Trained on ImageNet Competition Data","Inception5/mixed_4_conv_conv2d",101,"Convolution",0.001225,0.0012390999999999995,0.001414,0,0,0,0,42614784,768,17,17,192,17,17,"",1,1,1,1,1,1,"HoldForm[ConvolutionLayer[192, {1, 1}, ""Stride"" -> {1, 1}, ""PaddingSize"" -> {{0, 0}, {0, 0}}, ""Dilation"" -> {1, 1}, ""Input"" -> {768, 17, 17}]]","1tsqcmjj62yhr",3.478757877551021e10,3.439172302477606e10,3.0137753889674686e10,"{0.001414, 0.001255, 0.001245, 0.001225, 0.001245, 0.001233, 0.001228, 0.001233, 0.001233, 0.00123, 0.001228, 0.001256, 0.00124, 0.001259, 0.001247, 0.00124, 0.001235, 0.001246, 0.001238, 0.001233, 0.001247, 0.001237, 0.001232, 0.001236, 0.00125, 0.001235, 0.001235, 0.00125, 0.001234, 0.001237, 0.001254, 0.001239, 0.001234, 0.001246, 0.001237, 0.00123, 0.001234, 0.001242, 0.001237, 0.001257, 0.001253, 0.001233, 0.001235, 0.001245, 0.001234, 0.001231, 0.001261, 0.001241, 0.001236, 0.00125}"
