"model_name","layer_name","layer_index","kind","min_time","mean_time","max_time","add_flops","div_flops","cmp_flops","exp_flops","mad_flops","input_channel","input_height","input_width","output_channel","output_height","output_width","function","kernel_1","kernel_2","stride_1","stride_2","dilation_1","dilation_2","input_form","topology_hash","mad/min_time","mad/mean_time","mad/max_time","time"
"ResNet-101 Trained on Augmented CASIA-WebFace Data","2c/res2c_branch2b",31,"Convolution",0.006056,0.006873166666666668,0.012003,0,0,0,0,115605504,64,56,56,64,56,56,"",3,3,1,1,1,1,"HoldForm[ConvolutionLayer[64, {3, 3}, ""Stride"" -> {1, 1}, ""PaddingSize"" -> {{1, 1}, {1, 1}}, ""Dilation"" -> {1, 1}, ""Input"" -> {64, 56, 56}]]","0uz07f73bs44a",1.908941611624835e10,1.6819831324716892e10,9.63138415396151e9,"{0.012003, 0.006602, 0.006164, 0.006152, 0.006056, 0.006116, 0.006263, 0.006193, 0.006178, 0.006434, 0.006209, 0.006066, 0.00614, 0.006136, 0.006143, 0.00657, 0.006873, 0.006946, 0.006713, 0.006889, 0.007177, 0.006921, 0.006815, 0.006807, 0.0067, 0.00696, 0.006889, 0.006956, 0.006949, 0.006881, 0.006917, 0.007063, 0.006913, 0.006902, 0.006883, 0.006818, 0.006829, 0.006996, 0.007036, 0.007017, 0.006893, 0.006752, 0.006797, 0.006988, 0.006921, 0.006818, 0.006828, 0.006703, 0.006747, 0.006868, 0.006903, 0.006936, 0.006879, 0.006892, 0.006883, 0.006922, 0.006949, 0.007017, 0.00709, 0.006877, 0.006838, 0.007016, 0.006973, 0.006855, 0.006862, 0.006881, 0.006708, 0.006865, 0.007016, 0.007117, 0.006909, 0.00684, 0.006812, 0.006954, 0.007124, 0.007098, 0.006978, 0.006893, 0.00681, 0.006819, 0.006971, 0.006976, 0.006841, 0.006767, 0.006735, 0.006885, 0.007011, 0.006943, 0.006871, 0.006862, 0.006838, 0.006801, 0.006997, 0.007005, 0.006879, 0.006855, 0.006788, 0.006923, 0.006974, 0.006842}"
