"model_name","layer_name","layer_index","kind","min_time","mean_time","max_time","add_flops","div_flops","cmp_flops","exp_flops","mad_flops","input_channel","input_height","input_width","output_channel","output_height","output_width","function","kernel_1","kernel_2","stride_1","stride_2","dilation_1","dilation_2","input_form","topology_hash","mad/min_time","mad/mean_time","mad/max_time","time"
"Squeeze-and-Excitation Net Trained on ImageNet Competition Data","3d/conv3_4_1x1_increase",124,"Convolution",0.004821,0.0048425666666666685,0.005786,0,0,0,0,205520896,512,28,28,512,28,28,"",1,1,1,1,1,1,"HoldForm[ConvolutionLayer[512, {1, 1}, ""Stride"" -> {1, 1}, ""PaddingSize"" -> {{0, 0}, {0, 0}}, ""Dilation"" -> {1, 1}, ""Input"" -> {512, 28, 28}]]","0h6dcb1pxqle2",4.2630345571458206e10,4.244048872154572e10,3.5520376080193565e10,"{0.005786, 0.004863, 0.004851, 0.00484, 0.004834, 0.004846, 0.004849, 0.004843, 0.004839, 0.004834, 0.004866, 0.004854, 0.004834, 0.004863, 0.004845, 0.004856, 0.004828, 0.004835, 0.004826, 0.004845, 0.00485, 0.004845, 0.004834, 0.004825, 0.004846, 0.004852, 0.004845, 0.004829, 0.004844, 0.004835, 0.004853, 0.004841, 0.004836, 0.004865, 0.004861, 0.004843, 0.004837, 0.004823, 0.004835, 0.004868, 0.004843, 0.004825, 0.004821, 0.004838, 0.004847, 0.004837, 0.004885, 0.004837, 0.004852, 0.00483}"
