"model_name","layer_name","layer_index","kind","min_time","mean_time","max_time","add_flops","div_flops","cmp_flops","exp_flops","mad_flops","input_channel","input_height","input_width","output_channel","output_height","output_width","function","kernel_1","kernel_2","stride_1","stride_2","dilation_1","dilation_2","input_form","topology_hash","mad/min_time","mad/mean_time","mad/max_time","time"
"Inception V3 Trained on ImageNet Competition Data","Inception8/mixed_7_tower_1_conv_1_conv2d",212,"Convolution",0.002767,0.0028019333333333344,0.00622,0,0,0,0,74575872,192,17,17,192,17,17,"",7,1,1,1,1,1,"HoldForm[ConvolutionLayer[192, {7, 1}, ""Stride"" -> {1, 1}, ""PaddingSize"" -> {{3, 3}, {0, 0}}, ""Dilation"" -> {1, 1}, ""Input"" -> {192, 17, 17}]]","00lbv5lh5kmjr",2.6951887242500908e10,2.66158623807371e10,1.198969003215434e10,"{0.00622, 0.002828, 0.002808, 0.002774, 0.002807, 0.002812, 0.00279, 0.002815, 0.002825, 0.002783, 0.002785, 0.002833, 0.002805, 0.002787, 0.002797, 0.002842, 0.002781, 0.002793, 0.002822, 0.00281, 0.00278, 0.002784, 0.002801, 0.002775, 0.002803, 0.002831, 0.002841, 0.002805, 0.002795, 0.002816, 0.002776, 0.002787, 0.002799, 0.002807, 0.002806, 0.002792, 0.002789, 0.002794, 0.002815, 0.00283, 0.002805, 0.002818, 0.002809, 0.002782, 0.00283, 0.002798, 0.00278, 0.002815, 0.002794, 0.002799, 0.002767, 0.002815, 0.002799, 0.002811, 0.00285, 0.002807, 0.002776, 0.00281, 0.002802, 0.0028, 0.002782, 0.002781, 0.002825, 0.002771, 0.002801, 0.002826, 0.002768, 0.002794, 0.002798, 0.002813, 0.00277, 0.002817, 0.002866, 0.002783, 0.002827, 0.00281, 0.002796, 0.002778, 0.002789, 0.002815, 0.002803, 0.002803, 0.002798, 0.002808, 0.002806, 0.00279, 0.002812, 0.002788, 0.002804, 0.002814, 0.002799, 0.002801, 0.002793, 0.00278, 0.002822, 0.00279, 0.002798, 0.002807, 0.002837, 0.002805}"
