"model_name","layer_name","layer_index","kind","min_time","mean_time","max_time","add_flops","div_flops","cmp_flops","exp_flops","mad_flops","input_channel","input_height","input_width","output_channel","output_height","output_width","function","kernel_1","kernel_2","stride_1","stride_2","dilation_1","dilation_2","input_form","topology_hash","mad/min_time","mad/mean_time","mad/max_time","time"
"SSD-VGG-512 Trained on MS-COCO Data","1/1/blockNet7/conv5c/1",29,"Convolution",0.068033,0.07016853333333334,0.076914,0,0,0,0,2415919104,512,32,32,512,32,32,"",3,3,1,1,1,1,"HoldForm[ConvolutionLayer[512, {3, 3}, ""Stride"" -> {1, 1}, ""PaddingSize"" -> {{1, 1}, {1, 1}}, ""Dilation"" -> {1, 1}, ""Input"" -> {512, 32, 32}]]","1psuqic28f3hn",3.551098884364941e10,3.443023516714044e10,3.1410654809267494e10,"{0.076914, 0.07022, 0.070288, 0.06998, 0.070034, 0.070089, 0.070228, 0.068033, 0.068214, 0.068183, 0.069545, 0.069383, 0.070186, 0.070363, 0.070118, 0.070627, 0.07063, 0.070816, 0.070677, 0.070648, 0.070468, 0.07054, 0.070427, 0.070115, 0.070401, 0.0705, 0.070282, 0.069913, 0.069887, 0.069723, 0.070045, 0.070407, 0.069981, 0.069873, 0.069942, 0.070184, 0.070554, 0.068902, 0.068156, 0.068595, 0.069976, 0.070124, 0.070427, 0.070158, 0.06996, 0.069918, 0.069927, 0.070154, 0.070039, 0.070213, 0.070188, 0.07041, 0.070298, 0.07043, 0.070179, 0.070136, 0.069964, 0.069992, 0.070116, 0.070391, 0.070361, 0.070306, 0.070392, 0.070067, 0.07021, 0.070506, 0.070781, 0.070406, 0.068218, 0.068491, 0.070071, 0.070183, 0.070484, 0.069321, 0.070259, 0.070115, 0.070225, 0.070191, 0.070193, 0.070227, 0.070228, 0.0707, 0.070275, 0.070062, 0.070331, 0.070511, 0.070384, 0.069973, 0.070286, 0.070238, 0.070141, 0.069801, 0.070178, 0.069866, 0.069999, 0.070075, 0.070338, 0.070127, 0.068156, 0.06819}"
