"model_name","layer_name","layer_index","kind","min_time","mean_time","max_time","add_flops","div_flops","cmp_flops","exp_flops","mad_flops","input_channel","input_height","input_width","output_channel","output_height","output_width","function","kernel_1","kernel_2","stride_1","stride_2","dilation_1","dilation_2","input_form","topology_hash","mad/min_time","mad/mean_time","mad/max_time","time"
"Unguided Volumetric Regression Net for 3D Face Reconstruction","9/2/1/1/4/1/2/7/1/1/3",915,"Convolution",0.000333,0.0004453333333333334,0.000779,0,0,0,0,18874368,256,24,24,128,24,24,"",1,1,1,1,1,1,"HoldForm[ConvolutionLayer[128, {1, 1}, ""Stride"" -> {1, 1}, ""PaddingSize"" -> {{0, 0}, {0, 0}}, ""Dilation"" -> {1, 1}, ""Input"" -> {256, 24, 24}]]","0aq3fws45f1kh",5.667978378378378e10,4.2382562874251495e10,2.422897047496791e10,"{0.000779, 0.000608, 0.00058, 0.000573, 0.000571, 0.000571, 0.000573, 0.00057, 0.0006, 0.000586, 0.00058, 0.000578, 0.000576, 0.00058, 0.000582, 0.000605, 0.000585, 0.000575, 0.000576, 0.000595, 0.00058, 0.000577, 0.00051, 0.000359, 0.000371, 0.00034, 0.000335, 0.000335, 0.000334, 0.000335, 0.000335, 0.000359, 0.000339, 0.00038, 0.00034, 0.000335, 0.000352, 0.000337, 0.000335, 0.000359, 0.000339, 0.000335, 0.000335, 0.000334, 0.000333, 0.000369, 0.000338, 0.00036, 0.000338, 0.000335}"
