"model_name","layer_name","layer_index","kind","min_time","mean_time","max_time","add_flops","div_flops","cmp_flops","exp_flops","mad_flops","input_channel","input_height","input_width","output_channel","output_height","output_width","function","kernel_1","kernel_2","stride_1","stride_2","dilation_1","dilation_2","input_form","topology_hash","mad/min_time","mad/mean_time","mad/max_time","time"
"Wolfram AudioIdentify V1 Trained on AudioSet Data","1/Net/5_3/conv5_3_linear",121,"Convolution",0.000188,0.00019406666666666668,0.000263,0,0,0,0,958464,768,3,2,208,3,2,"",1,1,1,1,1,1,"HoldForm[ConvolutionLayer[208, {1, 1}, ""Stride"" -> {1, 1}, ""PaddingSize"" -> {{0, 0}, {0, 0}}, ""Dilation"" -> {1, 1}, ""Input"" -> {768, 3, 2}]]","0fdabt2u421rt",5.098212765957447e9,4.938838886980419e9,3.6443498098859315e9,"{0.000263, 0.000204, 0.000198, 0.000197, 0.000197, 0.000196, 0.000197, 0.000197, 0.000197, 0.000198, 0.000198, 0.000197, 0.000196, 0.000196, 0.000197, 0.000203, 0.000226, 0.0002, 0.00019, 0.000199, 0.000191, 0.000189, 0.000189, 0.000188, 0.000189, 0.000189, 0.000188, 0.00019, 0.000189, 0.000188, 0.00019, 0.000188, 0.000189, 0.000189, 0.000188, 0.000189, 0.000189, 0.000228, 0.000203, 0.000195, 0.000194, 0.000193, 0.000193, 0.000194, 0.000194, 0.000195, 0.000194, 0.000194, 0.000197, 0.000197}"
