"model_name","layer_name","layer_index","kind","min_time","mean_time","max_time","add_flops","div_flops","cmp_flops","exp_flops","mad_flops","input_channel","input_height","input_width","output_channel","output_height","output_width","function","kernel_1","kernel_2","stride_1","stride_2","dilation_1","dilation_2","input_form","topology_hash","mad/min_time","mad/mean_time","mad/max_time","time"
"SSD-VGG-512 Trained on MS-COCO Data","1/1/multiboxLayer7/multiboxClasses/1",64,"Convolution",0.000164,0.0001656333333333334,0.000215,0,0,0,0,746496,256,1,1,324,1,1,"",3,3,1,1,1,1,"HoldForm[ConvolutionLayer[324, {3, 3}, ""Stride"" -> {1, 1}, ""PaddingSize"" -> {{1, 1}, {1, 1}}, ""Dilation"" -> {1, 1}, ""Input"" -> {256, 1, 1}]]","0vviv057567kx",4.55180487804878e9,4.506918897162405e9,3.4720744186046515e9,"{0.000215, 0.000171, 0.000171, 0.000172, 0.000166, 0.000169, 0.000171, 0.000166, 0.000165, 0.000165, 0.000165, 0.000164, 0.000165, 0.000165, 0.000164, 0.000165, 0.000165, 0.000195, 0.000175, 0.000166, 0.000165, 0.000164, 0.000165, 0.000165, 0.000165, 0.000165, 0.000164, 0.000165, 0.000164, 0.000165, 0.000166, 0.000165, 0.000164, 0.000165, 0.000164, 0.000165, 0.000166, 0.000165, 0.000164, 0.000165, 0.000165, 0.000193, 0.000176, 0.000168, 0.000165, 0.000166, 0.000166, 0.000169, 0.000166, 0.00019}"
