"model_name","layer_name","layer_index","kind","min_time","mean_time","max_time","add_flops","div_flops","cmp_flops","exp_flops","mad_flops","input_channel","input_height","input_width","output_channel","output_height","output_width","function","kernel_1","kernel_2","stride_1","stride_2","dilation_1","dilation_2","input_form","topology_hash","mad/min_time","mad/mean_time","mad/max_time","time"
"Yahoo Open NSFW Model V1","stage3_block2/conv_branch2b",167,"Convolution",0.00135,0.001377416666666667,0.00448,0,0,0,0,28901376,256,7,7,256,7,7,"",3,3,1,1,1,1,"HoldForm[ConvolutionLayer[256, {3, 3}, ""Stride"" -> {1, 1}, ""PaddingSize"" -> {{1, 1}, {1, 1}}, ""Dilation"" -> {1, 1}, ""Input"" -> {256, 7, 7}]]","073qpk8ks7cth",2.1408426666666664e10,2.0982304555629494e10,6.4512e9,"{0.00448, 0.001401, 0.001361, 0.001382, 0.00138, 0.001371, 0.001374, 0.001375, 0.001372, 0.0014, 0.001375, 0.001369, 0.001403, 0.001374, 0.00137, 0.001379, 0.001377, 0.001399, 0.001377, 0.001371, 0.001393, 0.001377, 0.001367, 0.001401, 0.001374, 0.001372, 0.001392, 0.001376, 0.001369, 0.001385, 0.00138, 0.001373, 0.001386, 0.001375, 0.001369, 0.001396, 0.001376, 0.001374, 0.001403, 0.001373, 0.001397, 0.001373, 0.001368, 0.001395, 0.001371, 0.001374, 0.001398, 0.001377, 0.00137, 0.001388, 0.001379, 0.001373, 0.00139, 0.001374, 0.001369, 0.001382, 0.001374, 0.00137, 0.001382, 0.00138, 0.001379, 0.001401, 0.001375, 0.00137, 0.001394, 0.00137, 0.001416, 0.001378, 0.001375, 0.001394, 0.00137, 0.001365, 0.001388, 0.00137, 0.00135, 0.001389, 0.001371, 0.001365, 0.001382, 0.00137, 0.001363, 0.001381, 0.001383, 0.001373, 0.001382, 0.001374, 0.001373, 0.00138, 0.001376, 0.001371, 0.001398, 0.001371, 0.001371, 0.001394, 0.001375, 0.001397, 0.001381, 0.001375, 0.001393, 0.001376}"
