"model_name","layer_name","layer_index","kind","min_time","mean_time","max_time","add_flops","div_flops","cmp_flops","exp_flops","mad_flops","input_channel","input_height","input_width","output_channel","output_height","output_width","function","kernel_1","kernel_2","stride_1","stride_2","dilation_1","dilation_2","input_form","topology_hash","mad/min_time","mad/mean_time","mad/max_time","time"
"3D Face Alignment Net Trained on 300W Large Pose Data","13/1/2/2/1/1/3",531,"Convolution",0.011402,0.012174333333333336,0.019153,0,0,0,0,301989888,256,32,32,128,32,32,"",3,3,1,1,1,1,"HoldForm[ConvolutionLayer[128, {3, 3}, ""Stride"" -> {1, 1}, ""PaddingSize"" -> {{1, 1}, {1, 1}}, ""Dilation"" -> {1, 1}, ""Input"" -> {256, 32, 32}]]","08qm1fo4qkpj4",2.6485694439572006e10,2.4805455849738518e10,1.576723688195061e10,"{0.019153, 0.012273, 0.012184, 0.012215, 0.012263, 0.012123, 0.01218, 0.012168, 0.012444, 0.012249, 0.01225, 0.012161, 0.012252, 0.012183, 0.012144, 0.012207, 0.01216, 0.01196, 0.012097, 0.011824, 0.011845, 0.011876, 0.01204, 0.012046, 0.011932, 0.012151, 0.011764, 0.011934, 0.011752, 0.011903, 0.011571, 0.011476, 0.011402, 0.012146, 0.012238, 0.012284, 0.012295, 0.012236, 0.012454, 0.012296, 0.012303, 0.012235, 0.012295, 0.012376, 0.012314, 0.012244, 0.012204, 0.01222, 0.012211, 0.012256}"
