"model_name","layer_name","layer_index","kind","min_time","mean_time","max_time","add_flops","div_flops","cmp_flops","exp_flops","mad_flops","input_channel","input_height","input_width","output_channel","output_height","output_width","function","kernel_1","kernel_2","stride_1","stride_2","dilation_1","dilation_2","input_form","topology_hash","mad/min_time","mad/mean_time","mad/max_time","time"
"Squeeze-and-Excitation Net Trained on ImageNet Competition Data","4f/conv4_6_1x1_reduce",290,"Convolution",0.0027,0.0027166333333333336,0.00588,0,0,0,0,102760448,1024,14,14,512,14,14,"",1,1,1,1,1,1,"HoldForm[ConvolutionLayer[512, {1, 1}, ""Stride"" -> {1, 1}, ""PaddingSize"" -> {{0, 0}, {0, 0}}, ""Dilation"" -> {1, 1}, ""Input"" -> {1024, 14, 14}]]","0di9as52hamos",3.805942518518518e10,3.7826395906698235e10,1.7476266666666668e10,"{0.00588, 0.002714, 0.002714, 0.00271, 0.002719, 0.002704, 0.002721, 0.002718, 0.0027, 0.002711, 0.002726, 0.002705, 0.002723, 0.002722, 0.002715, 0.002724, 0.002726, 0.002706, 0.002718, 0.002725, 0.002707, 0.002717, 0.002725, 0.002703, 0.002724, 0.002723, 0.002707, 0.002728, 0.002725, 0.002727, 0.002703, 0.002718, 0.002727, 0.002711, 0.002723, 0.002726, 0.002708, 0.002727, 0.002723, 0.002709, 0.002724, 0.002721, 0.002704, 0.002719, 0.00273, 0.002705, 0.002728, 0.002721, 0.002702, 0.002714, 0.002712, 0.002716, 0.002704, 0.002717, 0.00272, 0.002715, 0.002719, 0.00272, 0.002709, 0.002719, 0.002721, 0.002705, 0.002721, 0.00273, 0.002702, 0.002717, 0.002722, 0.0027, 0.002711, 0.002719, 0.002726, 0.00272, 0.002717, 0.002701, 0.002707, 0.002715, 0.002736, 0.002707, 0.002719, 0.002721, 0.002706, 0.002716, 0.002727, 0.002702, 0.00272, 0.002719, 0.002704, 0.002717, 0.002721, 0.002703, 0.002715, 0.002718, 0.002712, 0.002728, 0.002722, 0.002707, 0.002719, 0.002718, 0.002703, 0.002704}"
