"model_name","layer_name","layer_index","kind","min_time","mean_time","max_time","add_flops","div_flops","cmp_flops","exp_flops","mad_flops","input_channel","input_height","input_width","output_channel","output_height","output_width","function","kernel_1","kernel_2","stride_1","stride_2","dilation_1","dilation_2","input_form","topology_hash","mad/min_time","mad/mean_time","mad/max_time","time"
"Single-Image Depth Perception Net Trained on NYU Depth V2 Data","4/1/1/4/1/1/4/1/2/2/1/1",139,"Convolution",0.000561,0.0005689833333333333,0.004822,0,0,0,0,19660800,256,30,40,64,30,40,"",1,1,1,1,1,1,"HoldForm[ConvolutionLayer[64, {1, 1}, ""Stride"" -> {1, 1}, ""PaddingSize"" -> {{0, 0}, {0, 0}}, ""Dilation"" -> {1, 1}, ""Input"" -> {256, 30, 40}]]","0vesw90eosy3n",3.5045989304812836e10,3.4554263452356544e10,4.0773123185400248e9,"{0.004822, 0.000593, 0.000603, 0.000574, 0.000566, 0.000565, 0.000562, 0.000564, 0.000564, 0.000595, 0.000572, 0.000581, 0.000564, 0.000563, 0.000564, 0.000566, 0.000595, 0.000567, 0.000564, 0.000566, 0.000563, 0.000565, 0.000563, 0.000586, 0.000568, 0.000564, 0.000565, 0.000562, 0.000567, 0.000581, 0.000605, 0.000565, 0.000563, 0.000611, 0.000564, 0.000563, 0.000609, 0.000571, 0.000564, 0.000561, 0.000563, 0.00058, 0.000566, 0.000591, 0.00057, 0.000563, 0.000561, 0.000566, 0.000567, 0.000572, 0.000607, 0.000571, 0.000569, 0.000582, 0.000566, 0.000563, 0.000564, 0.000589, 0.000577, 0.000568, 0.000568, 0.000569, 0.000569, 0.000568, 0.000611, 0.000576, 0.000569, 0.000571, 0.000571, 0.00057, 0.000567, 0.000592, 0.000576, 0.000568, 0.000567, 0.000567, 0.000565, 0.000567, 0.000593, 0.000573, 0.000566, 0.000568, 0.000568, 0.00057, 0.000566, 0.00059, 0.000573, 0.000571, 0.000566, 0.00057, 0.000567, 0.000565, 0.000596, 0.000573, 0.000568, 0.00057, 0.00057, 0.000567, 0.000566, 0.000595}"
