"model_name","layer_name","layer_index","kind","min_time","mean_time","max_time","add_flops","div_flops","cmp_flops","exp_flops","mad_flops","input_channel","input_height","input_width","output_channel","output_height","output_width","function","kernel_1","kernel_2","stride_1","stride_2","dilation_1","dilation_2","input_form","topology_hash","mad/min_time","mad/mean_time","mad/max_time","time"
"Inception V3 Trained on ImageNet Competition Data","Inception1/mixed_tower_conv_1_conv2d",24,"Convolution",0.004859,0.004970983333333333,0.012786,0,0,0,0,94080000,48,35,35,64,35,35,"",5,5,1,1,1,1,"HoldForm[ConvolutionLayer[64, {5, 5}, ""Stride"" -> {1, 1}, ""PaddingSize"" -> {{2, 2}, {2, 2}}, ""Dilation"" -> {1, 1}, ""Input"" -> {48, 35, 35}]]","14wr60pbxqmpm",1.936200864375386e10,1.892583291702849e10,7.358047864852181e9,"{0.012786, 0.0053, 0.005171, 0.004974, 0.004914, 0.004928, 0.004936, 0.004859, 0.00494, 0.005032, 0.0052, 0.005025, 0.004919, 0.004929, 0.004944, 0.004882, 0.004859, 0.005156, 0.005205, 0.004978, 0.004928, 0.004935, 0.004872, 0.004901, 0.004866, 0.005031, 0.005002, 0.005118, 0.004958, 0.004966, 0.004943, 0.00493, 0.004999, 0.004964, 0.004982, 0.005103, 0.005116, 0.00506, 0.004966, 0.004935, 0.004915, 0.004964, 0.005119, 0.005007, 0.00494, 0.004971, 0.004978, 0.004919, 0.004921, 0.004873, 0.005083, 0.00519, 0.005395, 0.005052, 0.004924, 0.00492, 0.004951, 0.004882, 0.00489, 0.005098, 0.005056, 0.005013, 0.005008, 0.00496, 0.00494, 0.004937, 0.004933, 0.005057, 0.005195, 0.005033, 0.005015, 0.004938, 0.004913, 0.004927, 0.004871, 0.005046, 0.005046, 0.005102, 0.004975, 0.004912, 0.004909, 0.005014, 0.005011, 0.004958, 0.00508, 0.004979, 0.004945, 0.005024, 0.004961, 0.004905, 0.004917, 0.004875, 0.005028, 0.005029, 0.005044, 0.004972, 0.004912, 0.004902, 0.004905, 0.004914}"
