"model_name","layer_name","layer_index","kind","min_time","mean_time","max_time","add_flops","div_flops","cmp_flops","exp_flops","mad_flops","input_channel","input_height","input_width","output_channel","output_height","output_width","function","kernel_1","kernel_2","stride_1","stride_2","dilation_1","dilation_2","input_form","topology_hash","mad/min_time","mad/mean_time","mad/max_time","time"
"Multi-scale Context Aggregation Net Trained on Cityscapes Data","conv5_3",28,"Convolution",0.761186,0.7620363,0.947384,0,0,0,0,151414374400,512,156,156,512,152,152,"",3,3,1,1,2,2,"HoldForm[ConvolutionLayer[512, {3, 3}, ""Stride"" -> {1, 1}, ""PaddingSize"" -> {{0, 0}, {0, 0}}, ""Dilation"" -> {2, 2}, ""Input"" -> {512, 156, 156}]]","07a88vh827312",1.9891902163203214e11,1.986970625939998e11,1.598236558776589e11,"{0.947384, 0.761499, 0.761388, 0.761837, 0.761872, 0.761931, 0.761227, 0.761619, 0.761546, 0.761547, 0.761899, 0.761706, 0.762919, 0.762631, 0.762781, 0.762956, 0.762058, 0.76432, 0.762413, 0.762329, 0.762473, 0.762031, 0.761543, 0.762209, 0.762702, 0.761906, 0.766083, 0.764019, 0.761695, 0.762086, 0.762159, 0.762094, 0.761624, 0.761822, 0.761686, 0.761396, 0.761552, 0.762352, 0.76154, 0.761186, 0.762015, 0.761721, 0.762305, 0.761613, 0.761996, 0.762069, 0.762871, 0.762662, 0.765724, 0.762276}"
