"model_name","layer_name","layer_index","kind","min_time","mean_time","max_time","add_flops","div_flops","cmp_flops","exp_flops","mad_flops","input_channel","input_height","input_width","output_channel","output_height","output_width","function","kernel_1","kernel_2","stride_1","stride_2","dilation_1","dilation_2","input_form","topology_hash","mad/min_time","mad/mean_time","mad/max_time","time"
"Multi-scale Context Aggregation Net Trained on CamVid Data","final",36,"Convolution",0.024888,0.025137166666666662,0.025343,0,0,0,0,270606336,4096,66,91,11,66,91,"",1,1,1,1,1,1,"HoldForm[ConvolutionLayer[11, {1, 1}, ""Stride"" -> {1, 1}, ""PaddingSize"" -> {{0, 0}, {0, 0}}, ""Dilation"" -> {1, 1}, ""Input"" -> {4096, 66, 91}]]","07t3a9oebvju7",1.0872964320154291e10,1.0765188439429e10,1.0677754646253403e10,"{0.025343, 0.025258, 0.02507, 0.025194, 0.024986, 0.025121, 0.025079, 0.025196, 0.025294, 0.025146, 0.025087, 0.024905, 0.025071, 0.024972, 0.025045, 0.024888, 0.025021, 0.025051, 0.025081, 0.025242, 0.025215, 0.02525, 0.025235, 0.025233, 0.025295, 0.025266, 0.025262, 0.025125, 0.025212, 0.025192, 0.02512, 0.025154, 0.025135, 0.025048, 0.025164, 0.025124, 0.025115, 0.025145, 0.025042, 0.025195, 0.025096, 0.025169, 0.025116, 0.025155, 0.025056, 0.025111, 0.025101, 0.025128, 0.025103, 0.025195}"
