"model_name","layer_name","layer_index","kind","min_time","mean_time","max_time","add_flops","div_flops","cmp_flops","exp_flops","mad_flops","input_channel","input_height","input_width","output_channel","output_height","output_width","function","kernel_1","kernel_2","stride_1","stride_2","dilation_1","dilation_2","input_form","topology_hash","mad/min_time","mad/mean_time","mad/max_time","time"
"Inception V1 Trained on Extended Salient Object Subitizing Data","inception_4c/1x1",71,"Convolution",0.000453,0.00045920000000000005,0.000564,0,0,0,0,12845056,512,14,14,128,14,14,"",1,1,1,1,1,1,"HoldForm[ConvolutionLayer[128, {1, 1}, ""Stride"" -> {1, 1}, ""PaddingSize"" -> {{0, 0}, {0, 0}}, ""Dilation"" -> {1, 1}, ""Input"" -> {512, 14, 14}]]","1y0cz1zklcvih",2.835553200883002e10,2.797268292682926e10,2.27749219858156e10,"{0.000564, 0.000466, 0.000461, 0.00046, 0.000462, 0.000481, 0.000467, 0.000456, 0.000455, 0.00046, 0.000462, 0.000454, 0.000455, 0.000454, 0.000472, 0.000465, 0.000457, 0.000459, 0.00046, 0.000455, 0.00046, 0.00046, 0.000482, 0.000465, 0.000456, 0.000454, 0.000455, 0.000459, 0.000455, 0.000455, 0.000456, 0.000484, 0.000471, 0.000461, 0.000456, 0.000453, 0.000454, 0.000456, 0.000456, 0.000457, 0.000484, 0.000461, 0.000464, 0.000461, 0.000456, 0.000458, 0.000456, 0.000454, 0.000486, 0.000469}"
