"model_name","layer_name","layer_index","kind","min_time","mean_time","max_time","add_flops","div_flops","cmp_flops","exp_flops","mad_flops","input_channel","input_height","input_width","output_channel","output_height","output_width","function","kernel_1","kernel_2","stride_1","stride_2","dilation_1","dilation_2","input_form","topology_hash","mad/min_time","mad/mean_time","mad/max_time","time"
"ResNet-101 Trained on YFCC100m Geotagged Data","stage2_unit4/conv3",76,"Convolution",0.001263,0.0012755999999999998,0.002137,0,0,0,0,51380224,128,28,28,512,28,28,"",1,1,1,1,1,1,"HoldForm[ConvolutionLayer[512, {1, 1}, ""Stride"" -> {1, 1}, ""PaddingSize"" -> {{0, 0}, {0, 0}}, ""Dilation"" -> {1, 1}, ""Input"" -> {128, 28, 28}]]","0nf3we7xs1tq0",4.068109580364213e10,4.02792599560991e10,2.404315582592419e10,"{0.002137, 0.001283, 0.001274, 0.001271, 0.001301, 0.00127, 0.001269, 0.001291, 0.001272, 0.001263, 0.001289, 0.001285, 0.00127, 0.001291, 0.001276, 0.001273, 0.0013, 0.001275, 0.001274, 0.001301, 0.001272, 0.001269, 0.001268, 0.001269, 0.001272, 0.001266, 0.001281, 0.001276, 0.001267, 0.001281, 0.001276, 0.001265, 0.001288, 0.001273, 0.001272, 0.001303, 0.001265, 0.001265, 0.001296, 0.001275, 0.001268, 0.001293, 0.001274, 0.001273, 0.001291, 0.001275, 0.001271, 0.001275, 0.001282, 0.001271}"
