"model_name","layer_name","layer_index","kind","min_time","mean_time","max_time","add_flops","div_flops","cmp_flops","exp_flops","mad_flops","input_channel","input_height","input_width","output_channel","output_height","output_width","function","kernel_1","kernel_2","stride_1","stride_2","dilation_1","dilation_2","input_form","topology_hash","mad/min_time","mad/mean_time","mad/max_time","time"
"SSD-VGG-300 Trained on PASCAL VOC Data","1/1/blockNet10/conv10b/1",72,"Convolution",0.000341,0.0003456833333333333,0.005453,0,0,0,0,2654208,128,5,5,256,3,3,"",3,3,1,1,1,1,"HoldForm[ConvolutionLayer[256, {3, 3}, ""Stride"" -> {1, 1}, ""PaddingSize"" -> {{0, 0}, {0, 0}}, ""Dilation"" -> {1, 1}, ""Input"" -> {128, 5, 5}]]","1unng47v9wezp",7.783601173020528e9,7.67814859457114e9,4.867427104346231e8,"{0.005453, 0.000381, 0.000353, 0.000351, 0.00035, 0.000346, 0.000344, 0.000343, 0.000344, 0.000344, 0.000347, 0.000384, 0.000346, 0.000396, 0.000353, 0.000344, 0.000344, 0.000345, 0.000343, 0.000344, 0.000345, 0.000348, 0.000361, 0.000353, 0.00035, 0.000349, 0.000344, 0.000344, 0.000343, 0.000345, 0.000344, 0.000344, 0.000347, 0.000368, 0.000352, 0.000345, 0.000344, 0.000342, 0.000344, 0.000343, 0.000343, 0.000343, 0.000344, 0.000344, 0.000343, 0.000382, 0.00035, 0.000349, 0.000347, 0.000365, 0.000353, 0.000344, 0.000344, 0.000349, 0.000348, 0.000344, 0.000353, 0.000351, 0.000344, 0.000345, 0.000344, 0.000347, 0.000348, 0.000344, 0.000344, 0.000344, 0.000342, 0.000366, 0.000352, 0.000345, 0.000344, 0.000344, 0.000344, 0.000344, 0.000345, 0.000342, 0.000342, 0.000343, 0.000373, 0.000348, 0.000349, 0.000344, 0.00035, 0.00035, 0.000346, 0.000345, 0.000344, 0.000341, 0.000343, 0.000343, 0.000361, 0.000351, 0.000346, 0.000344, 0.000344, 0.000343, 0.000343, 0.000343, 0.000343, 0.000342}"
