"model_name","layer_name","layer_index","kind","min_time","mean_time","max_time","add_flops","div_flops","cmp_flops","exp_flops","mad_flops","input_channel","input_height","input_width","output_channel","output_height","output_width","function","kernel_1","kernel_2","stride_1","stride_2","dilation_1","dilation_2","input_form","topology_hash","mad/min_time","mad/mean_time","mad/max_time","time"
"Single-Image Depth Perception Net Trained on NYU Depth V2 Data","4/1/1/4/1/1/4/1/2/4/1/1/2/2/4",211,"Convolution",0.001388,0.001408183333333334,0.007495,0,0,0,0,22118400,32,30,40,64,30,40,"",3,3,1,1,1,1,"HoldForm[ConvolutionLayer[64, {3, 3}, ""Stride"" -> {1, 1}, ""PaddingSize"" -> {{1, 1}, {1, 1}}, ""Dilation"" -> {1, 1}, ""Input"" -> {32, 30, 40}]]","0bwdbmguz2kvt",1.5935446685878963e10,1.5707045720846e10,2.9510873915943966e9,"{0.007495, 0.001457, 0.001396, 0.001441, 0.001405, 0.001445, 0.001409, 0.001398, 0.001419, 0.001411, 0.001403, 0.001406, 0.001404, 0.001401, 0.001429, 0.001407, 0.001407, 0.001434, 0.0014, 0.001397, 0.001425, 0.001397, 0.001422, 0.001415, 0.001403, 0.001415, 0.0014, 0.001397, 0.001407, 0.001404, 0.001405, 0.001432, 0.001425, 0.0014, 0.001427, 0.001402, 0.001397, 0.00139, 0.001409, 0.001427, 0.001402, 0.0014, 0.001427, 0.001404, 0.001391, 0.001431, 0.001405, 0.001397, 0.001429, 0.001401, 0.001405, 0.001425, 0.001409, 0.001405, 0.001401, 0.001398, 0.001429, 0.001404, 0.001401, 0.001419, 0.001405, 0.001395, 0.0014, 0.001398, 0.001388, 0.001415, 0.001445, 0.001407, 0.001425, 0.001394, 0.001403, 0.001419, 0.001398, 0.001421, 0.001426, 0.001405, 0.001413, 0.001404, 0.001396, 0.001407, 0.001404, 0.001405, 0.001433, 0.001403, 0.001398, 0.001429, 0.001405, 0.0014, 0.001429, 0.001405, 0.001419, 0.001401, 0.001397, 0.001422, 0.001408, 0.001406, 0.001433, 0.001402, 0.001402, 0.001426}"
