"model_name","layer_name","layer_index","kind","min_time","mean_time","max_time","add_flops","div_flops","cmp_flops","exp_flops","mad_flops","input_channel","input_height","input_width","output_channel","output_height","output_width","function","kernel_1","kernel_2","stride_1","stride_2","dilation_1","dilation_2","input_form","topology_hash","mad/min_time","mad/mean_time","mad/max_time","time"
"SSD-VGG-512 Trained on PASCAL VOC2007, PASCAL VOC2012 and MS-COCO Data","1/1/multiboxLayer7/multiboxLocs/convloc/1",62,"Convolution",0.000106,0.00011143333333333338,0.003916,0,0,0,0,36864,256,1,1,16,1,1,"",3,3,1,1,1,1,"HoldForm[ConvolutionLayer[16, {3, 3}, ""Stride"" -> {1, 1}, ""PaddingSize"" -> {{1, 1}, {1, 1}}, ""Dilation"" -> {1, 1}, ""Input"" -> {256, 1, 1}]]","0ujw516q56prp",3.477735849056604e8,3.3081663176787305e8,9.413687436159346e6,"{0.003916, 0.000138, 0.000119, 0.000114, 0.000115, 0.000113, 0.000113, 0.000112, 0.000112, 0.00011, 0.000111, 0.000111, 0.000112, 0.000112, 0.000113, 0.000113, 0.00011, 0.000112, 0.000145, 0.000123, 0.000112, 0.000112, 0.000115, 0.000111, 0.000112, 0.000111, 0.000112, 0.000111, 0.000116, 0.000116, 0.000114, 0.000114, 0.000112, 0.00011, 0.000111, 0.000111, 0.000111, 0.000111, 0.000109, 0.000112, 0.000112, 0.000111, 0.000112, 0.000109, 0.00011, 0.000109, 0.000112, 0.000133, 0.000125, 0.000115, 0.000111, 0.00011, 0.000144, 0.000124, 0.000112, 0.000111, 0.000109, 0.000112, 0.000114, 0.00011, 0.000109, 0.000112, 0.000111, 0.00011, 0.000111, 0.000111, 0.00011, 0.00011, 0.000112, 0.000108, 0.000106, 0.00011, 0.000111, 0.000111, 0.000112, 0.000111, 0.000111, 0.000109, 0.000108, 0.00011, 0.00011, 0.000109, 0.000108, 0.000109, 0.000112, 0.000111, 0.000112, 0.000149, 0.000116, 0.000112, 0.000111, 0.000111, 0.000109, 0.00011, 0.000109, 0.000111, 0.000111, 0.000112, 0.000111, 0.000113}"
