"model_name","layer_name","layer_index","kind","min_time","mean_time","max_time","add_flops","div_flops","cmp_flops","exp_flops","mad_flops","input_channel","input_height","input_width","output_channel","output_height","output_width","function","kernel_1","kernel_2","stride_1","stride_2","dilation_1","dilation_2","input_form","topology_hash","mad/min_time","mad/mean_time","mad/max_time","time"
"Dilated ResNet-105 Trained on Cityscapes Data","convolution62",202,"Convolution",0.029175,0.0299336,0.063093,0,0,0,0,2147483648,256,64,128,1024,64,128,"",1,1,1,1,1,1,"HoldForm[ConvolutionLayer[1024, {1, 1}, ""Stride"" -> {1, 1}, ""PaddingSize"" -> {{0, 0}, {0, 0}}, ""Dilation"" -> {1, 1}, ""Input"" -> {256, 64, 128}]]","15d32b1913jb5",7.360698022279349e10,7.174157628885266e10,3.403679723582648e10,"{0.063093, 0.053031, 0.052577, 0.053132, 0.052964, 0.052516, 0.052666, 0.05302, 0.052873, 0.05286, 0.048875, 0.02937, 0.029367, 0.029335, 0.029295, 0.029286, 0.029328, 0.029321, 0.029212, 0.029278, 0.029264, 0.029238, 0.02923, 0.029322, 0.02926, 0.029268, 0.029348, 0.02926, 0.02924, 0.029241, 0.029306, 0.029269, 0.029256, 0.02922, 0.029204, 0.02934, 0.029196, 0.029186, 0.029246, 0.029238, 0.029253, 0.029243, 0.029184, 0.029233, 0.029175, 0.029215, 0.029257, 0.029215, 0.029241, 0.02922}"
