"model_name","layer_name","layer_index","kind","min_time","mean_time","max_time","add_flops","div_flops","cmp_flops","exp_flops","mad_flops","input_channel","input_height","input_width","output_channel","output_height","output_width","function","kernel_1","kernel_2","stride_1","stride_2","dilation_1","dilation_2","input_form","topology_hash","mad/min_time","mad/mean_time","mad/max_time","time"
"Inception V3 Trained on ImageNet Competition Data","conv_conv2d",1,"Convolution",0.001829,0.0018719999999999997,0.006876,0,0,0,0,19181664,3,299,299,32,149,149,"",3,3,2,2,1,1,"HoldForm[ConvolutionLayer[32, {3, 3}, ""Stride"" -> {2, 2}, ""PaddingSize"" -> {{0, 0}, {0, 0}}, ""Dilation"" -> {1, 1}, ""Input"" -> {3, 299, 299}]]","1ab4vv51x2d29",1.0487514488791689e10,1.0246615384615387e10,2.78965445026178e9,"{0.006876, 0.001935, 0.001882, 0.001844, 0.001879, 0.001862, 0.001889, 0.00185, 0.001872, 0.001865, 0.001891, 0.001871, 0.001873, 0.001852, 0.001882, 0.001866, 0.001863, 0.001854, 0.001842, 0.001878, 0.00185, 0.001922, 0.001852, 0.001873, 0.001854, 0.001878, 0.00188, 0.001876, 0.001851, 0.001869, 0.001854, 0.001905, 0.001903, 0.001852, 0.001872, 0.001874, 0.001891, 0.001915, 0.001883, 0.001851, 0.001881, 0.001855, 0.001919, 0.00185, 0.001876, 0.001851, 0.001871, 0.001852, 0.001901, 0.001847, 0.001844, 0.001882, 0.001855, 0.001904, 0.001871, 0.001888, 0.001866, 0.00188, 0.00185, 0.001921, 0.001849, 0.001907, 0.001858, 0.001887, 0.001899, 0.001878, 0.001858, 0.001887, 0.001889, 0.001879, 0.001873, 0.001849, 0.001877, 0.001853, 0.00188, 0.001878, 0.001888, 0.001864, 0.001884, 0.001893, 0.001936, 0.001863, 0.001884, 0.001854, 0.001851, 0.001884, 0.001881, 0.001873, 0.001847, 0.001872, 0.001829, 0.001884, 0.001851, 0.001871, 0.001854, 0.001901, 0.001874, 0.001893, 0.001881, 0.001864}"
