"model_name","layer_name","layer_index","kind","min_time","mean_time","max_time","add_flops","div_flops","cmp_flops","exp_flops","mad_flops","input_channel","input_height","input_width","output_channel","output_height","output_width","function","kernel_1","kernel_2","stride_1","stride_2","dilation_1","dilation_2","input_form","topology_hash","mad/min_time","mad/mean_time","mad/max_time","time"
"Inception V1 Trained on Places365 Data","inception_3b/pool_proj",38,"Convolution",0.00044,0.0004490499999999998,0.004891,0,0,0,0,12845056,256,28,28,64,28,28,"",1,1,1,1,1,1,"HoldForm[ConvolutionLayer[64, {1, 1}, ""Stride"" -> {1, 1}, ""PaddingSize"" -> {{0, 0}, {0, 0}}, ""Dilation"" -> {1, 1}, ""Input"" -> {256, 28, 28}]]","0nkjn40sdu7i1",2.919330909090909e10,2.8604957131722538e10,2.626263749744428e9,"{0.004891, 0.000489, 0.000453, 0.000446, 0.000445, 0.000444, 0.000456, 0.000454, 0.0005, 0.000451, 0.000449, 0.00044, 0.000448, 0.000469, 0.000449, 0.000445, 0.000469, 0.000453, 0.000443, 0.000444, 0.000442, 0.000442, 0.000442, 0.000443, 0.000445, 0.000468, 0.00045, 0.000442, 0.000441, 0.000484, 0.000482, 0.000445, 0.000446, 0.000446, 0.000471, 0.00046, 0.000455, 0.000451, 0.000449, 0.000448, 0.000449, 0.00045, 0.000454, 0.00046, 0.000443, 0.000444, 0.000442, 0.000441, 0.000443, 0.000442, 0.000457, 0.000533, 0.000503, 0.00045, 0.000445, 0.000442, 0.000445, 0.000475, 0.000454, 0.000456, 0.000483, 0.000456, 0.000442, 0.000443, 0.000444, 0.000442, 0.00044, 0.000442, 0.000441, 0.000471, 0.000456, 0.000446, 0.000447, 0.000512, 0.000499, 0.00045, 0.000448, 0.000469, 0.000451, 0.000464, 0.000447, 0.000442, 0.00044, 0.000445, 0.000441, 0.000445, 0.000475, 0.00046, 0.000447, 0.000447, 0.000446, 0.000445, 0.000446, 0.000446, 0.000446, 0.000516, 0.0005, 0.000447, 0.000445, 0.000444}"
