"model_name","layer_name","layer_index","kind","min_time","mean_time","max_time","add_flops","div_flops","cmp_flops","exp_flops","mad_flops","input_channel","input_height","input_width","output_channel","output_height","output_width","function","kernel_1","kernel_2","stride_1","stride_2","dilation_1","dilation_2","input_form","topology_hash","mad/min_time","mad/mean_time","mad/max_time","time"
"ResNet-152 Trained on ImageNet Competition Data","4b15/res4b15_branch2b",275,"Convolution",0.003852,0.0039895166666666666,0.00915,0,0,0,0,115605504,256,14,14,256,14,14,"",3,3,1,1,1,1,"HoldForm[ConvolutionLayer[256, {3, 3}, ""Stride"" -> {1, 1}, ""PaddingSize"" -> {{1, 1}, {1, 1}}, ""Dilation"" -> {1, 1}, ""Input"" -> {256, 14, 14}]]","0gg7sts7v315o",3.001181308411215e10,2.897732072807483e10,1.263448131147541e10,"{0.00915, 0.00419, 0.004104, 0.004096, 0.004092, 0.004076, 0.004106, 0.004081, 0.004063, 0.00406, 0.004076, 0.004095, 0.004097, 0.00408, 0.004067, 0.003875, 0.003889, 0.003905, 0.003911, 0.003945, 0.003996, 0.003927, 0.003881, 0.003873, 0.003873, 0.003878, 0.003852, 0.00387, 0.003901, 0.003896, 0.003906, 0.00396, 0.003992, 0.003919, 0.003891, 0.003876, 0.003879, 0.003874, 0.0039, 0.003913, 0.003878, 0.003871, 0.003864, 0.00386, 0.003855, 0.003873, 0.003863, 0.003861, 0.003904, 0.003899, 0.003906, 0.003929, 0.003886, 0.003877, 0.00387, 0.003879, 0.003865, 0.003877, 0.003869, 0.003915, 0.003938, 0.003932, 0.003933, 0.003923, 0.004082, 0.004084, 0.004063, 0.004056, 0.004045, 0.004055, 0.004085, 0.004083, 0.004047, 0.004055, 0.00407, 0.004076, 0.004074, 0.004068, 0.004075, 0.00404, 0.004105, 0.004071, 0.004103, 0.004097, 0.004083, 0.00405, 0.00406, 0.004054, 0.004067, 0.004027, 0.004076, 0.004083, 0.004066, 0.004035, 0.004061, 0.004072, 0.00407, 0.004055, 0.004023, 0.004061}"
