"model_name","layer_name","layer_index","kind","min_time","mean_time","max_time","add_flops","div_flops","cmp_flops","exp_flops","mad_flops","input_channel","input_height","input_width","output_channel","output_height","output_width","function","kernel_1","kernel_2","stride_1","stride_2","dilation_1","dilation_2","input_form","topology_hash","mad/min_time","mad/mean_time","mad/max_time","time"
"Inception V3 Trained on ImageNet Competition Data","Inception8/mixed_7_tower_conv_conv2d",200,"Convolution",0.001218,0.0012320333333333336,0.00143,0,0,0,0,42614784,768,17,17,192,17,17,"",1,1,1,1,1,1,"HoldForm[ConvolutionLayer[192, {1, 1}, ""Stride"" -> {1, 1}, ""PaddingSize"" -> {{0, 0}, {0, 0}}, ""Dilation"" -> {1, 1}, ""Input"" -> {768, 17, 17}]]","1tsqcmjj62yhr",3.498750738916256e10,3.458898622872757e10,2.9800548251748253e10,"{0.00143, 0.001234, 0.00122, 0.001238, 0.00123, 0.001226, 0.001244, 0.001233, 0.001222, 0.001218, 0.001241, 0.001228, 0.00122, 0.001245, 0.00123, 0.001227, 0.001245, 0.001228, 0.001221, 0.001241, 0.001229, 0.001236, 0.001231, 0.001248, 0.001233, 0.001224, 0.001241, 0.001228, 0.001229, 0.001251, 0.001223, 0.001234, 0.001241, 0.001226, 0.001222, 0.001221, 0.001238, 0.001233, 0.001228, 0.001236, 0.001234, 0.001223, 0.001238, 0.00123, 0.001223, 0.001234, 0.001233, 0.001234, 0.001238, 0.001252}"
