"model_name","layer_name","layer_index","kind","min_time","mean_time","max_time","add_flops","div_flops","cmp_flops","exp_flops","mad_flops","input_channel","input_height","input_width","output_channel","output_height","output_width","function","kernel_1","kernel_2","stride_1","stride_2","dilation_1","dilation_2","input_form","topology_hash","mad/min_time","mad/mean_time","mad/max_time","time"
"ResNet-101 Trained on Augmented CASIA-WebFace Data","3a/res3a_branch2c",46,"Convolution",0.001171,0.0011894666666666665,0.006035,0,0,0,0,51380224,128,28,28,512,28,28,"",1,1,1,1,1,1,"HoldForm[ConvolutionLayer[512, {1, 1}, ""Stride"" -> {1, 1}, ""PaddingSize"" -> {{0, 0}, {0, 0}}, ""Dilation"" -> {1, 1}, ""Input"" -> {128, 28, 28}]]","0nf3we7xs1tq0",4.3877219470538e10,4.3196018383589294e10,8.513707373653687e9,"{0.006035, 0.001208, 0.001221, 0.001189, 0.001201, 0.001209, 0.001184, 0.001183, 0.001217, 0.001195, 0.001181, 0.001176, 0.00126, 0.001194, 0.001189, 0.001209, 0.001181, 0.001183, 0.001202, 0.001177, 0.001171, 0.001224, 0.001217, 0.001184, 0.001179, 0.001203, 0.001184, 0.001173, 0.001198, 0.001179, 0.00118, 0.001181, 0.001216, 0.001182, 0.001185, 0.001208, 0.001187, 0.001176, 0.001199, 0.001184, 0.00118, 0.001175, 0.001204, 0.001185, 0.001179, 0.001204, 0.001182, 0.001173, 0.001208, 0.00118, 0.001179, 0.001179, 0.001208, 0.001176, 0.001221, 0.001213, 0.00118, 0.00118, 0.001217, 0.001183, 0.001181, 0.001178, 0.001204, 0.001215, 0.001178, 0.001215, 0.00118, 0.00118, 0.001178, 0.001215, 0.001174, 0.001178, 0.001204, 0.001193, 0.001181, 0.001208, 0.001179, 0.001177, 0.00118, 0.001185, 0.001186, 0.001182, 0.00123, 0.001185, 0.001177, 0.00122, 0.001194, 0.001187, 0.001176, 0.001205, 0.001187, 0.001199, 0.001214, 0.001187, 0.001182, 0.001203, 0.001222, 0.001179, 0.001178, 0.001212}"
