"model_name","layer_name","layer_index","kind","min_time","mean_time","max_time","add_flops","div_flops","cmp_flops","exp_flops","mad_flops","input_channel","input_height","input_width","output_channel","output_height","output_width","function","kernel_1","kernel_2","stride_1","stride_2","dilation_1","dilation_2","input_form","topology_hash","mad/min_time","mad/mean_time","mad/max_time","time"
"Single-Image Depth Perception Net Trained on Depth in the Wild Data","4/1/1/4/1/2/1/1/1",387,"Convolution",0.002821,0.002866266666666666,0.007867,0,0,0,0,78643200,128,120,160,32,120,160,"",1,1,1,1,1,1,"HoldForm[ConvolutionLayer[32, {1, 1}, ""Stride"" -> {1, 1}, ""PaddingSize"" -> {{0, 0}, {0, 0}}, ""Dilation"" -> {1, 1}, ""Input"" -> {128, 120, 160}]]","1gy9o2kt96g59",2.787777383906416e10,2.743750290738243e10,9.996593364687937e9,"{0.007867, 0.002949, 0.002872, 0.002855, 0.002866, 0.002876, 0.002855, 0.002839, 0.002856, 0.002892, 0.00285, 0.002858, 0.002863, 0.002877, 0.002855, 0.002871, 0.002868, 0.002838, 0.002859, 0.002861, 0.002872, 0.002839, 0.002858, 0.002854, 0.002853, 0.002856, 0.002858, 0.00288, 0.002915, 0.002868, 0.002866, 0.002849, 0.00287, 0.002879, 0.002875, 0.002858, 0.002865, 0.002853, 0.002837, 0.002871, 0.002854, 0.00287, 0.00284, 0.002897, 0.002881, 0.002838, 0.002851, 0.002896, 0.002963, 0.002997, 0.00291, 0.002911, 0.002921, 0.002899, 0.002957, 0.002896, 0.00289, 0.002866, 0.002932, 0.00295, 0.002942, 0.002902, 0.00289, 0.002875, 0.002872, 0.002871, 0.002861, 0.002849, 0.002857, 0.002878, 0.002864, 0.002849, 0.002872, 0.002894, 0.002867, 0.002839, 0.002869, 0.002861, 0.002829, 0.00286, 0.002857, 0.002843, 0.002852, 0.002924, 0.002873, 0.002825, 0.002862, 0.002858, 0.002863, 0.002821, 0.002862, 0.002854, 0.002824, 0.00287, 0.002868, 0.002872, 0.002874, 0.002874, 0.002856, 0.002831}"
