"model_name","layer_name","layer_index","kind","min_time","mean_time","max_time","add_flops","div_flops","cmp_flops","exp_flops","mad_flops","input_channel","input_height","input_width","output_channel","output_height","output_width","function","kernel_1","kernel_2","stride_1","stride_2","dilation_1","dilation_2","input_form","topology_hash","mad/min_time","mad/mean_time","mad/max_time","time"
"2D Face Alignment Net Trained on 300W Large Pose Data","17/1/1/4/2/2/2/3",730,"Convolution",0.008753,0.008804733333333332,0.013798,0,0,0,0,150994944,64,64,64,64,64,64,"",3,3,1,1,1,1,"HoldForm[ConvolutionLayer[64, {3, 3}, ""Stride"" -> {1, 1}, ""PaddingSize"" -> {{1, 1}, {1, 1}}, ""Dilation"" -> {1, 1}, ""Input"" -> {64, 64, 64}]]","18lxe32cwen1m",1.7250650519821777e10,1.7149292123176174e10,1.0943248586751703e10,"{0.013798, 0.008823, 0.008809, 0.00879, 0.008753, 0.008795, 0.008777, 0.008778, 0.008785, 0.008806, 0.008806, 0.008795, 0.008782, 0.008785, 0.008772, 0.008808, 0.008823, 0.008957, 0.008795, 0.008779, 0.008807, 0.00878, 0.008792, 0.008777, 0.008783, 0.008787, 0.008783, 0.008782, 0.008815, 0.008775, 0.008797, 0.008782, 0.008796, 0.008972, 0.008846, 0.008801, 0.008793, 0.008776, 0.008777, 0.008785, 0.008843, 0.008779, 0.00879, 0.008791, 0.008778, 0.00884, 0.008781, 0.008781, 0.008796, 0.008782, 0.008795, 0.008824, 0.008799, 0.008822, 0.008811, 0.00881, 0.008823, 0.008849, 0.008801, 0.008802, 0.008819, 0.0088, 0.008836, 0.008805, 0.008827, 0.008833, 0.008821, 0.008789, 0.008956, 0.00881, 0.008811, 0.008804, 0.008833, 0.008808, 0.00887, 0.008773, 0.009007, 0.008899, 0.008832, 0.008851, 0.008826, 0.008808, 0.008803, 0.008777, 0.008811, 0.008854, 0.008804, 0.008818, 0.008824, 0.008813, 0.008871, 0.008818, 0.00882, 0.008823, 0.008792, 0.008821, 0.008871, 0.0088, 0.008821, 0.008792}"
