"model_name","layer_name","layer_index","kind","min_time","mean_time","max_time","add_flops","div_flops","cmp_flops","exp_flops","mad_flops","input_channel","input_height","input_width","output_channel","output_height","output_width","function","kernel_1","kernel_2","stride_1","stride_2","dilation_1","dilation_2","input_form","topology_hash","mad/min_time","mad/mean_time","mad/max_time","time"
"2D Face Alignment Net Trained on 300W Large Pose Data","14/1/2/3/1/2/3/1/2/3/1/2/3/1/1/4/2/1/3",414,"Convolution",0.00016,0.00016143333333333337,0.000274,0,0,0,0,1179648,128,4,4,64,4,4,"",3,3,1,1,1,1,"HoldForm[ConvolutionLayer[64, {3, 3}, ""Stride"" -> {1, 1}, ""PaddingSize"" -> {{1, 1}, {1, 1}}, ""Dilation"" -> {1, 1}, ""Input"" -> {128, 4, 4}]]","1d09fabuswx0y",7.372799999999999e9,7.307338426595083e9,4.305284671532846e9,"{0.000274, 0.000167, 0.000162, 0.000162, 0.000161, 0.000161, 0.000161, 0.00016, 0.000161, 0.000161, 0.000161, 0.00016, 0.000161, 0.00016, 0.000193, 0.000171, 0.000161, 0.000161, 0.000162, 0.000161, 0.00016, 0.000161, 0.000162, 0.000161, 0.000161, 0.00016, 0.00016, 0.000161, 0.00016, 0.00016, 0.00016, 0.000163, 0.00016, 0.00016, 0.000174, 0.000168, 0.000161, 0.000165, 0.000205, 0.000192, 0.000168, 0.000163, 0.000161, 0.000161, 0.00016, 0.000161, 0.000164, 0.000167, 0.000161, 0.000161}"
