"model_name","layer_name","layer_index","kind","min_time","mean_time","max_time","add_flops","div_flops","cmp_flops","exp_flops","mad_flops","input_channel","input_height","input_width","output_channel","output_height","output_width","function","kernel_1","kernel_2","stride_1","stride_2","dilation_1","dilation_2","input_form","topology_hash","mad/min_time","mad/mean_time","mad/max_time","time"
"Yahoo Open NSFW Model V1","stage1_block2/conv_branch2b",63,"Convolution",0.00158,0.0016092499999999994,0.006558,0,0,0,0,28901376,64,28,28,64,28,28,"",3,3,1,1,1,1,"HoldForm[ConvolutionLayer[64, {3, 3}, ""Stride"" -> {1, 1}, ""PaddingSize"" -> {{1, 1}, {1, 1}}, ""Dilation"" -> {1, 1}, ""Input"" -> {64, 28, 28}]]","0w44c8vcorydt",1.8292010126582275e10,1.7959531458754086e10,4.407041171088747e9,"{0.006558, 0.001619, 0.001593, 0.001624, 0.001606, 0.00162, 0.001597, 0.00158, 0.001612, 0.00159, 0.001619, 0.001599, 0.001589, 0.001616, 0.001594, 0.001621, 0.001603, 0.001614, 0.001617, 0.00159, 0.001615, 0.001592, 0.001586, 0.001679, 0.001632, 0.001618, 0.001589, 0.001586, 0.001613, 0.00162, 0.00166, 0.001589, 0.001607, 0.001597, 0.001587, 0.001637, 0.001639, 0.001615, 0.001591, 0.001583, 0.00161, 0.001622, 0.001613, 0.001628, 0.001587, 0.001613, 0.001584, 0.001611, 0.001613, 0.001635, 0.00165, 0.001585, 0.001607, 0.00159, 0.001619, 0.001663, 0.001591, 0.001613, 0.001589, 0.001587, 0.001638, 0.001632, 0.001632, 0.001592, 0.001581, 0.001612, 0.00162, 0.001618, 0.001628, 0.001591, 0.001617, 0.001594, 0.00161, 0.001618, 0.001634, 0.001613, 0.001591, 0.001618, 0.001599, 0.001622, 0.001668, 0.00159, 0.001615, 0.001591, 0.001608, 0.001627, 0.001634, 0.001614, 0.001587, 0.001609, 0.001595, 0.001618, 0.001618, 0.001628, 0.001613, 0.001592, 0.00159, 0.001609, 0.001624, 0.001656}"
