"model_name","layer_name","layer_index","kind","min_time","mean_time","max_time","add_flops","div_flops","cmp_flops","exp_flops","mad_flops","input_channel","input_height","input_width","output_channel","output_height","output_width","function","kernel_1","kernel_2","stride_1","stride_2","dilation_1","dilation_2","input_form","topology_hash","mad/min_time","mad/mean_time","mad/max_time","time"
"Dilated ResNet-38 Trained on Cityscapes Data","convolution11",36,"Convolution",0.037548,0.03766763333333333,0.054761,0,0,0,0,1207959552,128,64,128,128,64,128,"",3,3,1,1,1,1,"HoldForm[ConvolutionLayer[128, {3, 3}, ""Stride"" -> {1, 1}, ""PaddingSize"" -> {{1, 1}, {1, 1}}, ""Dilation"" -> {1, 1}, ""Input"" -> {128, 64, 128}]]","1fnbq7md20zlw",3.21710757430489e10,3.2068899612310837e10,2.205875626814704e10,"{0.054761, 0.03768, 0.037651, 0.0376, 0.037633, 0.03769, 0.03761, 0.03762, 0.037643, 0.037683, 0.037599, 0.037595, 0.037626, 0.037556, 0.037751, 0.037659, 0.037644, 0.03772, 0.037708, 0.037671, 0.037548, 0.037667, 0.037737, 0.037659, 0.037641, 0.037654, 0.03771, 0.037622, 0.037733, 0.037803, 0.037793, 0.037748, 0.037747, 0.037783, 0.037765, 0.037835, 0.037795, 0.037771, 0.037559, 0.037638, 0.037678, 0.037677, 0.03767, 0.037602, 0.037615, 0.037583, 0.037584, 0.037648, 0.037695, 0.0376}"
