"model_name","layer_name","layer_index","kind","min_time","mean_time","max_time","add_flops","div_flops","cmp_flops","exp_flops","mad_flops","input_channel","input_height","input_width","output_channel","output_height","output_width","function","kernel_1","kernel_2","stride_1","stride_2","dilation_1","dilation_2","input_form","topology_hash","mad/min_time","mad/mean_time","mad/max_time","time"
"Inception V1 Trained on ImageNet Competition Data","inception_5a/5x5_reduce",121,"Convolution",0.000131,0.0001336166666666667,0.003994,0,0,0,0,1304576,832,7,7,32,7,7,"",1,1,1,1,1,1,"HoldForm[ConvolutionLayer[32, {1, 1}, ""Stride"" -> {1, 1}, ""PaddingSize"" -> {{0, 0}, {0, 0}}, ""Dilation"" -> {1, 1}, ""Input"" -> {832, 7, 7}]]","03sehiti862vr",9.958595419847328e9,9.763572408631655e9,3.266339509263896e8,"{0.003994, 0.000192, 0.000158, 0.000138, 0.000137, 0.000136, 0.000136, 0.000135, 0.000134, 0.000139, 0.000134, 0.000133, 0.000135, 0.000133, 0.000134, 0.000134, 0.000139, 0.000135, 0.000134, 0.000133, 0.000133, 0.000133, 0.000133, 0.000133, 0.000134, 0.000133, 0.000134, 0.000132, 0.000134, 0.000134, 0.000181, 0.000136, 0.000134, 0.00014, 0.000133, 0.000133, 0.000132, 0.000132, 0.000133, 0.000134, 0.000133, 0.000132, 0.000133, 0.000131, 0.000135, 0.000132, 0.000137, 0.000161, 0.000141, 0.000134, 0.000134, 0.00016, 0.000134, 0.000132, 0.000133, 0.000132, 0.000133, 0.000131, 0.000179, 0.000142, 0.000134, 0.000134, 0.000133, 0.000132, 0.000133, 0.000133, 0.000132, 0.000133, 0.000132, 0.000132, 0.000132, 0.000133, 0.000133, 0.000168, 0.000135, 0.000133, 0.000133, 0.000133, 0.000131, 0.000132, 0.000133, 0.000132, 0.000132, 0.000133, 0.000132, 0.000132, 0.000158, 0.000146, 0.000135, 0.000135, 0.000134, 0.000133, 0.000138, 0.000135, 0.000132, 0.000135, 0.000133, 0.000132, 0.000131, 0.000132}"
