"model_name","layer_name","layer_index","kind","min_time","mean_time","max_time","add_flops","div_flops","cmp_flops","exp_flops","mad_flops","input_channel","input_height","input_width","output_channel","output_height","output_width","function","kernel_1","kernel_2","stride_1","stride_2","dilation_1","dilation_2","input_form","topology_hash","mad/min_time","mad/mean_time","mad/max_time","time"
"3D Face Alignment Net Trained on 300W Large Pose Data","13/1/2/3/1/2/3/1/2/3/1/2/3/1/1/4/2/1/3",643,"Convolution",0.000146,0.0001479,0.000235,0,0,0,0,1179648,128,4,4,64,4,4,"",3,3,1,1,1,1,"HoldForm[ConvolutionLayer[64, {3, 3}, ""Stride"" -> {1, 1}, ""PaddingSize"" -> {{1, 1}, {1, 1}}, ""Dilation"" -> {1, 1}, ""Input"" -> {128, 4, 4}]]","1d09fabuswx0y",8.079780821917809e9,7.975983772819473e9,5.019778723404256e9,"{0.000235, 0.000154, 0.000149, 0.000148, 0.000147, 0.000147, 0.000148, 0.000147, 0.000147, 0.000147, 0.000147, 0.000147, 0.00015, 0.000148, 0.000152, 0.000147, 0.000147, 0.000147, 0.000158, 0.000157, 0.000149, 0.000148, 0.000149, 0.000151, 0.000148, 0.000147, 0.000147, 0.000146, 0.000147, 0.000147, 0.000147, 0.000148, 0.000147, 0.000152, 0.000162, 0.00015, 0.000148, 0.000147, 0.000147, 0.000147, 0.000147, 0.000147, 0.000147, 0.000152, 0.000174, 0.000158, 0.000148, 0.000147, 0.000149, 0.000148}"
