"model_name","layer_name","layer_index","kind","min_time","mean_time","max_time","add_flops","div_flops","cmp_flops","exp_flops","mad_flops","input_channel","input_height","input_width","output_channel","output_height","output_width","function","kernel_1","kernel_2","stride_1","stride_2","dilation_1","dilation_2","input_form","topology_hash","mad/min_time","mad/mean_time","mad/max_time","time"
"Ademxapp Model A1 Trained on ADE20K Data","4b5/res4b5_branch2a",84,"Convolution",0.25875,0.2667894333333333,0.290506,0,0,0,0,9364045824,512,63,63,512,63,63,"",3,3,1,1,1,1,"HoldForm[ConvolutionLayer[512, {3, 3}, ""Stride"" -> {1, 1}, ""PaddingSize"" -> {{1, 1}, {1, 1}}, ""Dilation"" -> {1, 1}, ""Input"" -> {512, 63, 63}]]","001lk0ffkep4m",3.618954907826087e10,3.509901313182944e10,3.2233571162041405e10,"{0.290506, 0.267283, 0.267034, 0.267787, 0.267202, 0.26786, 0.264559, 0.267178, 0.267894, 0.267222, 0.266731, 0.267637, 0.267068, 0.26764, 0.268263, 0.267371, 0.267465, 0.266658, 0.268215, 0.268048, 0.26823, 0.265151, 0.266834, 0.266812, 0.266997, 0.267856, 0.269073, 0.268556, 0.267019, 0.259998, 0.267624, 0.267551, 0.267678, 0.267563, 0.268084, 0.267956, 0.267875, 0.260394, 0.267329, 0.267347, 0.267775, 0.26697, 0.266424, 0.266282, 0.266404, 0.25875, 0.267083, 0.266695, 0.266681, 0.266757, 0.266836, 0.266548, 0.266595, 0.259201, 0.266019, 0.266273, 0.266177, 0.267142, 0.267252, 0.267159, 0.266918, 0.259799, 0.266702, 0.267163, 0.266813, 0.266679, 0.266171, 0.266341, 0.266314, 0.259096, 0.266535, 0.266373, 0.266485, 0.267745, 0.267474, 0.266514, 0.267135, 0.258978, 0.266519, 0.266355, 0.266246, 0.266552, 0.266798, 0.266253, 0.266263, 0.259622, 0.266293, 0.266589, 0.266338, 0.266414, 0.266271, 0.266508, 0.26624, 0.259056, 0.266349, 0.266452, 0.266145, 0.266454, 0.266155, 0.266235}"
