"model_name","layer_name","layer_index","kind","min_time","mean_time","max_time","add_flops","div_flops","cmp_flops","exp_flops","mad_flops","input_channel","input_height","input_width","output_channel","output_height","output_width","function","kernel_1","kernel_2","stride_1","stride_2","dilation_1","dilation_2","input_form","topology_hash","mad/min_time","mad/mean_time","mad/max_time","time"
"Single-Image Depth Perception Net Trained on NYU Depth V2 Data","4/1/1/4/1/2/2/3/1",418,"Convolution",0.002519,0.0026388000000000006,0.006945,0,0,0,0,157286400,128,120,160,64,120,160,"",1,1,1,1,1,1,"HoldForm[ConvolutionLayer[64, {1, 1}, ""Stride"" -> {1, 1}, ""PaddingSize"" -> {{0, 0}, {0, 0}}, ""Dilation"" -> {1, 1}, ""Input"" -> {128, 120, 160}]]","1brd3igy29rxn",6.244001587931719e10,5.960527512505683e10,2.264742980561555e10,"{0.006945, 0.004862, 0.004701, 0.004696, 0.00471, 0.004754, 0.004744, 0.004733, 0.004706, 0.003354, 0.002629, 0.002549, 0.002588, 0.002552, 0.00259, 0.002597, 0.002584, 0.002519, 0.002553, 0.002546, 0.002621, 0.002656, 0.002754, 0.002877, 0.002947, 0.002891, 0.002858, 0.002744, 0.002628, 0.002557, 0.002587, 0.002596, 0.002522, 0.002574, 0.002573, 0.002576, 0.002548, 0.002555, 0.002574, 0.002615, 0.002567, 0.00256, 0.002553, 0.002555, 0.002561, 0.002604, 0.002524, 0.002593, 0.002553, 0.002553}"
