"model_name","layer_name","layer_index","kind","min_time","mean_time","max_time","add_flops","div_flops","cmp_flops","exp_flops","mad_flops","input_channel","input_height","input_width","output_channel","output_height","output_width","function","kernel_1","kernel_2","stride_1","stride_2","dilation_1","dilation_2","input_form","topology_hash","mad/min_time","mad/mean_time","mad/max_time","time"
"3D Face Alignment Net Trained on 300W Large Pose Data","14/1/2/3/1/1/1/1/1/3",317,"Convolution",0.011291,0.012073633333333332,0.019049,0,0,0,0,301989888,256,32,32,128,32,32,"",3,3,1,1,1,1,"HoldForm[ConvolutionLayer[128, {3, 3}, ""Stride"" -> {1, 1}, ""PaddingSize"" -> {{1, 1}, {1, 1}}, ""Dilation"" -> {1, 1}, ""Input"" -> {256, 32, 32}]]","08qm1fo4qkpj4",2.674607103002391e10,2.5012345469052402e10,1.5853319754317812e10,"{0.019049, 0.012111, 0.012106, 0.012099, 0.012143, 0.012139, 0.012139, 0.012188, 0.012124, 0.012136, 0.012114, 0.012251, 0.012197, 0.012189, 0.012125, 0.012129, 0.012116, 0.012108, 0.012163, 0.012217, 0.012252, 0.012252, 0.012155, 0.012132, 0.012144, 0.012285, 0.012155, 0.012103, 0.012105, 0.0121, 0.012083, 0.012118, 0.012173, 0.012127, 0.012184, 0.012132, 0.012116, 0.011935, 0.011291, 0.011293, 0.011382, 0.011356, 0.011303, 0.011344, 0.011404, 0.011381, 0.011336, 0.011317, 0.011293, 0.011475}"
