"model_name","layer_name","layer_index","kind","min_time","mean_time","max_time","add_flops","div_flops","cmp_flops","exp_flops","mad_flops","input_channel","input_height","input_width","output_channel","output_height","output_width","function","kernel_1","kernel_2","stride_1","stride_2","dilation_1","dilation_2","input_form","topology_hash","mad/min_time","mad/mean_time","mad/max_time","time"
"Squeeze-and-Excitation Net Trained on ImageNet Competition Data","conv1_1_3x3_s2",1,"Convolution",0.00093,0.0009400999999999999,0.006063,0,0,0,0,21676032,3,224,224,64,112,112,"",3,3,2,2,1,1,"HoldForm[ConvolutionLayer[64, {3, 3}, ""Stride"" -> {2, 2}, ""PaddingSize"" -> {{1, 1}, {1, 1}}, ""Dilation"" -> {1, 1}, ""Input"" -> {3, 224, 224}]]","0ech9mxs7kqpd",2.330756129032258e10,2.305715562174237e10,3.575133102424543e9,"{0.006063, 0.001022, 0.000947, 0.000938, 0.000936, 0.000958, 0.000942, 0.000939, 0.000937, 0.000972, 0.000977, 0.000963, 0.000937, 0.000935, 0.000969, 0.000936, 0.000932, 0.000933, 0.000946, 0.000936, 0.000934, 0.000932, 0.00095, 0.000938, 0.000933, 0.000931, 0.000931, 0.000962, 0.000933, 0.000934, 0.000934, 0.000968, 0.000936, 0.000935, 0.000938, 0.000951, 0.000943, 0.000932, 0.000931, 0.000945, 0.000936, 0.000964, 0.000936, 0.000976, 0.000941, 0.000932, 0.000931, 0.000934, 0.000968, 0.000935, 0.000932, 0.00097, 0.000956, 0.000942, 0.000938, 0.000941, 0.00095, 0.000937, 0.000939, 0.000937, 0.000954, 0.000936, 0.000936, 0.000939, 0.00094, 0.000978, 0.000939, 0.000936, 0.000936, 0.000968, 0.000939, 0.000936, 0.000937, 0.000959, 0.000941, 0.000939, 0.000941, 0.000948, 0.000941, 0.000936, 0.000939, 0.000936, 0.000967, 0.000937, 0.000964, 0.000938, 0.00099, 0.000939, 0.00093, 0.000934, 0.000948, 0.00094, 0.000938, 0.000935, 0.000952, 0.000939, 0.000937, 0.00094, 0.000947, 0.00094}"
