"model_name","layer_name","layer_index","kind","min_time","mean_time","max_time","add_flops","div_flops","cmp_flops","exp_flops","mad_flops","input_channel","input_height","input_width","output_channel","output_height","output_width","function","kernel_1","kernel_2","stride_1","stride_2","dilation_1","dilation_2","input_form","topology_hash","mad/min_time","mad/mean_time","mad/max_time","time"
"Squeeze-and-Excitation Net Trained on ImageNet Competition Data","4z/conv4_26_1x1_increase",636,"Convolution",0.004354,0.00458866666666667,0.009023,0,0,0,0,205520896,1024,14,14,1024,14,14,"",1,1,1,1,1,1,"HoldForm[ConvolutionLayer[1024, {1, 1}, ""Stride"" -> {1, 1}, ""PaddingSize"" -> {{0, 0}, {0, 0}}, ""Dilation"" -> {1, 1}, ""Input"" -> {1024, 14, 14}]]","0edty1n2q1qxb",4.720277813504823e10,4.47888048815923e10,2.277744608223429e10,"{0.009023, 0.004586, 0.004578, 0.004585, 0.004609, 0.004572, 0.004582, 0.004587, 0.004574, 0.004567, 0.004575, 0.004569, 0.004574, 0.004569, 0.004586, 0.004581, 0.004576, 0.004578, 0.004572, 0.004569, 0.004564, 0.004583, 0.004572, 0.004592, 0.004575, 0.004593, 0.004588, 0.004595, 0.004592, 0.004598, 0.004587, 0.004591, 0.004598, 0.004598, 0.004616, 0.004593, 0.004592, 0.004586, 0.004586, 0.004591, 0.004591, 0.004603, 0.004586, 0.00459, 0.004591, 0.004593, 0.004588, 0.004585, 0.004596, 0.004619, 0.004586, 0.004587, 0.004587, 0.004585, 0.004601, 0.004591, 0.004586, 0.004593, 0.004595, 0.004585, 0.004589, 0.0046, 0.004594, 0.004587, 0.004585, 0.004585, 0.004595, 0.00459, 0.004597, 0.004585, 0.004583, 0.00458, 0.004583, 0.004592, 0.004586, 0.004615, 0.004595, 0.004587, 0.004589, 0.004581, 0.004589, 0.004598, 0.004354, 0.004608, 0.004601, 0.004591, 0.004591, 0.004585, 0.004598, 0.004595, 0.00459, 0.004589, 0.004595, 0.004587, 0.004587, 0.004604, 0.004586, 0.004593, 0.004588, 0.004587}"
