"model_name","layer_name","layer_index","kind","min_time","mean_time","max_time","add_flops","div_flops","cmp_flops","exp_flops","mad_flops","input_channel","input_height","input_width","output_channel","output_height","output_width","function","kernel_1","kernel_2","stride_1","stride_2","dilation_1","dilation_2","input_form","topology_hash","mad/min_time","mad/mean_time","mad/max_time","time"
"Single-Image Depth Perception Net Trained on Depth in the Wild Data","4/1/1/4/1/1/6/3/1",373,"Convolution",0.000632,0.0006394666666666666,0.000881,0,0,0,0,39321600,256,60,80,32,60,80,"",1,1,1,1,1,1,"HoldForm[ConvolutionLayer[32, {1, 1}, ""Stride"" -> {1, 1}, ""PaddingSize"" -> {{0, 0}, {0, 0}}, ""Dilation"" -> {1, 1}, ""Input"" -> {256, 60, 80}]]","1kammgq0p8z6r",6.221772151898735e10,6.149124270225188e10,4.4632917139614075e10,"{0.000881, 0.000644, 0.000635, 0.000695, 0.000639, 0.00065, 0.000635, 0.000632, 0.000633, 0.000667, 0.000634, 0.000632, 0.000636, 0.000632, 0.000633, 0.000632, 0.000668, 0.000639, 0.000637, 0.000665, 0.00064, 0.000636, 0.000682, 0.000638, 0.000636, 0.000643, 0.000637, 0.000637, 0.000667, 0.000637, 0.000636, 0.000636, 0.00064, 0.000635, 0.00067, 0.000662, 0.000639, 0.000636, 0.000636, 0.000635, 0.000669, 0.000647, 0.000636, 0.000647, 0.000636, 0.000636, 0.000665, 0.000642, 0.000636, 0.000635}"
