"model_name","layer_name","layer_index","kind","min_time","mean_time","max_time","add_flops","div_flops","cmp_flops","exp_flops","mad_flops","input_channel","input_height","input_width","output_channel","output_height","output_width","function","kernel_1","kernel_2","stride_1","stride_2","dilation_1","dilation_2","input_form","topology_hash","mad/min_time","mad/mean_time","mad/max_time","time"
"Inception V1 Trained on Extended Salient Object Subitizing Data","inception_3b/pool_proj",38,"Convolution",0.000427,0.00043796666666666656,0.000589,0,0,0,0,12845056,256,28,28,64,28,28,"",1,1,1,1,1,1,"HoldForm[ConvolutionLayer[64, {1, 1}, ""Stride"" -> {1, 1}, ""PaddingSize"" -> {{0, 0}, {0, 0}}, ""Dilation"" -> {1, 1}, ""Input"" -> {256, 28, 28}]]","0nkjn40sdu7i1",3.0082098360655735e10,2.932884389984018e10,2.1808244482173176e10,"{0.000589, 0.000444, 0.000431, 0.000431, 0.000427, 0.000435, 0.00046, 0.000445, 0.000435, 0.000433, 0.000434, 0.000436, 0.000433, 0.000434, 0.000436, 0.000462, 0.000443, 0.000435, 0.000432, 0.000435, 0.000432, 0.000435, 0.000439, 0.000444, 0.000468, 0.000442, 0.000437, 0.000433, 0.000435, 0.000434, 0.000433, 0.000436, 0.000435, 0.000466, 0.000445, 0.00044, 0.000436, 0.000438, 0.000435, 0.000436, 0.00044, 0.000437, 0.000464, 0.000446, 0.000445, 0.000452, 0.000452, 0.000443, 0.000438, 0.000436}"
