"model_name","layer_name","layer_index","kind","min_time","mean_time","max_time","add_flops","div_flops","cmp_flops","exp_flops","mad_flops","input_channel","input_height","input_width","output_channel","output_height","output_width","function","kernel_1","kernel_2","stride_1","stride_2","dilation_1","dilation_2","input_form","topology_hash","mad/min_time","mad/mean_time","mad/max_time","time"
"Ademxapp Model A Trained on ImageNet Competition Data","3b1/res3b1_branch2a",36,"Convolution",0.119951,0.12545413333333333,0.140183,0,0,0,0,3774873600,256,80,80,256,80,80,"",3,3,1,1,1,1,"HoldForm[ConvolutionLayer[256, {3, 3}, ""Stride"" -> {1, 1}, ""PaddingSize"" -> {{1, 1}, {1, 1}}, ""Dilation"" -> {1, 1}, ""Input"" -> {256, 80, 80}]]","04awb576lp8fw",3.147013030320714e10,3.008967101920915e10,2.6928183873936214e10,"{0.140183, 0.125609, 0.125332, 0.125895, 0.125988, 0.126186, 0.126068, 0.12585, 0.125818, 0.126156, 0.125852, 0.126091, 0.126623, 0.125893, 0.125391, 0.125153, 0.119965, 0.120046, 0.12554, 0.125542, 0.125686, 0.125493, 0.125506, 0.125823, 0.125444, 0.125344, 0.12558, 0.12536, 0.125623, 0.125467, 0.125465, 0.125221, 0.125602, 0.119951, 0.120174, 0.12567, 0.125404, 0.125446, 0.12552, 0.125348, 0.125436, 0.125513, 0.125285, 0.125518, 0.125537, 0.125556, 0.12542, 0.125409, 0.125459, 0.125337, 0.120027, 0.122466, 0.125424, 0.125511, 0.125271, 0.125607, 0.125635, 0.125308, 0.125356, 0.125365, 0.125476, 0.125356, 0.12535, 0.125333, 0.125312, 0.12548, 0.125515, 0.120224, 0.125377, 0.12571, 0.12532, 0.125339, 0.12545, 0.125341, 0.125533, 0.12551, 0.125539, 0.125606, 0.125484, 0.125082, 0.12536, 0.125325, 0.12553, 0.125333, 0.120139, 0.125369, 0.125322, 0.125168, 0.125391, 0.125217, 0.12528, 0.125307, 0.125554, 0.125377, 0.125544, 0.125734, 0.12548, 0.125552, 0.125591, 0.125599}"
