"model_name","layer_name","layer_index","kind","min_time","mean_time","max_time","add_flops","div_flops","cmp_flops","exp_flops","mad_flops","input_channel","input_height","input_width","output_channel","output_height","output_width","function","kernel_1","kernel_2","stride_1","stride_2","dilation_1","dilation_2","input_form","topology_hash","mad/min_time","mad/mean_time","mad/max_time","time"
"Squeeze-and-Excitation Net Trained on ImageNet Competition Data","4z/conv4_26_3x3",633,"Convolution",0.002402,0.00243195,0.008788,0,0,0,0,14450688,512,14,14,1024,14,14,"",3,3,1,1,1,1,"HoldForm[ConvolutionLayer[1024, {3, 3}, ""Stride"" -> {1, 1}, ""PaddingSize"" -> {{1, 1}, {1, 1}}, ""Dilation"" -> {1, 1}, ""ChannelGroups"" -> 64, ""Input"" -> {512, 14, 14}]]","0yuz6nnza0i6k",6.01610657785179e9,5.942016900018504e9,1.644365953573054e9,"{0.008788, 0.002476, 0.002481, 0.002446, 0.002414, 0.002427, 0.002435, 0.002448, 0.00243, 0.002415, 0.002436, 0.002471, 0.002414, 0.002437, 0.002434, 0.002442, 0.002441, 0.002415, 0.002442, 0.002506, 0.002422, 0.002454, 0.002411, 0.002495, 0.002464, 0.002425, 0.002448, 0.002492, 0.00244, 0.002434, 0.002415, 0.002476, 0.002437, 0.002407, 0.002448, 0.00241, 0.002439, 0.00243, 0.002419, 0.00243, 0.002426, 0.002442, 0.002433, 0.002411, 0.002432, 0.002413, 0.002432, 0.002438, 0.002413, 0.002439, 0.002431, 0.002413, 0.002424, 0.002418, 0.002446, 0.002447, 0.002416, 0.00245, 0.002409, 0.002428, 0.002436, 0.002422, 0.00245, 0.002417, 0.002443, 0.00245, 0.002423, 0.002427, 0.002408, 0.002439, 0.002441, 0.002409, 0.00243, 0.002457, 0.002421, 0.002442, 0.002421, 0.002446, 0.002449, 0.002409, 0.002431, 0.002421, 0.002437, 0.002434, 0.002402, 0.002423, 0.002425, 0.002437, 0.002442, 0.002418, 0.00242, 0.002424, 0.002421, 0.002433, 0.002431, 0.002438, 0.002442, 0.00242, 0.002435, 0.002423}"
