"model_name","layer_name","layer_index","kind","min_time","mean_time","max_time","add_flops","div_flops","cmp_flops","exp_flops","mad_flops","input_channel","input_height","input_width","output_channel","output_height","output_width","function","kernel_1","kernel_2","stride_1","stride_2","dilation_1","dilation_2","input_form","topology_hash","mad/min_time","mad/mean_time","mad/max_time","time"
"ResNet-101 Trained on YFCC100m Geotagged Data","stage3_unit2/conv2",94,"Convolution",0.00402,0.004051700000000001,0.005405,0,0,0,0,115605504,256,14,14,256,14,14,"",3,3,1,1,1,1,"HoldForm[ConvolutionLayer[256, {3, 3}, ""Stride"" -> {1, 1}, ""PaddingSize"" -> {{1, 1}, {1, 1}}, ""Dilation"" -> {1, 1}, ""Input"" -> {256, 14, 14}]]","0gg7sts7v315o",2.8757588059701492e10,2.853259224523039e10,2.1388622386679e10,"{0.005405, 0.004052, 0.004078, 0.004075, 0.004073, 0.00407, 0.004069, 0.004065, 0.004066, 0.004069, 0.004033, 0.004047, 0.00405, 0.004038, 0.004059, 0.004062, 0.004063, 0.004059, 0.004039, 0.004073, 0.004057, 0.004061, 0.004058, 0.004058, 0.004053, 0.004063, 0.004032, 0.004032, 0.004039, 0.004041, 0.004027, 0.004027, 0.004053, 0.004052, 0.004025, 0.004056, 0.004053, 0.004027, 0.00402, 0.004055, 0.004056, 0.004023, 0.004028, 0.004049, 0.004053, 0.004054, 0.004049, 0.004057, 0.00402, 0.004031}"
