"model_name","layer_name","layer_index","kind","min_time","mean_time","max_time","add_flops","div_flops","cmp_flops","exp_flops","mad_flops","input_channel","input_height","input_width","output_channel","output_height","output_width","function","kernel_1","kernel_2","stride_1","stride_2","dilation_1","dilation_2","input_form","topology_hash","mad/min_time","mad/mean_time","mad/max_time","time"
"Single-Image Depth Perception Net Trained on NYU Depth V2 and Depth in the Wild Data","4/1/1/4/1/1/4/1/1/2/4/1",131,"Convolution",0.002182,0.0022511000000000002,0.007727,0,0,0,0,78643200,256,60,80,64,60,80,"",1,1,1,1,1,1,"HoldForm[ConvolutionLayer[64, {1, 1}, ""Stride"" -> {1, 1}, ""PaddingSize"" -> {{0, 0}, {0, 0}}, ""Dilation"" -> {1, 1}, ""Input"" -> {256, 60, 80}]]","0qr2mjx4kp7tf",3.6041796516956924e10,3.49354537781529e10,1.0177714507570854e10,"{0.007727, 0.002257, 0.002205, 0.002216, 0.002182, 0.002241, 0.002246, 0.00225, 0.00226, 0.00225, 0.002268, 0.002237, 0.002246, 0.002243, 0.002245, 0.002283, 0.002247, 0.002284, 0.002246, 0.002259, 0.002253, 0.00225, 0.002248, 0.002234, 0.002271, 0.002243, 0.002263, 0.002256, 0.00226, 0.002246, 0.002243, 0.002269, 0.002252, 0.002284, 0.002248, 0.002253, 0.002243, 0.002251, 0.00224, 0.002254, 0.002263, 0.002254, 0.002271, 0.002229, 0.002249, 0.002231, 0.002262, 0.002255, 0.002227, 0.002245, 0.002236, 0.00229, 0.002222, 0.002265, 0.002286, 0.002237, 0.002248, 0.002241, 0.002248, 0.002226, 0.002257, 0.002221, 0.00225, 0.002277, 0.002265, 0.002275, 0.002245, 0.002252, 0.002268, 0.002248, 0.002271, 0.002243, 0.002273, 0.002248, 0.00225, 0.002222, 0.002254, 0.002254, 0.00225, 0.002285, 0.002244, 0.002269, 0.002255, 0.00225, 0.002246, 0.002248, 0.002279, 0.002236, 0.002265, 0.002252, 0.002262, 0.002244, 0.002246, 0.002252, 0.002239, 0.002267, 0.002235, 0.002259, 0.002248, 0.002243}"
