"model_name","layer_name","layer_index","kind","min_time","mean_time","max_time","add_flops","div_flops","cmp_flops","exp_flops","mad_flops","input_channel","input_height","input_width","output_channel","output_height","output_width","function","kernel_1","kernel_2","stride_1","stride_2","dilation_1","dilation_2","input_form","topology_hash","mad/min_time","mad/mean_time","mad/max_time","time"
"Wolfram ImageIdentify Net V1","4a/relu1x1",77,"Elementwise",0.000063,0.00006619999999999997,0.000288,0,0,43904,0,43904,224,14,14,224,14,14,"Ramp","","","","","","","HoldForm[ElementwiseLayer[Ramp, ""Input"" -> {224, 14, 14}]]","0alzc3bltvy7i",6.968888888888888e8,6.632024169184294e8,1.5244444444444445e8,"{0.000288, 0.000085, 0.000079, 0.000077, 0.000076, 0.000076, 0.000075, 0.000074, 0.000075, 0.000074, 0.000074, 0.000075, 0.000075, 0.000075, 0.000074, 0.000074, 0.00012, 0.000075, 0.000071, 0.000071, 0.00007, 0.00007, 0.00007, 0.000071, 0.000071, 0.000071, 0.000069, 0.00007, 0.000069, 0.00007, 0.00007, 0.000072, 0.000094, 0.000068, 0.000065, 0.000065, 0.000064, 0.000064, 0.000065, 0.000063, 0.000064, 0.000064, 0.000064, 0.000064, 0.000064, 0.000065, 0.000065, 0.000063, 0.000065, 0.000064, 0.000065, 0.000063, 0.000064, 0.000064, 0.000063, 0.000065, 0.000064, 0.000064, 0.000064, 0.000064, 0.000064, 0.000064, 0.000065, 0.000065, 0.000064, 0.000064, 0.000063, 0.000064, 0.000063, 0.000064, 0.000064, 0.000064, 0.000063, 0.000064, 0.000096, 0.000076, 0.000066, 0.000066, 0.000065, 0.000065, 0.000065, 0.000064, 0.000065, 0.000065, 0.000065, 0.000064, 0.000064, 0.000065, 0.000064, 0.000065, 0.000065, 0.000064, 0.000065, 0.000064, 0.000065, 0.000064, 0.000065, 0.000064, 0.000065, 0.000066}"
