"model_name","layer_name","layer_index","kind","min_time","mean_time","max_time","add_flops","div_flops","cmp_flops","exp_flops","mad_flops","input_channel","input_height","input_width","output_channel","output_height","output_width","function","kernel_1","kernel_2","stride_1","stride_2","dilation_1","dilation_2","input_form","topology_hash","mad/min_time","mad/mean_time","mad/max_time","time"
"Inception V3 Trained on ImageNet Competition Data","Inception7/mixed_6_tower_conv_2_relu",176,"Elementwise",0.000056,0.00005916666666666667,0.000172,0,0,55488,0,55488,192,17,17,192,17,17,"Ramp","","","","","","","HoldForm[ElementwiseLayer[Ramp, ""Input"" -> {192, 17, 17}]]","0j78ocrakg6d9",9.908571428571429e8,9.37825352112676e8,3.2260465116279066e8,"{0.000172, 0.000063, 0.000069, 0.00006, 0.000057, 0.000062, 0.000059, 0.000057, 0.000056, 0.000057, 0.000056, 0.000075, 0.000078, 0.000064, 0.000061, 0.00006, 0.00006, 0.00006, 0.00006, 0.00006, 0.00006, 0.000061, 0.000061, 0.00006, 0.00006, 0.00006, 0.00006, 0.00006, 0.00006, 0.00006, 0.000061, 0.000062, 0.00006, 0.00006, 0.000082, 0.000061, 0.000057, 0.000056, 0.000057, 0.000057, 0.000056, 0.000056, 0.000057, 0.000057, 0.000056, 0.000056, 0.000056, 0.000056, 0.000056, 0.000056}"
