"model_name","layer_name","layer_index","kind","min_time","mean_time","max_time","add_flops","div_flops","cmp_flops","exp_flops","mad_flops","input_channel","input_height","input_width","output_channel","output_height","output_width","function","kernel_1","kernel_2","stride_1","stride_2","dilation_1","dilation_2","input_form","topology_hash","mad/min_time","mad/mean_time","mad/max_time","time"
"Single-Image Depth Perception Net Trained on Depth in the Wild Data","4/1/1/4/1/1/4/1/2/5/1/3",298,"Elementwise",0.000078,0.00008001666666666679,0.00041,0,0,76800,0,76800,64,30,40,64,30,40,"Ramp","","","","","","","HoldForm[ElementwiseLayer[Ramp, ""Input"" -> {64, 30, 40}]]","0u4smf181urlf",9.846153846153846e8,9.598000416579864e8,1.873170731707317e8,"{0.00041, 0.000091, 0.000083, 0.000081, 0.000081, 0.00008, 0.000089, 0.00008, 0.00008, 0.00008, 0.00008, 0.00008, 0.000079, 0.00008, 0.00008, 0.000079, 0.00008, 0.00008, 0.000079, 0.00008, 0.000111, 0.000089, 0.000082, 0.00008, 0.00008, 0.000081, 0.00008, 0.000081, 0.00008, 0.000081, 0.00008, 0.00008, 0.00008, 0.00008, 0.00008, 0.00008, 0.00008, 0.00008, 0.00008, 0.00008, 0.00008, 0.00008, 0.000079, 0.00008, 0.00008, 0.000079, 0.00008, 0.000079, 0.000079, 0.00008, 0.00008, 0.00008, 0.000084, 0.000079, 0.000079, 0.00008, 0.00008, 0.000079, 0.000081, 0.000079, 0.000078, 0.00008, 0.00008, 0.000079, 0.000079, 0.00008, 0.000079, 0.000079, 0.000111, 0.00009, 0.000081, 0.00008, 0.00008, 0.00008, 0.00008, 0.0001, 0.000086, 0.000081, 0.00008, 0.00008, 0.00008, 0.00008, 0.00008, 0.00008, 0.00008, 0.00008, 0.00008, 0.000079, 0.00008, 0.00008, 0.000081, 0.000079, 0.00008, 0.00008, 0.00008, 0.00008, 0.00008, 0.00008, 0.00008, 0.00008}"
