"model_name","layer_name","layer_index","kind","min_time","mean_time","max_time","add_flops","div_flops","cmp_flops","exp_flops","mad_flops","input_channel","input_height","input_width","output_channel","output_height","output_width","function","kernel_1","kernel_2","stride_1","stride_2","dilation_1","dilation_2","input_form","topology_hash","mad/min_time","mad/mean_time","mad/max_time","time"
"Single-Image Depth Perception Net Trained on Depth in the Wild Data","4/1/1/4/1/2/1/1/3",389,"Elementwise",0.000247,0.0002510666666666667,0.000287,0,0,614400,0,614400,32,120,160,32,120,160,"Ramp","","","","","","","HoldForm[ElementwiseLayer[Ramp, ""Input"" -> {32, 120, 160}]]","1v51dnnow66w3",2.4874493927125506e9,2.447158789166224e9,2.1407665505226483e9,"{0.000287, 0.000257, 0.00025, 0.000247, 0.000248, 0.000248, 0.000248, 0.000278, 0.000257, 0.00025, 0.000249, 0.000249, 0.00028, 0.000256, 0.000249, 0.000248, 0.000247, 0.000248, 0.00025, 0.000249, 0.000248, 0.000249, 0.000248, 0.000248, 0.000247, 0.000248, 0.000247, 0.000264, 0.000262, 0.000253, 0.000252, 0.000252, 0.000251, 0.000252, 0.000252, 0.000252, 0.000252, 0.000251, 0.000251, 0.000253, 0.000251, 0.000252, 0.000252, 0.000275, 0.000256, 0.000249, 0.000258, 0.000262, 0.000257, 0.000249}"
