"model_name","layer_name","layer_index","kind","min_time","mean_time","max_time","add_flops","div_flops","cmp_flops","exp_flops","mad_flops","input_channel","input_height","input_width","output_channel","output_height","output_width","function","kernel_1","kernel_2","stride_1","stride_2","dilation_1","dilation_2","input_form","topology_hash","mad/min_time","mad/mean_time","mad/max_time","time"
"Single-Image Depth Perception Net Trained on NYU Depth V2 and Depth in the Wild Data","4/1/1/4/1/2/2/4/3",426,"Elementwise",0.000469,0.0005126,0.000733,0,0,1228800,0,1228800,64,120,160,64,120,160,"Ramp","","","","","","","HoldForm[ElementwiseLayer[Ramp, ""Input"" -> {64, 120, 160}]]","1ojt99t3ky0rb",2.6200426439232407e9,2.3971907920405774e9,1.6763983628922236e9,"{0.000733, 0.000528, 0.000515, 0.000514, 0.000511, 0.000552, 0.000513, 0.00051, 0.00051, 0.00051, 0.000512, 0.000511, 0.00051, 0.000543, 0.000517, 0.000514, 0.000517, 0.000516, 0.000515, 0.000514, 0.000534, 0.000514, 0.000512, 0.000513, 0.000528, 0.000515, 0.000514, 0.000515, 0.000539, 0.000516, 0.000514, 0.000511, 0.000511, 0.00051, 0.000511, 0.000509, 0.000539, 0.00051, 0.00051, 0.000508, 0.000509, 0.000508, 0.00051, 0.000536, 0.000493, 0.000479, 0.000471, 0.000469, 0.000475, 0.000485}"
