"model_name","layer_name","layer_index","kind","min_time","mean_time","max_time","add_flops","div_flops","cmp_flops","exp_flops","mad_flops","input_channel","input_height","input_width","output_channel","output_height","output_width","function","kernel_1","kernel_2","stride_1","stride_2","dilation_1","dilation_2","input_form","topology_hash","mad/min_time","mad/mean_time","mad/max_time","time"
"SqueezeNet V1.1 Trained on ImageNet Competition Data","fire3/relu_expand1x1",14,"Elementwise",0.000106,0.00010739999999999995,0.000454,0,0,200704,0,200704,64,56,56,64,56,56,"Ramp","","","","","","","HoldForm[ElementwiseLayer[Ramp, ""Input"" -> {64, 56, 56}]]","0055vgwv4hket",1.8934339622641509e9,1.868752327746742e9,4.4207929515418506e8,"{0.000454, 0.000112, 0.000109, 0.000108, 0.000108, 0.000108, 0.000108, 0.000107, 0.000107, 0.000108, 0.000106, 0.000108, 0.000107, 0.000107, 0.000107, 0.000108, 0.000109, 0.000108, 0.000107, 0.000107, 0.000108, 0.000107, 0.000107, 0.000107, 0.000108, 0.000116, 0.000134, 0.000115, 0.000111, 0.000107, 0.000107, 0.000106, 0.00014, 0.00011, 0.000108, 0.000106, 0.000107, 0.000107, 0.000107, 0.000108, 0.000107, 0.000107, 0.000107, 0.000107, 0.000107, 0.000107, 0.000107, 0.000107, 0.000107, 0.000107}"
