"model_name","layer_name","layer_index","kind","min_time","mean_time","max_time","add_flops","div_flops","cmp_flops","exp_flops","mad_flops","input_channel","input_height","input_width","output_channel","output_height","output_width","function","kernel_1","kernel_2","stride_1","stride_2","dilation_1","dilation_2","input_form","topology_hash","mad/min_time","mad/mean_time","mad/max_time","time"
"Squeeze-and-Excitation Net Trained on ImageNet Competition Data","4f/conv4_6_relu",306,"Elementwise",0.000128,0.00013196666666666663,0.000487,0,0,200704,0,200704,1024,14,14,1024,14,14,"Ramp","","","","","","","HoldForm[ElementwiseLayer[Ramp, ""Input"" -> {1024, 14, 14}]]","1k2x5pn4rbhw1",1.568e9,1.5208689062894673e9,4.121232032854209e8,"{0.000487, 0.000143, 0.000138, 0.000137, 0.000136, 0.000136, 0.000137, 0.000137, 0.000136, 0.000135, 0.000136, 0.000136, 0.000135, 0.000136, 0.000136, 0.000136, 0.000136, 0.000136, 0.000135, 0.000136, 0.000136, 0.000149, 0.000133, 0.00013, 0.000128, 0.000129, 0.000129, 0.00013, 0.000129, 0.000129, 0.000129, 0.000129, 0.000129, 0.000129, 0.000129, 0.000128, 0.00013, 0.000128, 0.000129, 0.000129, 0.000129, 0.000129, 0.000129, 0.000129, 0.00013, 0.000129, 0.000129, 0.000128, 0.000129, 0.000128}"
