"model_name","layer_name","layer_index","kind","min_time","mean_time","max_time","add_flops","div_flops","cmp_flops","exp_flops","mad_flops","input_channel","input_height","input_width","output_channel","output_height","output_width","function","kernel_1","kernel_2","stride_1","stride_2","dilation_1","dilation_2","input_form","topology_hash","mad/min_time","mad/mean_time","mad/max_time","time"
"Unguided Volumetric Regression Net for 3D Face Reconstruction","8/2/1/1/4/1/1/4/1/1/4/2/1/1/2",274,"Elementwise",0.00027,0.00027603333333333345,0.000307,0,0,589824,0,589824,256,48,48,256,48,48,"Ramp","","","","","","","HoldForm[ElementwiseLayer[Ramp, ""Input"" -> {256, 48, 48}]]","05bacic0eypcs",2.184533333333333e9,2.1367854123898072e9,1.9212508143322475e9,"{0.000296, 0.000278, 0.000273, 0.000273, 0.000272, 0.000296, 0.000274, 0.000271, 0.000271, 0.000272, 0.00027, 0.000272, 0.000289, 0.000272, 0.000271, 0.000273, 0.000272, 0.000273, 0.000275, 0.000307, 0.00028, 0.000277, 0.000277, 0.000276, 0.000277, 0.000275, 0.000276, 0.000278, 0.000276, 0.000276, 0.000276, 0.000276, 0.000276, 0.000304, 0.000282, 0.000277, 0.000276, 0.000277, 0.000276, 0.000281, 0.000276, 0.000275, 0.000277, 0.000276, 0.000276, 0.000276, 0.000277, 0.000304, 0.000288, 0.000284}"
