"model_name","layer_name","layer_index","kind","min_time","mean_time","max_time","add_flops","div_flops","cmp_flops","exp_flops","mad_flops","input_channel","input_height","input_width","output_channel","output_height","output_width","function","kernel_1","kernel_2","stride_1","stride_2","dilation_1","dilation_2","input_form","topology_hash","mad/min_time","mad/mean_time","mad/max_time","time"
"3D Face Alignment Net Trained on 300W Large Pose Data","12/1/1/1/1/1/2",743,"Elementwise",0.000405,0.0004118666666666667,0.002162,0,0,1048576,0,1048576,256,64,64,256,64,64,"Ramp","","","","","","","HoldForm[ElementwiseLayer[Ramp, ""Input"" -> {256, 64, 64}]]","11v1xlvm83ptf",2.5890765432098765e9,2.5459112981547427e9,4.850027752081407e8,"{0.002162, 0.00044, 0.000411, 0.000407, 0.000408, 0.000406, 0.000415, 0.000406, 0.000411, 0.000417, 0.000452, 0.000439, 0.00041, 0.000409, 0.00043, 0.000413, 0.000407, 0.000406, 0.000422, 0.00041, 0.000427, 0.000408, 0.000406, 0.000405, 0.000407, 0.000406, 0.000406, 0.000407, 0.000408, 0.000443, 0.000421, 0.000406, 0.000407, 0.000405, 0.000406, 0.000405, 0.000433, 0.000406, 0.000406, 0.000447, 0.000419, 0.00041, 0.000418, 0.000416, 0.000415, 0.000433, 0.000409, 0.00041, 0.000443, 0.000416}"
