"model_name","layer_name","layer_index","kind","min_time","mean_time","max_time","add_flops","div_flops","cmp_flops","exp_flops","mad_flops","input_channel","input_height","input_width","output_channel","output_height","output_width","function","kernel_1","kernel_2","stride_1","stride_2","dilation_1","dilation_2","input_form","topology_hash","mad/min_time","mad/mean_time","mad/max_time","time"
"YOLO V2 Trained on MS-COCO Data","Conv/conv512/14",44,"Elementwise",0.000545,0.0005528999999999999,0.001563,173056,0,346112,0,0,256,26,26,256,26,26,"ScalarFunctionObject[{ScalarSymbol[1]}, ScalarSymbol[5], <|ScalarSymbol[2] -> {Max, 0., ScalarSymbol[1]}, ScalarSymbol[3] -> {Min, 0., ScalarSymbol[1]}, ScalarSymbol[4] -> {Times, 0.1, ScalarSymbol[3]}, ScalarSymbol[5] -> {Plus, ScalarSymbol[2], ScalarSymbol[4]}|>]","","","","","","","HoldForm[ElementwiseLayer[Max[0, #1] + 0.1*Min[0, #1] & , ""Input"" -> {256, 26, 26}]]","0lfdsygsz1prx",0.,0.,0.,"{0.001563, 0.000565, 0.000551, 0.00055, 0.000546, 0.000575, 0.000565, 0.000548, 0.000549, 0.000547, 0.000549, 0.000552, 0.000587, 0.000562, 0.000548, 0.000545, 0.000548, 0.000547, 0.000548, 0.000548, 0.000581, 0.000559, 0.000551, 0.000551, 0.000549, 0.000549, 0.00055, 0.000574, 0.000554, 0.000554, 0.000554, 0.00056, 0.000558, 0.000551, 0.000578, 0.000554, 0.00055, 0.000548, 0.000566, 0.000554, 0.000551, 0.000579, 0.000557, 0.000552, 0.00055, 0.000548, 0.00055, 0.000554, 0.000586, 0.000563, 0.000558, 0.000553, 0.000551, 0.00055, 0.000551, 0.000579, 0.000574, 0.000555, 0.000551, 0.00055, 0.000549, 0.000553, 0.000554, 0.00055, 0.00055, 0.000547, 0.000552, 0.000567, 0.00056, 0.000553, 0.000587, 0.000556, 0.00055, 0.00055, 0.000551, 0.000549, 0.00055, 0.000585, 0.000555, 0.000552, 0.000551, 0.000548, 0.00055, 0.000549, 0.000576, 0.000564, 0.000559, 0.000553, 0.000553, 0.00055, 0.000551, 0.000579, 0.000557, 0.000553, 0.000549, 0.000551, 0.000549, 0.00055, 0.000573, 0.000551}"
