"model_name","layer_name","layer_index","kind","min_time","mean_time","max_time","add_flops","div_flops","cmp_flops","exp_flops","mad_flops","input_channel","input_height","input_width","output_channel","output_height","output_width","function","kernel_1","kernel_2","stride_1","stride_2","dilation_1","dilation_2","input_form","topology_hash","mad/min_time","mad/mean_time","mad/max_time","time"
"3D Face Alignment Net Trained on 300W Large Pose Data","11/4/1/1/4/2/1/2",10,"Elementwise",0.000422,0.0004303,0.000564,0,0,1048576,0,1048576,64,128,128,64,128,128,"Ramp","","","","","","","HoldForm[ElementwiseLayer[Ramp, ""Input"" -> {64, 128, 128}]]","0ceh9oj65p345",2.484777251184834e9,2.4368487102021847e9,1.8591773049645388e9,"{0.000564, 0.000447, 0.000473, 0.000438, 0.000427, 0.000425, 0.000425, 0.000426, 0.000424, 0.000422, 0.000443, 0.000488, 0.000435, 0.000425, 0.000423, 0.000426, 0.000423, 0.000432, 0.000432, 0.000424, 0.000494, 0.000445, 0.000433, 0.000426, 0.000427, 0.000423, 0.000427, 0.000425, 0.000429, 0.000466, 0.00044, 0.000427, 0.000425, 0.000447, 0.000452, 0.000427, 0.000424, 0.000424, 0.000466, 0.000435, 0.000436, 0.00043, 0.000429, 0.000423, 0.000426, 0.000425, 0.000424, 0.000464, 0.000434, 0.000429}"
