"model_name","layer_name","layer_index","kind","min_time","mean_time","max_time","add_flops","div_flops","cmp_flops","exp_flops","mad_flops","input_channel","input_height","input_width","output_channel","output_height","output_width","function","kernel_1","kernel_2","stride_1","stride_2","dilation_1","dilation_2","input_form","topology_hash","mad/min_time","mad/mean_time","mad/max_time","time"
"2D Face Alignment Net Trained on 300W Large Pose Data","12/1/1/1/1/1/2",743,"Elementwise",0.000439,0.00044411666666666674,0.002377,0,0,1048576,0,1048576,256,64,64,256,64,64,"Ramp","","","","","","","HoldForm[ElementwiseLayer[Ramp, ""Input"" -> {256, 64, 64}]]","11v1xlvm83ptf",2.3885558086560364e9,2.3610372649829245e9,4.411342027766091e8,"{0.002377, 0.000465, 0.000447, 0.000445, 0.000443, 0.000444, 0.000477, 0.000445, 0.000445, 0.000443, 0.000442, 0.000442, 0.000441, 0.000442, 0.000441, 0.00047, 0.000445, 0.000441, 0.000456, 0.000444, 0.000441, 0.000442, 0.000442, 0.000442, 0.000469, 0.000442, 0.000442, 0.000442, 0.000442, 0.000441, 0.000441, 0.000441, 0.000441, 0.000471, 0.000443, 0.000443, 0.000441, 0.000442, 0.000443, 0.000442, 0.000443, 0.000457, 0.000472, 0.000443, 0.000442, 0.000442, 0.000443, 0.000443, 0.000442, 0.000442, 0.000444, 0.00047, 0.000443, 0.000444, 0.000442, 0.000446, 0.000443, 0.000441, 0.000441, 0.000442, 0.000473, 0.000439, 0.000452, 0.000446, 0.000443, 0.000441, 0.000441, 0.000442, 0.000442, 0.000483, 0.00045, 0.000449, 0.000448, 0.000448, 0.000448, 0.000452, 0.00045, 0.000452, 0.000448, 0.000447, 0.000446, 0.00046, 0.000449, 0.000458, 0.000449, 0.000448, 0.000484, 0.000441, 0.000453, 0.000445, 0.000443, 0.000442, 0.000442, 0.000442, 0.000441, 0.00047, 0.000442, 0.000444, 0.000441, 0.000442}"
