"model_name","layer_name","layer_index","kind","min_time","mean_time","max_time","add_flops","div_flops","cmp_flops","exp_flops","mad_flops","input_channel","input_height","input_width","output_channel","output_height","output_width","function","kernel_1","kernel_2","stride_1","stride_2","dilation_1","dilation_2","input_form","topology_hash","mad/min_time","mad/mean_time","mad/max_time","time"
"Wolfram ImageIdentify Net V1","3a/reludouble_3x3_0",26,"Elementwise",0.000062,0.00007103333333333333,0.000112,0,0,69984,0,69984,96,27,27,96,27,27,"Ramp","","","","","","","HoldForm[ElementwiseLayer[Ramp, ""Input"" -> {96, 27, 27}]]","0lbccjl3rf5xf",1.128774193548387e9,9.852275926794933e8,6.248571428571429e8,"{0.000088, 0.000066, 0.000064, 0.000062, 0.000062, 0.000063, 0.000062, 0.000062, 0.000063, 0.000062, 0.000098, 0.000112, 0.000095, 0.000091, 0.00009, 0.000089, 0.000089, 0.000089, 0.000089, 0.000089, 0.000089, 0.0001, 0.000082, 0.000072, 0.00007, 0.00007, 0.00007, 0.00007, 0.000069, 0.000069, 0.000069, 0.000069, 0.000069, 0.000069, 0.000069, 0.00007, 0.000069, 0.00007, 0.000082, 0.000069, 0.000066, 0.000064, 0.000065, 0.000065, 0.000065, 0.000065, 0.000066, 0.000065, 0.000064, 0.000065}"
