"model_name","layer_name","layer_index","kind","min_time","mean_time","max_time","add_flops","div_flops","cmp_flops","exp_flops","mad_flops","input_channel","input_height","input_width","output_channel","output_height","output_width","function","kernel_1","kernel_2","stride_1","stride_2","dilation_1","dilation_2","input_form","topology_hash","mad/min_time","mad/mean_time","mad/max_time","time"
"ResNet-101 Trained on ImageNet Competition Data","3b1/res3b1_branch2a_relu",52,"Elementwise",0.00009,0.00009325000000000014,0.000488,0,0,100352,0,100352,128,28,28,128,28,28,"Ramp","","","","","","","HoldForm[ElementwiseLayer[Ramp, ""Input"" -> {128, 28, 28}]]","124swtlye8de0",1.1150222222222223e9,1.0761608579088457e9,2.056393442622951e8,"{0.000488, 0.000104, 0.000118, 0.000101, 0.000095, 0.000094, 0.000094, 0.000093, 0.000093, 0.000094, 0.000093, 0.0001, 0.000101, 0.000108, 0.000103, 0.000097, 0.000093, 0.000094, 0.000093, 0.000092, 0.000093, 0.000093, 0.000092, 0.000115, 0.000102, 0.000094, 0.000094, 0.000094, 0.000092, 0.000093, 0.000093, 0.000092, 0.000094, 0.000093, 0.000092, 0.000093, 0.000092, 0.000093, 0.000093, 0.000092, 0.000096, 0.000093, 0.000093, 0.000095, 0.000093, 0.000093, 0.000094, 0.000093, 0.000093, 0.000093, 0.000094, 0.000093, 0.000093, 0.000093, 0.000093, 0.000094, 0.000094, 0.000093, 0.000092, 0.000093, 0.000093, 0.000094, 0.000092, 0.000093, 0.000093, 0.000133, 0.000102, 0.000094, 0.000093, 0.000093, 0.000094, 0.000094, 0.000092, 0.000093, 0.000093, 0.000093, 0.000093, 0.000093, 0.000099, 0.000094, 0.000093, 0.000093, 0.000094, 0.000104, 0.000091, 0.000092, 0.00009, 0.00009, 0.00009, 0.000091, 0.00009, 0.000091, 0.000113, 0.000097, 0.000093, 0.000091, 0.000091, 0.000091, 0.000091, 0.000091}"
