"model_name","layer_name","layer_index","kind","min_time","mean_time","max_time","add_flops","div_flops","cmp_flops","exp_flops","mad_flops","input_channel","input_height","input_width","output_channel","output_height","output_width","function","kernel_1","kernel_2","stride_1","stride_2","dilation_1","dilation_2","input_form","topology_hash","mad/min_time","mad/mean_time","mad/max_time","time"
"Wide ResNet-50-2 Trained on ImageNet Competition Data","19/10",162,"Elementwise",0.000073,0.00007403333333333335,0.000256,0,0,100352,0,100352,2048,7,7,2048,7,7,"Ramp","","","","","","","HoldForm[ElementwiseLayer[Ramp, ""Input"" -> {2048, 7, 7}]]","1gvkzei8k81yv",1.3746849315068493e9,1.3554975236380005e9,3.92e8,"{0.000256, 0.000102, 0.000077, 0.000075, 0.000075, 0.000074, 0.000074, 0.000074, 0.000074, 0.000074, 0.000074, 0.000073, 0.000075, 0.000074, 0.000074, 0.000074, 0.000074, 0.000074, 0.000107, 0.000082, 0.000076, 0.000074, 0.000074, 0.000073, 0.000074, 0.000074, 0.000074, 0.000074, 0.000074, 0.000074, 0.000073, 0.000074, 0.000074, 0.000075, 0.000073, 0.000074, 0.000074, 0.000074, 0.000074, 0.000074, 0.000074, 0.000074, 0.000074, 0.000074, 0.000074, 0.000074, 0.000074, 0.000074, 0.000074, 0.000078}"
