"model_name","layer_name","layer_index","kind","min_time","mean_time","max_time","add_flops","div_flops","cmp_flops","exp_flops","mad_flops","input_channel","input_height","input_width","output_channel","output_height","output_width","function","kernel_1","kernel_2","stride_1","stride_2","dilation_1","dilation_2","input_form","topology_hash","mad/min_time","mad/mean_time","mad/max_time","time"
"Ademxapp Model A Trained on ImageNet Competition Data","4b1/res4b1_branch2a_relu",58,"Elementwise",0.000469,0.0004754833333333331,0.002362,0,0,819200,0,819200,512,40,40,512,40,40,"Ramp","","","","","","","HoldForm[ElementwiseLayer[Ramp, ""Input"" -> {512, 40, 40}]]","0k4g21szw267f",1.7466950959488273e9,1.722878474534685e9,3.4682472480948347e8,"{0.002362, 0.000482, 0.000474, 0.000502, 0.000478, 0.000472, 0.000469, 0.000472, 0.00047, 0.000474, 0.000474, 0.000497, 0.000478, 0.00047, 0.000469, 0.000469, 0.000469, 0.000469, 0.000473, 0.000478, 0.000502, 0.000476, 0.000473, 0.000469, 0.000469, 0.000475, 0.000479, 0.000469, 0.000506, 0.000481, 0.000481, 0.000476, 0.000471, 0.000474, 0.000474, 0.000473, 0.0005, 0.000493, 0.000477, 0.000478, 0.000482, 0.000479, 0.000474, 0.000473, 0.000472, 0.0005, 0.000476, 0.00047, 0.000469, 0.000471, 0.000469, 0.00049, 0.000479, 0.000501, 0.000478, 0.000474, 0.000473, 0.000474, 0.000473, 0.000473, 0.000476, 0.000504, 0.000477, 0.000475, 0.000472, 0.000471, 0.000482, 0.000473, 0.000474, 0.000473, 0.0005, 0.000477, 0.00048, 0.000476, 0.000474, 0.000471, 0.000472, 0.000474, 0.0005, 0.000479, 0.000472, 0.000478, 0.000483, 0.000479, 0.000481, 0.000473, 0.000501, 0.000476, 0.000471, 0.000471, 0.000482, 0.000472, 0.000472, 0.000479, 0.000479, 0.000479, 0.00048, 0.000476, 0.000473, 0.000473}"
