"model_name","layer_name","layer_index","kind","min_time","mean_time","max_time","add_flops","div_flops","cmp_flops","exp_flops","mad_flops","input_channel","input_height","input_width","output_channel","output_height","output_width","function","kernel_1","kernel_2","stride_1","stride_2","dilation_1","dilation_2","input_form","topology_hash","mad/min_time","mad/mean_time","mad/max_time","time"
"3D Face Alignment Net Trained on 300W Large Pose Data","15/1/2/3/1/2/2/1/1/2",103,"Elementwise",0.000074,0.00007578333333333335,0.000373,0,0,65536,0,65536,256,16,16,256,16,16,"Ramp","","","","","","","HoldForm[ElementwiseLayer[Ramp, ""Input"" -> {256, 16, 16}]]","1ugyii1g2lf0n",8.856216216216216e8,8.647811744007035e8,1.7569973190348524e8,"{0.000373, 0.000085, 0.000093, 0.000079, 0.000077, 0.000077, 0.000078, 0.000077, 0.000076, 0.000076, 0.000075, 0.000076, 0.000075, 0.000086, 0.000077, 0.000077, 0.000075, 0.000075, 0.000075, 0.000075, 0.000075, 0.000076, 0.000076, 0.000076, 0.000076, 0.000076, 0.000076, 0.000075, 0.000076, 0.000077, 0.000076, 0.000075, 0.000076, 0.000076, 0.000076, 0.000076, 0.000077, 0.000076, 0.000075, 0.000076, 0.000075, 0.000075, 0.000097, 0.000086, 0.000076, 0.000076, 0.000076, 0.000077, 0.000076, 0.000077, 0.000075, 0.000076, 0.000076, 0.000076, 0.000076, 0.000077, 0.000076, 0.000077, 0.000076, 0.000076, 0.000075, 0.000076, 0.000076, 0.000075, 0.000075, 0.000096, 0.000076, 0.000075, 0.000076, 0.000075, 0.000075, 0.000076, 0.000075, 0.000075, 0.000075, 0.000076, 0.000075, 0.000076, 0.000075, 0.000076, 0.000076, 0.000075, 0.000075, 0.000075, 0.000075, 0.000075, 0.000075, 0.000075, 0.000074, 0.000075, 0.000076, 0.000075, 0.0001, 0.000085, 0.000076, 0.000076, 0.000076, 0.000076, 0.000076, 0.000075}"
