"model_name","layer_name","layer_index","kind","min_time","mean_time","max_time","add_flops","div_flops","cmp_flops","exp_flops","mad_flops","input_channel","input_height","input_width","output_channel","output_height","output_width","function","kernel_1","kernel_2","stride_1","stride_2","dilation_1","dilation_2","input_form","topology_hash","mad/min_time","mad/mean_time","mad/max_time","time"
"ResNet-101 Trained on YFCC100m Geotagged Data","stage3_unit11/relu3",186,"Elementwise",0.000071,0.00007320000000000002,0.00036,0,0,50176,0,50176,256,14,14,256,14,14,"Ramp","","","","","","","HoldForm[ElementwiseLayer[Ramp, ""Input"" -> {256, 14, 14}]]","1j88u7fzs0nsq",7.067042253521127e8,6.854644808743168e8,1.393777777777778e8,"{0.00036, 0.000081, 0.000077, 0.000075, 0.000073, 0.000085, 0.000074, 0.000073, 0.000072, 0.000072, 0.000073, 0.000073, 0.000072, 0.000072, 0.000073, 0.000072, 0.000071, 0.000072, 0.000072, 0.000072, 0.000071, 0.000072, 0.000073, 0.000088, 0.00008, 0.000078, 0.000077, 0.000076, 0.000077, 0.000076, 0.000076, 0.000077, 0.000076, 0.000076, 0.000076, 0.000076, 0.000077, 0.000078, 0.000077, 0.000084, 0.000077, 0.000076, 0.000076, 0.000078, 0.000077, 0.000099, 0.00008, 0.000074, 0.000072, 0.000073, 0.000072, 0.000073, 0.000073, 0.000072, 0.000072, 0.000073, 0.000073, 0.000072, 0.000072, 0.000073, 0.000071, 0.000072, 0.000072, 0.000073, 0.000073, 0.000072, 0.000072, 0.000073, 0.000071, 0.000072, 0.000072, 0.000072, 0.000072, 0.000071, 0.000072, 0.000073, 0.000072, 0.000071, 0.000073, 0.000073, 0.000072, 0.000072, 0.000073, 0.000075, 0.000072, 0.000071, 0.000072, 0.000073, 0.000072, 0.000073, 0.000072, 0.000073, 0.000073, 0.000072, 0.000071, 0.000073, 0.000072, 0.000071, 0.000084, 0.000074}"
