"model_name","layer_name","layer_index","kind","min_time","mean_time","max_time","add_flops","div_flops","cmp_flops","exp_flops","mad_flops","input_channel","input_height","input_width","output_channel","output_height","output_width","function","kernel_1","kernel_2","stride_1","stride_2","dilation_1","dilation_2","input_form","topology_hash","mad/min_time","mad/mean_time","mad/max_time","time"
"U-Net Trained on Glioblastoma-Astrocytoma U373 Cells on a Polyacrylamide Substrate Data","contract_2/relu_1",8,"Elementwise",0.007328,0.007383499999999999,0.022214,0,0,10179072,0,10179072,128,282,282,128,282,282,"Ramp","","","","","","","HoldForm[ElementwiseLayer[Ramp, ""Input"" -> {128, 282, 282}]]","00qctpm5tpf4o",1.389065502183406e9,1.3786242297013614e9,4.582277842801837e8,"{0.022214, 0.007385, 0.007385, 0.007367, 0.00743, 0.007328, 0.0074, 0.007353, 0.00736, 0.007373, 0.007404, 0.0074, 0.007391, 0.007368, 0.007378, 0.007429, 0.007372, 0.007408, 0.007374, 0.007372, 0.007344, 0.007345, 0.00735, 0.00741, 0.007421, 0.007357, 0.007438, 0.007522, 0.007356, 0.007395, 0.007381, 0.007372, 0.007373, 0.007407, 0.00735, 0.007355, 0.007418, 0.007376, 0.007345, 0.007385, 0.007382, 0.007362, 0.007373, 0.007424, 0.007413, 0.007418, 0.007351, 0.007412, 0.00737, 0.007425}"
