"model_name","layer_name","layer_index","kind","min_time","mean_time","max_time","add_flops","div_flops","cmp_flops","exp_flops","mad_flops","input_channel","input_height","input_width","output_channel","output_height","output_width","function","kernel_1","kernel_2","stride_1","stride_2","dilation_1","dilation_2","input_form","topology_hash","mad/min_time","mad/mean_time","mad/max_time","time"
"ResNet-152 Trained on ImageNet Competition Data","4b18/res4b18_relu",311,"Elementwise",0.00013,0.0001318833333333334,0.000615,0,0,200704,0,200704,1024,14,14,1024,14,14,"Ramp","","","","","","","HoldForm[ElementwiseLayer[Ramp, ""Input"" -> {1024, 14, 14}]]","1k2x5pn4rbhw1",1.5438769230769234e9,1.5218299001642857e9,3.263479674796748e8,"{0.000615, 0.000151, 0.000137, 0.000137, 0.000142, 0.000133, 0.000156, 0.000136, 0.000132, 0.000131, 0.000131, 0.000131, 0.000131, 0.000131, 0.000131, 0.000131, 0.000131, 0.000132, 0.000132, 0.000132, 0.000131, 0.00013, 0.000132, 0.000132, 0.000131, 0.000153, 0.000134, 0.000132, 0.000131, 0.000131, 0.000133, 0.000131, 0.000132, 0.000132, 0.000131, 0.000131, 0.000131, 0.000131, 0.000131, 0.000132, 0.000132, 0.00013, 0.00013, 0.000131, 0.00013, 0.000131, 0.000131, 0.000131, 0.000131, 0.00013, 0.00013, 0.000131, 0.000132, 0.000132, 0.00015, 0.000138, 0.000133, 0.000131, 0.000132, 0.000131, 0.000132, 0.000131, 0.000132, 0.000132, 0.000132, 0.000131, 0.000144, 0.000135, 0.000132, 0.000132, 0.000132, 0.000132, 0.000132, 0.000132, 0.000131, 0.000131, 0.000131, 0.000132, 0.000132, 0.000131, 0.000131, 0.000142, 0.000134, 0.000131, 0.00016, 0.000136, 0.000132, 0.000131, 0.000131, 0.000131, 0.000132, 0.000133, 0.000134, 0.000145, 0.000135, 0.000135, 0.000135, 0.00014, 0.000135, 0.000135}"
