"model_name","layer_name","layer_index","kind","min_time","mean_time","max_time","add_flops","div_flops","cmp_flops","exp_flops","mad_flops","input_channel","input_height","input_width","output_channel","output_height","output_width","function","kernel_1","kernel_2","stride_1","stride_2","dilation_1","dilation_2","input_form","topology_hash","mad/min_time","mad/mean_time","mad/max_time","time"
"OpenFace Face Recognition Net Trained on CASIA-WebFace and FaceScrub Data","19/7",144,"Elementwise",0.000032,0.00003341666666666669,0.0002,0,0,0,0,0,256,3,3,256,3,3,"ScalarFunctionObject[{ScalarSymbol[1]}, ScalarSymbol[1], <||>]","","","","","","","HoldForm[ElementwiseLayer[#1 & , ""Input"" -> {256, 3, 3}]]","0dhzis92vnsu0",0.,0.,0.,"{0.0002, 0.000048, 0.00004, 0.000036, 0.000036, 0.000035, 0.000035, 0.000034, 0.000034, 0.000034, 0.000034, 0.000034, 0.000034, 0.000035, 0.000034, 0.000034, 0.000034, 0.000034, 0.000044, 0.000034, 0.000035, 0.000034, 0.000033, 0.000033, 0.000034, 0.000033, 0.000033, 0.000033, 0.000033, 0.000034, 0.000033, 0.000034, 0.000033, 0.000033, 0.000071, 0.000042, 0.000035, 0.000034, 0.000033, 0.000033, 0.000034, 0.000033, 0.000033, 0.000033, 0.000033, 0.000033, 0.000034, 0.000033, 0.000033, 0.000033, 0.000033, 0.000033, 0.000033, 0.000032, 0.000033, 0.000034, 0.000034, 0.000033, 0.000033, 0.000034, 0.000033, 0.000033, 0.000033, 0.000033, 0.000033, 0.000033, 0.000033, 0.000034, 0.000034, 0.000033, 0.000033, 0.000033, 0.000033, 0.000033, 0.000033, 0.000058, 0.000033, 0.000033, 0.000033, 0.000033, 0.000033, 0.000032, 0.000033, 0.000033, 0.000033, 0.000033, 0.000034, 0.000034, 0.000033, 0.000034, 0.000034, 0.000033, 0.000069, 0.000041, 0.000034, 0.000034, 0.000033, 0.000033, 0.000033, 0.000033}"
