"model_name","layer_name","layer_index","kind","min_time","mean_time","max_time","add_flops","div_flops","cmp_flops","exp_flops","mad_flops","input_channel","input_height","input_width","output_channel","output_height","output_width","function","kernel_1","kernel_2","stride_1","stride_2","dilation_1","dilation_2","input_form","topology_hash","mad/min_time","mad/mean_time","mad/max_time","time"
"Squeeze-and-Excitation Net Trained on ImageNet Competition Data","3f/conv3_6_1x1_down_relu",162,"Elementwise",0.000032,0.00003283333333333333,0.000198,0,0,32,0,32,32,"","",32,"","","Ramp","","","","","","","HoldForm[ElementwiseLayer[Ramp, ""Input"" -> 32]]","08yazw31yf2oj",1.e6,974619.2893401016,161616.16161616164,"{0.000198, 0.000046, 0.000036, 0.000034, 0.000033, 0.000033, 0.000033, 0.000033, 0.000033, 0.000033, 0.000033, 0.000033, 0.000033, 0.000032, 0.000032, 0.000033, 0.000033, 0.000033, 0.000033, 0.000032, 0.000032, 0.000033, 0.000032, 0.000033, 0.000032, 0.000032, 0.000033, 0.000033, 0.000032, 0.000032, 0.000033, 0.000032, 0.000032, 0.000032, 0.000032, 0.000033, 0.000033, 0.000032, 0.000033, 0.000032, 0.000032, 0.000033, 0.000032, 0.000032, 0.000033, 0.000032, 0.000032, 0.000032, 0.000032, 0.000059, 0.000036, 0.000034, 0.000034, 0.000034, 0.000033, 0.000035, 0.000033, 0.000032, 0.000033, 0.000032, 0.000032, 0.000032, 0.000034, 0.000032, 0.000032, 0.000033, 0.000032, 0.000032, 0.000032, 0.000034, 0.000033, 0.000033, 0.000032, 0.000033, 0.000033, 0.000033, 0.000033, 0.000033, 0.000032, 0.000033, 0.000033, 0.000033, 0.000032, 0.000032, 0.000032, 0.000033, 0.00007, 0.00005, 0.000045, 0.00005, 0.000058, 0.000048, 0.000045, 0.000044, 0.000045, 0.000043, 0.000044, 0.000044, 0.000044, 0.000044}"
