"model_name","layer_name","layer_index","kind","min_time","mean_time","max_time","add_flops","div_flops","cmp_flops","exp_flops","mad_flops","input_channel","input_height","input_width","output_channel","output_height","output_width","function","kernel_1","kernel_2","stride_1","stride_2","dilation_1","dilation_2","input_form","topology_hash","mad/min_time","mad/mean_time","mad/max_time","time"
"Single-Image Depth Perception Net Trained on Depth in the Wild Data","4/1/1/5/4/6",452,"Elementwise",0.000286,0.00035065,0.001866,0,0,614400,0,614400,32,120,160,32,120,160,"Ramp","","","","","","","HoldForm[ElementwiseLayer[Ramp, ""Input"" -> {32, 120, 160}]]","1v51dnnow66w3",2.148251748251748e9,1.7521745330101242e9,3.292604501607717e8,"{0.001866, 0.000386, 0.000357, 0.000349, 0.000347, 0.000347, 0.000347, 0.000345, 0.000346, 0.000347, 0.00038, 0.00036, 0.000353, 0.00035, 0.000351, 0.00035, 0.000349, 0.00035, 0.000349, 0.000349, 0.000356, 0.000403, 0.000291, 0.000288, 0.000288, 0.000288, 0.000287, 0.000287, 0.000286, 0.000287, 0.000287, 0.000287, 0.000378, 0.000353, 0.000373, 0.000354, 0.00035, 0.000349, 0.000349, 0.000369, 0.000355, 0.00035, 0.00035, 0.000348, 0.000349, 0.000393, 0.000364, 0.00036, 0.000373, 0.000355, 0.000374, 0.000357, 0.000348, 0.000347, 0.000347, 0.000348, 0.000377, 0.000356, 0.000347, 0.000346, 0.000352, 0.000352, 0.000346, 0.000347, 0.000346, 0.000346, 0.000347, 0.000378, 0.000357, 0.00035, 0.000347, 0.000347, 0.000347, 0.000347, 0.000347, 0.000347, 0.000348, 0.000347, 0.000354, 0.000386, 0.000361, 0.000352, 0.000351, 0.000352, 0.000353, 0.000351, 0.000351, 0.000351, 0.000355, 0.000356, 0.000395, 0.000359, 0.000353, 0.000352, 0.000351, 0.000351, 0.000351, 0.00035, 0.000353, 0.000352}"
