"model_name","layer_name","layer_index","kind","min_time","mean_time","max_time","add_flops","div_flops","cmp_flops","exp_flops","mad_flops","input_channel","input_height","input_width","output_channel","output_height","output_width","function","kernel_1","kernel_2","stride_1","stride_2","dilation_1","dilation_2","input_form","topology_hash","mad/min_time","mad/mean_time","mad/max_time","time"
"Inception V3 Trained on ImageNet Competition Data","Inception8/mixed_7_conv_relu",199,"Elementwise",0.000071,0.00007228333333333337,0.000395,0,0,55488,0,55488,192,17,17,192,17,17,"Ramp","","","","","","","HoldForm[ElementwiseLayer[Ramp, ""Input"" -> {192, 17, 17}]]","0j78ocrakg6d9",7.815211267605634e8,7.676458381369606e8,1.404759493670886e8,"{0.000395, 0.000089, 0.000076, 0.000074, 0.000073, 0.000075, 0.000073, 0.000073, 0.000072, 0.000072, 0.000072, 0.000072, 0.000072, 0.000071, 0.000072, 0.000072, 0.000073, 0.000071, 0.000072, 0.000072, 0.000072, 0.000072, 0.000072, 0.000072, 0.000072, 0.000072, 0.0001, 0.000082, 0.000074, 0.000072, 0.000071, 0.00009, 0.000083, 0.000073, 0.000072, 0.000072, 0.000072, 0.000073, 0.000073, 0.000071, 0.000073, 0.000072, 0.000071, 0.000072, 0.000073, 0.000073, 0.000073, 0.000073, 0.000072, 0.000072, 0.000072, 0.000071, 0.000097, 0.000085, 0.000074, 0.000074, 0.000073, 0.000073, 0.000073, 0.000073, 0.000072, 0.000071, 0.000072, 0.000072, 0.000072, 0.000072, 0.000072, 0.000072, 0.000072, 0.000072, 0.000071, 0.000072, 0.000071, 0.000073, 0.000071, 0.000072, 0.000072, 0.000072, 0.000071, 0.000072, 0.000073, 0.000071, 0.000072, 0.000072, 0.000073, 0.000072, 0.000073, 0.000073, 0.000072, 0.000082, 0.000076, 0.000072, 0.000072, 0.000072, 0.000072, 0.000072, 0.000072, 0.000072, 0.000072, 0.000072}"
