"model_name","layer_name","layer_index","kind","min_time","mean_time","max_time","add_flops","div_flops","cmp_flops","exp_flops","mad_flops","input_channel","input_height","input_width","output_channel","output_height","output_width","function","kernel_1","kernel_2","stride_1","stride_2","dilation_1","dilation_2","input_form","topology_hash","mad/min_time","mad/mean_time","mad/max_time","time"
"Unguided Volumetric Regression Net for 3D Face Reconstruction","9/2/1/1/4/1/1/4/1/1/4/1/2/7/1/1/2",721,"Elementwise",0.000116,0.0001182500000000001,0.000587,0,0,147456,0,147456,256,24,24,256,24,24,"Ramp","","","","","","","HoldForm[ElementwiseLayer[Ramp, ""Input"" -> {256, 24, 24}]]","1ued627l60v1v",1.2711724137931032e9,1.246985200845665e9,2.5120272572402048e8,"{0.000587, 0.000127, 0.00012, 0.000119, 0.000117, 0.000116, 0.000116, 0.000116, 0.000116, 0.000116, 0.000119, 0.000121, 0.000118, 0.000117, 0.000116, 0.000116, 0.000116, 0.000116, 0.000116, 0.000122, 0.000136, 0.000124, 0.00012, 0.000119, 0.000119, 0.000119, 0.000119, 0.000155, 0.000119, 0.000118, 0.000116, 0.000117, 0.000116, 0.000116, 0.000121, 0.000122, 0.000117, 0.000117, 0.000117, 0.000116, 0.000116, 0.000116, 0.000116, 0.000116, 0.000117, 0.000116, 0.000116, 0.000116, 0.000117, 0.000116, 0.000117, 0.000118, 0.000117, 0.000116, 0.000116, 0.000117, 0.000117, 0.000116, 0.000116, 0.000117, 0.000138, 0.000129, 0.00012, 0.000119, 0.00012, 0.000119, 0.00012, 0.000119, 0.000119, 0.00012, 0.000119, 0.000118, 0.00012, 0.00012, 0.000119, 0.000119, 0.000119, 0.00012, 0.00012, 0.000119, 0.000118, 0.000119, 0.000119, 0.000119, 0.000119, 0.000119, 0.000119, 0.000119, 0.000118, 0.000119, 0.000119, 0.000119, 0.000119, 0.000125, 0.000125, 0.00012, 0.00012, 0.000118, 0.00012, 0.000119}"
