"model_name","layer_name","layer_index","kind","min_time","mean_time","max_time","add_flops","div_flops","cmp_flops","exp_flops","mad_flops","input_channel","input_height","input_width","output_channel","output_height","output_width","function","kernel_1","kernel_2","stride_1","stride_2","dilation_1","dilation_2","input_form","topology_hash","mad/min_time","mad/mean_time","mad/max_time","time"
"Vanilla CNN for Facial Landmark Regression","ActivationTangH1",2,"Elementwise",0.000932,0.0009449833333333334,0.001184,0,0,0,25600,0,16,40,40,16,40,40,"Tanh","","","","","","","HoldForm[ElementwiseLayer[Tanh, ""Input"" -> {16, 40, 40}]]","157rxwm1fd15y",0.,0.,0.,"{0.001184, 0.000973, 0.000942, 0.000932, 0.000962, 0.000972, 0.000947, 0.000934, 0.000933, 0.000961, 0.000946, 0.000942, 0.000941, 0.000965, 0.000945, 0.000936, 0.000944, 0.000973, 0.000945, 0.000942, 0.000943, 0.000965, 0.00095, 0.000941, 0.000937, 0.000963, 0.000951, 0.000945, 0.000937, 0.000939, 0.000972, 0.000945, 0.000942, 0.000941, 0.000965, 0.000946, 0.000937, 0.000944, 0.000973, 0.000945, 0.000937, 0.000936, 0.000966, 0.000949, 0.000941, 0.000938, 0.000971, 0.000946, 0.000945, 0.000944, 0.000939, 0.000969, 0.000944, 0.000937, 0.000946, 0.000975, 0.000947, 0.000938, 0.000944, 0.000972, 0.000944, 0.000937, 0.000936, 0.000964, 0.00095, 0.000942, 0.000938, 0.000961, 0.000944, 0.000944, 0.000943, 0.000939, 0.000964, 0.000944, 0.000937, 0.000941, 0.000968, 0.000944, 0.000938, 0.000936, 0.000964, 0.000944, 0.000938, 0.000937, 0.000961, 0.000943, 0.000941, 0.000943, 0.000937, 0.000945, 0.000945, 0.000942, 0.000938, 0.000972, 0.000943, 0.000936, 0.000943, 0.00097, 0.000944, 0.000935}"
