"model_name","layer_name","layer_index","kind","min_time","mean_time","max_time","add_flops","div_flops","cmp_flops","exp_flops","mad_flops","input_channel","input_height","input_width","output_channel","output_height","output_width","function","kernel_1","kernel_2","stride_1","stride_2","dilation_1","dilation_2","input_form","topology_hash","mad/min_time","mad/mean_time","mad/max_time","time"
"AdaIN-Style Trained on MS-COCO and Painter by Numbers Data","decoder/20",100,"Elementwise",0.005983,0.006030583333333334,0.018535,0,0,8388608,0,8388608,128,256,256,128,256,256,"Ramp","","","","","","","HoldForm[ElementwiseLayer[Ramp, ""Input"" -> {128, 256, 256}]]","0zpdkkvmms66j",1.4020738759819489e9,1.3910110409440765e9,4.5258203398974913e8,"{0.018535, 0.006006, 0.005994, 0.006022, 0.006013, 0.006029, 0.005997, 0.006019, 0.005998, 0.006005, 0.005998, 0.006024, 0.005996, 0.006012, 0.005999, 0.006004, 0.005987, 0.006027, 0.006057, 0.006031, 0.006, 0.006025, 0.006009, 0.006012, 0.005997, 0.006053, 0.006005, 0.006009, 0.006061, 0.006003, 0.006027, 0.00601, 0.006028, 0.005997, 0.006016, 0.006012, 0.006058, 0.006031, 0.006053, 0.006059, 0.006037, 0.006058, 0.006053, 0.006021, 0.006022, 0.005987, 0.006021, 0.005983, 0.006015, 0.005988, 0.006058, 0.006044, 0.006064, 0.006066, 0.00605, 0.006025, 0.006065, 0.006009, 0.006026, 0.006007, 0.006034, 0.006054, 0.006089, 0.006014, 0.006031, 0.005996, 0.006029, 0.005998, 0.006024, 0.006025, 0.006061, 0.006068, 0.006086, 0.006053, 0.006071, 0.00605, 0.006044, 0.006061, 0.006077, 0.006104, 0.006073, 0.00608, 0.00602, 0.006065, 0.006087, 0.006135, 0.006084, 0.00606, 0.006101, 0.006101, 0.006162, 0.006085, 0.005994, 0.006023, 0.005996, 0.00601, 0.006023, 0.006026, 0.006013, 0.006026}"
