"model_name","layer_name","layer_index","kind","min_time","mean_time","max_time","add_flops","div_flops","cmp_flops","exp_flops","mad_flops","input_channel","input_height","input_width","output_channel","output_height","output_width","function","kernel_1","kernel_2","stride_1","stride_2","dilation_1","dilation_2","input_form","topology_hash","mad/min_time","mad/mean_time","mad/max_time","time"
"Ademxapp Model A Trained on ImageNet Competition Data","4b3/res4b3_branch2b1_relu",75,"Elementwise",0.000355,0.00037600000000000014,0.001806,0,0,819200,0,819200,512,40,40,512,40,40,"Ramp","","","","","","","HoldForm[ElementwiseLayer[Ramp, ""Input"" -> {512, 40, 40}]]","0k4g21szw267f",2.307605633802817e9,2.178723404255318e9,4.535991140642303e8,"{0.001806, 0.000453, 0.000417, 0.000418, 0.000415, 0.000447, 0.000416, 0.000409, 0.000505, 0.000366, 0.00037, 0.000365, 0.000382, 0.000371, 0.000362, 0.00041, 0.000364, 0.000355, 0.00036, 0.000355, 0.000356, 0.000363, 0.000358, 0.000373, 0.000392, 0.000359, 0.000406, 0.000368, 0.000358, 0.000372, 0.000364, 0.000402, 0.000371, 0.000362, 0.000368, 0.000362, 0.000356, 0.000419, 0.000368, 0.000389, 0.000373, 0.000362, 0.00037, 0.000368, 0.000366, 0.000377, 0.000371, 0.000414, 0.000388, 0.00037}"
