"model_name","layer_name","layer_index","kind","min_time","mean_time","max_time","add_flops","div_flops","cmp_flops","exp_flops","mad_flops","input_channel","input_height","input_width","output_channel","output_height","output_width","function","kernel_1","kernel_2","stride_1","stride_2","dilation_1","dilation_2","input_form","topology_hash","mad/min_time","mad/mean_time","mad/max_time","time"
"Dilated ResNet-105 Trained on Cityscapes Data","relu1",6,"Elementwise",0.005861,0.006027133333333332,0.018168,0,0,8388608,0,8388608,16,512,1024,16,512,1024,"Ramp","","","","","","","HoldForm[ElementwiseLayer[Ramp, ""Input"" -> {16, 512, 1024}]]","1gxt6ji18muqv",1.4312588295512712e9,1.3918072715608308e9,4.6172435050638485e8,"{0.018168, 0.005964, 0.005909, 0.006001, 0.005861, 0.00599, 0.006084, 0.005951, 0.006067, 0.005953, 0.006071, 0.005966, 0.006064, 0.005984, 0.006106, 0.006094, 0.005894, 0.00597, 0.005919, 0.006131, 0.006093, 0.006012, 0.006092, 0.006077, 0.006008, 0.006064, 0.005908, 0.006071, 0.005931, 0.005998, 0.006038, 0.006054, 0.006044, 0.00603, 0.005915, 0.006083, 0.005999, 0.006044, 0.005985, 0.00609, 0.006054, 0.006048, 0.005998, 0.006078, 0.005919, 0.006095, 0.005928, 0.006044, 0.006055, 0.006174}"
