"model_name","layer_name","layer_index","kind","min_time","mean_time","max_time","add_flops","div_flops","cmp_flops","exp_flops","mad_flops","input_channel","input_height","input_width","output_channel","output_height","output_width","function","kernel_1","kernel_2","stride_1","stride_2","dilation_1","dilation_2","input_form","topology_hash","mad/min_time","mad/mean_time","mad/max_time","time"
"Squeeze-and-Excitation Net Trained on ImageNet Competition Data","z1/conv4_27_1x1_reduce_relu",649,"Elementwise",0.00009,0.00009123333333333332,0.000395,0,0,100352,0,100352,512,14,14,512,14,14,"Ramp","","","","","","","HoldForm[ElementwiseLayer[Ramp, ""Input"" -> {512, 14, 14}]]","051ljacqnis96",1.1150222222222223e9,1.0999488491048596e9,2.540556962025316e8,"{0.000395, 0.000102, 0.000095, 0.000095, 0.000094, 0.000094, 0.000093, 0.000093, 0.000093, 0.000091, 0.000092, 0.000092, 0.000092, 0.000092, 0.000092, 0.000092, 0.000091, 0.000091, 0.000091, 0.000119, 0.000098, 0.000092, 0.000091, 0.000091, 0.000092, 0.000092, 0.000091, 0.000091, 0.000092, 0.000092, 0.00009, 0.00009, 0.000092, 0.000091, 0.000091, 0.000091, 0.000092, 0.000091, 0.000091, 0.000091, 0.000091, 0.000091, 0.000091, 0.000091, 0.000091, 0.000092, 0.000092, 0.00009, 0.000091, 0.00009, 0.000091, 0.00009, 0.000091, 0.000091, 0.000091, 0.000092, 0.000091, 0.00009, 0.000091, 0.00009, 0.000091, 0.000091, 0.000123, 0.000093, 0.000091, 0.000091, 0.000091, 0.000091, 0.000091, 0.000091, 0.000091, 0.000091, 0.000091, 0.000091, 0.00009, 0.000091, 0.000091, 0.000091, 0.000091, 0.000091, 0.000091, 0.000091, 0.000092, 0.000091, 0.000091, 0.000091, 0.000091, 0.00009, 0.000091, 0.00009, 0.000091, 0.00009, 0.000091, 0.00009, 0.000091, 0.000093, 0.000093, 0.000106, 0.000092, 0.000091}"
