"model_name","layer_name","layer_index","kind","min_time","mean_time","max_time","add_flops","div_flops","cmp_flops","exp_flops","mad_flops","input_channel","input_height","input_width","output_channel","output_height","output_width","function","kernel_1","kernel_2","stride_1","stride_2","dilation_1","dilation_2","input_form","topology_hash","mad/min_time","mad/mean_time","mad/max_time","time"
"Single-Image Depth Perception Net Trained on NYU Depth V2 and Depth in the Wild Data","4/1/1/4/1/1/4/1/1/2/4/6",136,"Elementwise",0.000193,0.0001958166666666667,0.001034,0,0,307200,0,307200,64,60,80,64,60,80,"Ramp","","","","","","","HoldForm[ElementwiseLayer[Ramp, ""Input"" -> {64, 60, 80}]]","1tfaqscxpe2vw",1.5917098445595856e9,1.5688143671801853e9,2.9709864603481627e8,"{0.001034, 0.000204, 0.000199, 0.000204, 0.000265, 0.000206, 0.000197, 0.000195, 0.000195, 0.000196, 0.000195, 0.000194, 0.000195, 0.000195, 0.000194, 0.000195, 0.000195, 0.000199, 0.000205, 0.000219, 0.000203, 0.000194, 0.000193, 0.000195, 0.000227, 0.000205, 0.000199, 0.000194, 0.000216, 0.000203, 0.000197, 0.000194, 0.000194, 0.000193, 0.000194, 0.000193, 0.000194, 0.000194, 0.000194, 0.000194, 0.000193, 0.000194, 0.000195, 0.000193, 0.000225, 0.000203, 0.000195, 0.000194, 0.000194, 0.000194, 0.000196, 0.000194, 0.000195, 0.0002, 0.000203, 0.000197, 0.000194, 0.000195, 0.000195, 0.000194, 0.000194, 0.000193, 0.000194, 0.000193, 0.000224, 0.000205, 0.000196, 0.000195, 0.000198, 0.000213, 0.000208, 0.000197, 0.000196, 0.000195, 0.000196, 0.000194, 0.000196, 0.000195, 0.000211, 0.000207, 0.000199, 0.000195, 0.000195, 0.000194, 0.000225, 0.000202, 0.000197, 0.000195, 0.000194, 0.000194, 0.000196, 0.000195, 0.000194, 0.000194, 0.000194, 0.000195, 0.000196, 0.000195, 0.000194, 0.000194}"
