"model_name","layer_name","layer_index","kind","min_time","mean_time","max_time","add_flops","div_flops","cmp_flops","exp_flops","mad_flops","input_channel","input_height","input_width","output_channel","output_height","output_width","function","kernel_1","kernel_2","stride_1","stride_2","dilation_1","dilation_2","input_form","topology_hash","mad/min_time","mad/mean_time","mad/max_time","time"
"ResNet-50 Trained on ImageNet Competition Data","2c/res2c_branch2a_relu",30,"Elementwise",0.000132,0.00013319999999999999,0.000166,0,0,200704,0,200704,64,56,56,64,56,56,"Ramp","","","","","","","HoldForm[ElementwiseLayer[Ramp, ""Input"" -> {64, 56, 56}]]","0055vgwv4hket",1.5204848484848483e9,1.506786786786787e9,1.2090602409638555e9,"{0.00015, 0.000138, 0.000136, 0.000135, 0.000133, 0.000133, 0.000133, 0.000133, 0.000132, 0.000133, 0.000134, 0.000133, 0.000132, 0.000132, 0.000132, 0.000132, 0.000166, 0.000138, 0.000134, 0.000134, 0.000134, 0.000133, 0.000133, 0.000133, 0.000133, 0.000133, 0.000132, 0.000133, 0.000133, 0.000133, 0.000132, 0.000133, 0.000133, 0.000133, 0.000133, 0.000133, 0.000134, 0.000133, 0.000135, 0.000134, 0.000134, 0.000133, 0.000133, 0.000132, 0.000133, 0.000161, 0.000137, 0.000133, 0.000133, 0.000132}"
