"model_name","layer_name","layer_index","kind","min_time","mean_time","max_time","add_flops","div_flops","cmp_flops","exp_flops","mad_flops","input_channel","input_height","input_width","output_channel","output_height","output_width","function","kernel_1","kernel_2","stride_1","stride_2","dilation_1","dilation_2","input_form","topology_hash","mad/min_time","mad/mean_time","mad/max_time","time"
"Inception V3 Trained on ImageNet Competition Data","Inception8/mixed_7_tower_1_conv_1_relu",214,"Elementwise",0.000071,0.00007449999999999998,0.000387,0,0,55488,0,55488,192,17,17,192,17,17,"Ramp","","","","","","","HoldForm[ElementwiseLayer[Ramp, ""Input"" -> {192, 17, 17}]]","0j78ocrakg6d9",7.815211267605634e8,7.44805369127517e8,1.4337984496124032e8,"{0.000387, 0.000085, 0.000079, 0.000078, 0.000077, 0.000077, 0.000078, 0.000076, 0.000076, 0.000076, 0.000076, 0.000076, 0.000075, 0.000076, 0.000076, 0.000075, 0.000075, 0.000075, 0.000075, 0.000075, 0.000075, 0.000075, 0.000074, 0.000075, 0.000075, 0.000099, 0.000085, 0.000075, 0.000073, 0.000073, 0.000072, 0.000074, 0.000072, 0.000073, 0.000073, 0.000076, 0.000073, 0.000073, 0.000073, 0.000072, 0.000074, 0.000073, 0.000073, 0.000073, 0.000073, 0.000073, 0.000072, 0.000073, 0.000073, 0.000073, 0.000073, 0.000073, 0.000073, 0.000072, 0.000074, 0.000074, 0.000073, 0.000073, 0.000073, 0.000073, 0.000072, 0.000072, 0.000074, 0.000072, 0.000073, 0.000072, 0.000071, 0.000072, 0.000072, 0.000074, 0.000073, 0.000073, 0.000073, 0.000072, 0.000088, 0.00008, 0.000077, 0.000076, 0.00008, 0.000081, 0.000076, 0.000076, 0.000076, 0.000075, 0.000075, 0.000076, 0.000075, 0.000076, 0.000076, 0.000076, 0.000076, 0.000075, 0.000077, 0.000075, 0.000075, 0.000076, 0.000076, 0.000075, 0.000076, 0.000075}"
