"model_name","layer_name","layer_index","kind","min_time","mean_time","max_time","add_flops","div_flops","cmp_flops","exp_flops","mad_flops","input_channel","input_height","input_width","output_channel","output_height","output_width","function","kernel_1","kernel_2","stride_1","stride_2","dilation_1","dilation_2","input_form","topology_hash","mad/min_time","mad/mean_time","mad/max_time","time"
"SSD-VGG-300 Trained on PASCAL VOC Data","1/1/blockNet9/conv9b/2",45,"Elementwise",0.000039,0.000039833333333333385,0.00027,0,0,6400,0,6400,256,5,5,256,5,5,"Ramp","","","","","","","HoldForm[ElementwiseLayer[Ramp, ""Input"" -> {256, 5, 5}]]","0gpthdf7nes7q",1.641025641025641e8,1.606694560669454e8,2.37037037037037e7,"{0.00027, 0.000055, 0.000044, 0.000042, 0.000041, 0.000041, 0.00004, 0.000041, 0.00004, 0.00004, 0.00004, 0.00004, 0.00004, 0.00004, 0.00004, 0.000039, 0.00004, 0.000039, 0.00004, 0.00004, 0.00004, 0.00004, 0.000039, 0.000043, 0.00004, 0.00004, 0.00004, 0.000039, 0.00004, 0.00004, 0.000039, 0.00004, 0.00004, 0.00004, 0.00004, 0.000039, 0.00004, 0.000039, 0.00004, 0.00004, 0.000039, 0.00004, 0.000039, 0.00004, 0.00004, 0.000039, 0.00004, 0.000039, 0.00004, 0.000039, 0.00004, 0.000039, 0.00004, 0.000039, 0.00004, 0.000041, 0.000042, 0.000041, 0.00004, 0.00004, 0.00004, 0.000039, 0.000039, 0.00004, 0.000039, 0.00004, 0.000039, 0.00004, 0.000039, 0.000039, 0.000091, 0.000049, 0.000042, 0.00004, 0.00004, 0.000039, 0.00004, 0.000039, 0.000039, 0.00004, 0.00004, 0.00004, 0.000039, 0.00004, 0.000039, 0.00004, 0.00004, 0.000039, 0.00004, 0.000039, 0.000039, 0.00004, 0.00004, 0.00004, 0.000039, 0.00004, 0.000039, 0.00004, 0.00004, 0.00004}"
