"model_name","layer_name","layer_index","kind","min_time","mean_time","max_time","add_flops","div_flops","cmp_flops","exp_flops","mad_flops","input_channel","input_height","input_width","output_channel","output_height","output_width","function","kernel_1","kernel_2","stride_1","stride_2","dilation_1","dilation_2","input_form","topology_hash","mad/min_time","mad/mean_time","mad/max_time","time"
"Wide ResNet-50-2 Trained on ImageNet Competition Data","14/6",106,"Elementwise",0.000091,0.00009235000000000008,0.000495,0,0,100352,0,100352,512,14,14,512,14,14,"Ramp","","","","","","","HoldForm[ElementwiseLayer[Ramp, ""Input"" -> {512, 14, 14}]]","051ljacqnis96",1.1027692307692308e9,1.086648619382782e9,2.0273131313131315e8,"{0.000495, 0.000102, 0.000096, 0.000093, 0.000093, 0.000093, 0.000093, 0.000092, 0.000092, 0.000092, 0.000122, 0.000103, 0.000093, 0.000093, 0.000091, 0.000093, 0.000091, 0.000093, 0.000092, 0.000092, 0.000093, 0.000092, 0.000094, 0.000091, 0.000091, 0.000092, 0.000092, 0.000092, 0.000092, 0.000093, 0.000092, 0.000093, 0.000092, 0.000093, 0.000092, 0.000092, 0.000092, 0.000092, 0.000093, 0.000094, 0.000094, 0.000092, 0.000092, 0.000092, 0.000091, 0.000093, 0.000092, 0.000113, 0.000097, 0.000093, 0.000092, 0.000091, 0.000116, 0.000098, 0.000093, 0.000093, 0.000092, 0.000092, 0.000092, 0.000092, 0.000093, 0.000092, 0.000092, 0.000092, 0.000092, 0.000092, 0.000093, 0.000093, 0.000092, 0.000092, 0.000092, 0.000091, 0.000092, 0.000092, 0.000092, 0.000092, 0.000092, 0.000092, 0.000092, 0.000093, 0.000091, 0.000093, 0.000091, 0.000092, 0.000092, 0.000092, 0.000092, 0.000092, 0.000091, 0.000092, 0.000091, 0.000093, 0.000093, 0.000098, 0.000119, 0.000101, 0.000093, 0.000092, 0.000093, 0.000092}"
