"model_name","layer_name","layer_index","kind","min_time","mean_time","max_time","add_flops","div_flops","cmp_flops","exp_flops","mad_flops","input_channel","input_height","input_width","output_channel","output_height","output_width","function","kernel_1","kernel_2","stride_1","stride_2","dilation_1","dilation_2","input_form","topology_hash","mad/min_time","mad/mean_time","mad/max_time","time"
"U-Net Trained on Glioblastoma-Astrocytoma U373 Cells on a Polyacrylamide Substrate Data","contract_1/relu_2",4,"Elementwise",0.014313,0.014430249999999997,0.044144,0,0,20647936,0,20647936,64,568,568,64,568,568,"Ramp","","","","","","","HoldForm[ElementwiseLayer[Ramp, ""Input"" -> {64, 568, 568}]]","1krwcbaokcswq",1.442600153706421e9,1.430878605706762e9,4.677404856832185e8,"{0.044144, 0.014589, 0.014639, 0.01453, 0.014517, 0.014477, 0.014505, 0.014375, 0.014502, 0.014437, 0.014342, 0.014495, 0.014531, 0.014355, 0.014361, 0.014638, 0.014442, 0.014313, 0.014381, 0.014345, 0.014375, 0.014563, 0.014469, 0.01452, 0.014481, 0.014548, 0.014516, 0.01447, 0.014519, 0.01452, 0.014539, 0.014651, 0.014472, 0.014455, 0.014512, 0.014415, 0.014358, 0.014438, 0.014494, 0.014412, 0.014399, 0.014542, 0.014531, 0.014547, 0.014375, 0.014321, 0.014353, 0.014373, 0.014363, 0.014532, 0.014375, 0.014393, 0.014373, 0.014327, 0.014409, 0.01457, 0.014473, 0.014489, 0.014535, 0.014497, 0.014451, 0.014441, 0.014481, 0.01446, 0.014446, 0.014372, 0.014345, 0.014389, 0.014339, 0.014449, 0.014432, 0.014392, 0.014376, 0.014373, 0.014349, 0.014384, 0.014497, 0.014364, 0.014368, 0.014333, 0.014368, 0.014366, 0.014366, 0.014365, 0.014349, 0.01441, 0.014343, 0.014362, 0.014351, 0.014358, 0.014367, 0.014343, 0.014514, 0.014376, 0.014469, 0.014456, 0.014437, 0.014485, 0.014416, 0.014466}"
