"model_name","layer_name","layer_index","kind","min_time","mean_time","max_time","add_flops","div_flops","cmp_flops","exp_flops","mad_flops","input_channel","input_height","input_width","output_channel","output_height","output_width","function","kernel_1","kernel_2","stride_1","stride_2","dilation_1","dilation_2","input_form","topology_hash","mad/min_time","mad/mean_time","mad/max_time","time"
"Single-Image Depth Perception Net Trained on NYU Depth V2 Data","4/1/1/4/1/1/4/1/2/4/1/2/2/2/6",236,"Elementwise",0.000051,0.000057600000000000024,0.000236,0,0,19200,0,19200,64,15,20,64,15,20,"Ramp","","","","","","","HoldForm[ElementwiseLayer[Ramp, ""Input"" -> {64, 15, 20}]]","150svbnl61sp4",3.764705882352941e8,3.3333333333333313e8,8.135593220338984e7,"{0.000236, 0.000072, 0.000064, 0.000062, 0.000061, 0.000099, 0.000063, 0.000061, 0.000061, 0.000062, 0.00006, 0.000061, 0.00006, 0.00006, 0.00006, 0.00006, 0.000061, 0.000062, 0.000062, 0.000061, 0.00006, 0.000061, 0.00006, 0.00006, 0.00006, 0.00006, 0.00006, 0.000059, 0.00006, 0.000061, 0.00006, 0.00006, 0.000059, 0.00006, 0.000059, 0.000061, 0.00006, 0.000059, 0.00006, 0.000061, 0.00006, 0.000061, 0.00006, 0.00006, 0.00006, 0.000059, 0.00006, 0.000061, 0.00006, 0.00006, 0.00006, 0.00006, 0.000082, 0.00006, 0.000053, 0.000067, 0.000063, 0.000055, 0.000053, 0.000052, 0.000052, 0.000052, 0.000052, 0.000052, 0.000052, 0.000053, 0.000052, 0.000051, 0.000052, 0.000083, 0.000062, 0.000054, 0.000052, 0.000053, 0.000056, 0.000073, 0.000054, 0.000053, 0.000052, 0.000053, 0.000052, 0.000053, 0.000052, 0.000052, 0.000051, 0.000052, 0.000053, 0.000051, 0.000052, 0.000052, 0.000052, 0.000052, 0.000053, 0.000052, 0.000052, 0.000052, 0.000052, 0.000053, 0.000052, 0.000053}"
