"model_name","layer_name","layer_index","kind","min_time","mean_time","max_time","add_flops","div_flops","cmp_flops","exp_flops","mad_flops","input_channel","input_height","input_width","output_channel","output_height","output_width","function","kernel_1","kernel_2","stride_1","stride_2","dilation_1","dilation_2","input_form","topology_hash","mad/min_time","mad/mean_time","mad/max_time","time"
"SSD-VGG-512 Trained on MS-COCO Data","2/cx/4",137,"Elementwise",0.00006,0.00006153333333333332,0.000244,0,0,0,0,24564,24564,"","",24564,"","","ScalarFunctionObject[{ScalarSymbol[1]}, ScalarSymbol[2], <|ScalarSymbol[2] -> {Times, 512., ScalarSymbol[1]}|>]","","","","","","","HoldForm[ElementwiseLayer[512*#1 & , ""Input"" -> 24564]]","1ji4r1phak1wz",4.094e8,3.991982665222103e8,1.0067213114754099e8,"{0.000244, 0.000072, 0.000066, 0.000064, 0.000063, 0.00009, 0.000065, 0.000062, 0.000063, 0.000063, 0.000062, 0.000062, 0.000061, 0.000062, 0.000063, 0.000062, 0.000062, 0.000062, 0.000062, 0.000062, 0.000062, 0.00006, 0.000061, 0.000062, 0.000062, 0.000062, 0.000061, 0.000061, 0.000061, 0.000061, 0.000061, 0.000061, 0.000061, 0.000061, 0.000061, 0.00006, 0.00006, 0.000061, 0.000062, 0.000062, 0.000062, 0.000062, 0.000062, 0.000062, 0.000062, 0.000061, 0.000061, 0.000061, 0.000061, 0.00006, 0.000061, 0.000061, 0.000061, 0.000062, 0.000061, 0.000062, 0.000063, 0.000061, 0.000061, 0.000062, 0.000061, 0.000062, 0.000061, 0.000062, 0.000062, 0.000061, 0.000061, 0.000086, 0.000067, 0.000065, 0.000101, 0.000064, 0.000062, 0.000063, 0.000061, 0.000061, 0.000062, 0.000062, 0.000061, 0.000062, 0.000061, 0.000061, 0.000061, 0.000062, 0.000061, 0.000062, 0.000061, 0.000061, 0.000061, 0.000062, 0.000062, 0.000061, 0.000061, 0.000061, 0.000061, 0.00006, 0.000061, 0.000061, 0.000062, 0.000061}"
