"model_name","layer_name","layer_index","kind","min_time","mean_time","max_time","add_flops","div_flops","cmp_flops","exp_flops","mad_flops","input_channel","input_height","input_width","output_channel","output_height","output_width","function","kernel_1","kernel_2","stride_1","stride_2","dilation_1","dilation_2","input_form","topology_hash","mad/min_time","mad/mean_time","mad/max_time","time"
"U-Net Trained on Glioblastoma-Astrocytoma U373 Cells on a Polyacrylamide Substrate Data","contract_2/relu_2",10,"Elementwise",0.007659,0.007727000000000001,0.027459,0,0,10035200,0,10035200,128,280,280,128,280,280,"Ramp","","","","","","","HoldForm[ElementwiseLayer[Ramp, ""Input"" -> {128, 280, 280}]]","049gdvwt18o1s",1.3102493798145974e9,1.2987187783098226e9,3.654612331111839e8,"{0.027459, 0.007696, 0.007659, 0.007676, 0.007708, 0.007738, 0.00772, 0.007735, 0.007719, 0.007742, 0.007732, 0.007706, 0.007718, 0.007753, 0.007741, 0.007697, 0.00772, 0.007711, 0.007743, 0.00773, 0.007736, 0.007749, 0.007717, 0.007719, 0.007709, 0.00769, 0.007715, 0.007721, 0.007723, 0.007751, 0.007772, 0.007692, 0.007693, 0.007694, 0.007693, 0.00772, 0.007698, 0.007733, 0.007702, 0.007722, 0.007791, 0.00778, 0.007713, 0.007721, 0.007757, 0.007751, 0.007682, 0.007706, 0.007718, 0.007703, 0.007695, 0.007684, 0.007743, 0.007713, 0.007699, 0.007705, 0.007803, 0.007808, 0.007762, 0.007779, 0.00782, 0.007785, 0.007769, 0.007754, 0.007807, 0.007711, 0.007751, 0.007755, 0.007745, 0.00772, 0.007717, 0.007774, 0.007761, 0.007715, 0.007704, 0.007702, 0.007707, 0.007749, 0.007773, 0.007782, 0.007714, 0.007707, 0.007687, 0.007685, 0.007747, 0.007717, 0.007718, 0.007735, 0.007817, 0.007805, 0.007757, 0.007703, 0.007722, 0.007747, 0.007764, 0.007779, 0.007773, 0.007702, 0.007703, 0.00768}"
