"model_name","layer_name","layer_index","kind","min_time","mean_time","max_time","add_flops","div_flops","cmp_flops","exp_flops","mad_flops","input_channel","input_height","input_width","output_channel","output_height","output_width","function","kernel_1","kernel_2","stride_1","stride_2","dilation_1","dilation_2","input_form","topology_hash","mad/min_time","mad/mean_time","mad/max_time","time"
"SSD-VGG-512 Trained on MS-COCO Data","1/1/blockNet4/conv3c/2",16,"Elementwise",0.003111,0.003191,0.011789,0,0,4194304,0,4194304,256,128,128,256,128,128,"Ramp","","","","","","","HoldForm[ElementwiseLayer[Ramp, ""Input"" -> {256, 128, 128}]]","0ncvn3sejjvjr",1.348217293474767e9,1.3144167972422438e9,3.5578115192128253e8,"{0.011789, 0.003234, 0.00321, 0.003211, 0.003176, 0.003122, 0.003214, 0.003206, 0.003206, 0.003194, 0.003111, 0.003176, 0.003179, 0.003174, 0.003181, 0.003152, 0.003167, 0.003168, 0.003166, 0.003181, 0.003126, 0.00319, 0.003216, 0.003234, 0.003195, 0.003135, 0.003186, 0.003197, 0.003189, 0.003172, 0.003134, 0.003217, 0.0032, 0.003191, 0.00319, 0.003111, 0.003146, 0.003164, 0.003167, 0.003137, 0.003155, 0.003184, 0.003156, 0.003156, 0.003121, 0.003166, 0.00319, 0.003183, 0.003164, 0.003115, 0.00317, 0.003165, 0.00318, 0.003176, 0.003147, 0.003192, 0.003178, 0.003168, 0.003166, 0.003194, 0.003186, 0.003168, 0.00316, 0.003176, 0.003132, 0.003196, 0.003182, 0.00316, 0.003125, 0.00314, 0.00326, 0.003326, 0.003305, 0.003297, 0.003255, 0.003271, 0.003259, 0.003281, 0.003261, 0.003201, 0.003262, 0.003253, 0.003262, 0.003257, 0.003278, 0.003208, 0.003232, 0.003288, 0.003318, 0.003275, 0.003245, 0.003257, 0.003245, 0.003236, 0.003224, 0.00317, 0.00317, 0.003209, 0.003185, 0.003275}"
