"model_name","layer_name","layer_index","kind","min_time","mean_time","max_time","add_flops","div_flops","cmp_flops","exp_flops","mad_flops","input_channel","input_height","input_width","output_channel","output_height","output_width","function","kernel_1","kernel_2","stride_1","stride_2","dilation_1","dilation_2","input_form","topology_hash","mad/min_time","mad/mean_time","mad/max_time","time"
"Ademxapp Model A1 Trained on PASCAL VOC2012 and MS-COCO Data","5b1/res5b1_branch2b1_relu",101,"Elementwise",0.000797,0.0008017,0.004475,0,0,2032128,0,2032128,512,63,63,512,63,63,"Ramp","","","","","","","HoldForm[ElementwiseLayer[Ramp, ""Input"" -> {512, 63, 63}]]","0bs40dqisfuvt",2.5497214554579678e9,2.5347736060870647e9,4.541068156424581e8,"{0.004475, 0.000892, 0.000814, 0.000804, 0.000801, 0.00083, 0.000806, 0.000804, 0.000802, 0.000801, 0.000827, 0.000803, 0.000804, 0.000804, 0.000802, 0.000827, 0.000803, 0.000803, 0.000803, 0.0008, 0.000828, 0.000802, 0.000802, 0.000802, 0.000802, 0.000827, 0.000803, 0.0008, 0.000801, 0.0008, 0.000826, 0.000802, 0.0008, 0.000801, 0.000802, 0.000828, 0.000802, 0.000802, 0.000801, 0.000799, 0.000827, 0.000801, 0.000803, 0.000801, 0.000801, 0.000826, 0.0008, 0.000803, 0.000801, 0.0008, 0.000837, 0.000801, 0.000801, 0.0008, 0.000802, 0.000826, 0.000803, 0.000803, 0.0008, 0.000802, 0.000824, 0.000801, 0.000801, 0.000801, 0.0008, 0.000825, 0.000802, 0.000802, 0.000802, 0.0008, 0.000802, 0.000803, 0.000801, 0.000801, 0.000801, 0.000801, 0.000801, 0.000822, 0.000798, 0.000801, 0.0008, 0.000798, 0.000797, 0.000797, 0.000801, 0.000798, 0.000798, 0.000797, 0.000797, 0.000799, 0.000797, 0.000798, 0.000798, 0.000798, 0.000797, 0.000799, 0.000936, 0.000803, 0.000798, 0.000828}"
