"model_name","layer_name","layer_index","kind","min_time","mean_time","max_time","add_flops","div_flops","cmp_flops","exp_flops","mad_flops","input_channel","input_height","input_width","output_channel","output_height","output_width","function","kernel_1","kernel_2","stride_1","stride_2","dilation_1","dilation_2","input_form","topology_hash","mad/min_time","mad/mean_time","mad/max_time","time"
"Pix2pix Photo-to-Street-Map Translation","3",23,"Elementwise",0.000033,0.00003356666666666667,0.000199,0,0,512,0,512,512,1,1,512,1,1,"Ramp","","","","","","","HoldForm[ElementwiseLayer[Ramp, ""Input"" -> {512, 1, 1}]]","0hvvs8njjlgjq",1.5515151515151514e7,1.5253227408142997e7,2.57286432160804e6,"{0.000199, 0.000047, 0.000039, 0.000036, 0.000035, 0.000035, 0.000034, 0.000034, 0.000034, 0.000034, 0.000034, 0.000033, 0.000034, 0.000034, 0.000034, 0.000034, 0.000034, 0.000072, 0.000036, 0.000034, 0.000034, 0.000033, 0.000034, 0.000034, 0.000033, 0.000034, 0.000034, 0.000034, 0.000034, 0.000034, 0.000033, 0.000033, 0.000034, 0.000033, 0.000033, 0.000033, 0.000033, 0.000033, 0.000034, 0.000034, 0.000034, 0.000034, 0.000033, 0.000033, 0.000033, 0.000034, 0.000033, 0.000033, 0.000033, 0.000034, 0.000034, 0.000033, 0.000034, 0.000034, 0.000034, 0.000034, 0.000033, 0.000033, 0.000034, 0.000034, 0.000033, 0.000033, 0.000033, 0.000033, 0.000034, 0.000033, 0.000033, 0.000033, 0.000033, 0.000034, 0.000033, 0.000033, 0.000033, 0.000033, 0.000033, 0.000034, 0.000034, 0.000034, 0.000033, 0.000033, 0.000034, 0.000042, 0.000033, 0.000033, 0.000033, 0.000033, 0.000033, 0.000033, 0.000033, 0.000033, 0.000033, 0.000034, 0.000034, 0.000034, 0.000033, 0.000033, 0.000081, 0.000038, 0.000035, 0.000033}"
