"model_name","layer_name","layer_index","kind","min_time","mean_time","max_time","add_flops","div_flops","cmp_flops","exp_flops","mad_flops","input_channel","input_height","input_width","output_channel","output_height","output_width","function","kernel_1","kernel_2","stride_1","stride_2","dilation_1","dilation_2","input_form","topology_hash","mad/min_time","mad/mean_time","mad/max_time","time"
"Age Estimation VGG-16 Trained on IMDB-WIKI and Looking at People Data","relu1_1",2,"Elementwise",0.001996,0.002094,0.00904,0,0,3211264,0,3211264,64,224,224,64,224,224,"Ramp","","","","","","","HoldForm[ElementwiseLayer[Ramp, ""Input"" -> {64, 224, 224}]]","122hxu8h2yd6k",1.6088496993987978e9,1.5335549188156638e9,3.5522831858407086e8,"{0.00904, 0.002235, 0.002046, 0.002029, 0.002005, 0.002033, 0.002032, 0.002017, 0.001998, 0.002053, 0.002027, 0.002067, 0.001996, 0.002042, 0.002065, 0.002084, 0.002052, 0.002048, 0.002009, 0.002101, 0.002077, 0.002023, 0.002039, 0.002039, 0.002171, 0.002185, 0.00214, 0.002027, 0.002052, 0.002027, 0.002061, 0.002127, 0.002206, 0.002106, 0.002074, 0.002064, 0.002069, 0.002029, 0.002162, 0.0022, 0.002151, 0.002089, 0.002001, 0.002013, 0.002039, 0.002107, 0.002162, 0.002241, 0.002169, 0.002134, 0.002095, 0.002099, 0.002043, 0.00218, 0.002199, 0.002144, 0.002038, 0.002027, 0.00202, 0.002035, 0.002142, 0.00217, 0.002144, 0.002083, 0.002052, 0.002036, 0.002082, 0.002114, 0.002218, 0.002178, 0.002094, 0.001999, 0.002024, 0.002049, 0.002093, 0.002173, 0.002247, 0.00214, 0.00208, 0.002051, 0.001997, 0.002055, 0.002185, 0.002249, 0.002241, 0.002309, 0.002297, 0.002388, 0.002355, 0.002363, 0.002375, 0.002193, 0.002124, 0.002059, 0.00208, 0.002092, 0.002219, 0.002221, 0.002063, 0.002077}"
