"model_name","layer_name","layer_index","kind","min_time","mean_time","max_time","add_flops","div_flops","cmp_flops","exp_flops","mad_flops","input_channel","input_height","input_width","output_channel","output_height","output_width","function","kernel_1","kernel_2","stride_1","stride_2","dilation_1","dilation_2","input_form","topology_hash","mad/min_time","mad/mean_time","mad/max_time","time"
"Single-Image Depth Perception Net Trained on Depth in the Wild Data","4/1/1/5/1/3",434,"Elementwise",0.000274,0.00027845,0.001477,0,0,614400,0,614400,32,120,160,32,120,160,"Ramp","","","","","","","HoldForm[ElementwiseLayer[Ramp, ""Input"" -> {32, 120, 160}]]","1v51dnnow66w3",2.242335766423358e9,2.2065002693481774e9,4.159783344617468e8,"{0.001477, 0.000286, 0.00028, 0.000277, 0.000278, 0.000277, 0.000275, 0.000302, 0.000315, 0.000284, 0.000277, 0.000276, 0.000276, 0.000276, 0.000275, 0.000277, 0.000275, 0.000275, 0.000276, 0.000277, 0.000278, 0.000276, 0.000315, 0.000282, 0.000276, 0.000298, 0.000277, 0.000275, 0.000277, 0.000276, 0.000275, 0.000275, 0.000287, 0.000276, 0.000294, 0.000276, 0.000311, 0.000282, 0.000276, 0.000278, 0.000276, 0.000277, 0.000276, 0.000295, 0.000276, 0.000275, 0.000275, 0.000275, 0.000275, 0.000275, 0.000292, 0.000281, 0.000276, 0.000277, 0.000276, 0.000276, 0.000276, 0.000281, 0.000277, 0.000275, 0.000275, 0.000287, 0.000274, 0.000276, 0.000275, 0.000308, 0.000277, 0.000277, 0.000274, 0.0003, 0.000294, 0.000276, 0.000275, 0.000276, 0.000276, 0.000276, 0.000275, 0.000275, 0.000276, 0.000313, 0.000287, 0.000283, 0.000282, 0.000282, 0.000281, 0.000282, 0.000282, 0.000281, 0.000281, 0.000281, 0.000282, 0.000282, 0.000288, 0.000296, 0.000283, 0.000282, 0.000284, 0.000284, 0.000282, 0.000281}"
