"model_name","layer_name","layer_index","kind","min_time","mean_time","max_time","add_flops","div_flops","cmp_flops","exp_flops","mad_flops","input_channel","input_height","input_width","output_channel","output_height","output_width","function","kernel_1","kernel_2","stride_1","stride_2","dilation_1","dilation_2","input_form","topology_hash","mad/min_time","mad/mean_time","mad/max_time","time"
"Dilated ResNet-105 Trained on Cityscapes Data","relu54",188,"Elementwise",0.000781,0.0008253666666666667,0.004526,0,0,2097152,0,2097152,256,64,128,256,64,128,"Ramp","","","","","","","HoldForm[ElementwiseLayer[Ramp, ""Input"" -> {256, 64, 128}]]","1dq53uhc5a1i5",2.685213828425096e9,2.540873147288074e9,4.6335660627485645e8,"{0.004526, 0.001123, 0.000945, 0.000949, 0.00083, 0.0008, 0.000789, 0.00079, 0.000826, 0.000801, 0.000789, 0.000789, 0.000823, 0.000836, 0.000837, 0.000792, 0.000795, 0.000799, 0.000842, 0.00079, 0.000808, 0.000788, 0.000781, 0.000847, 0.000815, 0.000795, 0.000793, 0.00079, 0.000851, 0.000794, 0.000789, 0.00079, 0.000787, 0.000847, 0.000835, 0.000856, 0.000859, 0.000961, 0.000881, 0.000857, 0.000888, 0.000921, 0.000955, 0.000882, 0.000969, 0.000931, 0.000863, 0.000796, 0.000817, 0.000794}"
