"model_name","layer_name","layer_index","kind","min_time","mean_time","max_time","add_flops","div_flops","cmp_flops","exp_flops","mad_flops","input_channel","input_height","input_width","output_channel","output_height","output_width","function","kernel_1","kernel_2","stride_1","stride_2","dilation_1","dilation_2","input_form","topology_hash","mad/min_time","mad/mean_time","mad/max_time","time"
"2D Face Alignment Net Trained on 300W Large Pose Data","13/1/2/3/1/2/2/1/1/2",561,"Elementwise",0.000079,0.00007966666666666677,0.000368,0,0,65536,0,65536,256,16,16,256,16,16,"Ramp","","","","","","","HoldForm[ElementwiseLayer[Ramp, ""Input"" -> {256, 16, 16}]]","1ugyii1g2lf0n",8.295696202531646e8,8.226276150627605e8,1.7808695652173913e8,"{0.000368, 0.000116, 0.000087, 0.000083, 0.000082, 0.000081, 0.00008, 0.000079, 0.00008, 0.00008, 0.000081, 0.00008, 0.00008, 0.00008, 0.00008, 0.00008, 0.000079, 0.00008, 0.00008, 0.000082, 0.00008, 0.000079, 0.00008, 0.000079, 0.000079, 0.00008, 0.00008, 0.000079, 0.00008, 0.00008, 0.00008, 0.000079, 0.00008, 0.000079, 0.000079, 0.00008, 0.000079, 0.000079, 0.00008, 0.000079, 0.000079, 0.000079, 0.000079, 0.00008, 0.000079, 0.000079, 0.000079, 0.00008, 0.00008, 0.000087, 0.000081, 0.000079, 0.000079, 0.0001, 0.00008, 0.000083, 0.00008, 0.000079, 0.000079, 0.00008, 0.000079, 0.00008, 0.000081, 0.000081, 0.00008, 0.00008, 0.00008, 0.000079, 0.00008, 0.000079, 0.000079, 0.000079, 0.00008, 0.000079, 0.00008, 0.00008, 0.00008, 0.000079, 0.000079, 0.000079, 0.000079, 0.000079, 0.000079, 0.00008, 0.00008, 0.00009, 0.000079, 0.00008, 0.00008, 0.000079, 0.00008, 0.00008, 0.000079, 0.000079, 0.000079, 0.000079, 0.000083, 0.000087, 0.00008, 0.00008}"
