"model_name","layer_name","layer_index","kind","min_time","mean_time","max_time","add_flops","div_flops","cmp_flops","exp_flops","mad_flops","input_channel","input_height","input_width","output_channel","output_height","output_width","function","kernel_1","kernel_2","stride_1","stride_2","dilation_1","dilation_2","input_form","topology_hash","mad/min_time","mad/mean_time","mad/max_time","time"
"SSD-VGG-300 Trained on PASCAL VOC Data","2/width/4",129,"Elementwise",0.000039,0.00004060000000000002,0.00026,0,0,0,0,8732,8732,"","",8732,"","","ScalarFunctionObject[{ScalarSymbol[1]}, ScalarSymbol[2], <|ScalarSymbol[2] -> {Times, 300., ScalarSymbol[1]}|>]","","","","","","","HoldForm[ElementwiseLayer[300*#1 & , ""Input"" -> 8732]]","0b6rqbk5kvzvu",2.238974358974359e8,2.1507389162561566e8,3.358461538461539e7,"{0.00026, 0.000053, 0.000044, 0.000042, 0.000042, 0.000042, 0.000041, 0.00004, 0.00004, 0.00004, 0.00004, 0.00004, 0.00004, 0.00004, 0.00004, 0.000043, 0.00004, 0.000043, 0.00004, 0.000043, 0.00004, 0.00004, 0.000039, 0.000039, 0.00004, 0.00004, 0.000039, 0.00004, 0.000042, 0.000041, 0.00004, 0.00004, 0.000039, 0.000043, 0.00004, 0.000039, 0.000065, 0.000044, 0.000043, 0.000041, 0.00004, 0.000042, 0.00004, 0.000044, 0.000043, 0.00004, 0.000042, 0.00004, 0.000063, 0.000043, 0.00004, 0.000039, 0.000042, 0.000044, 0.000066, 0.000046, 0.000041, 0.000043, 0.00004, 0.00004, 0.000043, 0.000042, 0.00004, 0.00004, 0.000043, 0.00004, 0.000062, 0.000043, 0.000041, 0.000042, 0.00004, 0.000039, 0.000085, 0.000048, 0.000041, 0.00004, 0.00004, 0.00004, 0.00004, 0.000039, 0.000039, 0.00004, 0.000039, 0.00004, 0.000039, 0.00004, 0.00004, 0.000039, 0.000039, 0.00004, 0.000039, 0.000039, 0.00004, 0.000039, 0.000039, 0.000039, 0.00004, 0.00004, 0.000039, 0.000039}"
