"model_name","layer_name","layer_index","kind","min_time","mean_time","max_time","add_flops","div_flops","cmp_flops","exp_flops","mad_flops","input_channel","input_height","input_width","output_channel","output_height","output_width","function","kernel_1","kernel_2","stride_1","stride_2","dilation_1","dilation_2","input_form","topology_hash","mad/min_time","mad/mean_time","mad/max_time","time"
"Ademxapp Model A1 Trained on Cityscapes Data","relu7",136,"Elementwise",0.090673,0.0913772,0.288426,0,0,134217728,0,134217728,4096,128,256,4096,128,256,"Ramp","","","","","","","HoldForm[ElementwiseLayer[Ramp, ""Input"" -> {4096, 128, 256}]]","0r3u069lpv6dn",1.4802391891742857e9,1.4688316998113315e9,4.6534545429330224e8,"{0.288426, 0.090681, 0.09068, 0.090792, 0.090873, 0.090908, 0.091, 0.091692, 0.093304, 0.093249, 0.092314, 0.092068, 0.092435, 0.092059, 0.091739, 0.091188, 0.091433, 0.091433, 0.091691, 0.091456, 0.091467, 0.091861, 0.091608, 0.091373, 0.091066, 0.091211, 0.091189, 0.091867, 0.091489, 0.091605, 0.091589, 0.091973, 0.091106, 0.091165, 0.090916, 0.090673, 0.091129, 0.090941, 0.091009, 0.090806, 0.090962, 0.09115, 0.091148, 0.091032, 0.091288, 0.091164, 0.091771, 0.091627, 0.091637, 0.092104}"
