"model_name","layer_name","layer_index","kind","min_time","mean_time","max_time","add_flops","div_flops","cmp_flops","exp_flops","mad_flops","input_channel","input_height","input_width","output_channel","output_height","output_width","function","kernel_1","kernel_2","stride_1","stride_2","dilation_1","dilation_2","input_form","topology_hash","mad/min_time","mad/mean_time","mad/max_time","time"
"Yahoo Open NSFW Model V1","stage1_block1/relu_branch2a",52,"Elementwise",0.000066,0.00007115000000000006,0.000301,0,0,50176,0,50176,64,28,28,64,28,28,"Ramp","","","","","","","HoldForm[ElementwiseLayer[Ramp, ""Input"" -> {64, 28, 28}]]","1dqwg7f69q53u",7.602424242424241e8,7.052143359100486e8,1.6669767441860464e8,"{0.000301, 0.000084, 0.000077, 0.000075, 0.000074, 0.000073, 0.000073, 0.000073, 0.000074, 0.000074, 0.000073, 0.000073, 0.000074, 0.000073, 0.000074, 0.000073, 0.000072, 0.000073, 0.000073, 0.000072, 0.000073, 0.000073, 0.000072, 0.000072, 0.000073, 0.000073, 0.000073, 0.000073, 0.000072, 0.000073, 0.000073, 0.000099, 0.000076, 0.000073, 0.000073, 0.000073, 0.000073, 0.000076, 0.000074, 0.000074, 0.000074, 0.000075, 0.000073, 0.000073, 0.000073, 0.000073, 0.000073, 0.000073, 0.000088, 0.000074, 0.000073, 0.000073, 0.000072, 0.000072, 0.0001, 0.000074, 0.000069, 0.000067, 0.000068, 0.000067, 0.000067, 0.000067, 0.000068, 0.000068, 0.000068, 0.000077, 0.00007, 0.000067, 0.000067, 0.000067, 0.000067, 0.000066, 0.000067, 0.000068, 0.000066, 0.000067, 0.000067, 0.000066, 0.000067, 0.000067, 0.000068, 0.000067, 0.000067, 0.000066, 0.000068, 0.000104, 0.000078, 0.000068, 0.000068, 0.000068, 0.000067, 0.000069, 0.000067, 0.000067, 0.000068, 0.000067, 0.000067, 0.000068, 0.000067, 0.000067}"
