"model_name","layer_name","layer_index","kind","min_time","mean_time","max_time","add_flops","div_flops","cmp_flops","exp_flops","mad_flops","input_channel","input_height","input_width","output_channel","output_height","output_width","function","kernel_1","kernel_2","stride_1","stride_2","dilation_1","dilation_2","input_form","topology_hash","mad/min_time","mad/mean_time","mad/max_time","time"
"Ademxapp Model A1 Trained on PASCAL VOC2012 and MS-COCO Data","4a/res4a_branch2b1_relu",51,"Elementwise",0.000794,0.0008000833333333334,0.004496,0,0,2032128,0,2032128,512,63,63,512,63,63,"Ramp","","","","","","","HoldForm[ElementwiseLayer[Ramp, ""Input"" -> {512, 63, 63}]]","0bs40dqisfuvt",2.5593551637279596e9,2.5398954275596285e9,4.519857651245552e8,"{0.004496, 0.000873, 0.000798, 0.000825, 0.000812, 0.000796, 0.000798, 0.000794, 0.000796, 0.000797, 0.000794, 0.000796, 0.000795, 0.000822, 0.000804, 0.000804, 0.000801, 0.000799, 0.000804, 0.000802, 0.000799, 0.000798, 0.000804, 0.0008, 0.000795, 0.000795, 0.000821, 0.000867, 0.000817, 0.000799, 0.000805, 0.0008, 0.000827, 0.000801, 0.000798, 0.0008, 0.000798, 0.000825, 0.000799, 0.000797, 0.000798, 0.000799, 0.000825, 0.000802, 0.000799, 0.000798, 0.000798, 0.000825, 0.0008, 0.000798, 0.000798, 0.000798, 0.000822, 0.000798, 0.000796, 0.000806, 0.000799, 0.000823, 0.000798, 0.000798, 0.000797, 0.000797, 0.000823, 0.000798, 0.000804, 0.000798, 0.000797, 0.000822, 0.0008, 0.000799, 0.000802, 0.000798, 0.000833, 0.000805, 0.0008, 0.000797, 0.000798, 0.000823, 0.000798, 0.000797, 0.0008, 0.000796, 0.000823, 0.000799, 0.000798, 0.000797, 0.000798, 0.000824, 0.000799, 0.000797, 0.000797, 0.000796, 0.000823, 0.0008, 0.000798, 0.000796, 0.000797, 0.000823, 0.000797, 0.000798}"
