"model_name","layer_name","layer_index","kind","min_time","mean_time","max_time","add_flops","div_flops","cmp_flops","exp_flops","mad_flops","input_channel","input_height","input_width","output_channel","output_height","output_width","function","kernel_1","kernel_2","stride_1","stride_2","dilation_1","dilation_2","input_form","topology_hash","mad/min_time","mad/mean_time","mad/max_time","time"
"Wolfram ImageIdentify Net V1","3a/relu1x1",14,"Elementwise",0.000056,0.00005643333333333333,0.000083,0,0,46656,0,46656,64,27,27,64,27,27,"Ramp","","","","","","","HoldForm[ElementwiseLayer[Ramp, ""Input"" -> {64, 27, 27}]]","0wqy3gj7f0rgt",8.331428571428572e8,8.267454223272299e8,5.621204819277109e8,"{0.000073, 0.000061, 0.000057, 0.000057, 0.000057, 0.000056, 0.000056, 0.000056, 0.000056, 0.000056, 0.000057, 0.000083, 0.000067, 0.000058, 0.000056, 0.000057, 0.000064, 0.000063, 0.000057, 0.000057, 0.000057, 0.000056, 0.000057, 0.000056, 0.000056, 0.000057, 0.000057, 0.000057, 0.000056, 0.000057, 0.000056, 0.000056, 0.000056, 0.000056, 0.000056, 0.00006, 0.000056, 0.000056, 0.000056, 0.000056, 0.000056, 0.000056, 0.000056, 0.000056, 0.000056, 0.000058, 0.000056, 0.000057, 0.000056, 0.000056}"
