"model_name","layer_name","layer_index","kind","min_time","mean_time","max_time","add_flops","div_flops","cmp_flops","exp_flops","mad_flops","input_channel","input_height","input_width","output_channel","output_height","output_width","function","kernel_1","kernel_2","stride_1","stride_2","dilation_1","dilation_2","input_form","topology_hash","mad/min_time","mad/mean_time","mad/max_time","time"
"Wide ResNet-50-2 Trained on ImageNet Competition Data","12/3",81,"Elementwise",0.000238,0.0002433166666666666,0.001291,0,0,401408,0,401408,512,28,28,512,28,28,"Ramp","","","","","","","HoldForm[ElementwiseLayer[Ramp, ""Input"" -> {512, 28, 28}]]","1dnvsxrgaunmm",1.6865882352941175e9,1.64973491335023e9,3.1092796281951976e8,"{0.001291, 0.000258, 0.000245, 0.000242, 0.000241, 0.000241, 0.000241, 0.000241, 0.00024, 0.000241, 0.00024, 0.000239, 0.000277, 0.000248, 0.000261, 0.000255, 0.000243, 0.000246, 0.000249, 0.000242, 0.00024, 0.00024, 0.000241, 0.00024, 0.000241, 0.000242, 0.000241, 0.000239, 0.00024, 0.000238, 0.00024, 0.000265, 0.000248, 0.000242, 0.000241, 0.00024, 0.000245, 0.000241, 0.000256, 0.000252, 0.000242, 0.00024, 0.000241, 0.00024, 0.00024, 0.00024, 0.00024, 0.000273, 0.000252, 0.000246, 0.000246, 0.000244, 0.000244, 0.00026, 0.00025, 0.000246, 0.000245, 0.000244, 0.000245, 0.000245, 0.000244, 0.000245, 0.000246, 0.000274, 0.000247, 0.000242, 0.000242, 0.00024, 0.000241, 0.00024, 0.000242, 0.000241, 0.00024, 0.00024, 0.00024, 0.00024, 0.000241, 0.00024, 0.00024, 0.000277, 0.000254, 0.000246, 0.000244, 0.000246, 0.000244, 0.000244, 0.000244, 0.000244, 0.000244, 0.000245, 0.000245, 0.000243, 0.000244, 0.000289, 0.00025, 0.000273, 0.000254, 0.000245, 0.000245, 0.000244}"
