"model_name","layer_name","layer_index","kind","min_time","mean_time","max_time","add_flops","div_flops","cmp_flops","exp_flops","mad_flops","input_channel","input_height","input_width","output_channel","output_height","output_width","function","kernel_1","kernel_2","stride_1","stride_2","dilation_1","dilation_2","input_form","topology_hash","mad/min_time","mad/mean_time","mad/max_time","time"
"Squeeze-and-Excitation Net Trained on ImageNet Competition Data","z10/conv4_36_relu",816,"Elementwise",0.000131,0.00013700000000000002,0.00628,0,0,200704,0,200704,1024,14,14,1024,14,14,"Ramp","","","","","","","HoldForm[ElementwiseLayer[Ramp, ""Input"" -> {1024, 14, 14}]]","1k2x5pn4rbhw1",1.532091603053435e9,1.4649927007299266e9,3.195923566878981e7,"{0.00628, 0.000187, 0.000168, 0.000173, 0.000157, 0.000163, 0.000169, 0.000139, 0.000137, 0.000136, 0.000137, 0.000136, 0.000135, 0.000136, 0.000136, 0.000135, 0.000136, 0.000136, 0.000136, 0.000135, 0.000136, 0.000136, 0.000137, 0.000135, 0.000136, 0.000137, 0.000136, 0.000135, 0.000136, 0.000134, 0.000135, 0.000135, 0.000136, 0.000135, 0.000135, 0.000145, 0.000134, 0.000133, 0.000133, 0.000132, 0.000133, 0.000133, 0.000133, 0.000132, 0.000132, 0.000133, 0.000132, 0.000133, 0.000133, 0.000132, 0.000131, 0.000131, 0.000151, 0.000138, 0.000136, 0.000135, 0.000136, 0.000136, 0.000136, 0.000136, 0.000136, 0.000136, 0.000135, 0.000135, 0.000163, 0.00014, 0.000138, 0.000137, 0.000138, 0.000137, 0.000137, 0.000138, 0.000138, 0.000137, 0.000148, 0.00014, 0.000139, 0.000139, 0.000139, 0.000139, 0.00014, 0.00014, 0.00014, 0.000138, 0.000138, 0.000139, 0.000139, 0.000138, 0.00014, 0.00014, 0.000139, 0.000139, 0.000141, 0.000139, 0.00014, 0.00014, 0.000139, 0.000138, 0.000139, 0.000139}"
