"model_name","layer_name","layer_index","kind","min_time","mean_time","max_time","add_flops","div_flops","cmp_flops","exp_flops","mad_flops","input_channel","input_height","input_width","output_channel","output_height","output_width","function","kernel_1","kernel_2","stride_1","stride_2","dilation_1","dilation_2","input_form","topology_hash","mad/min_time","mad/mean_time","mad/max_time","time"
"3D Face Alignment Net Trained on 300W Large Pose Data","15/1/1/1/1/1/2",56,"Elementwise",0.000553,0.0005623499999999999,0.003044,0,0,1048576,0,1048576,256,64,64,256,64,64,"Ramp","","","","","","","HoldForm[ElementwiseLayer[Ramp, ""Input"" -> {256, 64, 64}]]","11v1xlvm83ptf",1.8961591320072334e9,1.8646323464034858e9,3.44473061760841e8,"{0.003044, 0.00062, 0.000558, 0.000558, 0.000556, 0.000557, 0.000555, 0.000585, 0.000566, 0.000554, 0.000555, 0.000578, 0.000562, 0.000555, 0.000587, 0.000573, 0.000564, 0.00056, 0.000558, 0.000558, 0.00056, 0.000602, 0.000566, 0.00056, 0.000557, 0.000561, 0.000555, 0.000559, 0.000605, 0.000568, 0.000557, 0.000553, 0.000557, 0.00056, 0.000561, 0.000586, 0.000567, 0.000559, 0.000558, 0.000557, 0.000557, 0.000558, 0.000587, 0.000568, 0.00056, 0.00056, 0.000566, 0.000566, 0.000559, 0.000587, 0.000566, 0.000565, 0.000565, 0.00056, 0.000557, 0.000559, 0.000588, 0.000582, 0.000565, 0.000557, 0.000561, 0.000556, 0.000558, 0.000587, 0.000571, 0.000573, 0.000565, 0.000558, 0.000558, 0.000564, 0.000596, 0.000566, 0.00056, 0.000559, 0.000557, 0.000556, 0.000555, 0.000587, 0.000569, 0.000561, 0.000559, 0.000559, 0.000566, 0.000564, 0.000588, 0.000566, 0.000574, 0.000571, 0.000563, 0.00056, 0.000556, 0.000587, 0.000568, 0.000559, 0.000557, 0.000562, 0.000557, 0.000561, 0.000589, 0.000566}"
