"model_name","layer_name","layer_index","kind","min_time","mean_time","max_time","add_flops","div_flops","cmp_flops","exp_flops","mad_flops","input_channel","input_height","input_width","output_channel","output_height","output_width","function","kernel_1","kernel_2","stride_1","stride_2","dilation_1","dilation_2","input_form","topology_hash","mad/min_time","mad/mean_time","mad/max_time","time"
"Dilated ResNet-105 Trained on Cityscapes Data","relu45",158,"Elementwise",0.00089,0.0009325000000000001,0.004558,0,0,2097152,0,2097152,256,64,128,256,64,128,"Ramp","","","","","","","HoldForm[ElementwiseLayer[Ramp, ""Input"" -> {256, 64, 128}]]","1dq53uhc5a1i5",2.356350561797753e9,2.248956568364611e9,4.6010355419043434e8,"{0.004558, 0.001056, 0.000952, 0.000924, 0.000913, 0.000894, 0.00089, 0.000894, 0.000903, 0.001019, 0.001056, 0.001118, 0.00113, 0.001231, 0.001209, 0.00108, 0.001033, 0.000941, 0.000944, 0.000924, 0.000915, 0.000928, 0.000932, 0.000909, 0.000908, 0.000913, 0.000903, 0.000929, 0.000901, 0.000902, 0.000908, 0.000926, 0.000921, 0.00091, 0.000903, 0.000929, 0.000904, 0.000897, 0.000903, 0.000905, 0.000937, 0.000963, 0.000961, 0.000958, 0.001024, 0.001094, 0.000942, 0.000904, 0.000928, 0.000904}"
