"model_name","layer_name","layer_index","kind","min_time","mean_time","max_time","add_flops","div_flops","cmp_flops","exp_flops","mad_flops","input_channel","input_height","input_width","output_channel","output_height","output_width","function","kernel_1","kernel_2","stride_1","stride_2","dilation_1","dilation_2","input_form","topology_hash","mad/min_time","mad/mean_time","mad/max_time","time"
"SSD-VGG-512 Trained on MS-COCO Data","1/1/blockNet4/conv1a/2",2,"Elementwise",0.011852,0.012033499999999997,0.036067,0,0,16777216,0,16777216,64,512,512,64,512,512,"Ramp","","","","","","","HoldForm[ElementwiseLayer[Ramp, ""Input"" -> {64, 512, 512}]]","12g2m2371kavg",1.4155599055011814e9,1.3942091660780325e9,4.651680483544514e8,"{0.036067, 0.011962, 0.011985, 0.011994, 0.012017, 0.012012, 0.012054, 0.012052, 0.012054, 0.012023, 0.012116, 0.012016, 0.012061, 0.012062, 0.012131, 0.012115, 0.012129, 0.01202, 0.012086, 0.012081, 0.012258, 0.011967, 0.012085, 0.011948, 0.011895, 0.012049, 0.011853, 0.012063, 0.012036, 0.012068, 0.012113, 0.012003, 0.011859, 0.011862, 0.012065, 0.012157, 0.011888, 0.011971, 0.011852, 0.012072, 0.01208, 0.011855, 0.012042, 0.01206, 0.011932, 0.012054, 0.012112, 0.011903, 0.011865, 0.012049}"
