"model_name","layer_name","layer_index","kind","min_time","mean_time","max_time","add_flops","div_flops","cmp_flops","exp_flops","mad_flops","input_channel","input_height","input_width","output_channel","output_height","output_width","function","kernel_1","kernel_2","stride_1","stride_2","dilation_1","dilation_2","input_form","topology_hash","mad/min_time","mad/mean_time","mad/max_time","time"
"Very Deep Net for Super-Resolution","relu19",36,"Elementwise",0.002669,0.0027888666666666673,0.00932,0,0,4161600,0,4161600,64,255,255,64,255,255,"Ramp","","","","","","","HoldForm[ElementwiseLayer[Ramp, ""Input"" -> {64, 255, 255}]]","0bo1bhvk5siy8",1.559235668789809e9,1.492219061506466e9,4.4652360515021455e8,"{0.00932, 0.002912, 0.002782, 0.002798, 0.002813, 0.002855, 0.002843, 0.002879, 0.002839, 0.002815, 0.002811, 0.002795, 0.002796, 0.002697, 0.002759, 0.002783, 0.002737, 0.002793, 0.002925, 0.002886, 0.002897, 0.002912, 0.002907, 0.002835, 0.002856, 0.002857, 0.002852, 0.002816, 0.002843, 0.002922, 0.00285, 0.002898, 0.002893, 0.002856, 0.002905, 0.002881, 0.002993, 0.002919, 0.00292, 0.002848, 0.00278, 0.002798, 0.002806, 0.002794, 0.002718, 0.002786, 0.002764, 0.002725, 0.002754, 0.002774, 0.002766, 0.002669, 0.002778, 0.002737, 0.002766, 0.002779, 0.002735, 0.002685, 0.002755, 0.002761, 0.002707, 0.002808, 0.002804, 0.002795, 0.002683, 0.002727, 0.002782, 0.002691, 0.002731, 0.002761, 0.002727, 0.002751, 0.002756, 0.002715, 0.002775, 0.002763, 0.002699, 0.002783, 0.002896, 0.002955, 0.002871, 0.002845, 0.002772, 0.002674, 0.002791, 0.002796, 0.002693, 0.002734, 0.002762, 0.002735, 0.002742, 0.002762, 0.002758, 0.002677, 0.002714, 0.002757, 0.00275, 0.002766, 0.002745, 0.002697}"
