"model_name","layer_name","layer_index","kind","min_time","mean_time","max_time","add_flops","div_flops","cmp_flops","exp_flops","mad_flops","input_channel","input_height","input_width","output_channel","output_height","output_width","function","kernel_1","kernel_2","stride_1","stride_2","dilation_1","dilation_2","input_form","topology_hash","mad/min_time","mad/mean_time","mad/max_time","time"
"SqueezeNet V1.1 Trained on ImageNet Competition Data","fire5/relu_expand1x1",30,"Elementwise",0.00009,0.00009158333333333334,0.000467,0,0,100352,0,100352,128,28,28,128,28,28,"Ramp","","","","","","","HoldForm[ElementwiseLayer[Ramp, ""Input"" -> {128, 28, 28}]]","124swtlye8de0",1.1150222222222223e9,1.0957452229299364e9,2.148865096359743e8,"{0.000467, 0.0001, 0.000096, 0.000092, 0.000092, 0.000092, 0.000091, 0.000134, 0.000095, 0.000093, 0.000091, 0.000091, 0.000091, 0.000091, 0.000091, 0.000092, 0.000091, 0.000092, 0.000092, 0.000093, 0.000091, 0.000091, 0.000092, 0.000091, 0.000091, 0.000095, 0.000097, 0.000091, 0.000091, 0.000091, 0.000092, 0.000092, 0.000091, 0.000091, 0.000091, 0.000091, 0.000091, 0.000091, 0.000092, 0.000092, 0.00009, 0.000092, 0.00009, 0.000092, 0.000092, 0.000092, 0.000092, 0.000091, 0.000092, 0.000128, 0.0001, 0.000095, 0.000102, 0.000112, 0.000096, 0.000093, 0.000092, 0.000092, 0.000094, 0.000092, 0.000091, 0.000091, 0.000092, 0.000091, 0.000091, 0.000091, 0.000092, 0.000091, 0.000091, 0.000091, 0.000092, 0.000091, 0.000091, 0.000091, 0.00009, 0.000091, 0.000091, 0.000091, 0.000091, 0.000091, 0.00011, 0.000096, 0.000093, 0.000091, 0.000091, 0.000092, 0.00009, 0.000091, 0.000092, 0.000091, 0.000115, 0.000108, 0.000094, 0.000101, 0.000091, 0.000092, 0.000091, 0.000091, 0.000092, 0.000091}"
