"model_name","layer_name","layer_index","kind","min_time","mean_time","max_time","add_flops","div_flops","cmp_flops","exp_flops","mad_flops","input_channel","input_height","input_width","output_channel","output_height","output_width","function","kernel_1","kernel_2","stride_1","stride_2","dilation_1","dilation_2","input_form","topology_hash","mad/min_time","mad/mean_time","mad/max_time","time"
"2D Face Alignment Net Trained on 300W Large Pose Data","13/1/2/4/1/1/2",704,"Elementwise",0.000149,0.0001524333333333334,0.000723,0,0,262144,0,262144,256,32,32,256,32,32,"Ramp","","","","","","","HoldForm[ElementwiseLayer[Ramp, ""Input"" -> {256, 32, 32}]]","1052g0k2c9ny2",1.7593557046979866e9,1.7197288432101457e9,3.6257814661134166e8,"{0.000723, 0.00016, 0.000154, 0.000152, 0.000151, 0.000152, 0.000151, 0.00015, 0.00015, 0.000151, 0.000151, 0.000152, 0.000151, 0.00015, 0.00015, 0.000151, 0.000176, 0.000157, 0.000151, 0.000151, 0.00015, 0.00015, 0.000158, 0.000151, 0.000151, 0.000176, 0.000154, 0.000151, 0.00015, 0.000153, 0.00015, 0.000151, 0.000151, 0.000151, 0.000151, 0.00015, 0.00015, 0.00015, 0.000151, 0.00015, 0.000151, 0.00015, 0.000173, 0.000154, 0.000152, 0.000151, 0.000156, 0.000151, 0.00015, 0.00015, 0.000151, 0.000151, 0.00015, 0.000193, 0.000153, 0.000151, 0.00015, 0.00015, 0.00015, 0.00015, 0.00015, 0.00015, 0.000151, 0.00015, 0.00015, 0.00015, 0.000149, 0.00015, 0.000178, 0.00016, 0.000162, 0.000156, 0.000154, 0.000154, 0.000155, 0.000155, 0.000155, 0.000155, 0.000155, 0.000155, 0.000154, 0.000154, 0.000155, 0.000155, 0.000155, 0.000154, 0.000155, 0.000155, 0.000155, 0.000155, 0.000156, 0.000155, 0.000155, 0.000168, 0.000158, 0.000155, 0.000154, 0.000155, 0.000154, 0.000154}"
