"model_name","layer_name","layer_index","kind","min_time","mean_time","max_time","add_flops","div_flops","cmp_flops","exp_flops","mad_flops","input_channel","input_height","input_width","output_channel","output_height","output_width","function","kernel_1","kernel_2","stride_1","stride_2","dilation_1","dilation_2","input_form","topology_hash","mad/min_time","mad/mean_time","mad/max_time","time"
"Multi-scale Context Aggregation Net Trained on Cityscapes Data","relu3_3",16,"Elementwise",0.02088,0.021032033333333342,0.063649,0,0,29593600,0,29593600,256,340,340,256,340,340,"Ramp","","","","","","","HoldForm[ElementwiseLayer[Ramp, ""Input"" -> {256, 340, 340}]]","1h09nau7o5rz0",1.4173180076628354e9,1.4070727033842022e9,4.649499599365269e8,"{0.063649, 0.020905, 0.02096, 0.021023, 0.021132, 0.021082, 0.020946, 0.02101, 0.02112, 0.021002, 0.021093, 0.021024, 0.020906, 0.020996, 0.021007, 0.021032, 0.02089, 0.020929, 0.020957, 0.021209, 0.021024, 0.021012, 0.020968, 0.021022, 0.021112, 0.021176, 0.020988, 0.021062, 0.02088, 0.020947, 0.020944, 0.021066, 0.020909, 0.021177, 0.021354, 0.021309, 0.021117, 0.020938, 0.021262, 0.020989, 0.021112, 0.020933, 0.021162, 0.020972, 0.020884, 0.020929, 0.021101, 0.02117, 0.021141, 0.021245}"
