"model_name","layer_name","layer_index","kind","min_time","mean_time","max_time","add_flops","div_flops","cmp_flops","exp_flops","mad_flops","input_channel","input_height","input_width","output_channel","output_height","output_width","function","kernel_1","kernel_2","stride_1","stride_2","dilation_1","dilation_2","input_form","topology_hash","mad/min_time","mad/mean_time","mad/max_time","time"
"Inception V1 Trained on ImageNet Competition Data","loss3_classifier",146,"Linear",0.000167,0.00016978333333333328,0.004091,0,0,0,0,1024000,1024,"","",1000,"","","","","","","","","","HoldForm[LinearLayer[{1000}, ""Input"" -> 1024]]","1sn75t6yxhfw4",6.131736526946108e9,6.0312162560125675e9,2.5030554876558298e8,"{0.004091, 0.000192, 0.000196, 0.000182, 0.000174, 0.000171, 0.000171, 0.00017, 0.000171, 0.00017, 0.00017, 0.000169, 0.000168, 0.0002, 0.000177, 0.00017, 0.00017, 0.00017, 0.000169, 0.00017, 0.000169, 0.000171, 0.000169, 0.000169, 0.00017, 0.000169, 0.000169, 0.000181, 0.000174, 0.00017, 0.00017, 0.00017, 0.00017, 0.000169, 0.000169, 0.000226, 0.000184, 0.000171, 0.000169, 0.000169, 0.000169, 0.000169, 0.000168, 0.000169, 0.00017, 0.000169, 0.000169, 0.000173, 0.00017, 0.000169, 0.000169, 0.000169, 0.000169, 0.000168, 0.000169, 0.000168, 0.000171, 0.000168, 0.000202, 0.000198, 0.000179, 0.00017, 0.00017, 0.000176, 0.000173, 0.00017, 0.000169, 0.000174, 0.000169, 0.000169, 0.000168, 0.000168, 0.00017, 0.000169, 0.000169, 0.000168, 0.000173, 0.000169, 0.00017, 0.000167, 0.000169, 0.000206, 0.000175, 0.000169, 0.000169, 0.00017, 0.000168, 0.000168, 0.000168, 0.000169, 0.000169, 0.000169, 0.000221, 0.000177, 0.00017, 0.00017, 0.000167, 0.00017, 0.000169, 0.000168}"
