"model_name","layer_name","layer_index","kind","min_time","mean_time","max_time","add_flops","div_flops","cmp_flops","exp_flops","mad_flops","input_channel","input_height","input_width","output_channel","output_height","output_width","function","kernel_1","kernel_2","stride_1","stride_2","dilation_1","dilation_2","input_form","topology_hash","mad/min_time","mad/mean_time","mad/max_time","time"
"Squeeze-and-Excitation Net Trained on ImageNet Competition Data","z4/conv4_30_1x1_down",707,"Linear",0.000064,0.00006623333333333334,0.000104,0,0,0,0,65536,1024,"","",64,"","","","","","","","","","HoldForm[LinearLayer[{64}, ""Input"" -> 1024]]","0g4vmp1vvggav",1.024e9,9.894715651736286e8,6.301538461538461e8,"{0.000104, 0.000072, 0.000067, 0.000068, 0.000067, 0.000066, 0.000068, 0.000067, 0.000067, 0.000064, 0.000067, 0.000066, 0.000068, 0.000068, 0.000065, 0.000065, 0.000068, 0.000065, 0.000066, 0.000065, 0.000064, 0.000066, 0.000067, 0.000065, 0.000064, 0.000066, 0.000066, 0.000065, 0.000067, 0.000066, 0.000065, 0.000064, 0.000067, 0.000066, 0.000066, 0.000067, 0.000065, 0.000065, 0.000066, 0.000067, 0.000065, 0.000068, 0.000066, 0.000065, 0.000067, 0.000066, 0.000064, 0.000097, 0.000079, 0.000074}"
