"model_name","layer_name","layer_index","kind","min_time","mean_time","max_time","add_flops","div_flops","cmp_flops","exp_flops","mad_flops","input_channel","input_height","input_width","output_channel","output_height","output_width","function","kernel_1","kernel_2","stride_1","stride_2","dilation_1","dilation_2","input_form","topology_hash","mad/min_time","mad/mean_time","mad/max_time","time"
"Squeeze-and-Excitation Net Trained on ImageNet Competition Data","3h/conv3_8_1x1_down",195,"Linear",0.000055,0.00005656666666666664,0.000105,0,0,0,0,16384,512,"","",32,"","","","","","","","","","HoldForm[LinearLayer[{32}, ""Input"" -> 512]]","1t6gmc2e6yg8j",2.9789090909090906e8,2.896405421331763e8,1.5603809523809522e8,"{0.000105, 0.000065, 0.000058, 0.000059, 0.000059, 0.000056, 0.000058, 0.000056, 0.00006, 0.000058, 0.000057, 0.000055, 0.000056, 0.000056, 0.000058, 0.000057, 0.000056, 0.000055, 0.000055, 0.000056, 0.000056, 0.000056, 0.000056, 0.000056, 0.000056, 0.000056, 0.000055, 0.000056, 0.000055, 0.000056, 0.000055, 0.000056, 0.000076, 0.000063, 0.000057, 0.000056, 0.000056, 0.000056, 0.000057, 0.000067, 0.000065, 0.000058, 0.000057, 0.000055, 0.000056, 0.000057, 0.000056, 0.000055, 0.000058, 0.000057}"
