"model_name","layer_name","layer_index","kind","min_time","mean_time","max_time","add_flops","div_flops","cmp_flops","exp_flops","mad_flops","input_channel","input_height","input_width","output_channel","output_height","output_width","function","kernel_1","kernel_2","stride_1","stride_2","dilation_1","dilation_2","input_form","topology_hash","mad/min_time","mad/mean_time","mad/max_time","time"
"Pix2pix Street-Map-to-Photo Translation","46",48,"Normalization",0.027935,0.028410249999999995,0.029464,524288,1048576,0,524288,1048576,128,64,64,128,64,64,"","","","","","","","HoldForm[NormalizationLayer[""Input"" -> {128, 64, 64}]]","1950fsgqwr5of",3.753628065151244e7,3.6908369338530995e7,3.558837903882704e7,"{0.029464, 0.02815, 0.028514, 0.028498, 0.028476, 0.028248, 0.028436, 0.028037, 0.028479, 0.028482, 0.028211, 0.028338, 0.028531, 0.028133, 0.028474, 0.028461, 0.028465, 0.028264, 0.028393, 0.028167, 0.028469, 0.02848, 0.028326, 0.028471, 0.02842, 0.028267, 0.028474, 0.028479, 0.028522, 0.02814, 0.028087, 0.028419, 0.028496, 0.027972, 0.028485, 0.028379, 0.028134, 0.028464, 0.028481, 0.028446, 0.028461, 0.028183, 0.028341, 0.028526, 0.028491, 0.028283, 0.028521, 0.028351, 0.028169, 0.02849, 0.028487, 0.028481, 0.027988, 0.028451, 0.028074, 0.028465, 0.028506, 0.028478, 0.028509, 0.028498, 0.028196, 0.028487, 0.028521, 0.028498, 0.028223, 0.028498, 0.0283, 0.028469, 0.028476, 0.028478, 0.028502, 0.028238, 0.028408, 0.028514, 0.028254, 0.028433, 0.027935, 0.028296, 0.028439, 0.028516, 0.02821, 0.028532, 0.028143, 0.027998, 0.028508, 0.028543, 0.028377, 0.028241, 0.028283, 0.028244, 0.028484, 0.028487, 0.028431, 0.028524, 0.028504, 0.028205, 0.028518, 0.02854, 0.028222, 0.028175}"
