"model_name","layer_name","layer_index","kind","min_time","mean_time","max_time","add_flops","div_flops","cmp_flops","exp_flops","mad_flops","input_channel","input_height","input_width","output_channel","output_height","output_width","function","kernel_1","kernel_2","stride_1","stride_2","dilation_1","dilation_2","input_form","topology_hash","mad/min_time","mad/mean_time","mad/max_time","time"
"Pix2pix Photo-to-Street-Map Translation","8",20,"Normalization",0.000182,0.0001918333333333334,0.000425,2048,4096,0,2048,4096,512,2,2,512,2,2,"","","","","","","","HoldForm[NormalizationLayer[""Input"" -> {512, 2, 2}]]","0w2ndgj59vfxh",2.2505494505494505e7,2.135186794092093e7,9.63764705882353e6,"{0.000425, 0.000193, 0.000186, 0.000185, 0.000184, 0.000184, 0.000183, 0.000183, 0.000188, 0.000187, 0.000183, 0.000182, 0.000182, 0.000183, 0.000183, 0.000183, 0.000183, 0.000182, 0.000198, 0.000233, 0.000201, 0.000192, 0.000191, 0.000191, 0.000193, 0.000191, 0.000192, 0.000192, 0.000193, 0.00019, 0.00019, 0.000191, 0.00019, 0.00019, 0.000192, 0.00019, 0.00019, 0.00019, 0.000191, 0.000211, 0.000208, 0.000186, 0.000186, 0.000184, 0.000184, 0.000196, 0.000191, 0.00019, 0.00019, 0.000206, 0.000192, 0.000191, 0.00019, 0.00019, 0.00019, 0.00019, 0.000189, 0.000189, 0.00019, 0.00019, 0.000211, 0.000197, 0.00019, 0.000188, 0.000211, 0.000217, 0.0002, 0.000197, 0.000194, 0.000212, 0.00021, 0.000199, 0.000193, 0.000193, 0.000193, 0.000193, 0.000193, 0.000194, 0.000193, 0.000193, 0.000203, 0.000195, 0.000194, 0.000194, 0.000193, 0.000193, 0.000194, 0.000193, 0.000193, 0.000194, 0.000194, 0.000194, 0.000199, 0.000193, 0.000192, 0.000193, 0.000194, 0.000193, 0.000193, 0.000197}"
