"model_name","layer_name","layer_index","kind","min_time","mean_time","max_time","add_flops","div_flops","cmp_flops","exp_flops","mad_flops","input_channel","input_height","input_width","output_channel","output_height","output_width","function","kernel_1","kernel_2","stride_1","stride_2","dilation_1","dilation_2","input_form","topology_hash","mad/min_time","mad/mean_time","mad/max_time","time"
"Inception V1 Trained on Extended Salient Object Subitizing Data","inception_4b/pool",67,"Pooling",0.000927,0.0009705833333333331,0.001297,0,0,903168,0,0,512,14,14,512,14,14,"Max",3,3,1,1,"","","HoldForm[PoolingLayer[{3, 3}, {1, 1}, ""PaddingSize"" -> {{1, 1}, {1, 1}}, ""Input"" -> {512, 14, 14}]]","0276xckoe9z27",0.,0.,0.,"{0.001297, 0.000933, 0.000949, 0.000971, 0.00098, 0.00096, 0.000976, 0.000998, 0.000953, 0.000973, 0.000954, 0.000984, 0.000962, 0.000979, 0.000975, 0.000991, 0.000964, 0.00096, 0.000956, 0.00098, 0.000995, 0.000963, 0.000961, 0.000982, 0.001009, 0.000966, 0.000963, 0.000962, 0.000995, 0.000995, 0.000966, 0.000957, 0.000994, 0.000972, 0.000962, 0.000945, 0.001016, 0.000955, 0.000927, 0.000929, 0.000962, 0.000935, 0.000973, 0.000935, 0.000982, 0.000953, 0.000966, 0.000958, 0.000992, 0.000963, 0.000989, 0.000964, 0.000994, 0.000965, 0.00098, 0.000962, 0.000973, 0.000975, 0.00096, 0.000958, 0.000957, 0.000994, 0.000965, 0.000959, 0.000959, 0.001023, 0.000983, 0.000958, 0.000957, 0.00099, 0.000964, 0.000965, 0.000963, 0.000989, 0.000965, 0.000986, 0.000976, 0.00099, 0.000964, 0.000959, 0.000958, 0.000994, 0.000968, 0.000958, 0.000957, 0.00099, 0.000984, 0.000975, 0.000978, 0.000995, 0.000967, 0.000961, 0.000984, 0.001, 0.000975, 0.000967, 0.000993, 0.001016, 0.000966, 0.000993}"
