"model_name","layer_name","layer_index","kind","min_time","mean_time","max_time","add_flops","div_flops","cmp_flops","exp_flops","mad_flops","input_channel","input_height","input_width","output_channel","output_height","output_width","function","kernel_1","kernel_2","stride_1","stride_2","dilation_1","dilation_2","input_form","topology_hash","mad/min_time","mad/mean_time","mad/max_time","time"
"ResNet-101 Trained on YFCC100m Geotagged Data","pooling0",5,"Pooling",0.003215,0.0033396499999999996,0.004072,0,0,1806336,0,0,64,112,112,64,56,56,"Max",3,3,2,2,"","","HoldForm[PoolingLayer[{3, 3}, {2, 2}, ""PaddingSize"" -> {{1, 1}, {1, 1}}, ""Input"" -> {64, 112, 112}]]","14s4zgbvpmsn0",0.,0.,0.,"{0.004072, 0.003393, 0.003354, 0.003343, 0.003387, 0.003361, 0.003321, 0.003332, 0.003341, 0.003341, 0.003372, 0.003259, 0.003336, 0.003383, 0.003355, 0.00335, 0.003347, 0.003344, 0.003315, 0.003339, 0.003277, 0.003233, 0.00324, 0.00329, 0.003236, 0.003358, 0.003336, 0.003351, 0.003363, 0.003325, 0.003324, 0.00335, 0.00334, 0.003343, 0.003343, 0.003242, 0.003282, 0.003359, 0.003362, 0.003352, 0.003347, 0.003326, 0.003327, 0.003359, 0.003344, 0.003371, 0.003345, 0.003345, 0.003319, 0.003337, 0.003347, 0.003356, 0.00334, 0.003355, 0.003322, 0.003344, 0.003346, 0.003348, 0.003343, 0.003342, 0.003241, 0.00329, 0.003311, 0.003339, 0.003342, 0.00337, 0.003333, 0.003338, 0.003352, 0.003339, 0.00334, 0.003324, 0.003215, 0.003232, 0.00329, 0.003351, 0.003344, 0.003333, 0.003346, 0.003344, 0.003337, 0.003345, 0.003345, 0.003272, 0.003283, 0.003252, 0.003239, 0.003303, 0.003362, 0.003315, 0.003372, 0.003362, 0.003341, 0.003347, 0.003347, 0.003307, 0.003333, 0.003366, 0.00334, 0.003358}"
