"model_name","layer_name","layer_index","kind","min_time","mean_time","max_time","add_flops","div_flops","cmp_flops","exp_flops","mad_flops","input_channel","input_height","input_width","output_channel","output_height","output_width","function","kernel_1","kernel_2","stride_1","stride_2","dilation_1","dilation_2","input_form","topology_hash","mad/min_time","mad/mean_time","mad/max_time","time"
"OpenFace Face Recognition Net Trained on CASIA-WebFace and FaceScrub Data","26/4",171,"Replicate",0.000057,0.0000579666666666666,0.000239,0,0,0,0,0,"","","",128,"","","","","","","","","","HoldForm[ReplicateLayer[{Automatic}, ""Input"" -> ""Real""]]","0f5vizlc3vy2f",0.,0.,0.,"{0.000239, 0.000069, 0.000063, 0.00006, 0.000072, 0.000061, 0.000059, 0.000058, 0.00006, 0.000058, 0.000058, 0.000058, 0.000057, 0.000057, 0.000058, 0.000057, 0.000058, 0.000058, 0.000058, 0.000057, 0.000058, 0.000058, 0.000058, 0.000057, 0.000057, 0.000058, 0.000058, 0.000059, 0.000058, 0.000058, 0.000066, 0.000061, 0.000058, 0.000058, 0.00006, 0.000058, 0.000058, 0.000058, 0.000058, 0.000058, 0.000057, 0.000057, 0.000057, 0.000058, 0.000058, 0.000057, 0.000057, 0.000057, 0.000057, 0.000058, 0.000058, 0.000057, 0.000057, 0.000058, 0.000058, 0.000058, 0.000058, 0.000058, 0.000058, 0.000058, 0.000058, 0.000057, 0.000058, 0.000058, 0.000057, 0.000058, 0.000058, 0.000058, 0.000058, 0.000058, 0.000058, 0.000058, 0.000059, 0.000058, 0.000058, 0.000057, 0.000057, 0.000057, 0.000057, 0.000058, 0.000059, 0.000057, 0.000059, 0.000065, 0.000058, 0.000058, 0.000058, 0.000058, 0.000058, 0.000058, 0.000058, 0.000058, 0.000058, 0.000058, 0.000058, 0.000058, 0.000063, 0.00006, 0.000059, 0.00006}"
