"model_name","layer_name","layer_index","kind","min_time","mean_time","max_time","add_flops","div_flops","cmp_flops","exp_flops","mad_flops","input_channel","input_height","input_width","output_channel","output_height","output_width","function","kernel_1","kernel_2","stride_1","stride_2","dilation_1","dilation_2","input_form","topology_hash","mad/min_time","mad/mean_time","mad/max_time","time"
"Squeeze-and-Excitation Net Trained on ImageNet Competition Data","z5/conv4_31_scale_expand1",728,"Replicate",0.006237,0.006260133333333332,0.006765,0,0,0,0,0,1024,"","",1024,14,14,"","","","","","","","HoldForm[ReplicateLayer[{14, 14}, 2, ""Input"" -> 1024]]","0cdq5bjfjaeti",0.,0.,0.,"{0.006765, 0.006289, 0.006251, 0.006259, 0.006269, 0.006262, 0.006269, 0.006281, 0.006266, 0.006242, 0.006265, 0.006252, 0.006247, 0.00627, 0.006238, 0.006278, 0.006248, 0.006262, 0.006265, 0.006237, 0.006267, 0.006255, 0.006252, 0.006267, 0.006277, 0.006241, 0.006246, 0.006256, 0.006256, 0.006271, 0.006242, 0.00628, 0.006246, 0.006267, 0.006281, 0.006244, 0.00627, 0.006255, 0.006259, 0.006272, 0.006264, 0.006268, 0.00625, 0.006258, 0.006249, 0.006268, 0.006244, 0.006277, 0.006255, 0.006249, 0.00628, 0.006242, 0.006283, 0.00624, 0.00626, 0.006274, 0.006263, 0.006267, 0.006246, 0.006261, 0.006246, 0.006265, 0.00625, 0.006277, 0.006262, 0.006247, 0.006264, 0.006248, 0.006262, 0.006238, 0.006259, 0.006275, 0.006247, 0.006262, 0.006238, 0.00626, 0.006245, 0.00626, 0.006241, 0.00629, 0.006256, 0.006256, 0.00626, 0.006262, 0.006272, 0.006242, 0.00627, 0.006274, 0.006261, 0.00627, 0.00624, 0.00627, 0.006254, 0.006258, 0.006278, 0.006254, 0.006272, 0.006254, 0.006281, 0.00628}"
