"model_name","layer_name","layer_index","kind","min_time","mean_time","max_time","add_flops","div_flops","cmp_flops","exp_flops","mad_flops","input_channel","input_height","input_width","output_channel","output_height","output_width","function","kernel_1","kernel_2","stride_1","stride_2","dilation_1","dilation_2","input_form","topology_hash","mad/min_time","mad/mean_time","mad/max_time","time"
"SSD-VGG-300 Trained on PASCAL VOC Data","1/1/multiboxLayer3/multiboxLocs/reshape",95,"Reshape",0.000041,0.000042533333333333335,0.000215,0,0,0,0,0,24,10,10,6,4,10,"","","","","","","","HoldForm[ReshapeLayer[{6, 4, 10, 10}, ""Input"" -> {24, 10, 10}]]","0af3bwp9u4joh",0.,0.,0.,"{0.000215, 0.000054, 0.000047, 0.000045, 0.000044, 0.000045, 0.000044, 0.000044, 0.000044, 0.000043, 0.000043, 0.000043, 0.000043, 0.000043, 0.000043, 0.000043, 0.000043, 0.000042, 0.000043, 0.000042, 0.000042, 0.000042, 0.000043, 0.000042, 0.000043, 0.000043, 0.000043, 0.000042, 0.000042, 0.000072, 0.000042, 0.000043, 0.000093, 0.000048, 0.000043, 0.000043, 0.000043, 0.000044, 0.000042, 0.000043, 0.000043, 0.000043, 0.000043, 0.000042, 0.000044, 0.000042, 0.000042, 0.000043, 0.000042, 0.000042, 0.000043, 0.000043, 0.000043, 0.000042, 0.000043, 0.000043, 0.000042, 0.000043, 0.000042, 0.000042, 0.000042, 0.000042, 0.000043, 0.000042, 0.000042, 0.000043, 0.000042, 0.000042, 0.000042, 0.000043, 0.000043, 0.000042, 0.000042, 0.000041, 0.000042, 0.000042, 0.000042, 0.000042, 0.000042, 0.000042, 0.000042, 0.000042, 0.000042, 0.000042, 0.000042, 0.000043, 0.000043, 0.000043, 0.000043, 0.000043, 0.000041, 0.000042, 0.000042, 0.000042, 0.000042, 0.000042, 0.000042, 0.000042, 0.000043, 0.000042}"
