"model_name","layer_name","layer_index","kind","min_time","mean_time","max_time","add_flops","div_flops","cmp_flops","exp_flops","mad_flops","input_channel","input_height","input_width","output_channel","output_height","output_width","function","kernel_1","kernel_2","stride_1","stride_2","dilation_1","dilation_2","input_form","topology_hash","mad/min_time","mad/mean_time","mad/max_time","time"
"Multi-scale Context Aggregation Net Trained on CamVid Data","prob",53,"Softmax",0.001459,0.0015149166666666666,0.001809,66066,66066,0,66066,0,66,91,11,66,91,11,"","","","","","","","HoldForm[SoftmaxLayer[""Input"" -> {66, 91, 11}]]","0vgg6w222edv2",0.,0.,0.,"{0.001809, 0.001514, 0.001507, 0.001539, 0.001515, 0.001543, 0.001517, 0.001511, 0.001539, 0.00151, 0.001475, 0.00149, 0.001465, 0.001488, 0.001491, 0.001467, 0.001491, 0.001491, 0.001501, 0.001488, 0.00152, 0.001536, 0.001533, 0.001516, 0.001538, 0.001511, 0.001522, 0.001541, 0.001512, 0.001547, 0.001548, 0.001514, 0.00154, 0.001515, 0.001541, 0.001515, 0.001514, 0.001538, 0.001512, 0.00151, 0.001538, 0.001512, 0.001537, 0.001491, 0.001464, 0.001491, 0.001465, 0.001498, 0.001538, 0.001514, 0.001553, 0.001512, 0.00151, 0.001536, 0.001512, 0.001512, 0.001515, 0.001509, 0.00154, 0.001511, 0.001509, 0.001545, 0.001511, 0.001537, 0.001465, 0.001463, 0.001499, 0.00149, 0.001484, 0.001492, 0.001464, 0.001475, 0.00146, 0.001459, 0.001515, 0.001511, 0.001511, 0.001547, 0.001493, 0.001528, 0.001514, 0.00153, 0.001556, 0.001536, 0.001511, 0.001548, 0.001513, 0.001537, 0.001511, 0.001512, 0.001538, 0.001511, 0.001509, 0.00151, 0.00151, 0.001541, 0.001513, 0.00151, 0.001537, 0.001513}"
