"model_name","layer_name","layer_index","kind","min_time","mean_time","max_time","add_flops","div_flops","cmp_flops","exp_flops","mad_flops","input_channel","input_height","input_width","output_channel","output_height","output_width","function","kernel_1","kernel_2","stride_1","stride_2","dilation_1","dilation_2","input_form","topology_hash","mad/min_time","mad/mean_time","mad/max_time","time"
"Squeeze-and-Excitation Net Trained on ImageNet Competition Data","4n/conv4_14_scale",440,"Threading",0.000128,0.00012943333333333327,0.000484,0,0,0,0,401408,1024,14,14,1024,14,14,"Times","","","","","","","HoldForm[ThreadingLayer[Times, ""Inputs"" -> {{1024, 14, 14}, {1024, 14, 14}}]]","0pjdpb3japuu1",3.136e9,3.101272212207058e9,8.293553719008265e8,"{0.000484, 0.000134, 0.000131, 0.000129, 0.000129, 0.00013, 0.000129, 0.000128, 0.000128, 0.000155, 0.000129, 0.000128, 0.000168, 0.000139, 0.00013, 0.000149, 0.000135, 0.000133, 0.000129, 0.000129, 0.000129, 0.000128, 0.000129, 0.000128, 0.000128, 0.000129, 0.000129, 0.000129, 0.000129, 0.000128, 0.000129, 0.00013, 0.000143, 0.000129, 0.000129, 0.000129, 0.000129, 0.000129, 0.00013, 0.000129, 0.000129, 0.000129, 0.000166, 0.000139, 0.000131, 0.000129, 0.000129, 0.000129, 0.000129, 0.00013}"
