"model_name","layer_name","layer_index","kind","min_time","mean_time","max_time","add_flops","div_flops","cmp_flops","exp_flops","mad_flops","input_channel","input_height","input_width","output_channel","output_height","output_width","function","kernel_1","kernel_2","stride_1","stride_2","dilation_1","dilation_2","input_form","topology_hash","mad/min_time","mad/mean_time","mad/max_time","time"
"Squeeze-and-Excitation Net Trained on ImageNet Competition Data","4k/conv4_11_scale",389,"Threading",0.000136,0.00013823333333333335,0.000486,0,0,0,0,401408,1024,14,14,1024,14,14,"Times","","","","","","","HoldForm[ThreadingLayer[Times, ""Inputs"" -> {{1024, 14, 14}, {1024, 14, 14}}]]","0pjdpb3japuu1",2.951529411764706e9,2.903843742464432e9,8.259423868312758e8,"{0.000486, 0.000155, 0.00014, 0.000139, 0.000139, 0.000138, 0.000139, 0.000138, 0.000138, 0.00014, 0.000139, 0.000137, 0.000138, 0.000137, 0.000137, 0.000137, 0.000138, 0.000138, 0.000159, 0.000153, 0.000145, 0.000139, 0.000139, 0.000139, 0.000138, 0.000138, 0.000138, 0.000138, 0.000138, 0.000138, 0.000138, 0.000138, 0.000138, 0.000137, 0.000138, 0.000138, 0.000137, 0.000138, 0.000139, 0.000137, 0.000138, 0.000138, 0.000138, 0.000137, 0.000137, 0.000138, 0.000151, 0.000146, 0.000138, 0.000136}"
