"model_name","layer_name","layer_index","kind","min_time","mean_time","max_time","add_flops","div_flops","cmp_flops","exp_flops","mad_flops","input_channel","input_height","input_width","output_channel","output_height","output_width","function","kernel_1","kernel_2","stride_1","stride_2","dilation_1","dilation_2","input_form","topology_hash","mad/min_time","mad/mean_time","mad/max_time","time"
"Squeeze-and-Excitation Net Trained on ImageNet Competition Data","2a/conv2_1_scale",28,"Threading",0.000484,0.00048680000000000007,0.00187,0,0,0,0,1605632,256,56,56,256,56,56,"Times","","","","","","","HoldForm[ThreadingLayer[Times, ""Inputs"" -> {{256, 56, 56}, {256, 56, 56}}]]","1sxo8swiqpdkx",3.317421487603306e9,3.298340180772391e9,8.586267379679145e8,"{0.00187, 0.000514, 0.000525, 0.000489, 0.000484, 0.000484, 0.000485, 0.000498, 0.000491, 0.000485, 0.00052, 0.000488, 0.000487, 0.000487, 0.000485, 0.000485, 0.000485, 0.000485, 0.000506, 0.000489, 0.000488, 0.000486, 0.000485, 0.000486, 0.000485, 0.000486, 0.000492, 0.000486, 0.000487, 0.000499, 0.000487, 0.000487, 0.000487, 0.000486, 0.000486, 0.00049, 0.000488, 0.000487, 0.000485, 0.000486, 0.000485, 0.000488, 0.000487, 0.000508, 0.000486, 0.000486, 0.000484, 0.000485, 0.000487, 0.000487}"
