"model_name","layer_name","layer_index","kind","min_time","mean_time","max_time","add_flops","div_flops","cmp_flops","exp_flops","mad_flops","input_channel","input_height","input_width","output_channel","output_height","output_width","function","kernel_1","kernel_2","stride_1","stride_2","dilation_1","dilation_2","input_form","topology_hash","mad/min_time","mad/mean_time","mad/max_time","time"
"Ademxapp Model A1 Trained on Cityscapes Data","7a/7a_plus",134,"Threading",0.13158,0.13193933333333333,0.398022,268435456,0,0,0,0,4096,128,256,4096,128,256,"Plus","","","","","","","HoldForm[ThreadingLayer[Plus, ""Inputs"" -> {{4096, 128, 256}, {4096, 128, 256}}]]","0c2hhut1rqdpu",0.,0.,0.,"{0.398022, 0.132942, 0.132436, 0.13183, 0.131831, 0.131754, 0.131767, 0.131635, 0.13158, 0.131649, 0.131689, 0.132622, 0.132654, 0.132696, 0.133018, 0.132526, 0.131978, 0.132024, 0.131918, 0.132268, 0.132063, 0.13189, 0.131894, 0.131793, 0.13176, 0.131934, 0.131848, 0.131748, 0.131911, 0.131878, 0.131855, 0.131779, 0.131881, 0.131853, 0.131976, 0.131753, 0.131855, 0.131741, 0.131794, 0.13175, 0.132179, 0.13232, 0.131946, 0.131807, 0.131663, 0.131913, 0.131836, 0.13195, 0.131933, 0.131887, 0.13185, 0.131988, 0.131908, 0.13193, 0.132201, 0.132493, 0.131858, 0.133048, 0.132451, 0.131961, 0.131773, 0.13191, 0.131931, 0.131913, 0.131935, 0.1319, 0.132035, 0.132233, 0.132337, 0.132008, 0.132945, 0.132301, 0.131919, 0.131781, 0.131708, 0.131637, 0.13165, 0.131784, 0.131871, 0.131828, 0.132546, 0.132471, 0.131909, 0.132981, 0.132266, 0.131808, 0.131817, 0.131895, 0.131782, 0.131931, 0.131928, 0.131799, 0.131767, 0.132473, 0.132343, 0.132156, 0.132997, 0.132299, 0.131657, 0.13165}"
