"model_name","layer_name","layer_index","kind","min_time","mean_time","max_time","add_flops","div_flops","cmp_flops","exp_flops","mad_flops","input_channel","input_height","input_width","output_channel","output_height","output_width","function","kernel_1","kernel_2","stride_1","stride_2","dilation_1","dilation_2","input_form","topology_hash","mad/min_time","mad/mean_time","mad/max_time","time"
"Wide ResNet-50-2 Trained on ImageNet Competition Data","11/9",77,"Total",0.000517,0.0005268833333333335,0.001626,401408,0,0,0,0,512,28,28,512,28,28,"","","","","","","","HoldForm[TotalLayer[""Inputs"" -> {{512, 28, 28}, {512, 28, 28}}]]","0wp65i2cnvhy6",0.,0.,0.,"{0.001626, 0.000537, 0.000522, 0.000525, 0.000527, 0.00052, 0.000517, 0.000552, 0.000535, 0.000531, 0.00053, 0.000525, 0.000525, 0.000525, 0.000559, 0.000532, 0.000524, 0.000533, 0.000529, 0.000524, 0.000525, 0.000524, 0.000557, 0.000534, 0.000524, 0.000524, 0.000525, 0.000525, 0.00053, 0.000558, 0.000531, 0.000526, 0.000525, 0.000524, 0.000522, 0.000524, 0.000527, 0.000555, 0.000529, 0.000523, 0.000522, 0.000531, 0.000527, 0.000523, 0.000554, 0.00053, 0.000523, 0.000529, 0.000527, 0.000524, 0.000523, 0.000523, 0.000549, 0.000529, 0.000527, 0.000529, 0.000528, 0.000525, 0.000524, 0.000527, 0.000536, 0.00053, 0.000527, 0.000526, 0.000524, 0.000521, 0.000529, 0.000565, 0.000528, 0.000527, 0.000525, 0.000525, 0.000524, 0.000528, 0.000529, 0.000533, 0.000529, 0.000524, 0.000524, 0.000529, 0.000536, 0.000527, 0.000555, 0.000534, 0.000523, 0.00053, 0.00053, 0.000523, 0.000521, 0.000522, 0.000528, 0.000529, 0.000525, 0.000524, 0.000524, 0.000521, 0.000522, 0.000552, 0.00053, 0.000525}"
