"model_name","layer_name","layer_index","kind","min_time","mean_time","max_time","add_flops","div_flops","cmp_flops","exp_flops","mad_flops","input_channel","input_height","input_width","output_channel","output_height","output_width","function","kernel_1","kernel_2","stride_1","stride_2","dilation_1","dilation_2","input_form","topology_hash","mad/min_time","mad/mean_time","mad/max_time","time"
"3D Face Alignment Net Trained on 300W Large Pose Data","11/6/1/3",37,"Total",0.000392,0.0003987666666666667,0.001581,524288,0,0,0,0,128,64,64,128,64,64,"","","","","","","","HoldForm[TotalLayer[""Inputs"" -> {{128, 64, 64}, {128, 64, 64}}]]","1u1wha1dgv2gf",0.,0.,0.,"{0.001581, 0.000414, 0.000435, 0.000408, 0.000404, 0.000402, 0.000401, 0.000402, 0.000402, 0.000435, 0.000417, 0.000395, 0.000394, 0.000393, 0.000395, 0.000394, 0.000392, 0.000392, 0.000392, 0.000428, 0.00046, 0.000401, 0.0004, 0.0004, 0.000397, 0.000397, 0.000397, 0.000427, 0.000411, 0.000398, 0.000394, 0.000392, 0.000394, 0.000393, 0.000393, 0.000393, 0.000392, 0.000392, 0.000392, 0.000431, 0.000397, 0.000397, 0.000396, 0.000397, 0.000396, 0.000433, 0.000397, 0.000396, 0.000432, 0.000399, 0.000399, 0.000397, 0.000424, 0.000396, 0.000397, 0.000397, 0.000395, 0.000396, 0.00043, 0.000399, 0.000397, 0.000396, 0.000395, 0.000396, 0.000417, 0.000395, 0.000396, 0.000398, 0.000433, 0.0004, 0.000436, 0.000397, 0.000396, 0.000396, 0.000396, 0.000397, 0.000397, 0.000415, 0.000427, 0.000396, 0.000394, 0.000393, 0.000393, 0.000418, 0.000402, 0.000399, 0.000398, 0.000397, 0.000437, 0.000399, 0.000397, 0.000397, 0.000397, 0.000397, 0.000398, 0.000435, 0.000397, 0.0004, 0.000428, 0.0004}"
