"model_name","layer_name","layer_index","kind","min_time","mean_time","max_time","add_flops","div_flops","cmp_flops","exp_flops","mad_flops","input_channel","input_height","input_width","output_channel","output_height","output_width","function","kernel_1","kernel_2","stride_1","stride_2","dilation_1","dilation_2","input_form","topology_hash","mad/min_time","mad/mean_time","mad/max_time","time"
"Yahoo Open NSFW Model V1","stage2_block5/eltwise_stage2_block5",140,"Total",0.000159,0.00016403333333333335,0.000569,100352,0,0,0,0,512,14,14,512,14,14,"","","","","","","","HoldForm[TotalLayer[""Inputs"" -> {{512, 14, 14}, {512, 14, 14}}]]","1fhbzb29jfpiy",0.,0.,0.,"{0.000569, 0.000179, 0.000169, 0.000166, 0.000165, 0.000164, 0.000164, 0.000163, 0.000163, 0.000163, 0.000164, 0.000164, 0.000175, 0.000175, 0.000166, 0.000165, 0.000163, 0.000163, 0.000163, 0.000163, 0.000164, 0.000163, 0.000164, 0.000162, 0.000162, 0.000163, 0.000164, 0.000165, 0.000164, 0.000163, 0.000164, 0.00017, 0.000177, 0.000169, 0.000168, 0.000165, 0.000166, 0.000176, 0.000169, 0.000164, 0.000164, 0.000164, 0.000164, 0.000163, 0.000165, 0.000164, 0.000164, 0.000163, 0.000163, 0.000163, 0.000164, 0.000163, 0.000164, 0.000163, 0.000163, 0.000165, 0.000164, 0.000163, 0.000164, 0.000163, 0.000167, 0.000168, 0.000162, 0.00016, 0.00016, 0.00016, 0.000159, 0.00016, 0.00016, 0.000159, 0.00016, 0.000161, 0.000182, 0.000168, 0.000165, 0.000163, 0.000164, 0.000163, 0.000164, 0.000163, 0.000164, 0.000163, 0.000162, 0.000164, 0.000179, 0.000175, 0.000165, 0.000163, 0.000163, 0.000164, 0.000164, 0.000164, 0.000169, 0.000175, 0.000171, 0.000165, 0.000163, 0.000162, 0.000169, 0.000169}"
