"model_name","layer_name","layer_index","kind","min_time","mean_time","max_time","add_flops","div_flops","cmp_flops","exp_flops","mad_flops","input_channel","input_height","input_width","output_channel","output_height","output_width","function","kernel_1","kernel_2","stride_1","stride_2","dilation_1","dilation_2","input_form","topology_hash","mad/min_time","mad/mean_time","mad/max_time","time"
"ResNet-101 Trained on ImageNet Competition Data","3b1/res3b1",58,"Total",0.000518,0.0005402333333333333,0.001631,401408,0,0,0,0,512,28,28,512,28,28,"","","","","","","","HoldForm[TotalLayer[""Inputs"" -> {{512, 28, 28}, {512, 28, 28}}]]","0wp65i2cnvhy6",0.,0.,0.,"{0.001631, 0.000545, 0.000538, 0.000538, 0.000568, 0.000545, 0.000539, 0.000535, 0.000544, 0.000533, 0.000534, 0.000573, 0.000546, 0.000539, 0.000533, 0.000535, 0.00054, 0.000547, 0.000585, 0.000544, 0.000543, 0.000543, 0.000541, 0.000537, 0.000541, 0.000537, 0.00057, 0.000543, 0.000538, 0.000537, 0.000538, 0.000538, 0.000536, 0.000566, 0.000541, 0.000585, 0.000542, 0.000537, 0.000538, 0.000544, 0.00057, 0.000542, 0.00054, 0.000542, 0.000535, 0.000536, 0.000535, 0.000538, 0.000538, 0.000541, 0.000537, 0.000538, 0.000538, 0.000538, 0.000543, 0.000572, 0.000542, 0.000542, 0.000541, 0.000543, 0.000539, 0.000542, 0.000572, 0.000543, 0.000538, 0.00054, 0.000539, 0.000538, 0.000537, 0.000538, 0.000539, 0.000547, 0.000551, 0.000543, 0.000547, 0.00052, 0.000525, 0.000549, 0.000526, 0.000523, 0.000518, 0.000518, 0.00052, 0.000535, 0.000539, 0.000543, 0.000543, 0.000539, 0.000542, 0.000543, 0.000542, 0.000525, 0.000585, 0.000538, 0.000537, 0.00054, 0.000541, 0.000536, 0.00056, 0.00057}"
