"model_name","layer_name","layer_index","kind","min_time","mean_time","max_time","add_flops","div_flops","cmp_flops","exp_flops","mad_flops","input_channel","input_height","input_width","output_channel","output_height","output_width","function","kernel_1","kernel_2","stride_1","stride_2","dilation_1","dilation_2","input_form","topology_hash","mad/min_time","mad/mean_time","mad/max_time","time"
"Squeeze-and-Excitation Net Trained on ImageNet Competition Data","4v/conv4_22_global_pool",570,"Aggregation",0.003812,0.003858583333333336,0.004088,200704,200704,0,0,0,1024,14,14,1024,"","","Mean","","","","","","","HoldForm[AggregationLayer[Mean, ""Input"" -> {1024, 14, 14}]]","03xx1wy2c8bth",0.,0.,0.,"{0.004088, 0.003837, 0.003857, 0.003847, 0.003868, 0.003858, 0.003867, 0.003864, 0.003858, 0.003867, 0.003853, 0.003861, 0.003876, 0.003858, 0.003845, 0.00387, 0.003856, 0.00386, 0.003854, 0.003854, 0.003835, 0.003826, 0.003836, 0.003857, 0.003857, 0.003862, 0.003845, 0.003853, 0.003852, 0.003855, 0.003863, 0.003848, 0.003864, 0.003867, 0.00386, 0.003849, 0.003868, 0.00387, 0.003863, 0.003854, 0.003856, 0.003867, 0.003854, 0.003841, 0.003864, 0.003855, 0.003868, 0.003842, 0.003819, 0.003846, 0.00387, 0.003869, 0.003854, 0.003862, 0.003866, 0.003864, 0.003842, 0.003865, 0.003867, 0.003869, 0.003851, 0.003853, 0.003862, 0.003863, 0.003857, 0.003862, 0.003856, 0.003857, 0.003858, 0.003841, 0.003863, 0.003855, 0.00386, 0.003846, 0.003851, 0.003871, 0.003857, 0.003812, 0.003887, 0.003877, 0.003858, 0.003844, 0.003854, 0.003863, 0.00386, 0.003846, 0.003872, 0.00385, 0.003867, 0.003866, 0.00384, 0.003866, 0.003861, 0.003863, 0.00385, 0.003864, 0.003865, 0.003861, 0.003849, 0.003869}"
