"model_name","layer_name","layer_index","kind","min_time","mean_time","max_time","add_flops","div_flops","cmp_flops","exp_flops","mad_flops","input_channel","input_height","input_width","output_channel","output_height","output_width","function","kernel_1","kernel_2","stride_1","stride_2","dilation_1","dilation_2","input_form","topology_hash","mad/min_time","mad/mean_time","mad/max_time","time"
"Squeeze-and-Excitation Net Trained on ImageNet Competition Data","z10/conv4_36_global_pool",808,"Aggregation",0.003806,0.003829666666666667,0.006342,200704,200704,0,0,0,1024,14,14,1024,"","","Mean","","","","","","","HoldForm[AggregationLayer[Mean, ""Input"" -> {1024, 14, 14}]]","03xx1wy2c8bth",0.,0.,0.,"{0.006342, 0.006106, 0.006083, 0.006084, 0.004834, 0.003867, 0.003832, 0.00382, 0.00382, 0.003822, 0.003823, 0.003823, 0.003824, 0.003825, 0.003863, 0.003833, 0.003829, 0.003828, 0.003806, 0.003819, 0.00382, 0.003819, 0.003821, 0.00385, 0.003833, 0.003828, 0.003827, 0.003846, 0.003829, 0.003824, 0.003826, 0.003826, 0.003852, 0.003829, 0.003825, 0.003829, 0.003827, 0.003825, 0.003826, 0.003826, 0.003846, 0.00383, 0.003807, 0.003826, 0.003824, 0.003825, 0.003826, 0.003825, 0.003826, 0.003826, 0.003846, 0.003829, 0.003827, 0.00385, 0.003877, 0.003823, 0.00383, 0.003827, 0.003856, 0.003831, 0.003825, 0.003824, 0.003824, 0.003825, 0.003826, 0.003809, 0.003828, 0.003848, 0.003829, 0.003826, 0.003827, 0.003824, 0.003826, 0.003826, 0.003827, 0.003831, 0.003849, 0.003832, 0.003848, 0.00385, 0.003835, 0.003829, 0.00383, 0.003828, 0.00384, 0.003867, 0.003841, 0.003834, 0.003831, 0.003843, 0.003824, 0.003828, 0.003835, 0.003858, 0.003851, 0.003836, 0.003833, 0.003826, 0.003831, 0.003829}"
