"model_name","layer_name","layer_index","kind","min_time","mean_time","max_time","add_flops","div_flops","cmp_flops","exp_flops","mad_flops","input_channel","input_height","input_width","output_channel","output_height","output_width","function","kernel_1","kernel_2","stride_1","stride_2","dilation_1","dilation_2","input_form","topology_hash","mad/min_time","mad/mean_time","mad/max_time","time"
"Single-Image Depth Perception Net Trained on NYU Depth V2 Data","4/1/2/1/4/2",493,"BatchNormalization",0.00316,0.0032316333333333347,0.011065,4915200,4915200,0,0,0,64,240,320,64,240,320,"","","","","","","","HoldForm[BatchNormalizationLayer[""Momentum"" -> 0.1, ""Epsilon"" -> 0.00001, ""Input"" -> {64, 240, 320}]]","0w153pn8tbf0f",0.,0.,0.,"{0.011065, 0.003317, 0.003268, 0.003273, 0.003275, 0.003215, 0.003258, 0.003258, 0.003236, 0.003228, 0.003194, 0.003249, 0.003223, 0.00324, 0.003238, 0.00321, 0.003221, 0.003254, 0.003255, 0.003234, 0.003199, 0.003195, 0.003255, 0.003234, 0.003269, 0.003245, 0.003207, 0.003251, 0.003247, 0.003257, 0.003248, 0.003209, 0.003275, 0.003244, 0.003244, 0.003229, 0.003252, 0.003206, 0.00324, 0.003226, 0.003231, 0.003267, 0.003221, 0.003221, 0.003237, 0.003218, 0.003244, 0.003193, 0.003223, 0.003256, 0.003235, 0.003251, 0.003196, 0.003224, 0.003253, 0.003239, 0.003264, 0.003233, 0.003184, 0.003225, 0.003206, 0.003194, 0.003217, 0.003189, 0.003194, 0.003198, 0.003222, 0.003187, 0.003175, 0.003254, 0.003202, 0.003223, 0.003207, 0.00316, 0.003236, 0.003219, 0.003221, 0.003217, 0.00321, 0.003241, 0.003233, 0.003254, 0.003231, 0.003171, 0.003264, 0.003306, 0.003223, 0.003224, 0.003211, 0.003194, 0.003243, 0.003269, 0.003218, 0.003258, 0.003199, 0.003234, 0.00325, 0.00325, 0.003235, 0.003199}"
