"model_name","layer_name","layer_index","kind","min_time","mean_time","max_time","add_flops","div_flops","cmp_flops","exp_flops","mad_flops","input_channel","input_height","input_width","output_channel","output_height","output_width","function","kernel_1","kernel_2","stride_1","stride_2","dilation_1","dilation_2","input_form","topology_hash","mad/min_time","mad/mean_time","mad/max_time","time"
"Ademxapp Model A Trained on ImageNet Competition Data","3b2/bn3b2_branch2b1",44,"BatchNormalization",0.000661,0.0007086166666666666,0.005022,1638400,1638400,0,0,0,256,80,80,256,80,80,"","","","","","","","HoldForm[BatchNormalizationLayer[""Epsilon"" -> 0.00001001, ""Input"" -> {256, 80, 80}]]","1lo2yhhwq63b1",0.,0.,0.,"{0.005022, 0.001113, 0.00101, 0.001033, 0.001005, 0.001002, 0.001004, 0.001038, 0.001012, 0.001011, 0.001005, 0.00101, 0.001009, 0.00101, 0.001008, 0.001011, 0.001011, 0.00101, 0.001049, 0.001022, 0.001018, 0.00101, 0.001062, 0.000856, 0.000696, 0.000664, 0.000672, 0.000673, 0.000714, 0.000676, 0.000665, 0.000661, 0.00068, 0.000671, 0.000703, 0.000669, 0.000682, 0.000676, 0.000672, 0.000695, 0.000721, 0.000678, 0.000679, 0.000666, 0.000667, 0.000716, 0.00069, 0.000676, 0.000675, 0.000718, 0.000664, 0.000727, 0.000691, 0.00072, 0.000681, 0.000687, 0.000678, 0.000738, 0.000681, 0.00067, 0.000671, 0.000674, 0.000687, 0.00074, 0.000696, 0.000679, 0.000672, 0.000672, 0.000747, 0.000678, 0.000683, 0.000675, 0.000666, 0.000663, 0.000705, 0.000672, 0.000668, 0.000679, 0.000677, 0.000666, 0.000701, 0.000671, 0.000669, 0.000693, 0.000672, 0.000674, 0.000718, 0.000669, 0.000664, 0.000664, 0.000665, 0.000666, 0.00071, 0.000667, 0.000678, 0.000681, 0.000667, 0.00067, 0.000733, 0.000676}"
