"model_name","layer_name","layer_index","kind","min_time","mean_time","max_time","add_flops","div_flops","cmp_flops","exp_flops","mad_flops","input_channel","input_height","input_width","output_channel","output_height","output_width","function","kernel_1","kernel_2","stride_1","stride_2","dilation_1","dilation_2","input_form","topology_hash","mad/min_time","mad/mean_time","mad/max_time","time"
"Dilated ResNet-105 Trained on Cityscapes Data","batchnorm94",310,"BatchNormalization",0.000909,0.001003066666666667,0.004978,2097152,2097152,0,0,0,256,64,128,256,64,128,"","","","","","","","HoldForm[BatchNormalizationLayer[""Momentum"" -> 0.899999976158, ""Epsilon"" -> 9.99999974738*^-6, ""Input"" -> {256, 64, 128}]]","0fxm7hdzsmkvo",0.,0.,0.,"{0.004978, 0.00133, 0.001145, 0.001027, 0.000991, 0.001033, 0.001039, 0.000995, 0.000973, 0.001023, 0.001051, 0.001029, 0.001002, 0.001054, 0.001023, 0.001015, 0.000959, 0.000935, 0.000957, 0.000975, 0.000978, 0.001043, 0.000991, 0.000985, 0.000982, 0.001022, 0.001042, 0.001011, 0.000996, 0.00103, 0.00098, 0.000941, 0.000955, 0.001017, 0.001121, 0.00117, 0.001036, 0.001064, 0.001004, 0.000981, 0.000962, 0.001031, 0.001092, 0.001008, 0.00098, 0.001002, 0.000924, 0.000917, 0.000909, 0.000964, 0.000979, 0.000929, 0.000953, 0.001009, 0.001039, 0.001062, 0.001022, 0.001101, 0.001089, 0.001079, 0.00105, 0.001007, 0.000924, 0.000909, 0.000918, 0.001022, 0.001004, 0.000981, 0.000962, 0.001021, 0.000985, 0.000965, 0.000948, 0.001043, 0.001093, 0.001099, 0.001093, 0.001181, 0.001126, 0.001034, 0.001012, 0.00101, 0.001006, 0.001028, 0.00106, 0.00101, 0.000952, 0.000963, 0.001015, 0.000969, 0.00094, 0.000946, 0.000984, 0.000977, 0.000973, 0.000977, 0.000988, 0.000968, 0.000954, 0.000985}"
