"model_name","layer_name","layer_index","kind","min_time","mean_time","max_time","add_flops","div_flops","cmp_flops","exp_flops","mad_flops","input_channel","input_height","input_width","output_channel","output_height","output_width","function","kernel_1","kernel_2","stride_1","stride_2","dilation_1","dilation_2","input_form","topology_hash","mad/min_time","mad/mean_time","mad/max_time","time"
"ResNet-152 Trained on ImageNet Competition Data","4b32/bn4b32_branch2c",449,"BatchNormalization",0.000136,0.000137,0.000644,200704,200704,0,0,0,1024,14,14,1024,14,14,"","","","","","","","HoldForm[BatchNormalizationLayer[""Epsilon"" -> 0.0001, ""Input"" -> {1024, 14, 14}]]","0ahx35973mdro",0.,0.,0.,"{0.000644, 0.000147, 0.000141, 0.000138, 0.000138, 0.000137, 0.000137, 0.000151, 0.000146, 0.000138, 0.000138, 0.000137, 0.000137, 0.000137, 0.000136, 0.000137, 0.000137, 0.000136, 0.000137, 0.000137, 0.000137, 0.000136, 0.000137, 0.000138, 0.000137, 0.000137, 0.000136, 0.000138, 0.000136, 0.000137, 0.000137, 0.000137, 0.000136, 0.000137, 0.000137, 0.000136, 0.000164, 0.000144, 0.000137, 0.000137, 0.000137, 0.000137, 0.000137, 0.000137, 0.000137, 0.000137, 0.000137, 0.000137, 0.000137, 0.000137, 0.000137, 0.000137, 0.000137, 0.000137, 0.000136, 0.000138, 0.000137, 0.000137, 0.000136, 0.000137, 0.000136, 0.000137, 0.000137, 0.000137, 0.000137, 0.000172, 0.000138, 0.000137, 0.000136, 0.000137, 0.000137, 0.000136, 0.000137, 0.000136, 0.000137, 0.000136, 0.000137, 0.000137, 0.000137, 0.000137, 0.000137, 0.000136, 0.000137, 0.000137, 0.000137, 0.000137, 0.000137, 0.000136, 0.000137, 0.000136, 0.000137, 0.000137, 0.000136, 0.000142, 0.000142, 0.000137, 0.000137, 0.000137, 0.000136, 0.000136}"
