"model_name","layer_name","layer_index","kind","min_time","mean_time","max_time","add_flops","div_flops","cmp_flops","exp_flops","mad_flops","input_channel","input_height","input_width","output_channel","output_height","output_width","function","kernel_1","kernel_2","stride_1","stride_2","dilation_1","dilation_2","input_form","topology_hash","mad/min_time","mad/mean_time","mad/max_time","time"
"Ademxapp Model A Trained on ImageNet Competition Data","4b1/bn4b1_branch2b1",60,"BatchNormalization",0.000351,0.00035896666666666675,0.002029,819200,819200,0,0,0,512,40,40,512,40,40,"","","","","","","","HoldForm[BatchNormalizationLayer[""Epsilon"" -> 0.00001001, ""Input"" -> {512, 40, 40}]]","037wwar0ua6oh",0.,0.,0.,"{0.002029, 0.000386, 0.000358, 0.000355, 0.000355, 0.000355, 0.000355, 0.000353, 0.000376, 0.000359, 0.000352, 0.000352, 0.000351, 0.000351, 0.000369, 0.00036, 0.000358, 0.000356, 0.000359, 0.000401, 0.000366, 0.000357, 0.000358, 0.000357, 0.000359, 0.000358, 0.000356, 0.000354, 0.000354, 0.000356, 0.00038, 0.000363, 0.000355, 0.000354, 0.000355, 0.000353, 0.000354, 0.000353, 0.000358, 0.000357, 0.000355, 0.000409, 0.000372, 0.000364, 0.000359, 0.000358, 0.000359, 0.00038, 0.000359, 0.000358, 0.000359, 0.00036, 0.000373, 0.000358, 0.000359, 0.00036, 0.000359, 0.00036, 0.000359, 0.000359, 0.000358, 0.000361, 0.00036, 0.000377, 0.000359, 0.000359, 0.000359, 0.000359, 0.000359, 0.000369, 0.000369, 0.000361, 0.00036, 0.000361, 0.000389, 0.000362, 0.00036, 0.000359, 0.000361, 0.000359, 0.000359, 0.000358, 0.000359, 0.000358, 0.000361, 0.000375, 0.000359, 0.000358, 0.000359, 0.000358, 0.00036, 0.000358, 0.000358, 0.000358, 0.000358, 0.000358, 0.000375, 0.000364, 0.000367, 0.000359}"
