"model_name","layer_name","layer_index","kind","min_time","mean_time","max_time","add_flops","div_flops","cmp_flops","exp_flops","mad_flops","input_channel","input_height","input_width","output_channel","output_height","output_width","function","kernel_1","kernel_2","stride_1","stride_2","dilation_1","dilation_2","input_form","topology_hash","mad/min_time","mad/mean_time","mad/max_time","time"
"Ademxapp Model A Trained on ImageNet Competition Data","4b2/bn4b2_branch2b1",67,"BatchNormalization",0.000379,0.000484,0.002747,819200,819200,0,0,0,512,40,40,512,40,40,"","","","","","","","HoldForm[BatchNormalizationLayer[""Epsilon"" -> 0.00001001, ""Input"" -> {512, 40, 40}]]","037wwar0ua6oh",0.,0.,0.,"{0.002747, 0.000594, 0.000547, 0.000543, 0.000542, 0.000582, 0.00055, 0.000539, 0.000537, 0.000539, 0.000539, 0.000538, 0.000538, 0.00058, 0.000551, 0.00054, 0.000538, 0.000539, 0.000539, 0.00054, 0.000582, 0.000551, 0.000542, 0.00054, 0.000545, 0.000544, 0.000538, 0.000584, 0.000555, 0.000545, 0.000542, 0.000543, 0.000544, 0.000542, 0.000545, 0.000556, 0.000545, 0.000542, 0.000543, 0.000542, 0.000544, 0.000543, 0.000584, 0.00055, 0.00054, 0.000541, 0.000541, 0.000542, 0.00054, 0.000581, 0.000549, 0.000544, 0.000542, 0.000542, 0.000541, 0.000541, 0.000602, 0.000483, 0.000386, 0.000385, 0.000382, 0.000382, 0.0004, 0.000381, 0.000379, 0.00038, 0.000414, 0.000381, 0.00038, 0.000379, 0.00038, 0.000381, 0.00038, 0.000379, 0.00038, 0.000379, 0.000382, 0.000404, 0.000379, 0.000379, 0.00038, 0.000384, 0.000381, 0.000379, 0.00038, 0.000379, 0.000379, 0.000414, 0.000382, 0.00038, 0.00038, 0.000379, 0.000379, 0.000379, 0.00038, 0.000379, 0.000379, 0.000417, 0.000381, 0.000381}"
