"model_name","layer_name","layer_index","kind","min_time","mean_time","max_time","add_flops","div_flops","cmp_flops","exp_flops","mad_flops","input_channel","input_height","input_width","output_channel","output_height","output_width","function","kernel_1","kernel_2","stride_1","stride_2","dilation_1","dilation_2","input_form","topology_hash","mad/min_time","mad/mean_time","mad/max_time","time"
"OpenFace Face Recognition Net Trained on CASIA-WebFace and FaceScrub Data","18/2/2",117,"BatchNormalization",0.000059,0.00006023333333333339,0.000228,2304,2304,0,0,0,64,6,6,64,6,6,"","","","","","","","HoldForm[BatchNormalizationLayer[""Momentum"" -> 0.1, ""Epsilon"" -> 0.00001, ""Input"" -> {64, 6, 6}]]","1i1nghhay2wym",0.,0.,0.,"{0.000228, 0.000072, 0.000065, 0.000062, 0.000062, 0.000061, 0.000061, 0.00006, 0.000061, 0.000061, 0.000061, 0.000061, 0.000061, 0.000061, 0.000061, 0.000061, 0.00006, 0.00006, 0.000091, 0.000069, 0.000061, 0.000061, 0.000061, 0.000061, 0.00006, 0.00006, 0.000061, 0.00006, 0.00006, 0.000061, 0.00006, 0.00006, 0.00006, 0.00006, 0.00006, 0.00006, 0.000059, 0.00006, 0.00006, 0.000061, 0.00006, 0.00006, 0.000059, 0.00006, 0.00006, 0.00006, 0.000059, 0.000061, 0.000061, 0.000061, 0.00006, 0.00006, 0.000059, 0.000059, 0.000059, 0.00006, 0.00006, 0.00006, 0.00006, 0.000059, 0.00006, 0.000059, 0.000059, 0.00006, 0.000059, 0.00006, 0.00006, 0.00006, 0.00006, 0.00006, 0.000059, 0.00006, 0.000061, 0.00006, 0.00006, 0.000059, 0.00006, 0.00006, 0.000059, 0.00006, 0.00006, 0.000063, 0.000087, 0.000062, 0.00006, 0.000061, 0.00006, 0.000061, 0.000061, 0.00006, 0.00006, 0.00006, 0.00006, 0.00006, 0.00006, 0.00006, 0.00006, 0.00006, 0.00006, 0.00006}"
