"model_name","layer_name","layer_index","kind","min_time","mean_time","max_time","add_flops","div_flops","cmp_flops","exp_flops","mad_flops","input_channel","input_height","input_width","output_channel","output_height","output_width","function","kernel_1","kernel_2","stride_1","stride_2","dilation_1","dilation_2","input_form","topology_hash","mad/min_time","mad/mean_time","mad/max_time","time"
"Dilated ResNet-38 Trained on Cityscapes Data","batchnorm9",30,"BatchNormalization",0.000925,0.0009877166666666666,0.004907,2097152,2097152,0,0,0,64,128,256,64,128,256,"","","","","","","","HoldForm[BatchNormalizationLayer[""Momentum"" -> 0.899999976158, ""Epsilon"" -> 9.99999974738*^-6, ""Input"" -> {64, 128, 256}]]","14o62j9h8yjvk",0.,0.,0.,"{0.004907, 0.001453, 0.001105, 0.001053, 0.001116, 0.001004, 0.000952, 0.000986, 0.001, 0.000967, 0.000981, 0.001, 0.001022, 0.000967, 0.000942, 0.000925, 0.000964, 0.000988, 0.001005, 0.000993, 0.001023, 0.001013, 0.000987, 0.001013, 0.001077, 0.001069, 0.001025, 0.000996, 0.00104, 0.000978, 0.000952, 0.000974, 0.001045, 0.000984, 0.000945, 0.000957, 0.001002, 0.000972, 0.000981, 0.000967, 0.000991, 0.000937, 0.000939, 0.000982, 0.001005, 0.00102, 0.000997, 0.000993, 0.001031, 0.001001, 0.000987, 0.000982, 0.001005, 0.000984, 0.000996, 0.000976, 0.001017, 0.000976, 0.000974, 0.000979, 0.001009, 0.000996, 0.000979, 0.000961, 0.001006, 0.000966, 0.000996, 0.000999, 0.00103, 0.000987, 0.000973, 0.000972, 0.001014, 0.000982, 0.000983, 0.000978, 0.000993, 0.000975, 0.000971, 0.000983, 0.001045, 0.000977, 0.000959, 0.000933, 0.000946, 0.000986, 0.000963, 0.000983, 0.00095, 0.00099, 0.000982, 0.000984, 0.001, 0.001036, 0.000969, 0.000952, 0.000959, 0.000979, 0.000987, 0.001005}"
