"model_name","layer_name","layer_index","kind","min_time","mean_time","max_time","add_flops","div_flops","cmp_flops","exp_flops","mad_flops","input_channel","input_height","input_width","output_channel","output_height","output_width","function","kernel_1","kernel_2","stride_1","stride_2","dilation_1","dilation_2","input_form","topology_hash","mad/min_time","mad/mean_time","mad/max_time","time"
"ResNet-101 Trained on ImageNet Competition Data","5a/bn5a_branch2a",315,"BatchNormalization",0.000057,0.00006059999999999995,0.00028,25088,25088,0,0,0,512,7,7,512,7,7,"","","","","","","","HoldForm[BatchNormalizationLayer[""Epsilon"" -> 0.0001, ""Input"" -> {512, 7, 7}]]","1k43yw5nijm17",0.,0.,0.,"{0.00028, 0.00007, 0.000061, 0.000059, 0.000058, 0.000057, 0.000057, 0.000057, 0.000057, 0.000057, 0.000087, 0.000063, 0.000058, 0.000058, 0.000058, 0.000091, 0.000084, 0.000066, 0.000062, 0.000062, 0.000061, 0.000061, 0.00006, 0.00006, 0.000061, 0.00006, 0.000061, 0.00006, 0.00006, 0.000061, 0.00006, 0.000061, 0.00006, 0.000061, 0.00006, 0.000061, 0.00006, 0.00006, 0.00006, 0.00006, 0.000061, 0.00006, 0.000061, 0.00006, 0.000061, 0.00006, 0.000061, 0.000062, 0.00006, 0.000061, 0.00006, 0.000061, 0.00006, 0.00006, 0.000061, 0.00006, 0.000061, 0.00006, 0.000061, 0.000061, 0.00006, 0.000061, 0.00006, 0.000061, 0.000061, 0.000061, 0.000061, 0.00006, 0.000061, 0.00006, 0.000061, 0.000061, 0.000067, 0.000074, 0.000063, 0.000061, 0.000061, 0.00006, 0.000061, 0.000061, 0.00006, 0.000061, 0.000061, 0.00006, 0.000061, 0.000061, 0.00006, 0.00006, 0.000061, 0.000061, 0.00006, 0.000061, 0.000061, 0.00006, 0.000062, 0.000061, 0.00006, 0.000061, 0.00006, 0.000061}"
