"model_name","layer_name","layer_index","kind","min_time","mean_time","max_time","add_flops","div_flops","cmp_flops","exp_flops","mad_flops","input_channel","input_height","input_width","output_channel","output_height","output_width","function","kernel_1","kernel_2","stride_1","stride_2","dilation_1","dilation_2","input_form","topology_hash","mad/min_time","mad/mean_time","mad/max_time","time"
"Ademxapp Model A1 Trained on PASCAL VOC2012 and MS-COCO Data","5a/bn5a_branch2b1",93,"BatchNormalization",0.00084,0.0008459499999999997,0.00471,2032128,2032128,0,0,0,512,63,63,512,63,63,"","","","","","","","HoldForm[BatchNormalizationLayer[""Epsilon"" -> 0.00001001, ""Input"" -> {512, 63, 63}]]","07ii0bj6crfqt",0.,0.,0.,"{0.00471, 0.000905, 0.000844, 0.000842, 0.000841, 0.000866, 0.000844, 0.000842, 0.00084, 0.00084, 0.000883, 0.000848, 0.000841, 0.00084, 0.000861, 0.000846, 0.000843, 0.000875, 0.000843, 0.000864, 0.000845, 0.000843, 0.000845, 0.000845, 0.000864, 0.000846, 0.000843, 0.000843, 0.000866, 0.000848, 0.000844, 0.000842, 0.000842, 0.000863, 0.00086, 0.000847, 0.000842, 0.000843, 0.000863, 0.000844, 0.000842, 0.000844, 0.000842, 0.000844, 0.000843, 0.000842, 0.000846, 0.000867, 0.000846, 0.000843, 0.000843, 0.000842, 0.000866, 0.000846, 0.000844, 0.000843, 0.000843, 0.000878, 0.00085, 0.000851, 0.000847, 0.000867, 0.000846, 0.000843, 0.000845, 0.000842, 0.000865, 0.000845, 0.000843, 0.000844, 0.000846, 0.000866, 0.000845, 0.000843, 0.000843, 0.000867, 0.000848, 0.000843, 0.000843, 0.000842, 0.000863, 0.000852, 0.000847, 0.000843, 0.000843, 0.000862, 0.000845, 0.000842, 0.000845, 0.000842, 0.000845, 0.000843, 0.000842, 0.000847, 0.000876, 0.000846, 0.000842, 0.000861, 0.000843, 0.000863}"
