"model_name","layer_name","layer_index","kind","min_time","mean_time","max_time","add_flops","div_flops","cmp_flops","exp_flops","mad_flops","input_channel","input_height","input_width","output_channel","output_height","output_width","function","kernel_1","kernel_2","stride_1","stride_2","dilation_1","dilation_2","input_form","topology_hash","mad/min_time","mad/mean_time","mad/max_time","time"
"Dilated ResNet-105 Trained on Cityscapes Data","batchnorm87",287,"BatchNormalization",0.001096,0.0012049833333333333,0.006347,2097152,2097152,0,0,0,256,64,128,256,64,128,"","","","","","","","HoldForm[BatchNormalizationLayer[""Momentum"" -> 0.899999976158, ""Epsilon"" -> 9.99999974738*^-6, ""Input"" -> {256, 64, 128}]]","0fxm7hdzsmkvo",0.,0.,0.,"{0.006347, 0.001773, 0.001591, 0.001494, 0.001544, 0.001531, 0.001604, 0.001594, 0.001582, 0.001649, 0.001628, 0.001663, 0.001614, 0.00159, 0.00155, 0.001263, 0.001154, 0.001176, 0.001115, 0.001104, 0.001182, 0.001152, 0.001175, 0.001146, 0.001159, 0.001116, 0.001121, 0.001191, 0.001207, 0.001186, 0.001186, 0.001219, 0.001196, 0.001183, 0.001225, 0.001196, 0.001187, 0.001239, 0.001221, 0.001222, 0.001206, 0.001206, 0.001179, 0.001175, 0.001233, 0.001232, 0.001254, 0.001289, 0.001246, 0.001236, 0.001288, 0.001264, 0.001255, 0.001271, 0.001225, 0.001214, 0.001237, 0.001248, 0.001181, 0.001152, 0.001203, 0.001201, 0.001188, 0.001229, 0.001201, 0.001189, 0.001195, 0.001205, 0.001175, 0.001181, 0.001235, 0.001193, 0.001185, 0.001189, 0.001172, 0.001165, 0.001133, 0.001189, 0.001193, 0.001215, 0.001223, 0.001208, 0.001187, 0.001227, 0.0012, 0.001176, 0.001131, 0.001158, 0.001096, 0.0011, 0.00116, 0.001157, 0.001155, 0.001157, 0.001223, 0.00122, 0.001194, 0.00122, 0.001144, 0.001132}"
