"model_name","layer_name","layer_index","kind","min_time","mean_time","max_time","add_flops","div_flops","cmp_flops","exp_flops","mad_flops","input_channel","input_height","input_width","output_channel","output_height","output_width","function","kernel_1","kernel_2","stride_1","stride_2","dilation_1","dilation_2","input_form","topology_hash","mad/min_time","mad/mean_time","mad/max_time","time"
"Dilated ResNet-38 Trained on Cityscapes Data","batchnorm20",67,"BatchNormalization",0.001154,0.0012088666666666664,0.005035,2097152,2097152,0,0,0,256,64,128,256,64,128,"","","","","","","","HoldForm[BatchNormalizationLayer[""Momentum"" -> 0.899999976158, ""Epsilon"" -> 9.99999974738*^-6, ""Input"" -> {256, 64, 128}]]","0fxm7hdzsmkvo",0.,0.,0.,"{0.005035, 0.001396, 0.001264, 0.001291, 0.0012, 0.001197, 0.001259, 0.001185, 0.001182, 0.001242, 0.001206, 0.001218, 0.001213, 0.001251, 0.001184, 0.001194, 0.001228, 0.001181, 0.001161, 0.001253, 0.001218, 0.001176, 0.001192, 0.001207, 0.001184, 0.001174, 0.001242, 0.001207, 0.001208, 0.001257, 0.001199, 0.001207, 0.001253, 0.00119, 0.001174, 0.001175, 0.001258, 0.001193, 0.001182, 0.00123, 0.001176, 0.001163, 0.001222, 0.001186, 0.001176, 0.001154, 0.00123, 0.00119, 0.001205, 0.001265, 0.001192, 0.001187, 0.001225, 0.001219, 0.001197, 0.001206, 0.001305, 0.001222, 0.001187, 0.001234, 0.001207, 0.001222, 0.001254, 0.001216, 0.001237, 0.001273, 0.001192, 0.001178, 0.001169, 0.001252, 0.001191, 0.0012, 0.001248, 0.00121, 0.001209, 0.001253, 0.001207, 0.001204, 0.001226, 0.001209, 0.001206, 0.001208, 0.001285, 0.001214, 0.0012, 0.001245, 0.001227, 0.001202, 0.001254, 0.001203, 0.001186, 0.001169, 0.001207, 0.001165, 0.0012, 0.001239, 0.001195, 0.001179, 0.001237, 0.001161}"
