"model_name","layer_name","layer_index","kind","min_time","mean_time","max_time","add_flops","div_flops","cmp_flops","exp_flops","mad_flops","input_channel","input_height","input_width","output_channel","output_height","output_width","function","kernel_1","kernel_2","stride_1","stride_2","dilation_1","dilation_2","input_form","topology_hash","mad/min_time","mad/mean_time","mad/max_time","time"
"Ademxapp Model A1 Trained on Cityscapes Data","2b2/bn2b2_branch2b1",20,"BatchNormalization",0.044094,0.04437596666666667,0.145317,67108864,67108864,0,0,0,128,512,1024,128,512,1024,"","","","","","","","HoldForm[BatchNormalizationLayer[""Epsilon"" -> 0.00001001, ""Input"" -> {128, 512, 1024}]]","17pgemcyxy7bi",0.,0.,0.,"{0.145317, 0.044233, 0.044268, 0.044167, 0.044129, 0.04426, 0.044451, 0.044485, 0.044393, 0.044281, 0.044937, 0.044206, 0.044327, 0.044383, 0.044259, 0.044243, 0.0445, 0.044378, 0.04426, 0.044405, 0.044358, 0.04432, 0.044432, 0.044416, 0.044338, 0.044435, 0.044647, 0.044765, 0.04447, 0.044669, 0.044528, 0.044543, 0.044707, 0.044369, 0.044293, 0.044487, 0.044687, 0.044682, 0.044622, 0.04447, 0.044469, 0.044431, 0.044462, 0.044301, 0.044348, 0.044421, 0.044448, 0.044345, 0.044094, 0.044516, 0.044621, 0.044475, 0.044341, 0.044352, 0.044478, 0.044387, 0.044537, 0.044506, 0.04451, 0.044394, 0.044425, 0.04454, 0.044301, 0.044311, 0.044269, 0.044415, 0.044266, 0.044375, 0.044187, 0.044282, 0.044199, 0.044348, 0.044481, 0.0443, 0.044361, 0.044351, 0.044158, 0.044349, 0.044309, 0.044288, 0.044289, 0.044188, 0.044155, 0.044187, 0.044251, 0.044346, 0.044362, 0.044452, 0.0444, 0.044584, 0.044324, 0.044276, 0.044359, 0.044239, 0.044383, 0.044289, 0.044312, 0.044501, 0.044383, 0.044344}"
