"model_name","layer_name","layer_index","kind","min_time","mean_time","max_time","add_flops","div_flops","cmp_flops","exp_flops","mad_flops","input_channel","input_height","input_width","output_channel","output_height","output_width","function","kernel_1","kernel_2","stride_1","stride_2","dilation_1","dilation_2","input_form","topology_hash","mad/min_time","mad/mean_time","mad/max_time","time"
"Inception V3 Trained on ImageNet Competition Data","Inception8/mixed_7_tower_2_conv_batchnorm",226,"BatchNormalization",0.000064,0.00006536666666666665,0.000336,55488,55488,0,0,0,192,17,17,192,17,17,"","","","","","","","HoldForm[BatchNormalizationLayer[""Input"" -> {192, 17, 17}]]","1bka1zrnhprbu",0.,0.,0.,"{0.000336, 0.000073, 0.000068, 0.000066, 0.000066, 0.000065, 0.000066, 0.000065, 0.000066, 0.000065, 0.000065, 0.000065, 0.000079, 0.000066, 0.000065, 0.000066, 0.000065, 0.000065, 0.000066, 0.000065, 0.000065, 0.000065, 0.000066, 0.000065, 0.000088, 0.000069, 0.000066, 0.000065, 0.000066, 0.000066, 0.000065, 0.000065, 0.000065, 0.000094, 0.000072, 0.000065, 0.000066, 0.000065, 0.000066, 0.000066, 0.000067, 0.000065, 0.000066, 0.000065, 0.000065, 0.000066, 0.000066, 0.000066, 0.000065, 0.000066, 0.000065, 0.000065, 0.000065, 0.000065, 0.000064, 0.000065, 0.000065, 0.000066, 0.000065, 0.000083, 0.000066, 0.000065, 0.000065, 0.000064, 0.000065, 0.000065, 0.000065, 0.000064, 0.000065, 0.000065, 0.000065, 0.000065, 0.000066, 0.000065, 0.000065, 0.000066, 0.000065, 0.000065, 0.000065, 0.000065, 0.000065, 0.000066, 0.000065, 0.000065, 0.000064, 0.000065, 0.000065, 0.000065, 0.000069, 0.000069, 0.000066, 0.000093, 0.000075, 0.000067, 0.000065, 0.000066, 0.000065, 0.000065, 0.000066, 0.000065}"
