"model_name","layer_name","layer_index","kind","min_time","mean_time","max_time","add_flops","div_flops","cmp_flops","exp_flops","mad_flops","input_channel","input_height","input_width","output_channel","output_height","output_width","function","kernel_1","kernel_2","stride_1","stride_2","dilation_1","dilation_2","input_form","topology_hash","mad/min_time","mad/mean_time","mad/max_time","time"
"ResNet-101 Trained on ImageNet Competition Data","2c/bn2c_branch2c",35,"BatchNormalization",0.000392,0.00039828333333333336,0.002039,802816,802816,0,0,0,256,56,56,256,56,56,"","","","","","","","HoldForm[BatchNormalizationLayer[""Epsilon"" -> 0.0001, ""Input"" -> {256, 56, 56}]]","1ly0x3vgmk431",0.,0.,0.,"{0.002039, 0.00042, 0.000397, 0.000395, 0.000395, 0.000394, 0.000394, 0.000393, 0.000394, 0.000431, 0.000401, 0.000415, 0.000393, 0.000392, 0.000416, 0.000406, 0.000395, 0.000394, 0.000393, 0.000435, 0.000404, 0.0004, 0.000397, 0.000398, 0.000397, 0.000397, 0.000397, 0.000397, 0.000398, 0.000428, 0.000402, 0.000398, 0.000397, 0.000399, 0.000397, 0.000397, 0.000416, 0.000399, 0.000397, 0.000428, 0.000402, 0.000398, 0.000397, 0.000397, 0.000397, 0.000397, 0.000398, 0.000397, 0.000398, 0.000425, 0.000401, 0.000397, 0.000397, 0.000398, 0.000397, 0.000397, 0.000398, 0.000398, 0.000397, 0.000427, 0.0004, 0.000414, 0.000398, 0.000396, 0.000401, 0.000399, 0.000397, 0.000397, 0.000399, 0.000432, 0.000402, 0.000398, 0.000397, 0.000398, 0.000397, 0.000398, 0.000398, 0.000396, 0.000398, 0.000413, 0.000403, 0.000398, 0.000397, 0.000398, 0.000397, 0.000396, 0.000413, 0.000398, 0.000399, 0.000412, 0.000401, 0.000398, 0.000398, 0.0004, 0.000397, 0.000397, 0.000398, 0.000397, 0.000403, 0.000409}"
