"model_name","layer_name","layer_index","kind","min_time","mean_time","max_time","add_flops","div_flops","cmp_flops","exp_flops","mad_flops","input_channel","input_height","input_width","output_channel","output_height","output_width","function","kernel_1","kernel_2","stride_1","stride_2","dilation_1","dilation_2","input_form","topology_hash","mad/min_time","mad/mean_time","mad/max_time","time"
"MobileNet V2 Trained on ImageNet Competition Data","4_3/3/conv4_3_linear_bn",59,"BatchNormalization",0.000047,0.00004940000000000002,0.000263,17248,17248,0,0,0,88,14,14,88,14,14,"","","","","","","","HoldForm[BatchNormalizationLayer[""Input"" -> {88, 14, 14}]]","0p2ri76qxcnik",0.,0.,0.,"{0.000263, 0.000065, 0.000052, 0.000052, 0.000051, 0.000049, 0.00005, 0.00005, 0.00005, 0.000049, 0.000049, 0.00005, 0.000049, 0.000049, 0.000049, 0.000049, 0.00005, 0.000049, 0.000049, 0.000049, 0.00005, 0.00005, 0.00005, 0.000049, 0.000049, 0.000049, 0.000049, 0.000049, 0.00005, 0.000049, 0.000049, 0.000049, 0.000049, 0.00005, 0.00005, 0.00005, 0.000049, 0.000049, 0.000049, 0.000049, 0.000061, 0.000051, 0.00005, 0.000049, 0.000049, 0.000049, 0.00005, 0.00005, 0.00005, 0.00005, 0.000049, 0.000049, 0.000049, 0.000049, 0.000049, 0.000049, 0.000049, 0.000049, 0.00005, 0.00005, 0.000049, 0.000049, 0.000049, 0.000049, 0.00005, 0.00005, 0.00005, 0.000049, 0.000049, 0.000049, 0.000049, 0.00005, 0.000049, 0.000049, 0.00005, 0.000049, 0.000082, 0.000051, 0.000049, 0.000047, 0.000048, 0.000048, 0.000048, 0.000048, 0.000048, 0.000048, 0.000057, 0.00005, 0.00005, 0.00005, 0.000049, 0.00005, 0.00005, 0.00005, 0.00005, 0.000049, 0.00005, 0.00005, 0.00005, 0.000049}"
