"model_name","layer_name","layer_index","kind","min_time","mean_time","max_time","add_flops","div_flops","cmp_flops","exp_flops","mad_flops","input_channel","input_height","input_width","output_channel","output_height","output_width","function","kernel_1","kernel_2","stride_1","stride_2","dilation_1","dilation_2","input_form","topology_hash","mad/min_time","mad/mean_time","mad/max_time","time"
"Ademxapp Model A1 Trained on ADE20K Data","2b2/bn2b2_branch2b1",20,"BatchNormalization",0.005351,0.005383749999999999,0.018073,8128512,8128512,0,0,0,128,252,252,128,252,252,"","","","","","","","HoldForm[BatchNormalizationLayer[""Epsilon"" -> 0.00001001, ""Input"" -> {128, 252, 252}]]","0hg2zcsf3qb0x",0.,0.,0.,"{0.018073, 0.005385, 0.005378, 0.005397, 0.005352, 0.005391, 0.005402, 0.005356, 0.00537, 0.005396, 0.005351, 0.005361, 0.005465, 0.005384, 0.005403, 0.005439, 0.005393, 0.005409, 0.005439, 0.005377, 0.005417, 0.005402, 0.00538, 0.005417, 0.005403, 0.005408, 0.005441, 0.005408, 0.005384, 0.005408, 0.00539, 0.005389, 0.005429, 0.005396, 0.00538, 0.005389, 0.005389, 0.00539, 0.005382, 0.005378, 0.005392, 0.00539, 0.005397, 0.005407, 0.00538, 0.005395, 0.005406, 0.005389, 0.005375, 0.005406, 0.005389, 0.005403, 0.005414, 0.005392, 0.005403, 0.005388, 0.005372, 0.005408, 0.005379, 0.00536, 0.005379, 0.00537, 0.005371, 0.005375, 0.005366, 0.005371, 0.005373, 0.005369, 0.005371, 0.005382, 0.005379, 0.005368, 0.005384, 0.005363, 0.005378, 0.005373, 0.005364, 0.005359, 0.005379, 0.005353, 0.005393, 0.005374, 0.005362, 0.005359, 0.005371, 0.005364, 0.005372, 0.005353, 0.005361, 0.005389, 0.005358, 0.005357, 0.005373, 0.005364, 0.005373, 0.005378, 0.005422, 0.005376, 0.005403, 0.005372}"
