"model_name","layer_name","layer_index","kind","min_time","mean_time","max_time","add_flops","div_flops","cmp_flops","exp_flops","mad_flops","input_channel","input_height","input_width","output_channel","output_height","output_width","function","kernel_1","kernel_2","stride_1","stride_2","dilation_1","dilation_2","input_form","topology_hash","mad/min_time","mad/mean_time","mad/max_time","time"
"BERT Trained on BookCorpus and English Wikipedia Data","encoder/10/1/attention/13",710,"Catenate",0.000099,0.00010003333333333338,0.000186,0,0,0,0,0,"LengthVar[1400941482]",64,"","LengthVar[1400941482]",768,"","","","","","","","","HoldForm[CatenateLayer[2, ""Inputs"" -> {{""Varying"", 64}, {""Varying"", 64}, {""Varying"", 64}, {""Varying"", 64}, {""Varying"", 64}, {""Varying"", 64}, {""Varying"", 64}, {""Varying"", 64}, {""Varying"", 64}, {""Varying"", 64}, {""Varying"", 64}, {""Varying"", 64}}]]","13w9264xf7gd2",0.,0.,0.,"{0.000186, 0.000107, 0.000104, 0.000102, 0.000101, 0.000101, 0.0001, 0.0001, 0.000101, 0.0001, 0.0001, 0.000101, 0.0001, 0.000102, 0.000102, 0.0001, 0.0001, 0.000101, 0.000101, 0.000101, 0.0001, 0.000103, 0.000114, 0.000107, 0.000101, 0.0001, 0.0001, 0.0001, 0.0001, 0.0001, 0.0001, 0.0001, 0.000099, 0.0001, 0.0001, 0.0001, 0.000099, 0.0001, 0.0001, 0.0001, 0.0001, 0.0001, 0.0001, 0.000099, 0.0001, 0.000099, 0.0001, 0.0001, 0.0001, 0.000099, 0.0001, 0.0001, 0.0001, 0.0001, 0.000099, 0.0001, 0.000099, 0.000099, 0.0001, 0.0001, 0.000099, 0.0001, 0.000127, 0.000101, 0.000101, 0.000099, 0.0001, 0.0001, 0.0001, 0.0001, 0.000099, 0.0001, 0.000099, 0.0001, 0.000099, 0.000101, 0.0001, 0.0001, 0.000099, 0.0001, 0.000099, 0.0001, 0.0001, 0.000099, 0.0001, 0.000101, 0.0001, 0.0001, 0.0001, 0.0001, 0.0001, 0.000099, 0.0001, 0.0001, 0.000099, 0.0001, 0.000099, 0.0001, 0.0001, 0.0001}"
