"model_name","layer_name","layer_index","kind","min_time","mean_time","max_time","add_flops","div_flops","cmp_flops","exp_flops","mad_flops","input_channel","input_height","input_width","output_channel","output_height","output_width","function","kernel_1","kernel_2","stride_1","stride_2","dilation_1","dilation_2","input_form","topology_hash","mad/min_time","mad/mean_time","mad/max_time","time"
"2D Face Alignment Net Trained on 300W Large Pose Data","13/1/2/4/1/1/4/3",715,"Catenate",0.000154,0.00015851666666666673,0.000756,0,0,0,0,0,128,32,32,256,32,32,"","","","","","","","HoldForm[CatenateLayer[""Inputs"" -> {{128, 32, 32}, {128, 32, 32}}]]","10n2esfllxwi6",0.,0.,0.,"{0.000756, 0.000169, 0.000162, 0.000162, 0.00016, 0.00016, 0.00016, 0.000159, 0.000159, 0.000158, 0.000159, 0.000159, 0.000158, 0.000179, 0.000161, 0.000159, 0.00016, 0.000169, 0.000158, 0.000158, 0.000158, 0.000157, 0.000158, 0.000162, 0.000158, 0.000158, 0.000158, 0.000157, 0.000158, 0.000159, 0.000158, 0.000157, 0.000158, 0.000157, 0.000158, 0.000158, 0.000158, 0.000157, 0.000171, 0.000157, 0.000156, 0.000155, 0.000155, 0.000155, 0.000154, 0.000155, 0.000156, 0.000155, 0.000155, 0.000156, 0.000156, 0.000155, 0.000156, 0.000171, 0.000158, 0.000158, 0.000159, 0.000159, 0.000159, 0.000159, 0.000158, 0.00016, 0.000159, 0.000173, 0.00016, 0.000159, 0.000158, 0.000159, 0.000159, 0.00016, 0.000159, 0.000159, 0.00016, 0.000158, 0.000158, 0.000158, 0.000159, 0.000158, 0.000158, 0.000159, 0.000159, 0.000164, 0.000158, 0.000159, 0.000159, 0.000158, 0.000159, 0.000158, 0.000162, 0.000159, 0.000159, 0.000158, 0.000158, 0.000158, 0.000164, 0.000164, 0.000158, 0.000159, 0.000158, 0.000158}"
