"model_name","layer_name","layer_index","kind","min_time","mean_time","max_time","add_flops","div_flops","cmp_flops","exp_flops","mad_flops","input_channel","input_height","input_width","output_channel","output_height","output_width","function","kernel_1","kernel_2","stride_1","stride_2","dilation_1","dilation_2","input_form","topology_hash","mad/min_time","mad/mean_time","mad/max_time","time"
"3D Face Alignment Net Trained on 300W Large Pose Data","15/1/2/3/1/1/1/1/1/4/3",98,"Catenate",0.000124,0.0001251666666666667,0.000588,0,0,0,0,0,128,32,32,256,32,32,"","","","","","","","HoldForm[CatenateLayer[""Inputs"" -> {{128, 32, 32}, {128, 32, 32}}]]","10n2esfllxwi6",0.,0.,0.,"{0.000588, 0.00013, 0.000126, 0.000126, 0.000145, 0.000128, 0.000126, 0.000126, 0.000125, 0.000125, 0.000124, 0.000126, 0.000125, 0.000125, 0.000125, 0.000125, 0.000125, 0.000124, 0.000126, 0.000124, 0.000125, 0.000125, 0.000125, 0.000125, 0.000125, 0.000125, 0.000124, 0.000125, 0.000125, 0.000125, 0.000125, 0.000125, 0.000126, 0.000124, 0.000125, 0.000126, 0.000148, 0.000131, 0.000125, 0.000125, 0.000125, 0.000124, 0.000126, 0.000125, 0.000125, 0.000124, 0.000125, 0.000125, 0.000125, 0.000124}"
