"model_name","layer_name","layer_index","kind","min_time","mean_time","max_time","add_flops","div_flops","cmp_flops","exp_flops","mad_flops","input_channel","input_height","input_width","output_channel","output_height","output_width","function","kernel_1","kernel_2","stride_1","stride_2","dilation_1","dilation_2","input_form","topology_hash","mad/min_time","mad/mean_time","mad/max_time","time"
"OpenFace Face Recognition Net Trained on CASIA-WebFace and FaceScrub Data","17/4/1",104,"Convolution",0.000161,0.0001658000000000001,0.003149,0,0,0,0,5898240,640,6,6,256,6,6,"",1,1,1,1,1,1,"HoldForm[ConvolutionLayer[256, {1, 1}, ""Stride"" -> {1, 1}, ""PaddingSize"" -> {{0, 0}, {0, 0}}, ""Dilation"" -> {1, 1}, ""Input"" -> {640, 6, 6}]]","04omie7iwi20z",3.663503105590062e10,3.5574427020506615e10,1.8730517624642744e9,"{0.003149, 0.000192, 0.000177, 0.000171, 0.000171, 0.000169, 0.000171, 0.000209, 0.00018, 0.00017, 0.000169, 0.000169, 0.000169, 0.00017, 0.000168, 0.000168, 0.000169, 0.00017, 0.000167, 0.000169, 0.000169, 0.000168, 0.00017, 0.000201, 0.000169, 0.000165, 0.000164, 0.000163, 0.000169, 0.000163, 0.000198, 0.000172, 0.000164, 0.000163, 0.000162, 0.000162, 0.000162, 0.000163, 0.000164, 0.000208, 0.000163, 0.000162, 0.000163, 0.000162, 0.000162, 0.000162, 0.000162, 0.000162, 0.000163, 0.000162, 0.000163, 0.000162, 0.000162, 0.000162, 0.000195, 0.000175, 0.000169, 0.000166, 0.000167, 0.000167, 0.000166, 0.000167, 0.000168, 0.000167, 0.000167, 0.000191, 0.000175, 0.000166, 0.000166, 0.000166, 0.000165, 0.000166, 0.000164, 0.000164, 0.000165, 0.000165, 0.000164, 0.000192, 0.000169, 0.000166, 0.000165, 0.000165, 0.000181, 0.000171, 0.000164, 0.000163, 0.000162, 0.000163, 0.000162, 0.000162, 0.000162, 0.000163, 0.000161, 0.000161, 0.000162, 0.000163, 0.000162, 0.000161, 0.000163, 0.000162}"
