"model_name","layer_name","layer_index","kind","min_time","mean_time","max_time","add_flops","div_flops","cmp_flops","exp_flops","mad_flops","input_channel","input_height","input_width","output_channel","output_height","output_width","function","kernel_1","kernel_2","stride_1","stride_2","dilation_1","dilation_2","input_form","topology_hash","mad/min_time","mad/mean_time","mad/max_time","time"
"Unguided Volumetric Regression Net for 3D Face Reconstruction","8/2/1/1/4/1/1/4/1/1/4/1/1/1/1/1/9",146,"Convolution",0.001455,0.0014786833333333338,0.005535,0,0,0,0,75497472,128,48,48,256,48,48,"",1,1,1,1,1,1,"HoldForm[ConvolutionLayer[256, {1, 1}, ""Stride"" -> {1, 1}, ""PaddingSize"" -> {{0, 0}, {0, 0}}, ""Dilation"" -> {1, 1}, ""Input"" -> {128, 48, 48}]]","1ult5ox50zm5p",5.18882969072165e10,5.105722793927028e10,1.3640013008130083e10,"{0.005535, 0.00149, 0.00149, 0.001469, 0.001498, 0.001469, 0.001475, 0.001494, 0.001468, 0.001474, 0.00149, 0.001467, 0.001504, 0.001479, 0.00147, 0.001498, 0.001494, 0.001472, 0.001484, 0.001465, 0.001476, 0.001485, 0.001477, 0.0015, 0.001469, 0.001459, 0.00149, 0.001475, 0.001465, 0.001484, 0.001473, 0.001504, 0.001472, 0.001472, 0.001499, 0.001469, 0.001461, 0.001485, 0.00147, 0.001503, 0.001464, 0.001471, 0.001498, 0.001469, 0.001455, 0.001485, 0.00146, 0.001467, 0.001494, 0.001465, 0.001496, 0.001468, 0.001463, 0.001487, 0.001485, 0.001468, 0.001487, 0.001486, 0.001497, 0.001469, 0.00147, 0.001485, 0.001479, 0.001472, 0.001483, 0.001465, 0.001467, 0.001469, 0.001479, 0.001502, 0.001476, 0.001456, 0.00149, 0.001476, 0.001592, 0.001584, 0.001506, 0.001513, 0.001467, 0.001461, 0.00149, 0.001565, 0.001521, 0.001476, 0.001465, 0.001499, 0.001474, 0.00146, 0.001488, 0.001466, 0.001465, 0.00148, 0.001475, 0.001505, 0.001474, 0.001473, 0.001492, 0.001473, 0.001456, 0.001499}"
