"model_name","layer_name","layer_index","kind","min_time","mean_time","max_time","add_flops","div_flops","cmp_flops","exp_flops","mad_flops","input_channel","input_height","input_width","output_channel","output_height","output_width","function","kernel_1","kernel_2","stride_1","stride_2","dilation_1","dilation_2","input_form","topology_hash","mad/min_time","mad/mean_time","mad/max_time","time"
"3D Face Alignment Net Trained on 300W Large Pose Data","13/1/2/3/1/2/3/1/2/3/1/1/1/1/1/3",608,"Convolution",0.000672,0.00069025,0.004379,0,0,0,0,18874368,256,8,8,128,8,8,"",3,3,1,1,1,1,"HoldForm[ConvolutionLayer[128, {3, 3}, ""Stride"" -> {1, 1}, ""PaddingSize"" -> {{1, 1}, {1, 1}}, ""Dilation"" -> {1, 1}, ""Input"" -> {256, 8, 8}]]","1ahm5bxmg08u0",2.8086857142857143e10,2.7344249185077873e10,4.310200502397808e9,"{0.004379, 0.00071, 0.000679, 0.000672, 0.000734, 0.000688, 0.000676, 0.000674, 0.000676, 0.000703, 0.00072, 0.000685, 0.000674, 0.000672, 0.000672, 0.000675, 0.00072, 0.000685, 0.000677, 0.000678, 0.000677, 0.000712, 0.000685, 0.000683, 0.000686, 0.000686, 0.000679, 0.000705, 0.000683, 0.000678, 0.000677, 0.000677, 0.000678, 0.00071, 0.000691, 0.000684, 0.000681, 0.000686, 0.000692, 0.00074, 0.000693, 0.000695, 0.00069, 0.0007, 0.00069, 0.000721, 0.000683, 0.000682, 0.000682, 0.000682, 0.000703, 0.000685, 0.000682, 0.000687, 0.000686, 0.000681, 0.000699, 0.000686, 0.000681, 0.000681, 0.000682, 0.00068, 0.000731, 0.000686, 0.000682, 0.000686, 0.000681, 0.000681, 0.000731, 0.000694, 0.000681, 0.000683, 0.000682, 0.000715, 0.000688, 0.000684, 0.000681, 0.000682, 0.000681, 0.000704, 0.000686, 0.000681, 0.000692, 0.000696, 0.000686, 0.000766, 0.000737, 0.000724, 0.000714, 0.000718, 0.000752, 0.000721, 0.000768, 0.000722, 0.000714, 0.000719, 0.000743, 0.000715, 0.000713, 0.000714}"
