"model_name","layer_name","layer_index","kind","min_time","mean_time","max_time","add_flops","div_flops","cmp_flops","exp_flops","mad_flops","input_channel","input_height","input_width","output_channel","output_height","output_width","function","kernel_1","kernel_2","stride_1","stride_2","dilation_1","dilation_2","input_form","topology_hash","mad/min_time","mad/mean_time","mad/max_time","time"
"Ademxapp Model A1 Trained on ADE20K Data","4a/res4a_branch2b1",52,"Convolution",0.140639,0.14655910000000003,0.172715,0,0,0,0,9364045824,512,63,63,512,63,63,"",3,3,1,1,1,1,"HoldForm[ConvolutionLayer[512, {3, 3}, ""Stride"" -> {1, 1}, ""PaddingSize"" -> {{1, 1}, {1, 1}}, ""Dilation"" -> {1, 1}, ""Input"" -> {512, 63, 63}]]","001lk0ffkep4m",6.658214168189479e10,6.38926264148729e10,5.421674911849e10,"{0.172715, 0.146623, 0.140695, 0.143694, 0.146512, 0.14649, 0.146497, 0.146486, 0.146545, 0.146606, 0.146557, 0.146588, 0.146675, 0.146572, 0.146582, 0.146674, 0.146538, 0.140696, 0.146531, 0.146581, 0.146581, 0.146586, 0.146606, 0.146759, 0.146769, 0.146745, 0.146875, 0.146734, 0.146722, 0.146678, 0.146697, 0.146596, 0.14068, 0.146532, 0.146524, 0.146542, 0.146506, 0.146517, 0.146518, 0.146489, 0.146471, 0.146519, 0.146551, 0.146493, 0.146496, 0.146537, 0.145896, 0.140689, 0.146562, 0.146516, 0.146573, 0.146569, 0.146608, 0.146616, 0.146588, 0.146588, 0.146643, 0.146522, 0.146468, 0.146546, 0.146523, 0.141809, 0.140687, 0.146594, 0.146577, 0.146564, 0.146579, 0.146685, 0.146646, 0.1466, 0.146692, 0.146698, 0.146692, 0.146716, 0.146713, 0.146662, 0.140694, 0.14069, 0.146489, 0.146457, 0.146508, 0.146502, 0.146499, 0.146552, 0.146627, 0.146612, 0.146628, 0.146587, 0.146564, 0.146612, 0.146645, 0.140639, 0.141969, 0.146504, 0.146525, 0.146485, 0.146531, 0.146556, 0.146483, 0.146782}"
