"model_name","layer_name","layer_index","kind","min_time","mean_time","max_time","add_flops","div_flops","cmp_flops","exp_flops","mad_flops","input_channel","input_height","input_width","output_channel","output_height","output_width","function","kernel_1","kernel_2","stride_1","stride_2","dilation_1","dilation_2","input_form","topology_hash","mad/min_time","mad/mean_time","mad/max_time","time"
"Inception V1 Trained on ImageNet Competition Data","inception_4a/3x3",47,"Convolution",0.000947,0.0009673,0.004489,0,0,0,0,35223552,96,14,14,208,14,14,"",3,3,1,1,1,1,"HoldForm[ConvolutionLayer[208, {3, 3}, ""Stride"" -> {1, 1}, ""PaddingSize"" -> {{1, 1}, {1, 1}}, ""Dilation"" -> {1, 1}, ""Input"" -> {96, 14, 14}]]","0tmkag19jlkrp",3.7194880675818375e10,3.641429959681587e10,7.846636667409223e9,"{0.004489, 0.000997, 0.00096, 0.00099, 0.000963, 0.000951, 0.000954, 0.00098, 0.000966, 0.000958, 0.000953, 0.000984, 0.000961, 0.00095, 0.000951, 0.000981, 0.000961, 0.000952, 0.000957, 0.000974, 0.000964, 0.000966, 0.000966, 0.000952, 0.000997, 0.000962, 0.00095, 0.000953, 0.000996, 0.000964, 0.00096, 0.000951, 0.000977, 0.000959, 0.000954, 0.00095, 0.000979, 0.000959, 0.000953, 0.000955, 0.000983, 0.000959, 0.000953, 0.00096, 0.000981, 0.00096, 0.000953, 0.000955, 0.000952, 0.000953, 0.000967, 0.000959, 0.00095, 0.000994, 0.000962, 0.000955, 0.000954, 0.000985, 0.000962, 0.000952, 0.000956, 0.000982, 0.000961, 0.000947, 0.000954, 0.000975, 0.000958, 0.000952, 0.00095, 0.001021, 0.001008, 0.000984, 0.00098, 0.000993, 0.000981, 0.000975, 0.000973, 0.000994, 0.000978, 0.000972, 0.000973, 0.000996, 0.000981, 0.000976, 0.00097, 0.000998, 0.000978, 0.000974, 0.000976, 0.000975, 0.00098, 0.000984, 0.000973, 0.000968, 0.001016, 0.000979, 0.00097, 0.000972, 0.000994, 0.000976}"
