"model_name","layer_name","layer_index","kind","min_time","mean_time","max_time","add_flops","div_flops","cmp_flops","exp_flops","mad_flops","input_channel","input_height","input_width","output_channel","output_height","output_width","function","kernel_1","kernel_2","stride_1","stride_2","dilation_1","dilation_2","input_form","topology_hash","mad/min_time","mad/mean_time","mad/max_time","time"
"Single-Image Depth Perception Net Trained on Depth in the Wild Data","4/1/1/4/1/1/4/1/1/1/4/4",112,"Convolution",0.014265,0.014771033333333338,0.031015,0,0,0,0,481689600,32,60,80,64,60,80,"",7,7,1,1,1,1,"HoldForm[ConvolutionLayer[64, {7, 7}, ""Stride"" -> {1, 1}, ""PaddingSize"" -> {{3, 3}, {3, 3}}, ""Dilation"" -> {1, 1}, ""Input"" -> {32, 60, 80}]]","0os0aoyz0la0f",3.3767234490010513e10,3.261041994353813e10,1.553085926164759e10,"{0.031015, 0.014591, 0.014515, 0.01466, 0.014717, 0.014868, 0.014823, 0.014683, 0.014708, 0.014823, 0.014698, 0.01475, 0.014775, 0.01465, 0.01476, 0.014819, 0.014895, 0.014925, 0.014772, 0.014876, 0.014834, 0.014966, 0.014874, 0.014752, 0.014772, 0.014694, 0.01486, 0.014976, 0.014915, 0.014972, 0.014791, 0.014932, 0.014955, 0.015077, 0.014757, 0.014834, 0.014796, 0.014726, 0.01487, 0.014892, 0.014672, 0.014668, 0.014729, 0.014706, 0.014586, 0.014945, 0.014849, 0.014643, 0.014749, 0.014816, 0.014907, 0.01507, 0.014924, 0.014803, 0.01499, 0.014809, 0.01458, 0.014715, 0.014736, 0.014711, 0.014592, 0.014866, 0.014603, 0.014961, 0.014793, 0.014917, 0.014806, 0.0147, 0.014713, 0.01471, 0.014546, 0.014681, 0.014878, 0.014561, 0.014773, 0.014653, 0.014323, 0.014492, 0.014485, 0.014477, 0.014904, 0.014272, 0.014784, 0.01466, 0.014388, 0.014424, 0.014771, 0.014605, 0.014824, 0.014426, 0.014265, 0.014424, 0.014742, 0.01484, 0.014923, 0.014936, 0.014927, 0.014705, 0.01487, 0.014801}"
