"model_name","layer_name","layer_index","kind","min_time","mean_time","max_time","add_flops","div_flops","cmp_flops","exp_flops","mad_flops","input_channel","input_height","input_width","output_channel","output_height","output_width","function","kernel_1","kernel_2","stride_1","stride_2","dilation_1","dilation_2","input_form","topology_hash","mad/min_time","mad/mean_time","mad/max_time","time"
"CycleGAN Photo-to-Cezanne Translation","18/1/2",47,"Convolution",0.009183,0.009458633333333332,0.018808,0,0,0,0,603979776,128,66,66,128,64,64,"",3,3,1,1,1,1,"HoldForm[ConvolutionLayer[128, {3, 3}, ""Stride"" -> {1, 1}, ""PaddingSize"" -> {{0, 0}, {0, 0}}, ""Dilation"" -> {1, 1}, ""Input"" -> {128, 66, 66}]]","1sehkke39v8fh",6.5771509964064026e10,6.3854867264122025e10,3.2112918757975334e10,"{0.017796, 0.009183, 0.009288, 0.009418, 0.01873, 0.018698, 0.018573, 0.018659, 0.018808, 0.018723, 0.01857, 0.01868, 0.012857, 0.009411, 0.009545, 0.009486, 0.00959, 0.009548, 0.009449, 0.009429, 0.009554, 0.009378, 0.009279, 0.00944, 0.009429, 0.009429, 0.00937, 0.009497, 0.009583, 0.009533, 0.009579, 0.009542, 0.009605, 0.009389, 0.009409, 0.00935, 0.009239, 0.009214, 0.009288, 0.009353, 0.009246, 0.009307, 0.009295, 0.00931, 0.009504, 0.009384, 0.009409, 0.009464, 0.009256, 0.009372}"
