"model_name","layer_name","layer_index","kind","min_time","mean_time","max_time","add_flops","div_flops","cmp_flops","exp_flops","mad_flops","input_channel","input_height","input_width","output_channel","output_height","output_width","function","kernel_1","kernel_2","stride_1","stride_2","dilation_1","dilation_2","input_form","topology_hash","mad/min_time","mad/mean_time","mad/max_time","time"
"ResNet-50 Trained on ImageNet Competition Data","4b/res4b_branch2b",95,"Convolution",0.001324,0.0015513333333333332,0.003938,0,0,0,0,115605504,256,14,14,256,14,14,"",3,3,1,1,1,1,"HoldForm[ConvolutionLayer[256, {3, 3}, ""Stride"" -> {1, 1}, ""PaddingSize"" -> {{1, 1}, {1, 1}}, ""Dilation"" -> {1, 1}, ""Input"" -> {256, 14, 14}]]","0gg7sts7v315o",8.731533534743202e10,7.452009282337775e10,2.9356400203148808e10,"{0.003938, 0.002557, 0.002539, 0.002541, 0.002528, 0.002551, 0.002566, 0.002549, 0.002535, 0.002523, 0.002515, 0.002526, 0.002507, 0.002536, 0.002388, 0.001363, 0.001332, 0.001373, 0.001365, 0.001329, 0.001364, 0.001327, 0.001324, 0.00136, 0.001324, 0.001358, 0.001365, 0.001332, 0.001325, 0.001388, 0.001328, 0.001326, 0.001362, 0.00136, 0.001332, 0.001361, 0.001325, 0.001376, 0.001371, 0.001329, 0.001381, 0.001398, 0.001352, 0.001339, 0.001391, 0.001338, 0.001333, 0.001388, 0.001385, 0.001346}"
