"model_name","layer_name","layer_index","kind","min_time","mean_time","max_time","add_flops","div_flops","cmp_flops","exp_flops","mad_flops","input_channel","input_height","input_width","output_channel","output_height","output_width","function","kernel_1","kernel_2","stride_1","stride_2","dilation_1","dilation_2","input_form","topology_hash","mad/min_time","mad/mean_time","mad/max_time","time"
"ResNet-101 Trained on Augmented CASIA-WebFace Data","4b18/res4b18_branch2a",262,"Convolution",0.000762,0.0007882000000000001,0.000866,0,0,0,0,51380224,1024,14,14,256,14,14,"",1,1,1,1,1,1,"HoldForm[ConvolutionLayer[256, {1, 1}, ""Stride"" -> {1, 1}, ""PaddingSize"" -> {{0, 0}, {0, 0}}, ""Dilation"" -> {1, 1}, ""Input"" -> {1024, 14, 14}]]","0659yipuh34xm",6.74281154855643e10,6.518678507992894e10,5.933051270207852e10,"{0.000866, 0.000772, 0.000774, 0.00078, 0.000799, 0.000777, 0.000762, 0.000779, 0.000785, 0.000787, 0.000775, 0.000768, 0.000766, 0.000766, 0.000794, 0.00078, 0.000773, 0.000773, 0.000766, 0.000789, 0.000774, 0.000769, 0.000769, 0.000766, 0.000794, 0.000776, 0.000766, 0.000765, 0.000765, 0.000798, 0.000853, 0.000802, 0.000801, 0.000799, 0.00082, 0.000807, 0.000803, 0.000797, 0.000799, 0.000819, 0.000804, 0.0008, 0.000803, 0.000796, 0.000816, 0.000807, 0.000801, 0.000804, 0.000797, 0.000815}"
