"model_name","layer_name","layer_index","kind","min_time","mean_time","max_time","add_flops","div_flops","cmp_flops","exp_flops","mad_flops","input_channel","input_height","input_width","output_channel","output_height","output_width","function","kernel_1","kernel_2","stride_1","stride_2","dilation_1","dilation_2","input_form","topology_hash","mad/min_time","mad/mean_time","mad/max_time","time"
"Age Estimation VGG-16 Trained on IMDB-WIKI Data","conv4_1",18,"Convolution",0.008151,0.008442,0.011835,0,0,0,0,924844032,256,28,28,512,28,28,"",3,3,1,1,1,1,"HoldForm[ConvolutionLayer[512, {3, 3}, ""Stride"" -> {1, 1}, ""PaddingSize"" -> {{1, 1}, {1, 1}}, ""Dilation"" -> {1, 1}, ""Input"" -> {256, 28, 28}]]","1cuo8p7jj4263",1.1346387338976813e11,1.0955271641791045e11,7.814482737642586e10,"{0.011835, 0.008238, 0.008151, 0.008168, 0.008188, 0.008205, 0.008248, 0.008256, 0.008379, 0.008366, 0.008283, 0.008236, 0.008267, 0.008367, 0.008254, 0.0082, 0.008232, 0.00836, 0.008513, 0.008435, 0.008388, 0.008548, 0.008461, 0.008439, 0.008422, 0.008456, 0.008486, 0.008492, 0.008504, 0.008541, 0.008474, 0.008489, 0.008518, 0.008564, 0.008521, 0.00856, 0.008559, 0.00855, 0.008496, 0.008504, 0.008446, 0.00844, 0.008491, 0.00854, 0.008512, 0.008509, 0.008528, 0.008515, 0.008471, 0.008553}"
