"model_name","layer_name","layer_index","kind","min_time","mean_time","max_time","add_flops","div_flops","cmp_flops","exp_flops","mad_flops","input_channel","input_height","input_width","output_channel","output_height","output_width","function","kernel_1","kernel_2","stride_1","stride_2","dilation_1","dilation_2","input_form","topology_hash","mad/min_time","mad/mean_time","mad/max_time","time"
"Yahoo Open NSFW Model V1","stage1_block3/conv_branch2c",76,"Convolution",0.000381,0.0004155333333333332,0.000688,0,0,0,0,12845056,64,28,28,256,28,28,"",1,1,1,1,1,1,"HoldForm[ConvolutionLayer[256, {1, 1}, ""Stride"" -> {1, 1}, ""PaddingSize"" -> {{0, 0}, {0, 0}}, ""Dilation"" -> {1, 1}, ""Input"" -> {64, 28, 28}]]","0t0yd2kayvlml",3.371405774278215e10,3.0912215626504105e10,1.867013953488372e10,"{0.000688, 0.00039, 0.000382, 0.000381, 0.000382, 0.000381, 0.000416, 0.00039, 0.000419, 0.000437, 0.000414, 0.000412, 0.000413, 0.000408, 0.000411, 0.000447, 0.000422, 0.000416, 0.000412, 0.000413, 0.000412, 0.000413, 0.000412, 0.000417, 0.000421, 0.000441, 0.000424, 0.000416, 0.000423, 0.000417, 0.000416, 0.000414, 0.000414, 0.000419, 0.000448, 0.000424, 0.000418, 0.000414, 0.000415, 0.000416, 0.000414, 0.000414, 0.000414, 0.000413, 0.000441, 0.000421, 0.000415, 0.000419, 0.000418, 0.000413}"
