"model_name","layer_name","layer_index","kind","min_time","mean_time","max_time","add_flops","div_flops","cmp_flops","exp_flops","mad_flops","input_channel","input_height","input_width","output_channel","output_height","output_width","function","kernel_1","kernel_2","stride_1","stride_2","dilation_1","dilation_2","input_form","topology_hash","mad/min_time","mad/mean_time","mad/max_time","time"
"2D Face Alignment Net Trained on 300W Large Pose Data","12/1/1/1/1/1/4/2/1/3",748,"Convolution",0.014245,0.016995833333333335,0.024617,0,0,0,0,301989888,128,64,64,64,64,64,"",3,3,1,1,1,1,"HoldForm[ConvolutionLayer[64, {3, 3}, ""Stride"" -> {1, 1}, ""PaddingSize"" -> {{1, 1}, {1, 1}}, ""Dilation"" -> {1, 1}, ""Input"" -> {128, 64, 64}]]","1tp9auck3jnm2",2.1199711337311337e10,1.7768466075018383e10,1.2267534143071861e10,"{0.024617, 0.018046, 0.017997, 0.018028, 0.017992, 0.018029, 0.017987, 0.017977, 0.018038, 0.018019, 0.018007, 0.017941, 0.017937, 0.017933, 0.017866, 0.017929, 0.017895, 0.01793, 0.017992, 0.017928, 0.017907, 0.017898, 0.01795, 0.017937, 0.017901, 0.018038, 0.017971, 0.017992, 0.017987, 0.017949, 0.017935, 0.017917, 0.017968, 0.017924, 0.017934, 0.017928, 0.017955, 0.01796, 0.017941, 0.018013, 0.017973, 0.018004, 0.017981, 0.01798, 0.017955, 0.018002, 0.018025, 0.017977, 0.018009, 0.018014, 0.017978, 0.018014, 0.018039, 0.01804, 0.018004, 0.018012, 0.018005, 0.018007, 0.01803, 0.017978, 0.017989, 0.018027, 0.017986, 0.018016, 0.014396, 0.014363, 0.014362, 0.014359, 0.014315, 0.01437, 0.014336, 0.014355, 0.014294, 0.014314, 0.014305, 0.014324, 0.014309, 0.014299, 0.014344, 0.01427, 0.014268, 0.014323, 0.014326, 0.014245, 0.014285, 0.014266, 0.014321, 0.014304, 0.014297, 0.01434, 0.014344, 0.014381, 0.014342, 0.014349, 0.014349, 0.014299, 0.014333, 0.014346, 0.014344, 0.014325}"
