"model_name","layer_name","layer_index","kind","min_time","mean_time","max_time","add_flops","div_flops","cmp_flops","exp_flops","mad_flops","input_channel","input_height","input_width","output_channel","output_height","output_width","function","kernel_1","kernel_2","stride_1","stride_2","dilation_1","dilation_2","input_form","topology_hash","mad/min_time","mad/mean_time","mad/max_time","time"
"Dilated ResNet-105 Trained on Cityscapes Data","convolution2",7,"Convolution",0.041576,0.04181073333333336,0.076678,0,0,0,0,603979776,16,512,1024,32,256,512,"",3,3,2,2,1,1,"HoldForm[ConvolutionLayer[32, {3, 3}, ""Stride"" -> {2, 2}, ""PaddingSize"" -> {{1, 1}, {1, 1}}, ""Dilation"" -> {1, 1}, ""Input"" -> {16, 512, 1024}]]","03x0yx0xgra6t",1.4527125649413122e10,1.44455676293647e10,7.876832676908631e9,"{0.076678, 0.041787, 0.041844, 0.041645, 0.041655, 0.041654, 0.041694, 0.041796, 0.041778, 0.041842, 0.04183, 0.041891, 0.041952, 0.041643, 0.041746, 0.041992, 0.0418, 0.041836, 0.041875, 0.041787, 0.041728, 0.041835, 0.041793, 0.041802, 0.041941, 0.04172, 0.041828, 0.041772, 0.041824, 0.041712, 0.041736, 0.041718, 0.041797, 0.041791, 0.041804, 0.041841, 0.041781, 0.041742, 0.041741, 0.041823, 0.041753, 0.041797, 0.041822, 0.041886, 0.041851, 0.041843, 0.041883, 0.04181, 0.0418, 0.041767, 0.041984, 0.041781, 0.04185, 0.041641, 0.041725, 0.041731, 0.041576, 0.041769, 0.041903, 0.041891, 0.041821, 0.041863, 0.041853, 0.041856, 0.041886, 0.041829, 0.041717, 0.041849, 0.041908, 0.04179, 0.04194, 0.041737, 0.041831, 0.041871, 0.041909, 0.041844, 0.041809, 0.041831, 0.041749, 0.041808, 0.041788, 0.041775, 0.041887, 0.041846, 0.041763, 0.041881, 0.0418, 0.041773, 0.041876, 0.041684, 0.041833, 0.04187, 0.041808, 0.041772, 0.041824, 0.041857, 0.041852, 0.041724, 0.041835, 0.041805}"
