"model_name","layer_name","layer_index","kind","min_time","mean_time","max_time","add_flops","div_flops","cmp_flops","exp_flops","mad_flops","input_channel","input_height","input_width","output_channel","output_height","output_width","function","kernel_1","kernel_2","stride_1","stride_2","dilation_1","dilation_2","input_form","topology_hash","mad/min_time","mad/mean_time","mad/max_time","time"
"Unguided Volumetric Regression Net for 3D Face Reconstruction","8/2/1/2/4/1/1/9",475,"Convolution",0.000271,0.0002737333333333333,0.000578,0,0,0,0,18874368,128,24,24,256,24,24,"",1,1,1,1,1,1,"HoldForm[ConvolutionLayer[256, {1, 1}, ""Stride"" -> {1, 1}, ""PaddingSize"" -> {{0, 0}, {0, 0}}, ""Dilation"" -> {1, 1}, ""Input"" -> {128, 24, 24}]]","10onybid92hx5",6.964711439114392e10,6.895166098392598e10,3.2654615916955017e10,"{0.000578, 0.000281, 0.000275, 0.000274, 0.000273, 0.000272, 0.000272, 0.000272, 0.000271, 0.000291, 0.000275, 0.000273, 0.000315, 0.000277, 0.000274, 0.000274, 0.000272, 0.000271, 0.000273, 0.000272, 0.000273, 0.000272, 0.000272, 0.000272, 0.000273, 0.000273, 0.000302, 0.000277, 0.000273, 0.000271, 0.000274, 0.000273, 0.000272, 0.000271, 0.000273, 0.000273, 0.000272, 0.000273, 0.000272, 0.000272, 0.000272, 0.000291, 0.000278, 0.000276, 0.000288, 0.000296, 0.000279, 0.000277, 0.000276, 0.000276}"
