"model_name","layer_name","layer_index","kind","min_time","mean_time","max_time","add_flops","div_flops","cmp_flops","exp_flops","mad_flops","input_channel","input_height","input_width","output_channel","output_height","output_width","function","kernel_1","kernel_2","stride_1","stride_2","dilation_1","dilation_2","input_form","topology_hash","mad/min_time","mad/mean_time","mad/max_time","time"
"Dilated ResNet-38 Trained on Cityscapes Data","convolution17",56,"Convolution",0.022876,0.023028666666666666,0.054437,0,0,0,0,1207959552,128,64,128,128,64,128,"",3,3,1,1,1,1,"HoldForm[ConvolutionLayer[128, {3, 3}, ""Stride"" -> {1, 1}, ""PaddingSize"" -> {{1, 1}, {1, 1}}, ""Dilation"" -> {1, 1}, ""Input"" -> {128, 64, 128}]]","1fnbq7md20zlw",5.280466655009617e10,5.245460232174391e10,2.2190046328783733e10,"{0.054437, 0.023095, 0.023025, 0.022916, 0.022942, 0.023073, 0.023003, 0.023034, 0.022949, 0.022971, 0.022905, 0.022986, 0.022974, 0.023065, 0.023024, 0.023113, 0.022943, 0.022972, 0.023007, 0.023016, 0.023007, 0.023004, 0.022983, 0.022913, 0.022975, 0.022995, 0.023046, 0.023051, 0.023025, 0.023056, 0.023009, 0.022996, 0.023049, 0.023079, 0.023048, 0.023026, 0.023112, 0.023133, 0.023117, 0.023229, 0.023107, 0.023134, 0.023105, 0.02308, 0.023008, 0.022876, 0.023243, 0.023018, 0.023014, 0.023063}"
