"model_name","layer_name","layer_index","kind","min_time","mean_time","max_time","add_flops","div_flops","cmp_flops","exp_flops","mad_flops","input_channel","input_height","input_width","output_channel","output_height","output_width","function","kernel_1","kernel_2","stride_1","stride_2","dilation_1","dilation_2","input_form","topology_hash","mad/min_time","mad/mean_time","mad/max_time","time"
"Unguided Volumetric Regression Net for 3D Face Reconstruction","8/2/1/1/4/1/2/5/1/1/3",400,"Convolution",0.000352,0.0003601,0.000539,0,0,0,0,18874368,256,24,24,128,24,24,"",1,1,1,1,1,1,"HoldForm[ConvolutionLayer[128, {1, 1}, ""Stride"" -> {1, 1}, ""PaddingSize"" -> {{0, 0}, {0, 0}}, ""Dilation"" -> {1, 1}, ""Input"" -> {256, 24, 24}]]","0aq3fws45f1kh",5.362036363636364e10,5.241424048875313e10,3.501738033395177e10,"{0.000539, 0.000361, 0.000356, 0.000356, 0.000354, 0.000352, 0.000361, 0.000362, 0.000353, 0.000383, 0.00037, 0.00036, 0.000357, 0.000357, 0.000358, 0.000358, 0.000358, 0.000358, 0.000355, 0.000382, 0.00039, 0.000366, 0.000359, 0.000359, 0.000358, 0.000363, 0.000357, 0.000357, 0.000359, 0.000357, 0.000361, 0.000381, 0.000392, 0.000367, 0.000365, 0.000368, 0.000362, 0.000361, 0.000358, 0.000361, 0.000361, 0.00036, 0.000377, 0.000365, 0.000359, 0.000358, 0.000359, 0.000358, 0.00036, 0.000358}"
