"model_name","layer_name","layer_index","kind","min_time","mean_time","max_time","add_flops","div_flops","cmp_flops","exp_flops","mad_flops","input_channel","input_height","input_width","output_channel","output_height","output_width","function","kernel_1","kernel_2","stride_1","stride_2","dilation_1","dilation_2","input_form","topology_hash","mad/min_time","mad/mean_time","mad/max_time","time"
"Squeeze-and-Excitation Net Trained on ImageNet Competition Data","z1/conv4_27_3x3",650,"Convolution",0.00221,0.002256533333333333,0.008728,0,0,0,0,14450688,512,14,14,1024,14,14,"",3,3,1,1,1,1,"HoldForm[ConvolutionLayer[1024, {3, 3}, ""Stride"" -> {1, 1}, ""PaddingSize"" -> {{1, 1}, {1, 1}}, ""Dilation"" -> {1, 1}, ""ChannelGroups"" -> 64, ""Input"" -> {512, 14, 14}]]","0yuz6nnza0i6k",6.538772850678733e9,6.403932876388561e9,1.6556700274977086e9,"{0.008728, 0.002324, 0.002277, 0.002288, 0.002286, 0.002291, 0.002276, 0.002262, 0.002291, 0.002266, 0.002299, 0.002276, 0.002306, 0.002283, 0.002278, 0.002315, 0.002287, 0.0023, 0.002274, 0.002292, 0.002275, 0.002281, 0.002292, 0.00226, 0.002302, 0.002281, 0.002307, 0.002269, 0.002285, 0.0023, 0.002282, 0.002288, 0.002275, 0.002295, 0.002281, 0.002276, 0.002287, 0.002215, 0.002268, 0.00222, 0.002238, 0.002231, 0.002244, 0.002252, 0.002218, 0.002251, 0.002228, 0.002261, 0.002242, 0.002239, 0.002212, 0.00221, 0.00226, 0.00223, 0.00224, 0.002216, 0.002246, 0.002213, 0.002245, 0.002267, 0.002233, 0.002253, 0.002229, 0.002248, 0.002221, 0.002241, 0.002232, 0.002246, 0.002246, 0.002215, 0.002252, 0.002238, 0.002249, 0.002215, 0.002264, 0.002226, 0.002225, 0.002251, 0.002227, 0.002253, 0.002226, 0.002256, 0.002235, 0.00227, 0.002267, 0.002219, 0.002258, 0.00224, 0.002261, 0.002222, 0.002258, 0.002236, 0.002235, 0.002271, 0.002238, 0.002271, 0.002225, 0.002245, 0.002215, 0.002259}"
