"model_name","layer_name","layer_index","kind","min_time","mean_time","max_time","add_flops","div_flops","cmp_flops","exp_flops","mad_flops","input_channel","input_height","input_width","output_channel","output_height","output_width","function","kernel_1","kernel_2","stride_1","stride_2","dilation_1","dilation_2","input_form","topology_hash","mad/min_time","mad/mean_time","mad/max_time","time"
"ResNet-50 Trained on ImageNet Competition Data","3d/res3d_branch2a",70,"Convolution",0.000733,0.0007450666666666668,0.000957,0,0,0,0,51380224,512,28,28,128,28,28,"",1,1,1,1,1,1,"HoldForm[ConvolutionLayer[128, {1, 1}, ""Stride"" -> {1, 1}, ""PaddingSize"" -> {{0, 0}, {0, 0}}, ""Dilation"" -> {1, 1}, ""Input"" -> {512, 28, 28}]]","1v270t7il8u78",7.009580354706685e10,6.896057265569075e10,5.368884430512018e10,"{0.000957, 0.000749, 0.000739, 0.000764, 0.000751, 0.000741, 0.000738, 0.000747, 0.000774, 0.000751, 0.000738, 0.000738, 0.000738, 0.000735, 0.00075, 0.000745, 0.000745, 0.000737, 0.000737, 0.000776, 0.000752, 0.000739, 0.000741, 0.000736, 0.000767, 0.000744, 0.000738, 0.000748, 0.000741, 0.000744, 0.000757, 0.000746, 0.000749, 0.000739, 0.000741, 0.000762, 0.000746, 0.000742, 0.000733, 0.000743, 0.000774, 0.000759, 0.000744, 0.000741, 0.000744, 0.000738, 0.000761, 0.000755, 0.000749, 0.000748}"
