"model_name","layer_name","layer_index","kind","min_time","mean_time","max_time","add_flops","div_flops","cmp_flops","exp_flops","mad_flops","input_channel","input_height","input_width","output_channel","output_height","output_width","function","kernel_1","kernel_2","stride_1","stride_2","dilation_1","dilation_2","input_form","topology_hash","mad/min_time","mad/mean_time","mad/max_time","time"
"Unguided Volumetric Regression Net for 3D Face Reconstruction","8/2/1/1/4/1/1/4/2/1/1/3",355,"Convolution",0.001222,0.0012403333333333333,0.001705,0,0,0,0,75497472,256,48,48,128,48,48,"",1,1,1,1,1,1,"HoldForm[ConvolutionLayer[128, {1, 1}, ""Stride"" -> {1, 1}, ""PaddingSize"" -> {{0, 0}, {0, 0}}, ""Dilation"" -> {1, 1}, ""Input"" -> {256, 48, 48}]]","0qhidgmvlgzgt",6.178189198036006e10,6.086869551195915e10,4.4280042228739e10,"{0.001705, 0.001268, 0.001239, 0.001262, 0.001233, 0.001227, 0.001263, 0.001235, 0.001222, 0.001261, 0.001235, 0.001234, 0.00127, 0.00124, 0.001225, 0.001269, 0.001236, 0.00123, 0.001235, 0.001263, 0.001248, 0.001244, 0.00129, 0.001244, 0.001231, 0.001259, 0.001238, 0.001231, 0.001253, 0.00123, 0.001227, 0.001259, 0.001229, 0.001228, 0.001231, 0.00126, 0.001229, 0.001227, 0.00128, 0.001241, 0.001222, 0.001252, 0.001243, 0.001243, 0.001269, 0.001231, 0.00123, 0.00123, 0.001234, 0.001224}"
