"model_name","layer_name","layer_index","kind","min_time","mean_time","max_time","add_flops","div_flops","cmp_flops","exp_flops","mad_flops","input_channel","input_height","input_width","output_channel","output_height","output_width","function","kernel_1","kernel_2","stride_1","stride_2","dilation_1","dilation_2","input_form","topology_hash","mad/min_time","mad/mean_time","mad/max_time","time"
"Yahoo Open NSFW Model V1","stage2_block2/conv_branch2b",105,"Convolution",0.000522,0.0007421666666666665,0.00172,0,0,0,0,28901376,128,14,14,128,14,14,"",3,3,1,1,1,1,"HoldForm[ConvolutionLayer[128, {3, 3}, ""Stride"" -> {1, 1}, ""PaddingSize"" -> {{1, 1}, {1, 1}}, ""Dilation"" -> {1, 1}, ""Input"" -> {128, 14, 14}]]","1oxxs042be2v9",5.5366620689655174e10,3.894189445317764e10,1.680312558139535e10,"{0.00172, 0.000973, 0.000956, 0.000977, 0.000956, 0.00095, 0.000954, 0.00098, 0.000972, 0.000957, 0.000954, 0.000983, 0.000963, 0.000949, 0.000951, 0.000948, 0.000983, 0.000964, 0.000951, 0.000963, 0.000992, 0.000961, 0.000956, 0.000957, 0.00081, 0.000541, 0.000531, 0.000553, 0.000529, 0.000525, 0.000528, 0.00057, 0.000537, 0.000553, 0.00055, 0.000524, 0.000523, 0.000526, 0.000525, 0.000531, 0.000524, 0.000523, 0.000523, 0.000523, 0.000522, 0.000522, 0.000564, 0.000529, 0.000523, 0.000522}"
