"model_name","layer_name","layer_index","kind","min_time","mean_time","max_time","add_flops","div_flops","cmp_flops","exp_flops","mad_flops","input_channel","input_height","input_width","output_channel","output_height","output_width","function","kernel_1","kernel_2","stride_1","stride_2","dilation_1","dilation_2","input_form","topology_hash","mad/min_time","mad/mean_time","mad/max_time","time"
"Single-Image Depth Perception Net Trained on Depth in the Wild Data","4/1/1/5/1/1",432,"Convolution",0.000877,0.0015480666666666666,0.002317,0,0,0,0,78643200,128,120,160,32,120,160,"",1,1,1,1,1,1,"HoldForm[ConvolutionLayer[32, {1, 1}, ""Stride"" -> {1, 1}, ""PaddingSize"" -> {{0, 0}, {0, 0}}, ""Dilation"" -> {1, 1}, ""Input"" -> {128, 120, 160}]]","1gy9o2kt96g59",8.967297605473206e10,5.0800912966711174e10,3.3941821320673286e10,"{0.002317, 0.001587, 0.00156, 0.001532, 0.001566, 0.001534, 0.001555, 0.001533, 0.001525, 0.001547, 0.001533, 0.001525, 0.001547, 0.001547, 0.001543, 0.001534, 0.001533, 0.001558, 0.001548, 0.001569, 0.001554, 0.001534, 0.001558, 0.001546, 0.001567, 0.00155, 0.001544, 0.001569, 0.001556, 0.00154, 0.001578, 0.001537, 0.001559, 0.001537, 0.00154, 0.001556, 0.001567, 0.001568, 0.001542, 0.001549, 0.001219, 0.000889, 0.000877, 0.001572, 0.001554, 0.001546, 0.001563, 0.001534, 0.001539, 0.001565}"
