"model_name","layer_name","layer_index","kind","min_time","mean_time","max_time","add_flops","div_flops","cmp_flops","exp_flops","mad_flops","input_channel","input_height","input_width","output_channel","output_height","output_width","function","kernel_1","kernel_2","stride_1","stride_2","dilation_1","dilation_2","input_form","topology_hash","mad/min_time","mad/mean_time","mad/max_time","time"
"Inception V1 Trained on ImageNet Competition Data","inception_4b/pool_proj",68,"Convolution",0.000173,0.0001748666666666666,0.003459,0,0,0,0,6422528,512,14,14,64,14,14,"",1,1,1,1,1,1,"HoldForm[ConvolutionLayer[64, {1, 1}, ""Stride"" -> {1, 1}, ""PaddingSize"" -> {{0, 0}, {0, 0}}, ""Dilation"" -> {1, 1}, ""Input"" -> {512, 14, 14}]]","0iox26jy93tp1",3.7124439306358376e10,3.6728143347312256e10,1.8567586007516623e9,"{0.003459, 0.000212, 0.000182, 0.000178, 0.000178, 0.000177, 0.000181, 0.000182, 0.00018, 0.000178, 0.000177, 0.000257, 0.000181, 0.000177, 0.000177, 0.000175, 0.000175, 0.000174, 0.000175, 0.000175, 0.000174, 0.000173, 0.000174, 0.000174, 0.000175, 0.000173, 0.000174, 0.000174, 0.000173, 0.000173, 0.000175, 0.000173, 0.000173, 0.000191, 0.000184, 0.000175, 0.000175, 0.000174, 0.000174, 0.000174, 0.000178, 0.000179, 0.000175, 0.000174, 0.000175, 0.000174, 0.000173, 0.000173, 0.000175, 0.000174, 0.000173, 0.000173, 0.000174, 0.000174, 0.000173, 0.000181, 0.000184, 0.000174, 0.000175, 0.000175, 0.000175, 0.000174, 0.000173, 0.000179, 0.00018, 0.000175, 0.000173, 0.000175, 0.000175, 0.000175, 0.000176, 0.000175, 0.000174, 0.000174, 0.000173, 0.000175, 0.000175, 0.000173, 0.000183, 0.000182, 0.000174, 0.000174, 0.000175, 0.000175, 0.000174, 0.000174, 0.000173, 0.000174, 0.000174, 0.000173, 0.000173, 0.000174, 0.000175, 0.000176, 0.000174, 0.000174, 0.000173, 0.000177, 0.000178, 0.000175}"
