"model_name","layer_name","layer_index","kind","min_time","mean_time","max_time","add_flops","div_flops","cmp_flops","exp_flops","mad_flops","input_channel","input_height","input_width","output_channel","output_height","output_width","function","kernel_1","kernel_2","stride_1","stride_2","dilation_1","dilation_2","input_form","topology_hash","mad/min_time","mad/mean_time","mad/max_time","time"
"AdaIN-Style Trained on MS-COCO and Painter by Numbers Data","encoder_content/9",9,"Convolution",0.129065,0.12999780000000002,0.202653,0,0,0,0,4831838208,64,258,258,128,256,256,"",3,3,1,1,1,1,"HoldForm[ConvolutionLayer[128, {3, 3}, ""Stride"" -> {1, 1}, ""PaddingSize"" -> {{0, 0}, {0, 0}}, ""Dilation"" -> {1, 1}, ""Input"" -> {64, 258, 258}]]","16ti3vlj75q81",3.7437246410723274e10,3.716861522271915e10,2.3842914775502953e10,"{0.202653, 0.132133, 0.131692, 0.131916, 0.132427, 0.131742, 0.131665, 0.132221, 0.132327, 0.132093, 0.132105, 0.132247, 0.131918, 0.132015, 0.131666, 0.131804, 0.129893, 0.130027, 0.129511, 0.12972, 0.130034, 0.13004, 0.129065, 0.129533, 0.129736, 0.129837, 0.12999, 0.130156, 0.130508, 0.130461, 0.129955, 0.12997, 0.129685, 0.130107, 0.129691, 0.129774, 0.129623, 0.129448, 0.129895, 0.129706, 0.129625, 0.129797, 0.129385, 0.129822, 0.129635, 0.130124, 0.129559, 0.129695, 0.129402, 0.129284, 0.129818, 0.129644, 0.129395, 0.129884, 0.129635, 0.130207, 0.130111, 0.130535, 0.129782, 0.129962, 0.130079, 0.130508, 0.130199, 0.129665, 0.130261, 0.130111, 0.130234, 0.130114, 0.130182, 0.130102, 0.129518, 0.130498, 0.12984, 0.129988, 0.130141, 0.129886, 0.13013, 0.129757, 0.130087, 0.130092, 0.129867, 0.130128, 0.130178, 0.130057, 0.12999, 0.130219, 0.130241, 0.129973, 0.129873, 0.129441, 0.13013, 0.129536, 0.130282, 0.129926, 0.142139, 0.129411, 0.129362, 0.12926, 0.129927, 0.129832}"
