"model_name","layer_name","layer_index","kind","min_time","mean_time","max_time","add_flops","div_flops","cmp_flops","exp_flops","mad_flops","input_channel","input_height","input_width","output_channel","output_height","output_width","function","kernel_1","kernel_2","stride_1","stride_2","dilation_1","dilation_2","input_form","topology_hash","mad/min_time","mad/mean_time","mad/max_time","time"
"CycleGAN Orange-to-Apple Translation Trained on ImageNet Competition Data","13/1/2",21,"Convolution",0.013713,0.0139293,0.025711,0,0,0,0,603979776,128,66,66,128,64,64,"",3,3,1,1,1,1,"HoldForm[ConvolutionLayer[128, {3, 3}, ""Stride"" -> {1, 1}, ""PaddingSize"" -> {{0, 0}, {0, 0}}, ""Dilation"" -> {1, 1}, ""Input"" -> {128, 66, 66}]]","1sehkke39v8fh",4.404432115510829e10,4.336038250306908e10,2.3491104041071915e10,"{0.025711, 0.01394, 0.014029, 0.013935, 0.013989, 0.013922, 0.01392, 0.01392, 0.013943, 0.013909, 0.013865, 0.013847, 0.013874, 0.013952, 0.01388, 0.013862, 0.013932, 0.013893, 0.01397, 0.01396, 0.01395, 0.013993, 0.013946, 0.013959, 0.013954, 0.013947, 0.013956, 0.013944, 0.013917, 0.013924, 0.013786, 0.013831, 0.013806, 0.013801, 0.013858, 0.013875, 0.013908, 0.013999, 0.013963, 0.01393, 0.013922, 0.013853, 0.013842, 0.013949, 0.013971, 0.014059, 0.013937, 0.013916, 0.013896, 0.013845, 0.013877, 0.013899, 0.013819, 0.013897, 0.013913, 0.014001, 0.014017, 0.014021, 0.013945, 0.013988, 0.013937, 0.0139, 0.013996, 0.013905, 0.013945, 0.013958, 0.013945, 0.013931, 0.013969, 0.013932, 0.013965, 0.013931, 0.013986, 0.013956, 0.013956, 0.013908, 0.01394, 0.013929, 0.013979, 0.013862, 0.013943, 0.013883, 0.013935, 0.013912, 0.013958, 0.013972, 0.013987, 0.013928, 0.013938, 0.013932, 0.013951, 0.013888, 0.013882, 0.014005, 0.013904, 0.013939, 0.013894, 0.013872, 0.013835, 0.013713}"
