"model_name","layer_name","layer_index","kind","min_time","mean_time","max_time","add_flops","div_flops","cmp_flops","exp_flops","mad_flops","input_channel","input_height","input_width","output_channel","output_height","output_width","function","kernel_1","kernel_2","stride_1","stride_2","dilation_1","dilation_2","input_form","topology_hash","mad/min_time","mad/mean_time","mad/max_time","time"
"OpenFace Face Recognition Net Trained on CASIA-WebFace and FaceScrub Data","15/3/5",56,"Convolution",0.000062,0.00006336666666666664,0.000126,0,0,0,0,262144,256,4,4,64,4,4,"",1,1,1,1,1,1,"HoldForm[ConvolutionLayer[64, {1, 1}, ""Stride"" -> {1, 1}, ""PaddingSize"" -> {{0, 0}, {0, 0}}, ""Dilation"" -> {1, 1}, ""Input"" -> {256, 4, 4}]]","0x16igrggb6uh",4.2281290322580643e9,4.1369384534455566e9,2.0805079365079365e9,"{0.000126, 0.00007, 0.000064, 0.000064, 0.000063, 0.000064, 0.000063, 0.000063, 0.000063, 0.000063, 0.000064, 0.000063, 0.000063, 0.000063, 0.000064, 0.000063, 0.000064, 0.000068, 0.000063, 0.000062, 0.000063, 0.000062, 0.000063, 0.000063, 0.000062, 0.000065, 0.000063, 0.000064, 0.000075, 0.00007, 0.000065, 0.000064, 0.000063, 0.000063, 0.000063, 0.000064, 0.000063, 0.000064, 0.000063, 0.000063, 0.000064, 0.000064, 0.000063, 0.000063, 0.000062, 0.000063, 0.000064, 0.000063, 0.000063, 0.000092}"
