"model_name","layer_name","layer_index","kind","min_time","mean_time","max_time","add_flops","div_flops","cmp_flops","exp_flops","mad_flops","input_channel","input_height","input_width","output_channel","output_height","output_width","function","kernel_1","kernel_2","stride_1","stride_2","dilation_1","dilation_2","input_form","topology_hash","mad/min_time","mad/mean_time","mad/max_time","time"
"Inception V3 Trained on ImageNet Competition Data","Inception5/mixed_4_tower_1_conv_conv2d",113,"Convolution",0.000522,0.0005297333333333334,0.000639,0,0,0,0,28409856,768,17,17,128,17,17,"",1,1,1,1,1,1,"HoldForm[ConvolutionLayer[128, {1, 1}, ""Stride"" -> {1, 1}, ""PaddingSize"" -> {{0, 0}, {0, 0}}, ""Dilation"" -> {1, 1}, ""Input"" -> {768, 17, 17}]]","1w4tq0zkfx1dw",5.442501149425288e10,5.36304857790083e10,4.445986854460094e10,"{0.000639, 0.000556, 0.000558, 0.000538, 0.000525, 0.000524, 0.000524, 0.000525, 0.000524, 0.000541, 0.000532, 0.000526, 0.000524, 0.000522, 0.000524, 0.000529, 0.000528, 0.000544, 0.000538, 0.00053, 0.000528, 0.000524, 0.000527, 0.000526, 0.000525, 0.000564, 0.000529, 0.000528, 0.00053, 0.000528, 0.000527, 0.00053, 0.000549, 0.000538, 0.000533, 0.000534, 0.000527, 0.000531, 0.00053, 0.000571, 0.000535, 0.000529, 0.000531, 0.000528, 0.000527, 0.00053, 0.000529, 0.000546, 0.000529, 0.000522}"
