"model_name","layer_name","layer_index","kind","min_time","mean_time","max_time","add_flops","div_flops","cmp_flops","exp_flops","mad_flops","input_channel","input_height","input_width","output_channel","output_height","output_width","function","kernel_1","kernel_2","stride_1","stride_2","dilation_1","dilation_2","input_form","topology_hash","mad/min_time","mad/mean_time","mad/max_time","time"
"Single-Image Depth Perception Net Trained on NYU Depth V2 and Depth in the Wild Data","4/1/1/2/2/4",11,"Convolution",0.011738,0.012816583333333333,0.021462,0,0,0,0,176947200,32,120,160,32,120,160,"",3,3,1,1,1,1,"HoldForm[ConvolutionLayer[32, {3, 3}, ""Stride"" -> {1, 1}, ""PaddingSize"" -> {{1, 1}, {1, 1}}, ""Dilation"" -> {1, 1}, ""Input"" -> {32, 120, 160}]]","13lv34ua8bf7v",1.507473164082467e10,1.3806113173687737e10,8.244674308079397e9,"{0.021462, 0.013304, 0.013414, 0.013391, 0.013362, 0.013493, 0.013471, 0.013358, 0.01335, 0.013373, 0.013387, 0.013374, 0.013363, 0.013276, 0.013435, 0.013494, 0.01352, 0.0136, 0.013437, 0.013452, 0.013502, 0.013462, 0.013483, 0.013421, 0.01343, 0.013458, 0.01342, 0.013421, 0.013434, 0.013547, 0.013457, 0.013391, 0.013416, 0.013457, 0.013433, 0.013439, 0.013465, 0.013446, 0.01347, 0.01355, 0.013535, 0.013601, 0.013521, 0.013502, 0.013537, 0.013492, 0.013435, 0.013523, 0.013484, 0.013601, 0.013596, 0.013521, 0.013595, 0.013572, 0.013543, 0.013534, 0.012294, 0.011779, 0.011769, 0.011863, 0.011781, 0.011804, 0.01176, 0.01184, 0.011849, 0.011814, 0.011765, 0.011738, 0.011925, 0.01186, 0.011801, 0.011827, 0.011868, 0.011871, 0.011872, 0.011892, 0.011873, 0.011871, 0.011852, 0.011913, 0.01189, 0.01188, 0.011895, 0.011888, 0.011788, 0.011824, 0.011816, 0.011838, 0.011873, 0.011903, 0.011953, 0.011886, 0.0119, 0.011909, 0.011883, 0.0119, 0.0119, 0.01192, 0.011882, 0.011861}"
