"model_name","layer_name","layer_index","kind","min_time","mean_time","max_time","add_flops","div_flops","cmp_flops","exp_flops","mad_flops","input_channel","input_height","input_width","output_channel","output_height","output_width","function","kernel_1","kernel_2","stride_1","stride_2","dilation_1","dilation_2","input_form","topology_hash","mad/min_time","mad/mean_time","mad/max_time","time"
"2D Face Alignment Net Trained on 300W Large Pose Data","12/1/2/4/1/1/4/2/2/2/3",942,"Convolution",0.001651,0.0016878833333333334,0.007693,0,0,0,0,37748736,64,32,32,64,32,32,"",3,3,1,1,1,1,"HoldForm[ConvolutionLayer[64, {3, 3}, ""Stride"" -> {1, 1}, ""PaddingSize"" -> {{1, 1}, {1, 1}}, ""Dilation"" -> {1, 1}, ""Input"" -> {64, 32, 32}]]","1c6qyhfs6wyyq",2.2864164748637188e10,2.236454099315711e10,4.906894059534641e9,"{0.007693, 0.001924, 0.0019, 0.001796, 0.00176, 0.001863, 0.001804, 0.00184, 0.001805, 0.001708, 0.001664, 0.001684, 0.001686, 0.001685, 0.0017, 0.001671, 0.001709, 0.001666, 0.001714, 0.001684, 0.001673, 0.001703, 0.001676, 0.001701, 0.001674, 0.001686, 0.001709, 0.001651, 0.001716, 0.001701, 0.001726, 0.001686, 0.001689, 0.001684, 0.001667, 0.001729, 0.00168, 0.001688, 0.001679, 0.001656, 0.001693, 0.001671, 0.001717, 0.001674, 0.001685, 0.001683, 0.001658, 0.001714, 0.001656, 0.001687, 0.001678, 0.001673, 0.001697, 0.001685, 0.001699, 0.001674, 0.001681, 0.001678, 0.001672, 0.001687, 0.001663, 0.001724, 0.001688, 0.001716, 0.001691, 0.001656, 0.001681, 0.001683, 0.001714, 0.00166, 0.001706, 0.001684, 0.001672, 0.001678, 0.001671, 0.001702, 0.001691, 0.001667, 0.001661, 0.001679, 0.001714, 0.001682, 0.001702, 0.001685, 0.001683, 0.001676, 0.001679, 0.00172, 0.00168, 0.001698, 0.001671, 0.001669, 0.001724, 0.001666, 0.001712, 0.001679, 0.00171, 0.001673, 0.001675, 0.001683}"
