"model_name","layer_name","layer_index","kind","min_time","mean_time","max_time","add_flops","div_flops","cmp_flops","exp_flops","mad_flops","input_channel","input_height","input_width","output_channel","output_height","output_width","function","kernel_1","kernel_2","stride_1","stride_2","dilation_1","dilation_2","input_form","topology_hash","mad/min_time","mad/mean_time","mad/max_time","time"
"CycleGAN Photo-to-Cezanne Translation","14/1/6",19,"Convolution",0.009067,0.009412566666666667,0.017635,0,0,0,0,603979776,128,66,66,128,64,64,"",3,3,1,1,1,1,"HoldForm[ConvolutionLayer[128, {3, 3}, ""Stride"" -> {1, 1}, ""PaddingSize"" -> {{0, 0}, {0, 0}}, ""Dilation"" -> {1, 1}, ""Input"" -> {128, 66, 66}]]","1sehkke39v8fh",6.661296746443145e10,6.416738360418872e10,3.4248924071448822e10,"{0.017635, 0.009322, 0.009417, 0.009455, 0.009544, 0.009632, 0.009524, 0.009502, 0.009595, 0.009581, 0.009568, 0.009535, 0.009565, 0.009554, 0.009473, 0.009449, 0.009348, 0.009454, 0.00951, 0.009408, 0.009392, 0.009304, 0.00926, 0.009067, 0.009294, 0.009398, 0.009365, 0.009375, 0.009343, 0.0091, 0.009377, 0.009361, 0.009501, 0.009411, 0.00939, 0.009324, 0.009272, 0.00937, 0.009497, 0.009451, 0.009395, 0.009258, 0.009075, 0.009132, 0.009322, 0.009475, 0.009378, 0.009493, 0.009415, 0.009328}"
