"model_name","layer_name","layer_index","kind","min_time","mean_time","max_time","add_flops","div_flops","cmp_flops","exp_flops","mad_flops","input_channel","input_height","input_width","output_channel","output_height","output_width","function","kernel_1","kernel_2","stride_1","stride_2","dilation_1","dilation_2","input_form","topology_hash","mad/min_time","mad/mean_time","mad/max_time","time"
"U-Net Trained on Glioblastoma-Astrocytoma U373 Cells on a Polyacrylamide Substrate Data","expand_1/conv_1",55,"Convolution",0.373187,0.37439546666666673,0.804938,0,0,0,0,16821043200,192,392,392,64,390,390,"",3,3,1,1,1,1,"HoldForm[ConvolutionLayer[64, {3, 3}, ""Stride"" -> {1, 1}, ""PaddingSize"" -> {{0, 0}, {0, 0}}, ""Dilation"" -> {1, 1}, ""Input"" -> {192, 392, 392}]]","0x6v6qavlssq7",4.507403312548401e10,4.492854400658696e10,2.0897315321180016e10,"{0.804938, 0.37342, 0.375296, 0.373742, 0.373638, 0.374728, 0.374777, 0.373694, 0.374111, 0.374211, 0.373752, 0.374497, 0.375948, 0.373559, 0.374551, 0.375851, 0.374595, 0.373979, 0.374956, 0.373677, 0.373556, 0.375368, 0.374048, 0.374071, 0.375582, 0.374513, 0.374285, 0.374782, 0.374316, 0.374167, 0.374533, 0.37538, 0.374693, 0.374046, 0.375722, 0.374101, 0.373772, 0.375773, 0.373806, 0.373764, 0.375028, 0.374529, 0.374365, 0.376201, 0.37686, 0.374383, 0.373214, 0.375209, 0.373258, 0.373187}"
