"model_name","layer_name","layer_index","kind","min_time","mean_time","max_time","add_flops","div_flops","cmp_flops","exp_flops","mad_flops","input_channel","input_height","input_width","output_channel","output_height","output_width","function","kernel_1","kernel_2","stride_1","stride_2","dilation_1","dilation_2","input_form","topology_hash","mad/min_time","mad/mean_time","mad/max_time","time"
"Single-Image Depth Perception Net Trained on Depth in the Wild Data","4/1/1/4/1/1/4/1/2/4/1/2/2/3/4",240,"Convolution",0.000427,0.0004291666666666665,0.00098,0,0,0,0,15360000,32,15,20,64,15,20,"",5,5,1,1,1,1,"HoldForm[ConvolutionLayer[64, {5, 5}, ""Stride"" -> {1, 1}, ""PaddingSize"" -> {{2, 2}, {2, 2}}, ""Dilation"" -> {1, 1}, ""Input"" -> {32, 15, 20}]]","1ckr305g254hj",3.597189695550351e10,3.579029126213594e10,1.5673469387755102e10,"{0.00098, 0.00044, 0.000434, 0.00043, 0.000429, 0.00043, 0.000429, 0.000428, 0.000458, 0.000432, 0.000429, 0.000428, 0.000428, 0.000428, 0.000431, 0.000428, 0.000428, 0.00047, 0.000432, 0.000428, 0.000428, 0.000428, 0.000428, 0.000428, 0.000428, 0.000428, 0.000456, 0.000431, 0.000428, 0.000428, 0.000428, 0.000438, 0.000429, 0.000427, 0.000428, 0.000446, 0.000433, 0.000433, 0.000428, 0.000427, 0.000444, 0.000428, 0.000428, 0.000427, 0.000427, 0.000446, 0.000431, 0.000428, 0.000428, 0.000427}"
