"model_name","layer_name","layer_index","kind","min_time","mean_time","max_time","add_flops","div_flops","cmp_flops","exp_flops","mad_flops","input_channel","input_height","input_width","output_channel","output_height","output_width","function","kernel_1","kernel_2","stride_1","stride_2","dilation_1","dilation_2","input_form","topology_hash","mad/min_time","mad/mean_time","mad/max_time","time"
"Dilated ResNet-38 Trained on Cityscapes Data","convolution33",110,"Convolution",0.189197,0.19004096666666667,0.255554,0,0,0,0,173946175488,512,64,128,512,64,128,"",3,3,1,1,4,4,"HoldForm[ConvolutionLayer[512, {3, 3}, ""Stride"" -> {1, 1}, ""PaddingSize"" -> {{4, 4}, {4, 4}}, ""Dilation"" -> {4, 4}, ""Input"" -> {512, 64, 128}]]","171a575g6r6yq",9.193918269740006e11,9.153088333480377e11,6.806630907283783e11,"{0.255554, 0.189714, 0.190175, 0.190608, 0.190231, 0.18971, 0.189617, 0.189719, 0.189934, 0.190356, 0.190332, 0.189735, 0.189505, 0.189546, 0.190042, 0.190713, 0.190942, 0.189795, 0.189975, 0.189808, 0.189899, 0.19028, 0.190876, 0.189886, 0.18991, 0.189733, 0.189802, 0.189866, 0.190792, 0.190392, 0.189588, 0.189599, 0.190044, 0.19011, 0.189628, 0.190545, 0.190199, 0.189686, 0.192691, 0.191404, 0.190566, 0.19107, 0.18973, 0.189499, 0.191059, 0.18999, 0.189741, 0.190717, 0.190112, 0.189197}"
