"model_name","layer_name","layer_index","kind","min_time","mean_time","max_time","add_flops","div_flops","cmp_flops","exp_flops","mad_flops","input_channel","input_height","input_width","output_channel","output_height","output_width","function","kernel_1","kernel_2","stride_1","stride_2","dilation_1","dilation_2","input_form","topology_hash","mad/min_time","mad/mean_time","mad/max_time","time"
"CycleGAN Orange-to-Apple Translation Trained on ImageNet Competition Data","13/1/6",25,"Convolution",0.016174,0.018538950000000005,0.025068,0,0,0,0,603979776,128,66,66,128,64,64,"",3,3,1,1,1,1,"HoldForm[ConvolutionLayer[128, {3, 3}, ""Stride"" -> {1, 1}, ""PaddingSize"" -> {{0, 0}, {0, 0}}, ""Dilation"" -> {1, 1}, ""Input"" -> {128, 66, 66}]]","1sehkke39v8fh",3.734263484604921e10,3.2578963533533443e10,2.409365629487793e10,"{0.025068, 0.016408, 0.01631, 0.016534, 0.016174, 0.016197, 0.016232, 0.016484, 0.016369, 0.016513, 0.016521, 0.018158, 0.01803, 0.017956, 0.018118, 0.01806, 0.018083, 0.018079, 0.018092, 0.01821, 0.018149, 0.018128, 0.018176, 0.018118, 0.018103, 0.018158, 0.018081, 0.018113, 0.01816, 0.018101, 0.018065, 0.018018, 0.018135, 0.018108, 0.01811, 0.018116, 0.018357, 0.018145, 0.018803, 0.018809, 0.01876, 0.018787, 0.018796, 0.018739, 0.018798, 0.018801, 0.018797, 0.018773, 0.018783, 0.018761, 0.018724, 0.018797, 0.018836, 0.018891, 0.018864, 0.018812, 0.018818, 0.018804, 0.018812, 0.018794, 0.018739, 0.018779, 0.01878, 0.018836, 0.018838, 0.018756, 0.01881, 0.01884, 0.018878, 0.01874, 0.018765, 0.018714, 0.018673, 0.018693, 0.018733, 0.018728, 0.018703, 0.018646, 0.018404, 0.018465, 0.018558, 0.018667, 0.018683, 0.018629, 0.018717, 0.018605, 0.018561, 0.018532, 0.018573, 0.01858, 0.018538, 0.018654, 0.018737, 0.018689, 0.018711, 0.01876, 0.018809, 0.018783, 0.018775, 0.018788}"
