"model_name","layer_name","layer_index","kind","min_time","mean_time","max_time","add_flops","div_flops","cmp_flops","exp_flops","mad_flops","input_channel","input_height","input_width","output_channel","output_height","output_width","function","kernel_1","kernel_2","stride_1","stride_2","dilation_1","dilation_2","input_form","topology_hash","mad/min_time","mad/mean_time","mad/max_time","time"
"Ademxapp Model A Trained on ImageNet Competition Data","3a/res3a_branch1",28,"Convolution",0.002427,0.002483600000000001,0.008416,0,0,0,0,209715200,128,80,80,256,80,80,"",1,1,1,1,1,1,"HoldForm[ConvolutionLayer[256, {1, 1}, ""Stride"" -> {1, 1}, ""PaddingSize"" -> {{0, 0}, {0, 0}}, ""Dilation"" -> {1, 1}, ""Input"" -> {128, 80, 80}]]","17tcah4babed0",8.640922950144211e10,8.44400064422612e10,2.4918631178707226e10,"{0.008416, 0.002709, 0.002679, 0.002646, 0.002668, 0.002652, 0.002639, 0.002669, 0.002647, 0.00267, 0.002653, 0.002676, 0.002649, 0.002469, 0.002434, 0.002471, 0.002469, 0.002442, 0.002482, 0.002479, 0.002472, 0.00249, 0.002469, 0.002481, 0.002498, 0.002451, 0.002495, 0.002475, 0.002469, 0.002503, 0.002476, 0.00251, 0.00251, 0.002482, 0.002496, 0.002484, 0.002479, 0.00252, 0.00249, 0.002538, 0.002553, 0.002481, 0.002507, 0.002507, 0.002491, 0.002501, 0.002443, 0.002484, 0.002507, 0.002455, 0.002508, 0.002532, 0.002479, 0.002506, 0.00247, 0.002487, 0.002496, 0.002461, 0.002501, 0.002477, 0.002485, 0.002515, 0.002455, 0.002488, 0.002497, 0.002477, 0.002492, 0.002463, 0.002466, 0.002492, 0.002453, 0.002503, 0.002467, 0.002447, 0.00246, 0.002449, 0.002466, 0.002464, 0.00244, 0.002479, 0.002434, 0.002439, 0.002461, 0.002452, 0.002461, 0.002463, 0.002443, 0.002495, 0.002456, 0.002491, 0.002499, 0.00245, 0.002506, 0.00248, 0.002427, 0.002468, 0.00246, 0.002482, 0.002479, 0.002455}"
