"model_name","layer_name","layer_index","kind","min_time","mean_time","max_time","add_flops","div_flops","cmp_flops","exp_flops","mad_flops","input_channel","input_height","input_width","output_channel","output_height","output_width","function","kernel_1","kernel_2","stride_1","stride_2","dilation_1","dilation_2","input_form","topology_hash","mad/min_time","mad/mean_time","mad/max_time","time"
"Unguided Volumetric Regression Net for 3D Face Reconstruction","9/2/1/1/4/1/1/4/1/1/4/1/2/2/1/1/6",670,"Convolution",0.002408,0.002434516666666668,0.008607,0,0,0,0,84934656,128,24,24,128,24,24,"",3,3,1,1,1,1,"HoldForm[ConvolutionLayer[128, {3, 3}, ""Stride"" -> {1, 1}, ""PaddingSize"" -> {{1, 1}, {1, 1}}, ""Dilation"" -> {1, 1}, ""Input"" -> {128, 24, 24}]]","0cc9ksdljjj2p",3.527186710963455e10,3.488768722059818e10,9.86809062391077e9,"{0.008607, 0.002492, 0.002473, 0.00243, 0.002447, 0.002432, 0.002453, 0.002446, 0.002436, 0.002442, 0.002417, 0.002445, 0.002444, 0.00243, 0.002446, 0.002444, 0.002422, 0.002445, 0.002415, 0.002438, 0.002447, 0.002425, 0.002434, 0.002425, 0.002444, 0.002433, 0.002423, 0.002452, 0.002431, 0.002449, 0.002445, 0.002428, 0.002444, 0.00243, 0.002428, 0.002434, 0.002429, 0.002451, 0.002446, 0.002415, 0.002427, 0.002422, 0.002441, 0.002432, 0.002427, 0.00244, 0.002417, 0.002435, 0.002428, 0.00242, 0.002451, 0.002408, 0.002454, 0.002443, 0.002426, 0.002446, 0.002431, 0.002421, 0.002436, 0.002433, 0.002441, 0.002442, 0.002426, 0.002435, 0.002418, 0.002432, 0.002425, 0.002423, 0.002428, 0.002421, 0.002448, 0.002433, 0.002428, 0.002455, 0.002421, 0.002441, 0.002442, 0.002422, 0.002439, 0.002421, 0.00242, 0.002437, 0.002416, 0.002448, 0.002437, 0.002423, 0.002435, 0.002423, 0.002435, 0.002439, 0.002423, 0.002437, 0.002413, 0.002447, 0.002448, 0.002429, 0.002485, 0.00243, 0.002427, 0.002489}"
