"model_name","layer_name","layer_index","kind","min_time","mean_time","max_time","add_flops","div_flops","cmp_flops","exp_flops","mad_flops","input_channel","input_height","input_width","output_channel","output_height","output_width","function","kernel_1","kernel_2","stride_1","stride_2","dilation_1","dilation_2","input_form","topology_hash","mad/min_time","mad/mean_time","mad/max_time","time"
"Ademxapp Model A1 Trained on ADE20K Data","4b5/res4b5_branch2b1",87,"Convolution",0.076424,0.0769967,0.142622,0,0,0,0,9364045824,512,63,63,512,63,63,"",3,3,1,1,1,1,"HoldForm[ConvolutionLayer[512, {3, 3}, ""Stride"" -> {1, 1}, ""PaddingSize"" -> {{1, 1}, {1, 1}}, ""Dilation"" -> {1, 1}, ""Input"" -> {512, 63, 63}]]","001lk0ffkep4m",1.2252755448550192e11,1.2161619684999487e11,6.565639118789528e10,"{0.142622, 0.077839, 0.077136, 0.076863, 0.076622, 0.076736, 0.077093, 0.077116, 0.076787, 0.076972, 0.076783, 0.076807, 0.076842, 0.076669, 0.077165, 0.077567, 0.077526, 0.076921, 0.076444, 0.076761, 0.076731, 0.076991, 0.077043, 0.07677, 0.076916, 0.076731, 0.076864, 0.076583, 0.076624, 0.077029, 0.077367, 0.077482, 0.077314, 0.076923, 0.077244, 0.077724, 0.077094, 0.077, 0.07662, 0.077018, 0.076566, 0.077181, 0.076424, 0.076607, 0.077298, 0.077418, 0.077638, 0.07791, 0.077554, 0.077136}"
