"model_name","layer_name","layer_index","kind","min_time","mean_time","max_time","add_flops","div_flops","cmp_flops","exp_flops","mad_flops","input_channel","input_height","input_width","output_channel","output_height","output_width","function","kernel_1","kernel_2","stride_1","stride_2","dilation_1","dilation_2","input_form","topology_hash","mad/min_time","mad/mean_time","mad/max_time","time"
"ResNet-50 Trained on ImageNet Competition Data","4f/res4f_branch2b",135,"Convolution",0.001325,0.0017212333333333333,0.004003,0,0,0,0,115605504,256,14,14,256,14,14,"",3,3,1,1,1,1,"HoldForm[ConvolutionLayer[256, {3, 3}, ""Stride"" -> {1, 1}, ""PaddingSize"" -> {{1, 1}, {1, 1}}, ""Dilation"" -> {1, 1}, ""Input"" -> {256, 14, 14}]]","0gg7sts7v315o",8.724943698113208e10,6.716434184789976e10,2.887971621284037e10,"{0.004003, 0.002611, 0.002598, 0.002614, 0.002634, 0.002548, 0.00254, 0.002573, 0.002549, 0.002538, 0.002532, 0.002582, 0.00257, 0.002512, 0.002552, 0.002549, 0.002515, 0.002535, 0.002644, 0.001404, 0.001348, 0.001379, 0.001344, 0.001364, 0.001377, 0.001396, 0.001341, 0.001374, 0.001342, 0.001341, 0.001387, 0.001347, 0.001345, 0.00138, 0.001343, 0.001338, 0.001375, 0.00134, 0.00134, 0.001389, 0.001375, 0.00134, 0.001378, 0.001341, 0.001338, 0.001406, 0.001373, 0.00137, 0.001365, 0.001325}"
