"model_name","layer_name","layer_index","kind","min_time","mean_time","max_time","add_flops","div_flops","cmp_flops","exp_flops","mad_flops","input_channel","input_height","input_width","output_channel","output_height","output_width","function","kernel_1","kernel_2","stride_1","stride_2","dilation_1","dilation_2","input_form","topology_hash","mad/min_time","mad/mean_time","mad/max_time","time"
"Unguided Volumetric Regression Net for 3D Face Reconstruction","9/2/1/1/4/1/1/4/1/1/4/1/2/10/1/1/6",758,"Convolution",0.001836,0.002203666666666666,0.006638,0,0,0,0,84934656,128,24,24,128,24,24,"",3,3,1,1,1,1,"HoldForm[ConvolutionLayer[128, {3, 3}, ""Stride"" -> {1, 1}, ""PaddingSize"" -> {{1, 1}, {1, 1}}, ""Dilation"" -> {1, 1}, ""Input"" -> {128, 24, 24}]]","0cc9ksdljjj2p",4.6260705882352936e10,3.854242444410832e10,1.2795217836697802e10,"{0.006638, 0.001908, 0.001859, 0.001872, 0.001849, 0.001849, 0.001882, 0.001846, 0.00188, 0.001846, 0.001864, 0.001859, 0.001882, 0.001871, 0.001877, 0.001846, 0.00187, 0.001853, 0.001864, 0.001844, 0.001839, 0.001866, 0.001857, 0.001862, 0.001851, 0.001861, 0.001856, 0.00186, 0.001847, 0.001854, 0.001846, 0.001855, 0.001842, 0.001846, 0.001848, 0.001836, 0.001868, 0.001877, 0.002554, 0.002451, 0.002404, 0.002419, 0.002404, 0.002431, 0.002424, 0.002407, 0.002422, 0.002415, 0.002336, 0.002345, 0.002332, 0.002342, 0.002318, 0.002349, 0.002341, 0.002329, 0.002353, 0.002325, 0.002344, 0.002322, 0.002338, 0.002345, 0.002323, 0.002355, 0.002324, 0.002342, 0.002345, 0.002335, 0.00235, 0.002328, 0.002351, 0.002327, 0.002322, 0.00235, 0.002324, 0.002344, 0.002328, 0.002341, 0.002346, 0.002327, 0.002368, 0.002331, 0.002345, 0.002346, 0.002322, 0.002346, 0.002324, 0.002349, 0.002321, 0.002348, 0.002349, 0.002327, 0.002345, 0.002324, 0.002342, 0.002352, 0.002329, 0.002353, 0.002327, 0.002354}"
