"model_name","layer_name","layer_index","kind","min_time","mean_time","max_time","add_flops","div_flops","cmp_flops","exp_flops","mad_flops","input_channel","input_height","input_width","output_channel","output_height","output_width","function","kernel_1","kernel_2","stride_1","stride_2","dilation_1","dilation_2","input_form","topology_hash","mad/min_time","mad/mean_time","mad/max_time","time"
"Inception V3 Trained on ImageNet Competition Data","Inception5/mixed_4_tower_1_conv_3_conv2d",122,"Convolution",0.000607,0.0010107333333333336,0.001664,0,0,0,0,33144832,128,17,17,128,17,17,"",7,1,1,1,1,1,"HoldForm[ConvolutionLayer[128, {7, 1}, ""Stride"" -> {1, 1}, ""PaddingSize"" -> {{3, 3}, {0, 0}}, ""Dilation"" -> {1, 1}, ""Input"" -> {128, 17, 17}]]","1tnlp9f2wxqmc",5.460433607907743e10,3.2792855352549297e10,1.991876923076923e10,"{0.001664, 0.001012, 0.001003, 0.001028, 0.001014, 0.001009, 0.001001, 0.001029, 0.001013, 0.001029, 0.001007, 0.001036, 0.00101, 0.001011, 0.001014, 0.001054, 0.00101, 0.001004, 0.001013, 0.001053, 0.001015, 0.001003, 0.001001, 0.001036, 0.001016, 0.00101, 0.001003, 0.001037, 0.001018, 0.001006, 0.001009, 0.001017, 0.001007, 0.001007, 0.001046, 0.001015, 0.001007, 0.001008, 0.001026, 0.001011, 0.001005, 0.001004, 0.001018, 0.000649, 0.00062, 0.000627, 0.000636, 0.000609, 0.000607, 0.000637}"
