"model_name","layer_name","layer_index","kind","min_time","mean_time","max_time","add_flops","div_flops","cmp_flops","exp_flops","mad_flops","input_channel","input_height","input_width","output_channel","output_height","output_width","function","kernel_1","kernel_2","stride_1","stride_2","dilation_1","dilation_2","input_form","topology_hash","mad/min_time","mad/mean_time","mad/max_time","time"
"Wide ResNet-50-2 Trained on ImageNet Competition Data","5/9",13,"Convolution",0.000529,0.0007087000000000002,0.001386,0,0,0,0,51380224,64,56,56,256,56,56,"",1,1,1,1,1,1,"HoldForm[ConvolutionLayer[256, {1, 1}, ""Stride"" -> {1, 1}, ""PaddingSize"" -> {{0, 0}, {0, 0}}, ""Dilation"" -> {1, 1}, ""Input"" -> {64, 56, 56}]]","0knvnrf9l4qdk",9.71270775047259e10,7.249925779596442e10,3.707086868686869e10,"{0.001386, 0.000743, 0.000781, 0.000751, 0.000748, 0.000751, 0.000741, 0.000798, 0.000754, 0.00074, 0.000742, 0.00074, 0.000776, 0.000751, 0.000743, 0.000739, 0.000741, 0.000745, 0.000789, 0.000757, 0.000741, 0.000743, 0.000747, 0.000768, 0.000749, 0.000744, 0.000736, 0.000741, 0.000775, 0.000756, 0.000748, 0.000752, 0.000755, 0.00075, 0.000604, 0.000569, 0.000537, 0.000533, 0.00053, 0.00053, 0.000529, 0.000562, 0.000535, 0.000531, 0.000529, 0.00053, 0.000529, 0.000529, 0.000568, 0.000541}"
