"model_name","layer_name","layer_index","kind","min_time","mean_time","max_time","add_flops","div_flops","cmp_flops","exp_flops","mad_flops","input_channel","input_height","input_width","output_channel","output_height","output_width","function","kernel_1","kernel_2","stride_1","stride_2","dilation_1","dilation_2","input_form","topology_hash","mad/min_time","mad/mean_time","mad/max_time","time"
"Single-Image Depth Perception Net Trained on NYU Depth V2 Data","4/1/1/4/1/1/4/1/2/4/1/2/2/4/1",243,"Convolution",0.000108,0.00011241666666666679,0.003291,0,0,0,0,2457600,256,15,20,32,15,20,"",1,1,1,1,1,1,"HoldForm[ConvolutionLayer[32, {1, 1}, ""Stride"" -> {1, 1}, ""PaddingSize"" -> {{0, 0}, {0, 0}}, ""Dilation"" -> {1, 1}, ""Input"" -> {256, 15, 20}]]","1ke4wyo7w890b",2.2755555555555553e10,2.1861527057079292e10,7.46763901549681e8,"{0.003291, 0.000136, 0.000119, 0.000112, 0.000113, 0.000111, 0.000112, 0.000109, 0.00011, 0.000112, 0.000112, 0.00011, 0.000113, 0.000109, 0.000112, 0.000112, 0.000112, 0.000111, 0.00011, 0.000113, 0.000111, 0.00011, 0.00011, 0.00016, 0.000121, 0.000114, 0.000112, 0.000111, 0.000112, 0.000113, 0.000112, 0.000108, 0.000111, 0.000109, 0.000109, 0.000111, 0.000112, 0.00011, 0.00011, 0.000112, 0.00011, 0.000112, 0.000109, 0.00011, 0.000112, 0.000109, 0.000112, 0.000112, 0.000109, 0.000112, 0.000111, 0.000111, 0.000111, 0.000109, 0.00011, 0.000112, 0.000111, 0.000109, 0.000131, 0.000123, 0.000118, 0.000113, 0.000113, 0.000113, 0.000113, 0.000115, 0.000114, 0.000113, 0.000114, 0.000113, 0.000114, 0.000115, 0.000115, 0.000115, 0.000119, 0.000114, 0.000114, 0.000112, 0.000113, 0.000116, 0.000114, 0.000114, 0.000113, 0.000113, 0.000114, 0.000115, 0.000114, 0.000113, 0.000114, 0.000112, 0.000113, 0.000115, 0.000132, 0.00012, 0.000113, 0.000113, 0.000112, 0.000112, 0.000111, 0.000113}"
