"model_name","layer_name","layer_index","kind","min_time","mean_time","max_time","add_flops","div_flops","cmp_flops","exp_flops","mad_flops","input_channel","input_height","input_width","output_channel","output_height","output_width","function","kernel_1","kernel_2","stride_1","stride_2","dilation_1","dilation_2","input_form","topology_hash","mad/min_time","mad/mean_time","mad/max_time","time"
"Single-Image Depth Perception Net Trained on Depth in the Wild Data","4/1/1/4/1/1/4/1/2/4/1/2/3/4/4",268,"Convolution",0.001256,0.0012833999999999994,0.006669,0,0,0,0,30105600,32,15,20,64,15,20,"",7,7,1,1,1,1,"HoldForm[ConvolutionLayer[64, {7, 7}, ""Stride"" -> {1, 1}, ""PaddingSize"" -> {{3, 3}, {3, 3}}, ""Dilation"" -> {1, 1}, ""Input"" -> {32, 15, 20}]]","1hhfz7tbmfckn",2.3969426751592358e10,2.345769050958393e10,4.514260008996851e9,"{0.006669, 0.001373, 0.001303, 0.001296, 0.001321, 0.00131, 0.001289, 0.001305, 0.001316, 0.001297, 0.001308, 0.001299, 0.001299, 0.001312, 0.001295, 0.001299, 0.001303, 0.001273, 0.001261, 0.001271, 0.001262, 0.001258, 0.00126, 0.001286, 0.001267, 0.001264, 0.001282, 0.001258, 0.001256, 0.001286, 0.00127, 0.001258, 0.001282, 0.001268, 0.001263, 0.001299, 0.001274, 0.001272, 0.001298, 0.001279, 0.001297, 0.001302, 0.001279, 0.001268, 0.001306, 0.001274, 0.001289, 0.001294, 0.001293, 0.001276, 0.001284, 0.001299, 0.001274, 0.001269, 0.00131, 0.00128, 0.001279, 0.00131, 0.001275, 0.001268, 0.001299, 0.001285, 0.001265, 0.001298, 0.001277, 0.001269, 0.001299, 0.001282, 0.001274, 0.001296, 0.001277, 0.001273, 0.001298, 0.001274, 0.001281, 0.001267, 0.001281, 0.001273, 0.00127, 0.001304, 0.001275, 0.001271, 0.001296, 0.001285, 0.001266, 0.001293, 0.001276, 0.001276, 0.001296, 0.001278, 0.00128, 0.001298, 0.001274, 0.001269, 0.001298, 0.001288, 0.001272, 0.001295, 0.001272, 0.001265}"
