"model_name","layer_name","layer_index","kind","min_time","mean_time","max_time","add_flops","div_flops","cmp_flops","exp_flops","mad_flops","input_channel","input_height","input_width","output_channel","output_height","output_width","function","kernel_1","kernel_2","stride_1","stride_2","dilation_1","dilation_2","input_form","topology_hash","mad/min_time","mad/mean_time","mad/max_time","time"
"Unguided Volumetric Regression Net for 3D Face Reconstruction","8/2/1/1/4/1/1/4/1/1/2/1/1/3",118,"Convolution",0.00114,0.0012219166666666663,0.006267,0,0,0,0,75497472,256,48,48,128,48,48,"",1,1,1,1,1,1,"HoldForm[ConvolutionLayer[128, {1, 1}, ""Stride"" -> {1, 1}, ""PaddingSize"" -> {{0, 0}, {0, 0}}, ""Dilation"" -> {1, 1}, ""Input"" -> {256, 48, 48}]]","0qhidgmvlgzgt",6.622585263157895e10,6.178610543544979e10,1.2046828147438965e10,"{0.006267, 0.001327, 0.001251, 0.00122, 0.001243, 0.001232, 0.001211, 0.001214, 0.001229, 0.001222, 0.001217, 0.001224, 0.001216, 0.001214, 0.001239, 0.001214, 0.001214, 0.001245, 0.001223, 0.001219, 0.00122, 0.001227, 0.001221, 0.001205, 0.001235, 0.001223, 0.001201, 0.001232, 0.001229, 0.001207, 0.001241, 0.001218, 0.001207, 0.001216, 0.00124, 0.001222, 0.001217, 0.001235, 0.001221, 0.00121, 0.001231, 0.001224, 0.001209, 0.001246, 0.001231, 0.00122, 0.00121, 0.001219, 0.001231, 0.001218, 0.001235, 0.001225, 0.00122, 0.001241, 0.001218, 0.001218, 0.001213, 0.001222, 0.001214, 0.001214, 0.001242, 0.001236, 0.001219, 0.001222, 0.001216, 0.001207, 0.001244, 0.001221, 0.00122, 0.001213, 0.001237, 0.001219, 0.001215, 0.001219, 0.001225, 0.001204, 0.001235, 0.001227, 0.001219, 0.001245, 0.001218, 0.001218, 0.001211, 0.001238, 0.001224, 0.001218, 0.001233, 0.001225, 0.001211, 0.001239, 0.001219, 0.001218, 0.001244, 0.001219, 0.00121, 0.001215, 0.001237, 0.001214, 0.001214, 0.00114}"
