"model_name","layer_name","layer_index","kind","min_time","mean_time","max_time","add_flops","div_flops","cmp_flops","exp_flops","mad_flops","input_channel","input_height","input_width","output_channel","output_height","output_width","function","kernel_1","kernel_2","stride_1","stride_2","dilation_1","dilation_2","input_form","topology_hash","mad/min_time","mad/mean_time","mad/max_time","time"
"2D Face Alignment Net Trained on 300W Large Pose Data","32",967,"Convolution",0.001235,0.00125425,0.446593,0,0,0,0,71303168,256,64,64,68,64,64,"",1,1,1,1,1,1,"HoldForm[ConvolutionLayer[68, {1, 1}, ""Stride"" -> {1, 1}, ""PaddingSize"" -> {{0, 0}, {0, 0}}, ""Dilation"" -> {1, 1}, ""Input"" -> {256, 64, 64}]]","091otdmuqm61z",5.7735358704453445e10,5.684924696033486e10,1.5966029024189812e8,"{0.446593, 0.001423, 0.001269, 0.001253, 0.001293, 0.001263, 0.001262, 0.001263, 0.001248, 0.001253, 0.001281, 0.001248, 0.001247, 0.001246, 0.001267, 0.001243, 0.001243, 0.001272, 0.001247, 0.001243, 0.001258, 0.001255, 0.001255, 0.001297, 0.001243, 0.001242, 0.00126, 0.001238, 0.001245, 0.001274, 0.001261, 0.001252, 0.001248, 0.001251, 0.00125, 0.001252, 0.001249, 0.001257, 0.001252, 0.001269, 0.001242, 0.001246, 0.001253, 0.001253, 0.001239, 0.001285, 0.001271, 0.001246, 0.001248, 0.001248, 0.001249, 0.001273, 0.001269, 0.00126, 0.001264, 0.001274, 0.001252, 0.001254, 0.001268, 0.001249, 0.001241, 0.001262, 0.001257, 0.001245, 0.001262, 0.001245, 0.001242, 0.001256, 0.001272, 0.00126, 0.001266, 0.001267, 0.001243, 0.001251, 0.001253, 0.001241, 0.001235, 0.001277, 0.001256, 0.001241, 0.001258, 0.001245, 0.001242, 0.001265, 0.001244, 0.001265, 0.001252, 0.001255, 0.001242, 0.001254, 0.001261, 0.001269, 0.001256, 0.00126, 0.001245, 0.001243, 0.001254, 0.001253, 0.001242, 0.001277}"
