"model_name","layer_name","layer_index","kind","min_time","mean_time","max_time","add_flops","div_flops","cmp_flops","exp_flops","mad_flops","input_channel","input_height","input_width","output_channel","output_height","output_width","function","kernel_1","kernel_2","stride_1","stride_2","dilation_1","dilation_2","input_form","topology_hash","mad/min_time","mad/mean_time","mad/max_time","time"
"3D Face Alignment Net Trained on 300W Large Pose Data","11/4/1/2/3",20,"Convolution",0.002355,0.0024172500000000006,0.007631,0,0,0,0,134217728,64,128,128,128,128,128,"",1,1,1,1,1,1,"HoldForm[ConvolutionLayer[128, {1, 1}, ""Stride"" -> {1, 1}, ""PaddingSize"" -> {{0, 0}, {0, 0}}, ""Dilation"" -> {1, 1}, ""Input"" -> {64, 128, 128}]]","08fwzvfwiaqu8",5.699266581740977e10,5.552496762850345e10,1.7588484864369022e10,"{0.007631, 0.002474, 0.002412, 0.002399, 0.002383, 0.002376, 0.002357, 0.002408, 0.002411, 0.002408, 0.002408, 0.002504, 0.002511, 0.00242, 0.002399, 0.002442, 0.002412, 0.002413, 0.002509, 0.002489, 0.002534, 0.00246, 0.002412, 0.002445, 0.002591, 0.002514, 0.002452, 0.002411, 0.002445, 0.002402, 0.002396, 0.002414, 0.002522, 0.00259, 0.002515, 0.002435, 0.002448, 0.002411, 0.002373, 0.002396, 0.002508, 0.002509, 0.002445, 0.002418, 0.002425, 0.002416, 0.002442, 0.002415, 0.0024, 0.002427, 0.002426, 0.00245, 0.002411, 0.002418, 0.002433, 0.002467, 0.00246, 0.002467, 0.002501, 0.002523, 0.00239, 0.002405, 0.002406, 0.002388, 0.002384, 0.002419, 0.002502, 0.00247, 0.002374, 0.002377, 0.002377, 0.002387, 0.002392, 0.00247, 0.002522, 0.002453, 0.002373, 0.002389, 0.002386, 0.002398, 0.002396, 0.002383, 0.002386, 0.002414, 0.002401, 0.002383, 0.002368, 0.002395, 0.002399, 0.002372, 0.002392, 0.002355, 0.002407, 0.00241, 0.002403, 0.002395, 0.002394, 0.002382, 0.002369, 0.002398}"
