"model_name","layer_name","layer_index","kind","min_time","mean_time","max_time","add_flops","div_flops","cmp_flops","exp_flops","mad_flops","input_channel","input_height","input_width","output_channel","output_height","output_width","function","kernel_1","kernel_2","stride_1","stride_2","dilation_1","dilation_2","input_form","topology_hash","mad/min_time","mad/mean_time","mad/max_time","time"
"Inception V1 Trained on ImageNet Competition Data","inception_5b/5x5_reduce",135,"Convolution",0.000113,0.0001180833333333334,0.004423,0,0,0,0,1956864,832,7,7,48,7,7,"",1,1,1,1,1,1,"HoldForm[ConvolutionLayer[48, {1, 1}, ""Stride"" -> {1, 1}, ""PaddingSize"" -> {{0, 0}, {0, 0}}, ""Dilation"" -> {1, 1}, ""Input"" -> {832, 7, 7}]]","0cu3d5t5jmkf7",1.7317380530973454e10,1.657188990825687e10,4.424291205064436e8,"{0.004423, 0.000145, 0.000146, 0.000129, 0.000121, 0.00012, 0.000121, 0.00012, 0.000119, 0.000119, 0.000123, 0.000118, 0.000118, 0.000118, 0.000118, 0.00012, 0.000119, 0.000119, 0.000119, 0.00012, 0.000118, 0.000118, 0.000119, 0.000119, 0.000118, 0.000117, 0.000119, 0.000118, 0.000117, 0.000117, 0.000117, 0.000119, 0.000118, 0.000119, 0.000136, 0.00012, 0.000115, 0.000115, 0.000115, 0.000115, 0.000113, 0.000114, 0.000115, 0.000113, 0.000114, 0.000115, 0.000113, 0.000127, 0.000116, 0.000114, 0.000115, 0.000114, 0.000114, 0.000115, 0.000115, 0.000129, 0.00012, 0.000118, 0.000118, 0.000119, 0.000118, 0.000117, 0.000118, 0.000118, 0.000119, 0.000118, 0.000119, 0.000125, 0.000122, 0.000119, 0.000118, 0.000118, 0.000118, 0.000118, 0.000117, 0.000118, 0.000118, 0.000117, 0.000118, 0.000117, 0.000117, 0.000117, 0.000119, 0.000119, 0.000118, 0.000118, 0.000117, 0.000118, 0.000117, 0.000117, 0.000118, 0.000118, 0.000119, 0.000118, 0.000119, 0.000118, 0.000118, 0.000119, 0.000117, 0.000118}"
