"model_name","layer_name","layer_index","kind","min_time","mean_time","max_time","add_flops","div_flops","cmp_flops","exp_flops","mad_flops","input_channel","input_height","input_width","output_channel","output_height","output_width","function","kernel_1","kernel_2","stride_1","stride_2","dilation_1","dilation_2","input_form","topology_hash","mad/min_time","mad/mean_time","mad/max_time","time"
"Single-Image Depth Perception Net Trained on NYU Depth V2 and Depth in the Wild Data","4/1/1/3/2/4",33,"Convolution",0.011398,0.013289000000000004,0.021371,0,0,0,0,176947200,32,120,160,32,120,160,"",3,3,1,1,1,1,"HoldForm[ConvolutionLayer[32, {3, 3}, ""Stride"" -> {1, 1}, ""PaddingSize"" -> {{1, 1}, {1, 1}}, ""Dilation"" -> {1, 1}, ""Input"" -> {32, 120, 160}]]","13lv34ua8bf7v",1.5524407790840498e10,1.3315313417111893e10,8.279781011651303e9,"{0.021371, 0.013315, 0.013388, 0.01334, 0.013233, 0.01328, 0.01324, 0.013254, 0.013267, 0.013267, 0.013256, 0.013313, 0.013314, 0.013285, 0.013435, 0.01343, 0.013352, 0.013335, 0.013393, 0.013352, 0.013339, 0.013287, 0.01333, 0.013402, 0.013349, 0.013296, 0.013297, 0.013314, 0.01328, 0.013317, 0.013305, 0.013298, 0.013297, 0.013118, 0.01321, 0.01338, 0.01335, 0.013364, 0.013378, 0.013327, 0.013214, 0.013188, 0.013279, 0.013213, 0.013217, 0.013213, 0.013279, 0.013212, 0.013149, 0.013154, 0.013143, 0.013227, 0.013284, 0.013329, 0.01329, 0.01328, 0.013418, 0.013446, 0.01348, 0.013491, 0.013424, 0.013409, 0.013363, 0.013383, 0.013325, 0.013313, 0.013314, 0.013285, 0.013103, 0.011683, 0.011588, 0.01158, 0.011591, 0.011666, 0.011633, 0.011695, 0.011729, 0.01174, 0.011703, 0.011678, 0.011513, 0.011552, 0.011556, 0.011413, 0.011398, 0.013015, 0.013303, 0.013327, 0.013341, 0.013373, 0.013351, 0.013297, 0.013322, 0.013355, 0.013295, 0.013349, 0.013393, 0.013308, 0.013328, 0.013408}"
