"model_name","layer_name","layer_index","kind","min_time","mean_time","max_time","add_flops","div_flops","cmp_flops","exp_flops","mad_flops","input_channel","input_height","input_width","output_channel","output_height","output_width","function","kernel_1","kernel_2","stride_1","stride_2","dilation_1","dilation_2","input_form","topology_hash","mad/min_time","mad/mean_time","mad/max_time","time"
"Single-Image Depth Perception Net Trained on NYU Depth V2 and Depth in the Wild Data","4/1/1/4/1/2/1/4/4",405,"Convolution",0.0373,0.0375195,0.090524,0,0,0,0,963379200,32,120,160,32,120,160,"",7,7,1,1,1,1,"HoldForm[ConvolutionLayer[32, {7, 7}, ""Stride"" -> {1, 1}, ""PaddingSize"" -> {{3, 3}, {3, 3}}, ""Dilation"" -> {1, 1}, ""Input"" -> {32, 120, 160}]]","06c3ym5c275lj",2.5827860589812332e10,2.5676760084755928e10,1.064225177853387e10,"{0.090524, 0.03742, 0.037519, 0.037559, 0.037583, 0.03765, 0.037667, 0.037667, 0.037429, 0.037345, 0.037442, 0.037308, 0.037302, 0.0373, 0.037555, 0.037747, 0.037582, 0.037545, 0.037518, 0.037512, 0.037374, 0.037442, 0.037901, 0.03751, 0.037484, 0.037479, 0.037567, 0.037488, 0.03755, 0.037561, 0.037551, 0.037617, 0.037563, 0.037588, 0.037835, 0.037783, 0.037779, 0.037464, 0.037427, 0.037426, 0.037482, 0.037449, 0.037428, 0.037509, 0.03752, 0.03759, 0.037858, 0.037438, 0.037423, 0.037489}"
