"model_name","layer_name","layer_index","kind","min_time","mean_time","max_time","add_flops","div_flops","cmp_flops","exp_flops","mad_flops","input_channel","input_height","input_width","output_channel","output_height","output_width","function","kernel_1","kernel_2","stride_1","stride_2","dilation_1","dilation_2","input_form","topology_hash","mad/min_time","mad/mean_time","mad/max_time","time"
"Multi-scale Context Aggregation Net Trained on CamVid Data","conv3_3",15,"Convolution",0.525152,0.5708055000000001,0.799323,0,0,0,0,33888927744,256,218,268,256,216,266,"",3,3,1,1,1,1,"HoldForm[ConvolutionLayer[256, {3, 3}, ""Stride"" -> {1, 1}, ""PaddingSize"" -> {{0, 0}, {0, 0}}, ""Dilation"" -> {1, 1}, ""Input"" -> {256, 218, 268}]]","0r3vbhvxadfib",6.453165510937786e10,5.937035950774825e10,4.2397038173554375e10,"{0.799323, 0.525152, 0.529596, 0.564641, 0.530941, 0.525728, 0.530005, 0.572067, 0.56433, 0.572744, 0.562775, 0.575169, 0.57321, 0.574803, 0.566641, 0.529818, 0.525341, 0.529174, 0.572751, 0.564399, 0.567668, 0.57169, 0.571328, 0.563839, 0.571391, 0.572927, 0.572713, 0.573102, 0.572117, 0.571037, 0.571658, 0.572201, 0.568769, 0.573234, 0.572641, 0.571034, 0.571041, 0.571635, 0.571435, 0.571974, 0.573296, 0.572135, 0.571964, 0.572635, 0.563065, 0.572832, 0.564805, 0.574622, 0.563674, 0.57343, 0.561189, 0.569217, 0.563302, 0.573063, 0.564354, 0.574356, 0.572997, 0.573032, 0.570864, 0.571605, 0.572164, 0.571166, 0.563784, 0.572855, 0.564174, 0.572621, 0.564066, 0.572621, 0.565692, 0.573266, 0.563951, 0.571829, 0.562932, 0.57242, 0.567686, 0.573293, 0.563362, 0.564897, 0.573158, 0.571167, 0.573437, 0.570718, 0.570876, 0.571917, 0.571783, 0.572055, 0.572142, 0.572372, 0.572167, 0.574632, 0.572498, 0.573518, 0.574756, 0.572766, 0.568665, 0.573109, 0.574252, 0.574562, 0.571816, 0.574544}"
