"model_name","layer_name","layer_index","kind","min_time","mean_time","max_time","add_flops","div_flops","cmp_flops","exp_flops","mad_flops","input_channel","input_height","input_width","output_channel","output_height","output_width","function","kernel_1","kernel_2","stride_1","stride_2","dilation_1","dilation_2","input_form","topology_hash","mad/min_time","mad/mean_time","mad/max_time","time"
"Wide ResNet-50-2 Trained on ImageNet Competition Data","20/7",169,"Convolution",0.000953,0.0013329333333333335,0.002212,0,0,0,0,102760448,1024,7,7,2048,7,7,"",1,1,1,1,1,1,"HoldForm[ConvolutionLayer[2048, {1, 1}, ""Stride"" -> {1, 1}, ""PaddingSize"" -> {{0, 0}, {0, 0}}, ""Dilation"" -> {1, 1}, ""Input"" -> {1024, 7, 7}]]","0dojf19vttp2t",1.0782838195173138e11,7.709346403921175e10,4.6455898734177216e10,"{0.002087, 0.002185, 0.002155, 0.002199, 0.00207, 0.002205, 0.002048, 0.0022, 0.002001, 0.002159, 0.001985, 0.002212, 0.001942, 0.002208, 0.002114, 0.002021, 0.00214, 0.002188, 0.002138, 0.001997, 0.001016, 0.000964, 0.000979, 0.000988, 0.000957, 0.000954, 0.000953, 0.001023, 0.000961, 0.000955, 0.000955, 0.000975, 0.000979, 0.000972, 0.000956, 0.000953, 0.000959, 0.000953, 0.000971, 0.000955, 0.000993, 0.000957, 0.00097, 0.00099, 0.000984, 0.000953, 0.00098, 0.000955, 0.001009, 0.000958}"
