"model_name","layer_name","layer_index","kind","min_time","mean_time","max_time","add_flops","div_flops","cmp_flops","exp_flops","mad_flops","input_channel","input_height","input_width","output_channel","output_height","output_width","function","kernel_1","kernel_2","stride_1","stride_2","dilation_1","dilation_2","input_form","topology_hash","mad/min_time","mad/mean_time","mad/max_time","time"
"Inception V1 Trained on Extended Salient Object Subitizing Data","inception_4c/pool_proj",82,"Convolution",0.000143,0.00014513333333333344,0.000216,0,0,0,0,6422528,512,14,14,64,14,14,"",1,1,1,1,1,1,"HoldForm[ConvolutionLayer[64, {1, 1}, ""Stride"" -> {1, 1}, ""PaddingSize"" -> {{0, 0}, {0, 0}}, ""Dilation"" -> {1, 1}, ""Input"" -> {512, 14, 14}]]","0iox26jy93tp1",4.491278321678322e10,4.425260450160769e10,2.9733925925925926e10,"{0.000216, 0.000155, 0.000149, 0.000147, 0.000146, 0.000145, 0.000146, 0.000145, 0.000147, 0.000146, 0.000146, 0.000146, 0.000145, 0.000145, 0.000163, 0.000151, 0.000147, 0.000145, 0.000145, 0.000145, 0.000145, 0.000145, 0.000144, 0.000144, 0.000145, 0.000144, 0.000145, 0.000145, 0.000144, 0.000144, 0.000146, 0.000145, 0.000145, 0.000144, 0.000144, 0.000143, 0.000144, 0.000144, 0.000145, 0.000144, 0.000144, 0.000163, 0.00015, 0.000145, 0.000145, 0.000144, 0.000146, 0.000145, 0.000145, 0.000145}"
