"model_name","layer_name","layer_index","kind","min_time","mean_time","max_time","add_flops","div_flops","cmp_flops","exp_flops","mad_flops","input_channel","input_height","input_width","output_channel","output_height","output_width","function","kernel_1","kernel_2","stride_1","stride_2","dilation_1","dilation_2","input_form","topology_hash","mad/min_time","mad/mean_time","mad/max_time","time"
"Single-Image Depth Perception Net Trained on NYU Depth V2 Data","4/1/1/4/1/2/1/2/1",390,"Convolution",0.001844,0.002020733333333333,0.006414,0,0,0,0,78643200,128,120,160,32,120,160,"",1,1,1,1,1,1,"HoldForm[ConvolutionLayer[32, {1, 1}, ""Stride"" -> {1, 1}, ""PaddingSize"" -> {{0, 0}, {0, 0}}, ""Dilation"" -> {1, 1}, ""Input"" -> {128, 120, 160}]]","1gy9o2kt96g59",4.264815618221258e10,3.891814852693742e10,1.2261178671655754e10,"{0.006414, 0.002391, 0.002295, 0.002123, 0.00217, 0.002308, 0.002226, 0.002197, 0.00214, 0.002048, 0.002197, 0.00236, 0.002393, 0.002197, 0.002049, 0.0022, 0.002161, 0.002146, 0.002246, 0.002074, 0.002058, 0.002141, 0.002108, 0.002108, 0.002115, 0.002148, 0.002139, 0.002081, 0.002117, 0.002058, 0.002007, 0.002141, 0.002201, 0.002036, 0.002028, 0.002021, 0.002044, 0.001997, 0.002035, 0.002004, 0.001984, 0.001968, 0.002049, 0.002039, 0.002, 0.001896, 0.001876, 0.001876, 0.001902, 0.001878, 0.001863, 0.001852, 0.00191, 0.001872, 0.001844, 0.001987, 0.001899, 0.001917, 0.001873, 0.001961, 0.001932, 0.001974, 0.001964, 0.001996, 0.001941, 0.001953, 0.002025, 0.002078, 0.001979, 0.002017, 0.002017, 0.002022, 0.001983, 0.002054, 0.001988, 0.00201, 0.001951, 0.002081, 0.002068, 0.002078, 0.002178, 0.002044, 0.002013, 0.001955, 0.00201, 0.001929, 0.001897, 0.002, 0.001953, 0.001991, 0.001962, 0.001969, 0.001943, 0.001954, 0.001886, 0.001961, 0.00188, 0.001856, 0.001875, 0.00188}"
