"model_name","layer_name","layer_index","kind","min_time","mean_time","max_time","add_flops","div_flops","cmp_flops","exp_flops","mad_flops","input_channel","input_height","input_width","output_channel","output_height","output_width","function","kernel_1","kernel_2","stride_1","stride_2","dilation_1","dilation_2","input_form","topology_hash","mad/min_time","mad/mean_time","mad/max_time","time"
"Ademxapp Model A Trained on ImageNet Competition Data","4b4/res4b4_branch2b1",83,"Convolution",0.058909,0.061125550000000035,0.073102,0,0,0,0,3774873600,512,40,40,512,40,40,"",3,3,1,1,1,1,"HoldForm[ConvolutionLayer[512, {3, 3}, ""Stride"" -> {1, 1}, ""PaddingSize"" -> {{1, 1}, {1, 1}}, ""Dilation"" -> {1, 1}, ""Input"" -> {512, 40, 40}]]","0nmcb6nej9990",6.407974333293724e10,6.1756067634565216e10,5.163844491258789e10,"{0.073102, 0.061332, 0.061291, 0.061296, 0.061305, 0.061172, 0.061105, 0.061079, 0.061148, 0.061055, 0.061066, 0.061098, 0.061094, 0.060919, 0.061027, 0.061015, 0.061024, 0.061185, 0.06086, 0.061013, 0.061086, 0.060947, 0.060879, 0.061059, 0.060938, 0.061243, 0.061437, 0.061242, 0.060954, 0.061069, 0.058952, 0.058993, 0.058909, 0.061023, 0.061105, 0.061093, 0.061255, 0.060778, 0.060926, 0.061072, 0.061138, 0.061212, 0.061038, 0.061101, 0.061187, 0.061262, 0.061317, 0.061342, 0.061118, 0.060971, 0.060999, 0.060991, 0.061477, 0.061084, 0.061125, 0.061177, 0.06105, 0.061224, 0.061405, 0.061318, 0.061277, 0.061243, 0.061311, 0.061212, 0.061475, 0.060149, 0.05922, 0.059167, 0.059341, 0.061339, 0.061347, 0.061345, 0.061405, 0.061242, 0.0613, 0.061284, 0.061166, 0.061294, 0.061149, 0.061348, 0.061195, 0.0612, 0.061191, 0.061224, 0.061296, 0.061141, 0.061055, 0.061326, 0.061304, 0.061025, 0.061186, 0.060878, 0.060849, 0.060711, 0.060726, 0.06064, 0.060725, 0.060503, 0.060484, 0.061018}"
