"model_name","layer_name","layer_index","kind","min_time","mean_time","max_time","add_flops","div_flops","cmp_flops","exp_flops","mad_flops","input_channel","input_height","input_width","output_channel","output_height","output_width","function","kernel_1","kernel_2","stride_1","stride_2","dilation_1","dilation_2","input_form","topology_hash","mad/min_time","mad/mean_time","mad/max_time","time"
"ResNet-101 Trained on YFCC100m Geotagged Data","stage1_unit1/sc",15,"Convolution",0.000742,0.0007537666666666665,0.001414,0,0,0,0,51380224,64,56,56,256,56,56,"",1,1,1,1,1,1,"HoldForm[ConvolutionLayer[256, {1, 1}, ""Stride"" -> {1, 1}, ""PaddingSize"" -> {{0, 0}, {0, 0}}, ""Dilation"" -> {1, 1}, ""Input"" -> {64, 56, 56}]]","1davxjujnb164",6.924558490566037e10,6.816462742670147e10,3.6336792079207924e10,"{0.001414, 0.000752, 0.000745, 0.000742, 0.000788, 0.000756, 0.000747, 0.00077, 0.000745, 0.000792, 0.000755, 0.000751, 0.000748, 0.000749, 0.000805, 0.000757, 0.000746, 0.000742, 0.000742, 0.000748, 0.000779, 0.000753, 0.000746, 0.000752, 0.000748, 0.00078, 0.000756, 0.000789, 0.000745, 0.000749, 0.000779, 0.000754, 0.000744, 0.000744, 0.000753, 0.000784, 0.000772, 0.000763, 0.000755, 0.000747, 0.000749, 0.00078, 0.000757, 0.000746, 0.000744, 0.000745, 0.000777, 0.000757, 0.000753, 0.000747}"
