"model_name","layer_name","layer_index","kind","min_time","mean_time","max_time","add_flops","div_flops","cmp_flops","exp_flops","mad_flops","input_channel","input_height","input_width","output_channel","output_height","output_width","function","kernel_1","kernel_2","stride_1","stride_2","dilation_1","dilation_2","input_form","topology_hash","mad/min_time","mad/mean_time","mad/max_time","time"
"CycleGAN Photo-to-Van Gogh Translation","14/1/6",19,"Convolution",0.009128,0.009328866666666666,0.017854,0,0,0,0,603979776,128,66,66,128,64,64,"",3,3,1,1,1,1,"HoldForm[ConvolutionLayer[128, {3, 3}, ""Stride"" -> {1, 1}, ""PaddingSize"" -> {{0, 0}, {0, 0}}, ""Dilation"" -> {1, 1}, ""Input"" -> {128, 66, 66}]]","1sehkke39v8fh",6.616781069237511e10,6.474310305646274e10,3.382882132855383e10,"{0.017854, 0.009292, 0.00939, 0.00934, 0.009238, 0.009229, 0.009407, 0.00943, 0.00949, 0.009439, 0.009277, 0.009136, 0.009371, 0.009333, 0.009178, 0.009268, 0.009247, 0.009357, 0.009279, 0.009274, 0.009265, 0.009234, 0.009256, 0.009372, 0.009364, 0.009339, 0.009278, 0.009494, 0.00933, 0.009129, 0.009294, 0.009221, 0.009308, 0.009392, 0.009512, 0.009452, 0.009297, 0.009359, 0.009358, 0.009374, 0.009453, 0.009493, 0.009541, 0.009315, 0.009297, 0.00945, 0.009306, 0.009304, 0.009128, 0.009296}"
