"model_name","layer_name","layer_index","kind","min_time","mean_time","max_time","add_flops","div_flops","cmp_flops","exp_flops","mad_flops","input_channel","input_height","input_width","output_channel","output_height","output_width","function","kernel_1","kernel_2","stride_1","stride_2","dilation_1","dilation_2","input_form","topology_hash","mad/min_time","mad/mean_time","mad/max_time","time"
"ResNet-101 Trained on Augmented CASIA-WebFace Data","5a/res5a_branch2b",317,"Convolution",0.002336,0.0023912499999999993,0.007237,0,0,0,0,115605504,512,7,7,512,7,7,"",3,3,1,1,1,1,"HoldForm[ConvolutionLayer[512, {3, 3}, ""Stride"" -> {1, 1}, ""PaddingSize"" -> {{1, 1}, {1, 1}}, ""Dilation"" -> {1, 1}, ""Input"" -> {512, 7, 7}]]","183bhkhy3yvpo",4.9488657534246574e10,4.834521860951386e10,1.5974230205886415e10,"{0.007237, 0.002483, 0.002408, 0.00243, 0.002401, 0.002423, 0.002442, 0.0024, 0.002436, 0.002403, 0.002425, 0.00242, 0.002405, 0.002424, 0.00243, 0.00239, 0.0024, 0.002374, 0.002397, 0.002401, 0.002379, 0.002379, 0.002377, 0.002369, 0.002384, 0.002418, 0.00241, 0.002398, 0.00241, 0.002427, 0.002392, 0.002404, 0.00239, 0.002411, 0.00242, 0.002413, 0.002422, 0.002379, 0.002408, 0.002417, 0.002393, 0.002406, 0.002378, 0.002408, 0.002414, 0.002391, 0.002407, 0.002382, 0.00239, 0.002398, 0.002371, 0.002414, 0.002387, 0.002373, 0.002398, 0.002375, 0.002392, 0.002376, 0.002397, 0.002445, 0.002386, 0.002403, 0.002381, 0.002358, 0.002393, 0.002347, 0.002381, 0.002339, 0.002391, 0.002349, 0.002336, 0.002378, 0.002353, 0.002389, 0.002359, 0.00239, 0.002392, 0.002362, 0.00241, 0.002351, 0.002389, 0.002397, 0.00236, 0.002397, 0.00236, 0.002398, 0.002378, 0.002355, 0.002391, 0.002359, 0.002392, 0.002376, 0.002345, 0.00237, 0.002343, 0.002362, 0.002367, 0.002347, 0.002382, 0.002349}"
