"model_name","layer_name","layer_index","kind","min_time","mean_time","max_time","add_flops","div_flops","cmp_flops","exp_flops","mad_flops","input_channel","input_height","input_width","output_channel","output_height","output_width","function","kernel_1","kernel_2","stride_1","stride_2","dilation_1","dilation_2","input_form","topology_hash","mad/min_time","mad/mean_time","mad/max_time","time"
"Inception V1 Trained on Extended Salient Object Subitizing Data","inception_5a/5x5",123,"Convolution",0.000239,0.0002448666666666667,0.000449,0,0,0,0,5017600,32,7,7,128,7,7,"",5,5,1,1,1,1,"HoldForm[ConvolutionLayer[128, {5, 5}, ""Stride"" -> {1, 1}, ""PaddingSize"" -> {{2, 2}, {2, 2}}, ""Dilation"" -> {1, 1}, ""Input"" -> {32, 7, 7}]]","05q8458hdtf0z",2.0994142259414227e10,2.049115164715491e10,1.1175055679287304e10,"{0.000449, 0.000248, 0.000245, 0.000247, 0.000322, 0.000258, 0.000246, 0.000246, 0.000244, 0.000246, 0.000245, 0.000244, 0.000251, 0.00025, 0.000245, 0.000245, 0.000244, 0.000244, 0.000244, 0.000244, 0.000277, 0.000249, 0.000242, 0.000241, 0.000242, 0.000241, 0.000241, 0.000239, 0.000241, 0.000267, 0.000252, 0.000244, 0.000245, 0.000243, 0.000243, 0.000243, 0.000274, 0.000254, 0.000245, 0.000245, 0.000245, 0.000244, 0.000244, 0.000243, 0.000243, 0.000244, 0.000244, 0.000245, 0.000244, 0.000245}"
