"model_name","layer_name","layer_index","kind","min_time","mean_time","max_time","add_flops","div_flops","cmp_flops","exp_flops","mad_flops","input_channel","input_height","input_width","output_channel","output_height","output_width","function","kernel_1","kernel_2","stride_1","stride_2","dilation_1","dilation_2","input_form","topology_hash","mad/min_time","mad/mean_time","mad/max_time","time"
"Inception V1 Trained on Extended Salient Object Subitizing Data","inception_3a/pool_proj",24,"Convolution",0.00014,0.00014255000000000002,0.003336,0,0,0,0,4816896,192,28,28,32,28,28,"",1,1,1,1,1,1,"HoldForm[ConvolutionLayer[32, {1, 1}, ""Stride"" -> {1, 1}, ""PaddingSize"" -> {{0, 0}, {0, 0}}, ""Dilation"" -> {1, 1}, ""Input"" -> {192, 28, 28}]]","0nve2q8lfbwgx",3.44064e10,3.3790922483339176e10,1.4439136690647483e9,"{0.003336, 0.000162, 0.000147, 0.000145, 0.000144, 0.000143, 0.000142, 0.000145, 0.000142, 0.000142, 0.000142, 0.000143, 0.000142, 0.000141, 0.000143, 0.000141, 0.000177, 0.000152, 0.000142, 0.000142, 0.000143, 0.000166, 0.000147, 0.000143, 0.000142, 0.000142, 0.000145, 0.000142, 0.000167, 0.000152, 0.000143, 0.000147, 0.000149, 0.000143, 0.000141, 0.000142, 0.000141, 0.000143, 0.000159, 0.000149, 0.000143, 0.000141, 0.000142, 0.000172, 0.000151, 0.000143, 0.000141, 0.000143, 0.000141, 0.000141, 0.000144, 0.000142, 0.000143, 0.000143, 0.000142, 0.000142, 0.000141, 0.000141, 0.000142, 0.000146, 0.000148, 0.000142, 0.000142, 0.000142, 0.000141, 0.000142, 0.000147, 0.000147, 0.000143, 0.000142, 0.000176, 0.000153, 0.000142, 0.000141, 0.000142, 0.000141, 0.000141, 0.000142, 0.00014, 0.000141, 0.00014, 0.00014, 0.000141, 0.000141, 0.000141, 0.000141, 0.000141, 0.000141, 0.000141, 0.000141, 0.00014, 0.000141, 0.000141, 0.000141, 0.00014, 0.000141, 0.000141, 0.000149, 0.000175, 0.000147}"
