"model_name","layer_name","layer_index","kind","min_time","mean_time","max_time","add_flops","div_flops","cmp_flops","exp_flops","mad_flops","input_channel","input_height","input_width","output_channel","output_height","output_width","function","kernel_1","kernel_2","stride_1","stride_2","dilation_1","dilation_2","input_form","topology_hash","mad/min_time","mad/mean_time","mad/max_time","time"
"CycleGAN Photo-to-Monet Translation","20/1/6",81,"Convolution",0.0092,0.009457666666666665,0.017707,0,0,0,0,603979776,128,66,66,128,64,64,"",3,3,1,1,1,1,"HoldForm[ConvolutionLayer[128, {3, 3}, ""Stride"" -> {1, 1}, ""PaddingSize"" -> {{0, 0}, {0, 0}}, ""Dilation"" -> {1, 1}, ""Input"" -> {128, 66, 66}]]","1sehkke39v8fh",6.564997565217391e10,6.3861393860360214e10,3.4109661489806293e10,"{0.017707, 0.009311, 0.009435, 0.009404, 0.00986, 0.009477, 0.009482, 0.0092, 0.009268, 0.009389, 0.009551, 0.009628, 0.009486, 0.009378, 0.009534, 0.009584, 0.009606, 0.009613, 0.00957, 0.009579, 0.009573, 0.009426, 0.009517, 0.009579, 0.009368, 0.00924, 0.009318, 0.009451, 0.009407, 0.009433, 0.00958, 0.009581, 0.009578, 0.009491, 0.009408, 0.009428, 0.009514, 0.009457, 0.009342, 0.009332, 0.009269, 0.009296, 0.009373, 0.009505, 0.009351, 0.009532, 0.009449, 0.009356, 0.009407, 0.009227}"
