"model_name","layer_name","layer_index","kind","min_time","mean_time","max_time","add_flops","div_flops","cmp_flops","exp_flops","mad_flops","input_channel","input_height","input_width","output_channel","output_height","output_width","function","kernel_1","kernel_2","stride_1","stride_2","dilation_1","dilation_2","input_form","topology_hash","mad/min_time","mad/mean_time","mad/max_time","time"
"Inception V3 Trained on ImageNet Competition Data","Inception3/mixed_2_conv_conv2d",64,"Convolution",0.00041,0.00042088333333333325,0.003715,0,0,0,0,22579200,288,35,35,64,35,35,"",1,1,1,1,1,1,"HoldForm[ConvolutionLayer[64, {1, 1}, ""Stride"" -> {1, 1}, ""PaddingSize"" -> {{0, 0}, {0, 0}}, ""Dilation"" -> {1, 1}, ""Input"" -> {288, 35, 35}]]","0l1ctl5lz8c9i",5.507121951219512e10,5.364717063319211e10,6.077846567967698e9,"{0.003715, 0.000448, 0.000417, 0.000414, 0.000412, 0.000411, 0.000412, 0.000411, 0.000411, 0.000412, 0.000443, 0.000421, 0.000428, 0.000419, 0.000417, 0.000417, 0.000413, 0.00042, 0.000417, 0.000446, 0.000427, 0.000416, 0.000412, 0.000412, 0.000411, 0.000411, 0.000413, 0.000411, 0.000413, 0.000447, 0.000421, 0.000413, 0.000411, 0.000411, 0.00041, 0.000411, 0.000436, 0.000421, 0.000447, 0.00042, 0.000422, 0.000412, 0.00041, 0.000412, 0.000412, 0.00041, 0.000412, 0.000411, 0.000443, 0.000421, 0.000411, 0.000411, 0.000412, 0.000415, 0.000412, 0.000411, 0.000411, 0.000444, 0.000421, 0.000413, 0.000411, 0.000423, 0.000415, 0.000412, 0.000411, 0.000412, 0.000411, 0.00044, 0.00042, 0.000414, 0.000415, 0.000412, 0.000411, 0.000411, 0.000411, 0.000411, 0.000484, 0.000455, 0.000437, 0.000431, 0.000432, 0.000429, 0.00043, 0.00043, 0.000459, 0.000493, 0.000461, 0.000454, 0.000453, 0.00045, 0.000452, 0.000451, 0.000453, 0.000451, 0.000472, 0.000453, 0.00045, 0.00045, 0.000449, 0.000456}"
