"model_name","layer_name","layer_index","kind","min_time","mean_time","max_time","add_flops","div_flops","cmp_flops","exp_flops","mad_flops","input_channel","input_height","input_width","output_channel","output_height","output_width","function","kernel_1","kernel_2","stride_1","stride_2","dilation_1","dilation_2","input_form","topology_hash","mad/min_time","mad/mean_time","mad/max_time","time"
"ResNet-152 Trained on ImageNet Competition Data","4b12/res4b12_branch2b",245,"Convolution",0.002008,0.002040083333333334,0.006326,0,0,0,0,115605504,256,14,14,256,14,14,"",3,3,1,1,1,1,"HoldForm[ConvolutionLayer[256, {3, 3}, ""Stride"" -> {1, 1}, ""PaddingSize"" -> {{1, 1}, {1, 1}}, ""Dilation"" -> {1, 1}, ""Input"" -> {256, 14, 14}]]","0gg7sts7v315o",5.7572462151394424e10,5.666704987541357e10,1.8274660765096428e10,"{0.006326, 0.002083, 0.002055, 0.002047, 0.00203, 0.002051, 0.002027, 0.002041, 0.00205, 0.002047, 0.002034, 0.002045, 0.002025, 0.002023, 0.002038, 0.002046, 0.002029, 0.002054, 0.002031, 0.002045, 0.002028, 0.002041, 0.002034, 0.002052, 0.002027, 0.002059, 0.002032, 0.002059, 0.002026, 0.002058, 0.002029, 0.002063, 0.002038, 0.002054, 0.002045, 0.002026, 0.002044, 0.002028, 0.002041, 0.002043, 0.002045, 0.002027, 0.002042, 0.00203, 0.00204, 0.002027, 0.00204, 0.002033, 0.002042, 0.002024, 0.002037, 0.002027, 0.002042, 0.002034, 0.002049, 0.002029, 0.002043, 0.002031, 0.002044, 0.002008, 0.002048, 0.002015, 0.002045, 0.002034, 0.002045, 0.002026, 0.002044, 0.002038, 0.002043, 0.002032, 0.00205, 0.002032, 0.002062, 0.002035, 0.00206, 0.002034, 0.002062, 0.002038, 0.002061, 0.00203, 0.002044, 0.002063, 0.002045, 0.002044, 0.00203, 0.002047, 0.002032, 0.002067, 0.002052, 0.002047, 0.002032, 0.00205, 0.002047, 0.002048, 0.002034, 0.002042, 0.002033, 0.00206, 0.002029, 0.002038}"
