"model_name","layer_name","layer_index","kind","min_time","mean_time","max_time","add_flops","div_flops","cmp_flops","exp_flops","mad_flops","input_channel","input_height","input_width","output_channel","output_height","output_width","function","kernel_1","kernel_2","stride_1","stride_2","dilation_1","dilation_2","input_form","topology_hash","mad/min_time","mad/mean_time","mad/max_time","time"
"Single-Image Depth Perception Net Trained on NYU Depth V2 and Depth in the Wild Data","4/1/2/1/4/4",495,"Convolution",0.784616,0.7877860500000001,1.764259,0,0,0,0,9515827200,64,240,320,16,240,320,"",11,11,1,1,1,1,"HoldForm[ConvolutionLayer[16, {11, 11}, ""Stride"" -> {1, 1}, ""PaddingSize"" -> {{5, 5}, {5, 5}}, ""Dilation"" -> {1, 1}, ""Input"" -> {64, 240, 320}]]","1qd76sx6r2pi5",1.2128005546662317e10,1.2079202468741352e10,5.393667936510455e9,"{1.764259, 0.785181, 0.787331, 0.787124, 0.790269, 0.790576, 0.789781, 0.788319, 0.788918, 0.788116, 0.787421, 0.78691, 0.786364, 0.787329, 0.788015, 0.788013, 0.787832, 0.786186, 0.789509, 0.788468, 0.790041, 0.792849, 0.790416, 0.788722, 0.794546, 0.784616, 0.788306, 0.786536, 0.787278, 0.793504, 0.792798, 0.789019, 0.789791, 0.789569, 0.786308, 0.789704, 0.788206, 0.787425, 0.788223, 0.786725, 0.787959, 0.786106, 0.787986, 0.786471, 0.786825, 0.787935, 0.785629, 0.787566, 0.787259, 0.78827, 0.788063, 0.787866, 0.787719, 0.787753, 0.785211, 0.788333, 0.788318, 0.78822, 0.786863, 0.787859, 0.786717, 0.788284, 0.7871, 0.788542, 0.78822, 0.787455, 0.789317, 0.788122, 0.789311, 0.789778, 0.786525, 0.785641, 0.789405, 0.786462, 0.786458, 0.839207, 0.843051, 0.787985, 0.789366, 0.786159, 0.786428, 0.784621, 0.788053, 0.78976, 0.789483, 0.792432, 0.787722, 0.78792, 0.78635, 0.78727, 0.787154, 0.786222, 0.787003, 0.786747, 0.786982, 0.785787, 0.784933, 0.786283, 0.785606, 0.785334}"
