"model_name","layer_name","layer_index","kind","min_time","mean_time","max_time","add_flops","div_flops","cmp_flops","exp_flops","mad_flops","input_channel","input_height","input_width","output_channel","output_height","output_width","function","kernel_1","kernel_2","stride_1","stride_2","dilation_1","dilation_2","input_form","topology_hash","mad/min_time","mad/mean_time","mad/max_time","time"
"Age Estimation VGG-16 Trained on IMDB-WIKI Data","conv3_3",15,"Convolution",0.036433,0.03872455000000001,0.048096,0,0,0,0,1849688064,256,56,56,256,56,56,"",3,3,1,1,1,1,"HoldForm[ConvolutionLayer[256, {3, 3}, ""Stride"" -> {1, 1}, ""PaddingSize"" -> {{1, 1}, {1, 1}}, ""Dilation"" -> {1, 1}, ""Input"" -> {256, 56, 56}]]","0sal1rmpbenpt",5.076957878846101e10,4.7765256510404884e10,3.845825149700599e10,"{0.048096, 0.039042, 0.038878, 0.038936, 0.038268, 0.036645, 0.036601, 0.036433, 0.036556, 0.03662, 0.038775, 0.038839, 0.038896, 0.038731, 0.038827, 0.038807, 0.038978, 0.03893, 0.03899, 0.03879, 0.038984, 0.038797, 0.038797, 0.038821, 0.038721, 0.038802, 0.038735, 0.038923, 0.038953, 0.038956, 0.038895, 0.03905, 0.039013, 0.038876, 0.038856, 0.038915, 0.038764, 0.038708, 0.038966, 0.038719, 0.038868, 0.038939, 0.038911, 0.039049, 0.038957, 0.038828, 0.038861, 0.039009, 0.039075, 0.038848, 0.038856, 0.038777, 0.038934, 0.038771, 0.038911, 0.038884, 0.038869, 0.039107, 0.038878, 0.036587, 0.03662, 0.039332, 0.036482, 0.036583, 0.038735, 0.038576, 0.038583, 0.038512, 0.038497, 0.038495, 0.038632, 0.038567, 0.038647, 0.038628, 0.038444, 0.038354, 0.038535, 0.038469, 0.038462, 0.038436, 0.03855, 0.038516, 0.038559, 0.038645, 0.038547, 0.038451, 0.038507, 0.038552, 0.038651, 0.038662, 0.038637, 0.038532, 0.038629, 0.038632, 0.038503, 0.038448, 0.038469, 0.038502, 0.038626, 0.038674}"
