"model_name","layer_name","layer_index","kind","min_time","mean_time","max_time","add_flops","div_flops","cmp_flops","exp_flops","mad_flops","input_channel","input_height","input_width","output_channel","output_height","output_width","function","kernel_1","kernel_2","stride_1","stride_2","dilation_1","dilation_2","input_form","topology_hash","mad/min_time","mad/mean_time","mad/max_time","time"
"Multi-scale Context Aggregation Net Trained on CamVid Data","conv2_1",6,"Convolution",0.268374,0.2694828000000001,0.512002,0,0,0,0,17953947648,64,448,548,128,446,546,"",3,3,1,1,1,1,"HoldForm[ConvolutionLayer[128, {3, 3}, ""Stride"" -> {1, 1}, ""PaddingSize"" -> {{0, 0}, {0, 0}}, ""Dilation"" -> {1, 1}, ""Input"" -> {64, 448, 548}]]","1iyuzp5b0ovg7",6.689898294171567e10,6.662372384434181e10,3.506616702278507e10,"{0.512002, 0.269173, 0.269218, 0.269304, 0.270033, 0.269303, 0.269322, 0.269337, 0.26944, 0.268374, 0.268652, 0.268678, 0.26907, 0.268517, 0.268554, 0.268693, 0.269226, 0.269756, 0.268457, 0.268672, 0.268665, 0.271991, 0.26961, 0.269698, 0.269375, 0.270432, 0.270703, 0.26948, 0.269239, 0.269487, 0.270626, 0.269305, 0.26951, 0.269485, 0.270179, 0.270173, 0.269555, 0.269538, 0.269496, 0.270815, 0.269167, 0.269659, 0.269383, 0.270864, 0.270342, 0.269474, 0.269169, 0.270018, 0.270342, 0.269551}"
