"model_name","layer_name","layer_index","kind","min_time","mean_time","max_time","add_flops","div_flops","cmp_flops","exp_flops","mad_flops","input_channel","input_height","input_width","output_channel","output_height","output_width","function","kernel_1","kernel_2","stride_1","stride_2","dilation_1","dilation_2","input_form","topology_hash","mad/min_time","mad/mean_time","mad/max_time","time"
"2D Face Alignment Net Trained on 300W Large Pose Data","15/1/2/3/1/2/3/1/2/4/1/1/4/2/2/2/3",221,"Convolution",0.000128,0.00013416666666666663,0.003531,0,0,0,0,2359296,64,8,8,64,8,8,"",3,3,1,1,1,1,"HoldForm[ConvolutionLayer[64, {3, 3}, ""Stride"" -> {1, 1}, ""PaddingSize"" -> {{1, 1}, {1, 1}}, ""Dilation"" -> {1, 1}, ""Input"" -> {64, 8, 8}]]","1w62v5todalnu",1.8432e10,1.7584814906832306e10,6.681665250637214e8,"{0.003531, 0.00017, 0.000144, 0.000139, 0.000188, 0.000144, 0.000138, 0.000137, 0.000136, 0.000137, 0.000136, 0.000135, 0.000136, 0.000136, 0.000136, 0.000135, 0.000136, 0.000135, 0.000135, 0.000136, 0.000137, 0.000137, 0.000135, 0.000135, 0.000135, 0.000136, 0.000136, 0.000135, 0.000137, 0.000135, 0.000135, 0.000154, 0.000163, 0.000138, 0.000135, 0.000135, 0.000135, 0.000135, 0.000139, 0.000134, 0.000135, 0.000134, 0.000134, 0.000134, 0.000134, 0.000135, 0.000134, 0.000139, 0.000134, 0.000133, 0.000134, 0.000134, 0.000135, 0.000135, 0.000134, 0.000134, 0.000134, 0.000134, 0.000135, 0.000134, 0.000133, 0.000163, 0.000134, 0.000131, 0.000131, 0.000131, 0.000131, 0.00013, 0.00013, 0.000131, 0.000131, 0.000131, 0.000167, 0.000138, 0.000131, 0.000162, 0.000131, 0.000129, 0.00013, 0.000129, 0.000129, 0.00013, 0.000135, 0.000129, 0.000128, 0.000128, 0.00013, 0.000129, 0.000128, 0.000129, 0.00015, 0.000135, 0.000131, 0.000129, 0.00013, 0.000129, 0.00013, 0.000131, 0.00013, 0.00013}"
