"model_name","layer_name","layer_index","kind","min_time","mean_time","max_time","add_flops","div_flops","cmp_flops","exp_flops","mad_flops","input_channel","input_height","input_width","output_channel","output_height","output_width","function","kernel_1","kernel_2","stride_1","stride_2","dilation_1","dilation_2","input_form","topology_hash","mad/min_time","mad/mean_time","mad/max_time","time"
"2D Face Alignment Net Trained on 300W Large Pose Data","13/1/2/2/1/1/3",531,"Convolution",0.008798,0.0089828,0.014451,0,0,0,0,301989888,256,32,32,128,32,32,"",3,3,1,1,1,1,"HoldForm[ConvolutionLayer[128, {3, 3}, ""Stride"" -> {1, 1}, ""PaddingSize"" -> {{1, 1}, {1, 1}}, ""Dilation"" -> {1, 1}, ""Input"" -> {256, 32, 32}]]","08qm1fo4qkpj4",3.4324833825869514e10,3.361868103486663e10,2.089750799252647e10,"{0.014451, 0.009084, 0.009002, 0.009105, 0.009088, 0.009133, 0.009177, 0.009021, 0.009051, 0.009032, 0.009007, 0.008983, 0.009064, 0.009076, 0.00908, 0.009157, 0.009027, 0.009071, 0.009086, 0.00914, 0.009045, 0.009015, 0.008947, 0.008956, 0.009061, 0.009028, 0.009037, 0.00888, 0.008899, 0.009002, 0.008975, 0.008892, 0.008887, 0.008841, 0.00882, 0.00883, 0.00895, 0.008982, 0.008896, 0.008857, 0.008867, 0.008843, 0.00886, 0.008843, 0.008824, 0.008896, 0.008852, 0.008894, 0.008831, 0.008827, 0.008813, 0.008848, 0.008951, 0.00892, 0.008948, 0.009017, 0.008878, 0.008823, 0.008868, 0.008798, 0.008864, 0.008969, 0.008926, 0.00899, 0.009071, 0.009042, 0.008901, 0.009055, 0.009014, 0.00902, 0.008992, 0.009088, 0.009009, 0.009031, 0.009043, 0.009047, 0.009039, 0.009056, 0.009053, 0.009075, 0.008992, 0.008917, 0.008931, 0.009081, 0.00893, 0.008913, 0.008972, 0.008975, 0.008939, 0.008941, 0.008977, 0.00899, 0.008996, 0.008997, 0.009031, 0.009042, 0.009126, 0.009096, 0.009001, 0.008977}"
