"model_name","layer_name","layer_index","kind","min_time","mean_time","max_time","add_flops","div_flops","cmp_flops","exp_flops","mad_flops","input_channel","input_height","input_width","output_channel","output_height","output_width","function","kernel_1","kernel_2","stride_1","stride_2","dilation_1","dilation_2","input_form","topology_hash","mad/min_time","mad/mean_time","mad/max_time","time"
"CycleGAN Orange-to-Apple Translation Trained on ImageNet Competition Data","15/1/2",37,"Convolution",0.016242,0.01803843333333333,0.025078,0,0,0,0,603979776,128,66,66,128,64,64,"",3,3,1,1,1,1,"HoldForm[ConvolutionLayer[128, {3, 3}, ""Stride"" -> {1, 1}, ""PaddingSize"" -> {{0, 0}, {0, 0}}, ""Dilation"" -> {1, 1}, ""Input"" -> {128, 66, 66}]]","1sehkke39v8fh",3.7186293313631325e10,3.3482939723146698e10,2.4084048807719913e10,"{0.025078, 0.017922, 0.018048, 0.018142, 0.018103, 0.018163, 0.018114, 0.018123, 0.018159, 0.018093, 0.018169, 0.018091, 0.018108, 0.018156, 0.018196, 0.018198, 0.018135, 0.018128, 0.01816, 0.018115, 0.018098, 0.018174, 0.018186, 0.018142, 0.01803, 0.018123, 0.018111, 0.018155, 0.018154, 0.01818, 0.018068, 0.018224, 0.018063, 0.018088, 0.018169, 0.01813, 0.01801, 0.018006, 0.017914, 0.017983, 0.017906, 0.017625, 0.017907, 0.018109, 0.018048, 0.017925, 0.017964, 0.018044, 0.018122, 0.018128, 0.017988, 0.018233, 0.017982, 0.017902, 0.017954, 0.018115, 0.01812, 0.017864, 0.017959, 0.017968, 0.018103, 0.017932, 0.017832, 0.017915, 0.018062, 0.017915, 0.017916, 0.018034, 0.018, 0.017855, 0.016475, 0.016476, 0.016242, 0.016273, 0.01633, 0.016443, 0.016498, 0.016545, 0.016491, 0.016469, 0.016588, 0.016427, 0.017966, 0.018108, 0.018071, 0.01789, 0.017955, 0.017947, 0.018102, 0.018064, 0.018049, 0.017991, 0.017892, 0.017955, 0.018116, 0.018039, 0.018165, 0.018094, 0.01814, 0.018035}"
