"model_name","layer_name","layer_index","kind","min_time","mean_time","max_time","add_flops","div_flops","cmp_flops","exp_flops","mad_flops","input_channel","input_height","input_width","output_channel","output_height","output_width","function","kernel_1","kernel_2","stride_1","stride_2","dilation_1","dilation_2","input_form","topology_hash","mad/min_time","mad/mean_time","mad/max_time","time"
"Single-Image Depth Perception Net Trained on Depth in the Wild Data","4/1/1/4/1/1/4/1/2/6/3/1",327,"Convolution",0.000354,0.00036003333333333327,0.000556,0,0,0,0,19660800,256,30,40,64,30,40,"",1,1,1,1,1,1,"HoldForm[ConvolutionLayer[64, {1, 1}, ""Stride"" -> {1, 1}, ""PaddingSize"" -> {{0, 0}, {0, 0}}, ""Dilation"" -> {1, 1}, ""Input"" -> {256, 30, 40}]]","0vesw90eosy3n",5.5538983050847466e10,5.460827701138785e10,3.5361151079136696e10,"{0.000556, 0.000381, 0.000369, 0.00038, 0.000387, 0.000359, 0.000383, 0.000364, 0.000358, 0.000355, 0.000357, 0.000394, 0.000366, 0.000358, 0.000355, 0.000356, 0.000359, 0.000354, 0.000355, 0.000354, 0.000354, 0.000355, 0.000391, 0.000363, 0.000355, 0.000356, 0.000354, 0.000356, 0.000381, 0.000359, 0.000357, 0.000355, 0.000355, 0.000386, 0.00037, 0.000361, 0.000356, 0.000355, 0.000355, 0.000355, 0.000355, 0.000355, 0.000356, 0.000359, 0.000393, 0.000373, 0.000364, 0.000364, 0.000364, 0.000367}"
