"model_name","layer_name","layer_index","kind","min_time","mean_time","max_time","add_flops","div_flops","cmp_flops","exp_flops","mad_flops","input_channel","input_height","input_width","output_channel","output_height","output_width","function","kernel_1","kernel_2","stride_1","stride_2","dilation_1","dilation_2","input_form","topology_hash","mad/min_time","mad/mean_time","mad/max_time","time"
"Ademxapp Model A1 Trained on PASCAL VOC2012 and MS-COCO Data","conv6a",137,"Convolution",0.609355,0.6135372666666667,0.855095,0,0,0,0,5202247680000,4096,63,63,512,63,63,"",3,3,1,1,12,12,"HoldForm[ConvolutionLayer[512, {3, 3}, ""Stride"" -> {1, 1}, ""PaddingSize"" -> {{12, 12}, {12, 12}}, ""Dilation"" -> {12, 12}, ""Input"" -> {4096, 63, 63}]]","0nx1bad0cl0zx",8.537302032476963e12,8.479106262385146e12,6.08382423005631e12,"{0.855095, 0.611144, 0.610483, 0.611104, 0.609355, 0.610981, 0.610224, 0.615879, 0.612205, 0.618125, 0.612466, 0.615252, 0.614924, 0.617704, 0.613974, 0.616757, 0.61268, 0.616656, 0.612107, 0.616717, 0.613253, 0.617005, 0.612941, 0.616838, 0.613925, 0.615257, 0.616054, 0.615195, 0.613121, 0.615928, 0.611962, 0.615163, 0.612526, 0.611835, 0.610239, 0.612015, 0.612288, 0.613042, 0.611538, 0.615072, 0.612399, 0.614595, 0.611165, 0.613471, 0.610766, 0.616088, 0.613539, 0.613991, 0.612515, 0.612598}"
