"model_name","layer_name","layer_index","kind","min_time","mean_time","max_time","add_flops","div_flops","cmp_flops","exp_flops","mad_flops","input_channel","input_height","input_width","output_channel","output_height","output_width","function","kernel_1","kernel_2","stride_1","stride_2","dilation_1","dilation_2","input_form","topology_hash","mad/min_time","mad/mean_time","mad/max_time","time"
"Single-Image Depth Perception Net Trained on NYU Depth V2 Data","4/1/1/4/1/1/4/1/2/2/3/4",151,"Convolution",0.002868,0.002901249999999999,0.009309,0,0,0,0,61440000,32,30,40,64,30,40,"",5,5,1,1,1,1,"HoldForm[ConvolutionLayer[64, {5, 5}, ""Stride"" -> {1, 1}, ""PaddingSize"" -> {{2, 2}, {2, 2}}, ""Dilation"" -> {1, 1}, ""Input"" -> {32, 30, 40}]]","1sh5ene7i46ap",2.1422594142259415e10,2.11770788453253e10,6.600064453754431e9,"{0.009309, 0.00294, 0.002889, 0.002908, 0.002891, 0.002878, 0.002902, 0.002896, 0.00289, 0.002877, 0.0029, 0.002899, 0.00288, 0.002881, 0.002903, 0.002894, 0.002873, 0.002905, 0.002902, 0.002895, 0.002873, 0.002897, 0.002887, 0.002881, 0.002896, 0.002914, 0.002889, 0.002875, 0.002906, 0.002914, 0.002936, 0.002876, 0.002898, 0.002909, 0.002891, 0.002908, 0.002914, 0.002899, 0.002878, 0.002903, 0.002908, 0.002921, 0.002876, 0.002897, 0.002904, 0.002893, 0.002913, 0.00292, 0.002903, 0.002898, 0.002945, 0.002953, 0.002934, 0.002896, 0.002904, 0.002906, 0.002878, 0.002903, 0.002919, 0.002901, 0.002875, 0.002943, 0.002908, 0.002903, 0.002883, 0.002942, 0.002919, 0.002886, 0.002915, 0.002915, 0.002909, 0.002888, 0.00292, 0.002925, 0.002911, 0.002875, 0.002903, 0.002894, 0.002876, 0.002915, 0.002912, 0.002909, 0.002888, 0.002903, 0.002913, 0.002911, 0.002892, 0.002904, 0.002896, 0.002876, 0.002913, 0.002905, 0.002906, 0.002893, 0.002868, 0.002926, 0.00294, 0.002882, 0.002912, 0.002891}"
