"model_name","layer_name","layer_index","kind","min_time","mean_time","max_time","add_flops","div_flops","cmp_flops","exp_flops","mad_flops","input_channel","input_height","input_width","output_channel","output_height","output_width","function","kernel_1","kernel_2","stride_1","stride_2","dilation_1","dilation_2","input_form","topology_hash","mad/min_time","mad/mean_time","mad/max_time","time"
"ResNet-101 Trained on Augmented CASIA-WebFace Data","3b2/res3b2_branch2c",66,"Convolution",0.000693,0.0007231166666666667,0.004478,0,0,0,0,51380224,128,28,28,512,28,28,"",1,1,1,1,1,1,"HoldForm[ConvolutionLayer[512, {1, 1}, ""Stride"" -> {1, 1}, ""PaddingSize"" -> {{0, 0}, {0, 0}}, ""Dilation"" -> {1, 1}, ""Input"" -> {128, 28, 28}]]","0nf3we7xs1tq0",7.414173737373738e10,7.105385115357133e10,1.1473922286735147e10,"{0.004478, 0.00077, 0.000716, 0.000702, 0.000698, 0.000698, 0.000711, 0.000718, 0.000712, 0.000696, 0.000698, 0.0007, 0.000727, 0.000702, 0.000694, 0.000697, 0.000693, 0.000694, 0.000725, 0.000726, 0.00071, 0.000726, 0.000707, 0.0007, 0.000713, 0.000707, 0.000704, 0.000702, 0.0007, 0.00072, 0.000699, 0.000701, 0.000696, 0.000696, 0.000698, 0.000722, 0.000702, 0.000698, 0.000693, 0.000703, 0.0007, 0.000739, 0.000734, 0.000727, 0.00073, 0.000727, 0.000754, 0.000732, 0.000726, 0.000732, 0.00073, 0.00073, 0.00073, 0.000726, 0.000725, 0.000723, 0.000724, 0.000762, 0.00073, 0.000726, 0.000725, 0.000726, 0.000725, 0.000732, 0.00073, 0.000732, 0.000731, 0.000728, 0.000745, 0.000732, 0.000729, 0.000721, 0.000725, 0.000754, 0.00073, 0.000729, 0.000726, 0.000728, 0.000727, 0.000745, 0.000729, 0.000728, 0.000729, 0.000729, 0.00075, 0.000731, 0.00073, 0.000728, 0.000728, 0.000729, 0.000746, 0.000727, 0.000729, 0.000728, 0.000729, 0.000751, 0.000729, 0.00073, 0.00073, 0.000729}"
