"model_name","layer_name","layer_index","kind","min_time","mean_time","max_time","add_flops","div_flops","cmp_flops","exp_flops","mad_flops","input_channel","input_height","input_width","output_channel","output_height","output_width","function","kernel_1","kernel_2","stride_1","stride_2","dilation_1","dilation_2","input_form","topology_hash","mad/min_time","mad/mean_time","mad/max_time","time"
"Single-Image Depth Perception Net Trained on NYU Depth V2 and Depth in the Wild Data","4/1/2/1/3/4",489,"Convolution",0.271453,0.27210670000000003,0.677931,0,0,0,0,3853516800,64,240,320,16,240,320,"",7,7,1,1,1,1,"HoldForm[ConvolutionLayer[16, {7, 7}, ""Stride"" -> {1, 1}, ""PaddingSize"" -> {{3, 3}, {3, 3}}, ""Dilation"" -> {1, 1}, ""Input"" -> {64, 240, 320}]]","0g5yjfkwj8pm3",1.4195889527837233e10,1.4161785799467634e10,5.684231581090111e9,"{0.677931, 0.271453, 0.271858, 0.273162, 0.271837, 0.271814, 0.271967, 0.272815, 0.272078, 0.271607, 0.273921, 0.272553, 0.272333, 0.271835, 0.271826, 0.272599, 0.27208, 0.27198, 0.271815, 0.271806, 0.273132, 0.272118, 0.271666, 0.271902, 0.273045, 0.272338, 0.271702, 0.27163, 0.272452, 0.272065, 0.271981, 0.271875, 0.272203, 0.27219, 0.271893, 0.271559, 0.271824, 0.272727, 0.271705, 0.271854, 0.272411, 0.272834, 0.271932, 0.271996, 0.271904, 0.272828, 0.272656, 0.272503, 0.272158, 0.273598}"
