"model_name","layer_name","layer_index","kind","min_time","mean_time","max_time","add_flops","div_flops","cmp_flops","exp_flops","mad_flops","input_channel","input_height","input_width","output_channel","output_height","output_width","function","kernel_1","kernel_2","stride_1","stride_2","dilation_1","dilation_2","input_form","topology_hash","mad/min_time","mad/mean_time","mad/max_time","time"
"Inception V1 Trained on ImageNet Competition Data","inception_5b/1x1",129,"Convolution",0.000342,0.0003504833333333333,0.00352,0,0,0,0,15654912,832,7,7,384,7,7,"",1,1,1,1,1,1,"HoldForm[ConvolutionLayer[384, {1, 1}, ""Stride"" -> {1, 1}, ""PaddingSize"" -> {{0, 0}, {0, 0}}, ""Dilation"" -> {1, 1}, ""Input"" -> {832, 7, 7}]]","06dg39v1gyyvz",4.5774596491228065e10,4.466663750059442e10,4.447418181818181e9,"{0.00352, 0.000371, 0.000348, 0.000344, 0.000345, 0.000344, 0.000393, 0.000356, 0.000346, 0.000343, 0.000344, 0.000344, 0.000343, 0.000343, 0.000343, 0.000344, 0.000386, 0.000352, 0.000396, 0.000347, 0.000344, 0.000344, 0.000344, 0.000343, 0.000344, 0.000345, 0.000342, 0.000343, 0.000342, 0.000368, 0.000352, 0.000344, 0.000342, 0.000342, 0.000343, 0.000342, 0.000345, 0.000343, 0.000343, 0.000344, 0.000373, 0.000353, 0.000348, 0.00035, 0.000344, 0.000351, 0.000353, 0.000344, 0.000346, 0.000344, 0.000346, 0.000344, 0.000369, 0.000362, 0.000355, 0.000353, 0.000354, 0.000352, 0.000353, 0.000352, 0.000352, 0.000355, 0.000352, 0.000375, 0.000361, 0.000354, 0.000352, 0.000353, 0.000351, 0.000351, 0.000352, 0.000352, 0.000353, 0.00036, 0.000385, 0.000361, 0.000353, 0.000352, 0.000352, 0.000352, 0.000363, 0.000357, 0.000355, 0.000352, 0.000353, 0.000375, 0.000359, 0.000353, 0.000352, 0.000352, 0.000353, 0.000356, 0.000353, 0.000354, 0.000352, 0.000355, 0.000384, 0.000361, 0.000353, 0.000352}"
