"model_name","layer_name","layer_index","kind","min_time","mean_time","max_time","add_flops","div_flops","cmp_flops","exp_flops","mad_flops","input_channel","input_height","input_width","output_channel","output_height","output_width","function","kernel_1","kernel_2","stride_1","stride_2","dilation_1","dilation_2","input_form","topology_hash","mad/min_time","mad/mean_time","mad/max_time","time"
"Ademxapp Model A Trained on ImageNet Competition Data","5b1/res5b1_branch2a",103,"Convolution",0.03039,0.03149503333333334,0.0378,0,0,0,0,1887436800,1024,20,20,512,20,20,"",3,3,1,1,1,1,"HoldForm[ConvolutionLayer[512, {3, 3}, ""Stride"" -> {1, 1}, ""PaddingSize"" -> {{1, 1}, {1, 1}}, ""Dilation"" -> {1, 1}, ""Input"" -> {1024, 20, 20}]]","1n0l8tkb9hzyk",6.210716683119447e10,5.992807754873518e10,4.9932190476190475e10,"{0.0378, 0.03194, 0.031953, 0.031959, 0.031922, 0.031953, 0.031933, 0.031886, 0.031952, 0.031901, 0.031884, 0.031623, 0.031361, 0.031378, 0.031433, 0.031608, 0.031429, 0.031419, 0.031528, 0.031406, 0.031454, 0.031755, 0.031699, 0.031717, 0.031782, 0.031661, 0.031658, 0.031564, 0.031752, 0.031684, 0.031715, 0.031727, 0.03181, 0.031638, 0.031669, 0.031555, 0.031352, 0.031357, 0.031379, 0.031495, 0.031659, 0.031627, 0.031498, 0.031324, 0.031431, 0.031476, 0.031704, 0.031698, 0.031577, 0.031561, 0.031639, 0.030709, 0.030732, 0.030897, 0.030654, 0.03039, 0.030561, 0.031632, 0.031481, 0.031399, 0.031322, 0.031281, 0.031283, 0.031219, 0.031318, 0.031471, 0.031451, 0.031423, 0.031543, 0.031405, 0.031426, 0.031434, 0.031264, 0.031536, 0.031552, 0.031655, 0.031324, 0.031125, 0.031224, 0.031403, 0.031479, 0.031381, 0.03146, 0.031471, 0.031173, 0.031464, 0.031425, 0.031466, 0.031714, 0.03167, 0.031557, 0.03142, 0.031046, 0.030965, 0.031003, 0.031294, 0.031124, 0.030966, 0.031117, 0.031143}"
