"model_name","layer_name","layer_index","kind","min_time","mean_time","max_time","add_flops","div_flops","cmp_flops","exp_flops","mad_flops","input_channel","input_height","input_width","output_channel","output_height","output_width","function","kernel_1","kernel_2","stride_1","stride_2","dilation_1","dilation_2","input_form","topology_hash","mad/min_time","mad/mean_time","mad/max_time","time"
"3D Face Alignment Net Trained on 300W Large Pose Data","15/1/2/3/1/2/3/1/2/3/1/1/1/1/1/4/2/1/3",154,"Convolution",0.000189,0.00019160000000000005,0.000381,0,0,0,0,4718592,128,8,8,64,8,8,"",3,3,1,1,1,1,"HoldForm[ConvolutionLayer[64, {3, 3}, ""Stride"" -> {1, 1}, ""PaddingSize"" -> {{1, 1}, {1, 1}}, ""Dilation"" -> {1, 1}, ""Input"" -> {128, 8, 8}]]","0qo4w5mynpkui",2.4966095238095238e10,2.4627306889352814e10,1.238475590551181e10,"{0.000381, 0.0002, 0.000197, 0.000193, 0.000191, 0.000192, 0.000192, 0.000191, 0.00019, 0.000192, 0.000191, 0.000191, 0.000261, 0.000227, 0.000198, 0.000193, 0.000191, 0.000197, 0.00019, 0.000191, 0.00019, 0.000191, 0.000191, 0.000191, 0.00019, 0.00019, 0.00019, 0.00019, 0.00019, 0.000191, 0.000189, 0.00019, 0.000211, 0.000202, 0.000194, 0.000192, 0.000191, 0.000191, 0.00019, 0.00019, 0.000191, 0.00019, 0.000191, 0.000215, 0.000198, 0.000193, 0.00019, 0.000192, 0.000192, 0.000192}"
