"model_name","layer_name","layer_index","kind","min_time","mean_time","max_time","add_flops","div_flops","cmp_flops","exp_flops","mad_flops","input_channel","input_height","input_width","output_channel","output_height","output_width","function","kernel_1","kernel_2","stride_1","stride_2","dilation_1","dilation_2","input_form","topology_hash","mad/min_time","mad/mean_time","mad/max_time","time"
"CycleGAN Orange-to-Apple Translation Trained on ImageNet Competition Data","12/1/6",17,"Convolution",0.009107,0.009347033333333334,0.017838,0,0,0,0,603979776,128,66,66,128,64,64,"",3,3,1,1,1,1,"HoldForm[ConvolutionLayer[128, {3, 3}, ""Stride"" -> {1, 1}, ""PaddingSize"" -> {{0, 0}, {0, 0}}, ""Dilation"" -> {1, 1}, ""Input"" -> {128, 66, 66}]]","1sehkke39v8fh",6.632038827275722e10,6.461726993591549e10,3.3859164480322906e10,"{0.017838, 0.009455, 0.009467, 0.009347, 0.009405, 0.009555, 0.009349, 0.009269, 0.009225, 0.00932, 0.009298, 0.009178, 0.009187, 0.009246, 0.009191, 0.009435, 0.011645, 0.009459, 0.009516, 0.009386, 0.009374, 0.009364, 0.0094, 0.009406, 0.009494, 0.009468, 0.00945, 0.009413, 0.009254, 0.009469, 0.009516, 0.009418, 0.009407, 0.009251, 0.009232, 0.00936, 0.009409, 0.009326, 0.009429, 0.009181, 0.009261, 0.009228, 0.009194, 0.00922, 0.00919, 0.009107, 0.009218, 0.009267, 0.009409, 0.009243}"
