"model_name","layer_name","layer_index","kind","min_time","mean_time","max_time","add_flops","div_flops","cmp_flops","exp_flops","mad_flops","input_channel","input_height","input_width","output_channel","output_height","output_width","function","kernel_1","kernel_2","stride_1","stride_2","dilation_1","dilation_2","input_form","topology_hash","mad/min_time","mad/mean_time","mad/max_time","time"
"2D Face Alignment Net Trained on 300W Large Pose Data","14/1/2/3/1/2/4/1/1/4/2/2/2/3",467,"Convolution",0.000536,0.0005463333333333333,0.001,0,0,0,0,9437184,64,16,16,64,16,16,"",3,3,1,1,1,1,"HoldForm[ConvolutionLayer[64, {3, 3}, ""Stride"" -> {1, 1}, ""PaddingSize"" -> {{1, 1}, {1, 1}}, ""Dilation"" -> {1, 1}, ""Input"" -> {64, 16, 16}]]","002q65od47ssq",1.7606686567164177e10,1.727367419158023e10,9.437184e9,"{0.001, 0.000549, 0.000549, 0.00057, 0.000549, 0.000538, 0.000536, 0.000536, 0.000538, 0.000542, 0.00054, 0.000569, 0.000552, 0.000543, 0.000543, 0.000541, 0.000544, 0.000543, 0.000574, 0.000551, 0.000549, 0.000556, 0.000549, 0.000545, 0.000542, 0.000571, 0.000551, 0.000546, 0.000548, 0.000544, 0.000543, 0.000541, 0.000541, 0.00055, 0.000551, 0.000544, 0.000543, 0.00054, 0.000547, 0.000552, 0.000572, 0.00055, 0.00054, 0.00054, 0.000542, 0.000544, 0.000554, 0.000571, 0.000552, 0.000544}"
