"model_name","layer_name","layer_index","kind","min_time","mean_time","max_time","add_flops","div_flops","cmp_flops","exp_flops","mad_flops","input_channel","input_height","input_width","output_channel","output_height","output_width","function","kernel_1","kernel_2","stride_1","stride_2","dilation_1","dilation_2","input_form","topology_hash","mad/min_time","mad/mean_time","mad/max_time","time"
"Wolfram ImageIdentify Net V1","5b/convdouble_3x3_reduce",216,"Convolution",0.000254,0.0002741333333333332,0.004715,0,0,0,0,9633792,1024,7,7,192,7,7,"",1,1,1,1,1,1,"HoldForm[ConvolutionLayer[192, {1, 1}, ""Stride"" -> {1, 1}, ""PaddingSize"" -> {{0, 0}, {0, 0}}, ""Dilation"" -> {1, 1}, ""Input"" -> {1024, 7, 7}]]","0s8dd5a91dydz",3.792831496062992e10,3.5142723735408585e10,2.043222057264051e9,"{0.004715, 0.000301, 0.000291, 0.000285, 0.000275, 0.000255, 0.00028, 0.000296, 0.000281, 0.000274, 0.000273, 0.00028, 0.000275, 0.000275, 0.000272, 0.000271, 0.000275, 0.000269, 0.000269, 0.000296, 0.000285, 0.000275, 0.000273, 0.00027, 0.000276, 0.000276, 0.000271, 0.000271, 0.000289, 0.000281, 0.000275, 0.000273, 0.000272, 0.000297, 0.00028, 0.000273, 0.000274, 0.000274, 0.000275, 0.000273, 0.000271, 0.000274, 0.000271, 0.000272, 0.000275, 0.000274, 0.000277, 0.000275, 0.000291, 0.000282, 0.000272, 0.000274, 0.000272, 0.000272, 0.000276, 0.000276, 0.000272, 0.000277, 0.000269, 0.000269, 0.000274, 0.000265, 0.00029, 0.000284, 0.000269, 0.000279, 0.000273, 0.000276, 0.000274, 0.000267, 0.000274, 0.000277, 0.000271, 0.000265, 0.000274, 0.000273, 0.000273, 0.000291, 0.000277, 0.000271, 0.000272, 0.000273, 0.000276, 0.000274, 0.000285, 0.000278, 0.000277, 0.000271, 0.000274, 0.000275, 0.000273, 0.000317, 0.000264, 0.000256, 0.000255, 0.000255, 0.000254, 0.000255, 0.000256, 0.000255}"
