"model_name","layer_name","layer_index","kind","min_time","mean_time","max_time","add_flops","div_flops","cmp_flops","exp_flops","mad_flops","input_channel","input_height","input_width","output_channel","output_height","output_width","function","kernel_1","kernel_2","stride_1","stride_2","dilation_1","dilation_2","input_form","topology_hash","mad/min_time","mad/mean_time","mad/max_time","time"
"SqueezeNet V1.1 Trained on ImageNet Competition Data","fire4/expand3x3",24,"Convolution",0.000943,0.0009532000000000001,0.004404,0,0,0,0,28901376,32,28,28,128,28,28,"",3,3,1,1,1,1,"HoldForm[ConvolutionLayer[128, {3, 3}, ""Stride"" -> {1, 1}, ""PaddingSize"" -> {{1, 1}, {1, 1}}, ""Dilation"" -> {1, 1}, ""Input"" -> {32, 28, 28}]]","0vsphexc9wtnf",3.0648330858960762e10,3.0320369282417118e10,6.562528610354223e9,"{0.004404, 0.001004, 0.000958, 0.000944, 0.000945, 0.000958, 0.000957, 0.000943, 0.000943, 0.000973, 0.000966, 0.000958, 0.00095, 0.000972, 0.000952, 0.000948, 0.000957, 0.000948, 0.000972, 0.000951, 0.000949, 0.000946, 0.000983, 0.000955, 0.000943, 0.000947, 0.000978, 0.000955, 0.000949, 0.000945, 0.000969, 0.00095, 0.000943, 0.000953, 0.000976, 0.000957, 0.000949, 0.000953, 0.000957, 0.000956, 0.000949, 0.000947, 0.000949, 0.000972, 0.000955, 0.000945, 0.000958, 0.000993, 0.000952, 0.000943, 0.000947, 0.000978, 0.000961, 0.000952, 0.000954, 0.000966, 0.000955, 0.000952, 0.000951, 0.00097, 0.000952, 0.000949, 0.000952, 0.000947, 0.000949, 0.000954, 0.000948, 0.000945, 0.000983, 0.000955, 0.000945, 0.000947, 0.000976, 0.000967, 0.00095, 0.000953, 0.000968, 0.000956, 0.000948, 0.000953, 0.000966, 0.000956, 0.000951, 0.00095, 0.000972, 0.000957, 0.000951, 0.000947, 0.000943, 0.00095, 0.000956, 0.000949, 0.000945, 0.000991, 0.000952, 0.000947, 0.000949, 0.000979, 0.000952, 0.000943}"
