"model_name","layer_name","layer_index","kind","min_time","mean_time","max_time","add_flops","div_flops","cmp_flops","exp_flops","mad_flops","input_channel","input_height","input_width","output_channel","output_height","output_width","function","kernel_1","kernel_2","stride_1","stride_2","dilation_1","dilation_2","input_form","topology_hash","mad/min_time","mad/mean_time","mad/max_time","time"
"ResNet-101 Trained on YFCC100m Geotagged Data","stage3_unit7/conv2",144,"Convolution",0.001333,0.0013512333333333335,0.002334,0,0,0,0,115605504,256,14,14,256,14,14,"",3,3,1,1,1,1,"HoldForm[ConvolutionLayer[256, {3, 3}, ""Stride"" -> {1, 1}, ""PaddingSize"" -> {{1, 1}, {1, 1}}, ""Dilation"" -> {1, 1}, ""Input"" -> {256, 14, 14}]]","0gg7sts7v315o",8.672580945236308e10,8.555554481091348e10,4.953106426735218e10,"{0.002334, 0.00135, 0.001373, 0.001341, 0.001334, 0.001369, 0.001339, 0.001348, 0.001367, 0.001358, 0.001339, 0.001378, 0.001359, 0.001343, 0.001379, 0.001406, 0.00136, 0.001369, 0.001346, 0.001341, 0.00137, 0.001342, 0.001483, 0.001366, 0.001349, 0.001337, 0.001342, 0.001339, 0.001336, 0.00134, 0.001356, 0.001347, 0.00134, 0.001336, 0.001376, 0.001342, 0.001339, 0.001403, 0.001338, 0.001337, 0.001389, 0.001342, 0.001341, 0.001384, 0.001342, 0.001355, 0.001361, 0.001335, 0.001333, 0.001378}"
