"model_name","layer_name","layer_index","kind","min_time","mean_time","max_time","add_flops","div_flops","cmp_flops","exp_flops","mad_flops","input_channel","input_height","input_width","output_channel","output_height","output_width","function","kernel_1","kernel_2","stride_1","stride_2","dilation_1","dilation_2","input_form","topology_hash","mad/min_time","mad/mean_time","mad/max_time","time"
"Single-Image Depth Perception Net Trained on NYU Depth V2 Data","4/1/1/4/1/1/4/1/2/3/1/1",161,"Convolution",0.000364,0.0003679666666666668,0.000541,0,0,0,0,19660800,256,30,40,64,30,40,"",1,1,1,1,1,1,"HoldForm[ConvolutionLayer[64, {1, 1}, ""Stride"" -> {1, 1}, ""PaddingSize"" -> {{0, 0}, {0, 0}}, ""Dilation"" -> {1, 1}, ""Input"" -> {256, 30, 40}]]","0vesw90eosy3n",5.401318681318681e10,5.343092671437628e10,3.634158964879852e10,"{0.000541, 0.000377, 0.00037, 0.000394, 0.000379, 0.00037, 0.000371, 0.000365, 0.000365, 0.000367, 0.000368, 0.000368, 0.000365, 0.000407, 0.000378, 0.000367, 0.000367, 0.000367, 0.000367, 0.000366, 0.000365, 0.000366, 0.000367, 0.000366, 0.000413, 0.000376, 0.000367, 0.000365, 0.000366, 0.000365, 0.000367, 0.000366, 0.000364, 0.000366, 0.000366, 0.0004, 0.000375, 0.000367, 0.000366, 0.000367, 0.000366, 0.000368, 0.000372, 0.000372, 0.00037, 0.000367, 0.000412, 0.00037, 0.000365, 0.000365}"
