"model_name","layer_name","layer_index","kind","min_time","mean_time","max_time","add_flops","div_flops","cmp_flops","exp_flops","mad_flops","input_channel","input_height","input_width","output_channel","output_height","output_width","function","kernel_1","kernel_2","stride_1","stride_2","dilation_1","dilation_2","input_form","topology_hash","mad/min_time","mad/mean_time","mad/max_time","time"
"Dilated ResNet-22 Trained on Cityscapes Data","convolution0",1,"Convolution",0.243875,0.24658153333333332,0.375123,0,0,0,0,1233125376,3,512,1024,16,512,1024,"",7,7,1,1,1,1,"HoldForm[ConvolutionLayer[16, {7, 7}, ""Stride"" -> {1, 1}, ""PaddingSize"" -> {{3, 3}, {3, 3}}, ""Dilation"" -> {1, 1}, ""Input"" -> {3, 512, 1024}]]","1edm4c001nf5y",5.056382884674526e9,5.000882910128713e9,3.2872561159939537e9,"{0.375123, 0.244575, 0.245134, 0.245685, 0.245259, 0.244805, 0.243875, 0.246229, 0.246914, 0.246021, 0.246163, 0.246035, 0.246462, 0.246729, 0.246316, 0.246422, 0.245865, 0.246723, 0.24699, 0.245933, 0.244893, 0.246075, 0.246786, 0.247162, 0.245239, 0.245791, 0.246735, 0.247844, 0.247223, 0.247037, 0.246638, 0.247014, 0.247203, 0.247671, 0.246078, 0.246733, 0.246458, 0.247907, 0.24699, 0.246691, 0.246618, 0.247086, 0.247584, 0.246541, 0.246428, 0.246812, 0.247151, 0.24773, 0.246669, 0.24712}"
