"model_name","layer_name","layer_index","kind","min_time","mean_time","max_time","add_flops","div_flops","cmp_flops","exp_flops","mad_flops","input_channel","input_height","input_width","output_channel","output_height","output_width","function","kernel_1","kernel_2","stride_1","stride_2","dilation_1","dilation_2","input_form","topology_hash","mad/min_time","mad/mean_time","mad/max_time","time"
"ResNet-50 Trained on ImageNet Competition Data","4c/res4c_branch2c",108,"Convolution",0.000688,0.0007042333333333334,0.000964,0,0,0,0,51380224,256,14,14,1024,14,14,"",1,1,1,1,1,1,"HoldForm[ConvolutionLayer[1024, {1, 1}, ""Stride"" -> {1, 1}, ""PaddingSize"" -> {{0, 0}, {0, 0}}, ""Dilation"" -> {1, 1}, ""Input"" -> {256, 14, 14}]]","05922ucprscvp",7.468055813953488e10,7.29590912102996e10,5.329898755186722e10,"{0.000964, 0.000704, 0.000693, 0.00069, 0.00069, 0.000723, 0.0007, 0.00069, 0.000693, 0.000716, 0.000696, 0.00073, 0.000707, 0.000694, 0.000691, 0.00069, 0.000688, 0.000737, 0.000713, 0.000704, 0.000701, 0.000702, 0.000729, 0.000707, 0.000715, 0.000705, 0.000704, 0.000704, 0.000726, 0.000706, 0.000699, 0.000702, 0.000702, 0.000701, 0.000729, 0.000709, 0.000702, 0.000701, 0.000708, 0.000733, 0.000708, 0.000704, 0.000706, 0.000701, 0.000702, 0.000725, 0.000707, 0.000702, 0.000701, 0.0007}"
