"model_name","layer_name","layer_index","kind","min_time","mean_time","max_time","add_flops","div_flops","cmp_flops","exp_flops","mad_flops","input_channel","input_height","input_width","output_channel","output_height","output_width","function","kernel_1","kernel_2","stride_1","stride_2","dilation_1","dilation_2","input_form","topology_hash","mad/min_time","mad/mean_time","mad/max_time","time"
"ResNet-101 Trained on ImageNet Competition Data","conv1",1,"Convolution",0.002747,0.0031391000000000006,0.009125,0,0,0,0,118013952,3,224,224,64,112,112,"",7,7,2,2,1,1,"HoldForm[ConvolutionLayer[64, {7, 7}, ""Stride"" -> {2, 2}, ""PaddingSize"" -> {{3, 3}, {3, 3}}, ""Dilation"" -> {1, 1}, ""Input"" -> {3, 224, 224}]]","1oywbpqq08kf9",4.296103094284674e10,3.759483673664426e10,1.293303583561644e10,"{0.009125, 0.004917, 0.004916, 0.004867, 0.004925, 0.004966, 0.00497, 0.004946, 0.004949, 0.004927, 0.004944, 0.004941, 0.004959, 0.004938, 0.004021, 0.00278, 0.002761, 0.002825, 0.002798, 0.002757, 0.002791, 0.002787, 0.002758, 0.002789, 0.002819, 0.002781, 0.002777, 0.002805, 0.002845, 0.002833, 0.002898, 0.002838, 0.002747, 0.002835, 0.002832, 0.002841, 0.002817, 0.002841, 0.002808, 0.002786, 0.002798, 0.002803, 0.002781, 0.002795, 0.00282, 0.00283, 0.002801, 0.00283, 0.002848, 0.002782}"
