"model_name","layer_name","layer_index","kind","min_time","mean_time","max_time","add_flops","div_flops","cmp_flops","exp_flops","mad_flops","input_channel","input_height","input_width","output_channel","output_height","output_width","function","kernel_1","kernel_2","stride_1","stride_2","dilation_1","dilation_2","input_form","topology_hash","mad/min_time","mad/mean_time","mad/max_time","time"
"Wolfram ImageIdentify Net V1","4a/convdouble_3x3_0",87,"Convolution",0.000713,0.0007544500000000004,0.004521,0,0,0,0,21676032,96,14,14,128,14,14,"",3,3,1,1,1,1,"HoldForm[ConvolutionLayer[128, {3, 3}, ""Stride"" -> {1, 1}, ""PaddingSize"" -> {{1, 1}, {1, 1}}, ""Dilation"" -> {1, 1}, ""Input"" -> {96, 14, 14}]]","0hgd1isuzxbp9",3.0401166900420757e10,2.873090595798262e10,4.794521566025216e9,"{0.004521, 0.000782, 0.000743, 0.000736, 0.000773, 0.000743, 0.000732, 0.000731, 0.000713, 0.000731, 0.000761, 0.000744, 0.000732, 0.000734, 0.000731, 0.000766, 0.000743, 0.000733, 0.000731, 0.000729, 0.00073, 0.000766, 0.000739, 0.000736, 0.000736, 0.000731, 0.00076, 0.000737, 0.000738, 0.000735, 0.000731, 0.000762, 0.000741, 0.000732, 0.000731, 0.000732, 0.000732, 0.000763, 0.000738, 0.000732, 0.00073, 0.00073, 0.000759, 0.000742, 0.000734, 0.000732, 0.000731, 0.000731, 0.000757, 0.000769, 0.000765, 0.000765, 0.000766, 0.000796, 0.000764, 0.000775, 0.000761, 0.00076, 0.000788, 0.000767, 0.000761, 0.000762, 0.000758, 0.000786, 0.000774, 0.000766, 0.000761, 0.00076, 0.000787, 0.000767, 0.000759, 0.00076, 0.000761, 0.000779, 0.000765, 0.000762, 0.000761, 0.000765, 0.000766, 0.000783, 0.000769, 0.000763, 0.000761, 0.000759, 0.000799, 0.000768, 0.000762, 0.000757, 0.000762, 0.00079, 0.000772, 0.000762, 0.000758, 0.000759, 0.000784, 0.000764, 0.000755, 0.000757, 0.000755, 0.000823}"
