"model_name","layer_name","layer_index","kind","min_time","mean_time","max_time","add_flops","div_flops","cmp_flops","exp_flops","mad_flops","input_channel","input_height","input_width","output_channel","output_height","output_width","function","kernel_1","kernel_2","stride_1","stride_2","dilation_1","dilation_2","input_form","topology_hash","mad/min_time","mad/mean_time","mad/max_time","time"
"Age Estimation VGG-16 Trained on IMDB-WIKI Data","conv2_1",6,"Convolution",0.024126,0.026729349999999995,0.036788,0,0,0,0,924844032,64,112,112,128,112,112,"",3,3,1,1,1,1,"HoldForm[ConvolutionLayer[128, {3, 3}, ""Stride"" -> {1, 1}, ""PaddingSize"" -> {{1, 1}, {1, 1}}, ""Dilation"" -> {1, 1}, ""Input"" -> {64, 112, 112}]]","1v0inr0os0cwt",3.8333914946530716e10,3.460031882556068e10,2.513982907469827e10,"{0.036788, 0.026976, 0.026889, 0.026759, 0.026831, 0.026572, 0.026721, 0.026618, 0.026442, 0.026627, 0.026677, 0.026643, 0.026671, 0.026617, 0.026765, 0.026919, 0.026699, 0.026566, 0.026695, 0.026519, 0.026699, 0.02679, 0.026946, 0.026635, 0.026767, 0.02689, 0.026918, 0.026731, 0.026686, 0.026765, 0.026669, 0.026774, 0.026734, 0.026598, 0.026871, 0.026915, 0.026605, 0.02666, 0.026851, 0.026829, 0.026767, 0.026652, 0.026919, 0.026689, 0.026818, 0.026656, 0.026861, 0.026651, 0.026964, 0.026544, 0.026661, 0.026619, 0.026976, 0.026706, 0.026819, 0.026854, 0.026707, 0.026786, 0.026721, 0.02674, 0.026706, 0.02674, 0.02656, 0.026704, 0.026541, 0.026638, 0.026739, 0.026851, 0.026703, 0.024651, 0.024259, 0.024353, 0.024191, 0.024352, 0.024223, 0.024126, 0.024406, 0.025794, 0.026821, 0.026592, 0.026677, 0.026869, 0.02662, 0.026747, 0.026835, 0.026751, 0.026987, 0.026862, 0.02691, 0.026777, 0.026771, 0.026999, 0.026775, 0.026882, 0.027076, 0.027012, 0.026842, 0.026692, 0.026752, 0.026586}"
