"model_name","layer_name","layer_index","kind","min_time","mean_time","max_time","add_flops","div_flops","cmp_flops","exp_flops","mad_flops","input_channel","input_height","input_width","output_channel","output_height","output_width","function","kernel_1","kernel_2","stride_1","stride_2","dilation_1","dilation_2","input_form","topology_hash","mad/min_time","mad/mean_time","mad/max_time","time"
"Single-Image Depth Perception Net Trained on Depth in the Wild Data","4/1/1/4/1/1/4/1/2/4/1/2/2/4/1",243,"Convolution",0.000105,0.00012966666666666668,0.000186,0,0,0,0,2457600,256,15,20,32,15,20,"",1,1,1,1,1,1,"HoldForm[ConvolutionLayer[32, {1, 1}, ""Stride"" -> {1, 1}, ""PaddingSize"" -> {{0, 0}, {0, 0}}, ""Dilation"" -> {1, 1}, ""Input"" -> {256, 15, 20}]]","1ke4wyo7w890b",2.3405714285714283e10,1.8953213367609253e10,1.3212903225806454e10,"{0.000186, 0.000115, 0.000108, 0.000107, 0.000106, 0.000107, 0.000105, 0.000106, 0.000105, 0.000107, 0.000106, 0.000107, 0.000106, 0.000106, 0.000133, 0.000113, 0.000109, 0.00011, 0.00011, 0.000108, 0.000171, 0.000168, 0.000166, 0.00014, 0.000139, 0.00014, 0.000137, 0.000138, 0.000136, 0.000137, 0.000138, 0.000138, 0.000137, 0.000138, 0.000138, 0.000137, 0.000138, 0.000137, 0.000137, 0.000137, 0.000135, 0.000138, 0.000136, 0.000137, 0.000137, 0.000137, 0.000136, 0.000137, 0.000137, 0.000146}"
