"model_name","layer_name","layer_index","kind","min_time","mean_time","max_time","add_flops","div_flops","cmp_flops","exp_flops","mad_flops","input_channel","input_height","input_width","output_channel","output_height","output_width","function","kernel_1","kernel_2","stride_1","stride_2","dilation_1","dilation_2","input_form","topology_hash","mad/min_time","mad/mean_time","mad/max_time","time"
"3D Face Alignment Net Trained on 300W Large Pose Data","13/1/2/2/1/1/4/2/1/3",535,"Convolution",0.001863,0.0019072333333333337,0.007087,0,0,0,0,75497472,128,32,32,64,32,32,"",3,3,1,1,1,1,"HoldForm[ConvolutionLayer[64, {3, 3}, ""Stride"" -> {1, 1}, ""PaddingSize"" -> {{1, 1}, {1, 1}}, ""Dilation"" -> {1, 1}, ""Input"" -> {128, 32, 32}]]","1lamqwqsgikmq",4.052467632850241e10,3.9584811507069565e10,1.0652952165937632e10,"{0.007087, 0.003885, 0.003867, 0.003889, 0.003916, 0.003827, 0.003864, 0.003923, 0.00253, 0.001877, 0.001932, 0.001885, 0.001904, 0.001901, 0.001909, 0.00189, 0.001923, 0.001891, 0.00195, 0.001883, 0.001911, 0.001896, 0.001919, 0.001915, 0.001903, 0.001899, 0.001897, 0.00193, 0.001897, 0.001913, 0.001863, 0.001895, 0.001894, 0.001923, 0.001896, 0.001931, 0.001888, 0.001898, 0.001891, 0.001915, 0.001866, 0.001896, 0.001885, 0.001905, 0.001904, 0.001892, 0.001922, 0.001902, 0.001904, 0.00189}"
