"model_name","layer_name","layer_index","kind","min_time","mean_time","max_time","add_flops","div_flops","cmp_flops","exp_flops","mad_flops","input_channel","input_height","input_width","output_channel","output_height","output_width","function","kernel_1","kernel_2","stride_1","stride_2","dilation_1","dilation_2","input_form","topology_hash","mad/min_time","mad/mean_time","mad/max_time","time"
"Single-Image Depth Perception Net Trained on Depth in the Wild Data","4/1/1/3/3/4",39,"Convolution",0.018157,0.0182653,0.044956,0,0,0,0,491520000,32,120,160,32,120,160,"",5,5,1,1,1,1,"HoldForm[ConvolutionLayer[32, {5, 5}, ""Stride"" -> {1, 1}, ""PaddingSize"" -> {{2, 2}, {2, 2}}, ""Dilation"" -> {1, 1}, ""Input"" -> {32, 120, 160}]]","0r98uxule58jx",2.7070551302527954e10,2.691004253967906e10,1.0933357060236675e10,"{0.044956, 0.018406, 0.018372, 0.018361, 0.01825, 0.01832, 0.018266, 0.018285, 0.018387, 0.018327, 0.018345, 0.018323, 0.018258, 0.018255, 0.018157, 0.018211, 0.018169, 0.018209, 0.018163, 0.018259, 0.018237, 0.018273, 0.018247, 0.018215, 0.018225, 0.018245, 0.018337, 0.018267, 0.018354, 0.01826, 0.018274, 0.018271, 0.018204, 0.018318, 0.018253, 0.018245, 0.01824, 0.018179, 0.018259, 0.018295, 0.01834, 0.018259, 0.018307, 0.018241, 0.018166, 0.018182, 0.018286, 0.018255, 0.018265, 0.018221}"
