"model_name","layer_name","layer_index","kind","min_time","mean_time","max_time","add_flops","div_flops","cmp_flops","exp_flops","mad_flops","input_channel","input_height","input_width","output_channel","output_height","output_width","function","kernel_1","kernel_2","stride_1","stride_2","dilation_1","dilation_2","input_form","topology_hash","mad/min_time","mad/mean_time","mad/max_time","time"
"Unguided Volumetric Regression Net for 3D Face Reconstruction","8/2/1/1/1/1/1/9",47,"Convolution",0.001253,0.0012698500000000003,0.006389,0,0,0,0,75497472,128,48,48,256,48,48,"",1,1,1,1,1,1,"HoldForm[ConvolutionLayer[256, {1, 1}, ""Stride"" -> {1, 1}, ""PaddingSize"" -> {{0, 0}, {0, 0}}, ""Dilation"" -> {1, 1}, ""Input"" -> {128, 48, 48}]]","1ult5ox50zm5p",6.0253369513168396e10,5.945385045477811e10,1.1816790107998123e10,"{0.006389, 0.001389, 0.001333, 0.001361, 0.001325, 0.001322, 0.00135, 0.001332, 0.001321, 0.00135, 0.001337, 0.001331, 0.001362, 0.001268, 0.001264, 0.001271, 0.001269, 0.001265, 0.001257, 0.001294, 0.001259, 0.001262, 0.001282, 0.001261, 0.001278, 0.00129, 0.001264, 0.001262, 0.001281, 0.001265, 0.001261, 0.001273, 0.001263, 0.001262, 0.001266, 0.001266, 0.001259, 0.001275, 0.001266, 0.00126, 0.001255, 0.001267, 0.001259, 0.001261, 0.001285, 0.001263, 0.001261, 0.001282, 0.001267, 0.001261, 0.001273, 0.001262, 0.001256, 0.001375, 0.001494, 0.001271, 0.001279, 0.001263, 0.001254, 0.00127, 0.001263, 0.001261, 0.001269, 0.001262, 0.001253, 0.001275, 0.001258, 0.001256, 0.001258, 0.001286, 0.00126, 0.001256, 0.001323, 0.001269, 0.001259, 0.001289, 0.001273, 0.001269, 0.001279, 0.001274, 0.001265, 0.001282, 0.001262, 0.001258, 0.001279, 0.001272, 0.00127, 0.001287, 0.001269, 0.001271, 0.001266, 0.001263, 0.001256, 0.001259, 0.001298, 0.001275, 0.001265, 0.001296, 0.001267, 0.001262}"
