"model_name","layer_name","layer_index","kind","min_time","mean_time","max_time","add_flops","div_flops","cmp_flops","exp_flops","mad_flops","input_channel","input_height","input_width","output_channel","output_height","output_width","function","kernel_1","kernel_2","stride_1","stride_2","dilation_1","dilation_2","input_form","topology_hash","mad/min_time","mad/mean_time","mad/max_time","time"
"2D Face Alignment Net Trained on 300W Large Pose Data","16/1/1/4/2/1/3",955,"Convolution",0.007526,0.007904466666666665,0.016744,0,0,0,0,301989888,128,64,64,64,64,64,"",3,3,1,1,1,1,"HoldForm[ConvolutionLayer[64, {3, 3}, ""Stride"" -> {1, 1}, ""PaddingSize"" -> {{1, 1}, {1, 1}}, ""Dilation"" -> {1, 1}, ""Input"" -> {128, 64, 64}]]","1tp9auck3jnm2",4.012621419080521e10,3.8204966980694466e10,1.8035707596751076e10,"{0.016744, 0.007973, 0.007771, 0.007644, 0.007622, 0.007599, 0.007555, 0.00755, 0.00755, 0.007526, 0.007674, 0.007866, 0.007821, 0.007776, 0.007717, 0.0078, 0.007988, 0.007962, 0.007996, 0.007882, 0.007956, 0.00794, 0.007796, 0.007666, 0.007835, 0.007896, 0.007864, 0.007915, 0.007901, 0.007957, 0.007898, 0.007928, 0.007846, 0.007654, 0.007787, 0.007884, 0.014959, 0.014879, 0.012867, 0.007961, 0.007965, 0.008107, 0.008174, 0.008132, 0.008132, 0.008017, 0.008222, 0.008129, 0.008207, 0.008167}"
