"model_name","layer_name","layer_index","kind","min_time","mean_time","max_time","add_flops","div_flops","cmp_flops","exp_flops","mad_flops","input_channel","input_height","input_width","output_channel","output_height","output_width","function","kernel_1","kernel_2","stride_1","stride_2","dilation_1","dilation_2","input_form","topology_hash","mad/min_time","mad/mean_time","mad/max_time","time"
"Dilated ResNet-105 Trained on Cityscapes Data","convolution18",57,"Convolution",0.022772,0.022885633333333336,0.056535,0,0,0,0,1207959552,128,64,128,128,64,128,"",3,3,1,1,1,1,"HoldForm[ConvolutionLayer[128, {3, 3}, ""Stride"" -> {1, 1}, ""PaddingSize"" -> {{1, 1}, {1, 1}}, ""Dilation"" -> {1, 1}, ""Input"" -> {128, 64, 128}]]","1fnbq7md20zlw",5.3045826102230804e10,5.278243928869494e10,2.136657914566198e10,"{0.056535, 0.022974, 0.02296, 0.022925, 0.022887, 0.022894, 0.022876, 0.022839, 0.022773, 0.022834, 0.022772, 0.022935, 0.022811, 0.022882, 0.022889, 0.022928, 0.022889, 0.022844, 0.022857, 0.023403, 0.0228, 0.023701, 0.022934, 0.022848, 0.022864, 0.022896, 0.02288, 0.02297, 0.023037, 0.022941, 0.022866, 0.022853, 0.022946, 0.02287, 0.022837, 0.022873, 0.022896, 0.022863, 0.022857, 0.022773, 0.02288, 0.022916, 0.022835, 0.022855, 0.022902, 0.022927, 0.022854, 0.022882, 0.022913, 0.022913}"
