"model_name","layer_name","layer_index","kind","min_time","mean_time","max_time","add_flops","div_flops","cmp_flops","exp_flops","mad_flops","input_channel","input_height","input_width","output_channel","output_height","output_width","function","kernel_1","kernel_2","stride_1","stride_2","dilation_1","dilation_2","input_form","topology_hash","mad/min_time","mad/mean_time","mad/max_time","time"
"Single-Image Depth Perception Net Trained on NYU Depth V2 and Depth in the Wild Data","4/1/1/4/1/1/4/1/2/5/4/4",314,"Convolution",0.005421,0.005467383333333335,0.010385,0,0,0,0,120422400,32,30,40,64,30,40,"",7,7,1,1,1,1,"HoldForm[ConvolutionLayer[64, {7, 7}, ""Stride"" -> {1, 1}, ""PaddingSize"" -> {{3, 3}, {3, 3}}, ""Dilation"" -> {1, 1}, ""Input"" -> {32, 30, 40}]]","12neyy6skku8x",2.2214056447149975e10,2.2025600302399372e10,1.1595801636976408e10,"{0.010385, 0.005569, 0.005531, 0.005504, 0.005485, 0.005523, 0.005464, 0.005535, 0.005517, 0.005489, 0.005558, 0.005503, 0.00548, 0.005487, 0.005469, 0.005488, 0.005474, 0.005454, 0.005488, 0.00548, 0.005487, 0.00556, 0.005483, 0.00547, 0.005436, 0.005435, 0.005457, 0.005442, 0.005438, 0.005445, 0.005437, 0.00544, 0.005452, 0.005429, 0.005449, 0.005432, 0.005438, 0.005444, 0.005435, 0.005421, 0.005435, 0.005428, 0.005432, 0.005468, 0.005443, 0.005445, 0.005448, 0.005518, 0.005456, 0.005447, 0.005466, 0.005471, 0.005473, 0.005511, 0.005517, 0.005518, 0.005516, 0.005508, 0.005506, 0.005515, 0.005489, 0.005487, 0.005503, 0.005491, 0.005502, 0.005479, 0.005504, 0.005499, 0.005482, 0.005465, 0.005457, 0.005495, 0.00548, 0.005479, 0.005481, 0.005483, 0.005504, 0.005488, 0.005482, 0.005451, 0.005437, 0.005435, 0.005454, 0.00546, 0.005446, 0.005453, 0.005454, 0.005443, 0.005448, 0.005453, 0.005437, 0.005441, 0.005456, 0.005433, 0.005452, 0.005434, 0.005442, 0.005444, 0.005432, 0.005439}"
