"model_name","layer_name","layer_index","kind","min_time","mean_time","max_time","add_flops","div_flops","cmp_flops","exp_flops","mad_flops","input_channel","input_height","input_width","output_channel","output_height","output_width","function","kernel_1","kernel_2","stride_1","stride_2","dilation_1","dilation_2","input_form","topology_hash","mad/min_time","mad/mean_time","mad/max_time","time"
"ResNet-101 Trained on ImageNet Competition Data","4b13/res4b13_branch2c",218,"Convolution",0.000695,0.0007324333333333335,0.000939,0,0,0,0,51380224,256,14,14,1024,14,14,"",1,1,1,1,1,1,"HoldForm[ConvolutionLayer[1024, {1, 1}, ""Stride"" -> {1, 1}, ""PaddingSize"" -> {{0, 0}, {0, 0}}, ""Dilation"" -> {1, 1}, ""Input"" -> {256, 14, 14}]]","05922ucprscvp",7.392837985611511e10,7.015003504300731e10,5.471802342917998e10,"{0.000939, 0.000701, 0.000698, 0.000695, 0.000733, 0.000766, 0.000738, 0.00073, 0.000729, 0.000729, 0.000769, 0.000734, 0.000725, 0.000724, 0.000725, 0.000756, 0.000734, 0.000726, 0.000729, 0.000726, 0.000729, 0.000757, 0.00074, 0.000733, 0.000739, 0.00073, 0.000754, 0.000737, 0.000731, 0.000729, 0.000729, 0.000727, 0.00075, 0.000734, 0.000733, 0.000732, 0.000733, 0.00076, 0.000734, 0.000732, 0.000731, 0.00073, 0.000754, 0.000735, 0.00073, 0.00073, 0.000732, 0.000729, 0.00075, 0.000734}"
