"model_name","layer_name","layer_index","kind","min_time","mean_time","max_time","add_flops","div_flops","cmp_flops","exp_flops","mad_flops","input_channel","input_height","input_width","output_channel","output_height","output_width","function","kernel_1","kernel_2","stride_1","stride_2","dilation_1","dilation_2","input_form","topology_hash","mad/min_time","mad/mean_time","mad/max_time","time"
"Inception V1 Trained on Places365 Data","inception_3b/5x5",35,"Convolution",0.002161,0.002198633333333333,0.006233,0,0,0,0,60211200,32,28,28,96,28,28,"",5,5,1,1,1,1,"HoldForm[ConvolutionLayer[96, {5, 5}, ""Stride"" -> {1, 1}, ""PaddingSize"" -> {{2, 2}, {2, 2}}, ""Dilation"" -> {1, 1}, ""Input"" -> {32, 28, 28}]]","13aa46zbgkg63",2.786265617769551e10,2.738573962613139e10,9.660067383282528e9,"{0.006233, 0.002221, 0.002213, 0.002172, 0.002194, 0.002167, 0.002183, 0.002205, 0.002161, 0.002183, 0.002184, 0.002202, 0.00217, 0.002189, 0.002167, 0.002195, 0.00217, 0.002226, 0.002185, 0.002167, 0.002193, 0.002162, 0.002185, 0.002163, 0.002201, 0.002168, 0.002191, 0.002164, 0.002189, 0.002199, 0.002178, 0.002199, 0.002167, 0.002198, 0.002178, 0.002203, 0.002172, 0.002199, 0.002204, 0.002175, 0.002195, 0.002169, 0.002183, 0.002186, 0.00221, 0.002172, 0.002207, 0.002178, 0.0022, 0.002195, 0.002167, 0.002227, 0.00222, 0.002235, 0.002202, 0.002232, 0.002195, 0.002223, 0.002221, 0.00219, 0.002215, 0.002208, 0.002209, 0.002191, 0.002236, 0.002205, 0.002236, 0.0022, 0.002195, 0.002203, 0.002202, 0.002206, 0.002191, 0.002229, 0.002196, 0.002234, 0.002199, 0.002187, 0.002225, 0.002199, 0.002214, 0.002201, 0.00223, 0.002202, 0.002233, 0.002194, 0.002217, 0.002216, 0.002199, 0.002214, 0.0022, 0.002229, 0.002195, 0.002233, 0.002197, 0.002214, 0.002223, 0.002197, 0.002216, 0.002196}"
