"model_name","layer_name","layer_index","kind","min_time","mean_time","max_time","add_flops","div_flops","cmp_flops","exp_flops","mad_flops","input_channel","input_height","input_width","output_channel","output_height","output_width","function","kernel_1","kernel_2","stride_1","stride_2","dilation_1","dilation_2","input_form","topology_hash","mad/min_time","mad/mean_time","mad/max_time","time"
"AdaIN-Style Trained on MS-COCO and Painter by Numbers Data","encoder_style/16",46,"Convolution",0.06642,0.06671080000000001,0.100881,0,0,0,0,4831838208,128,130,130,256,128,128,"",3,3,1,1,1,1,"HoldForm[ConvolutionLayer[256, {3, 3}, ""Stride"" -> {1, 1}, ""PaddingSize"" -> {{0, 0}, {0, 0}}, ""Dilation"" -> {1, 1}, ""Input"" -> {128, 130, 130}]]","0oqcrnexc4ymh",7.274673604336043e10,7.2429624708443e10,4.7896414666785614e10,"{0.100881, 0.066922, 0.066939, 0.06688, 0.06672, 0.066501, 0.066448, 0.06658, 0.066538, 0.066535, 0.066633, 0.066661, 0.06663, 0.06661, 0.066454, 0.066601, 0.066721, 0.066788, 0.066868, 0.066681, 0.06642, 0.066786, 0.066609, 0.066652, 0.066686, 0.066889, 0.066709, 0.066488, 0.066554, 0.066461, 0.066477, 0.066955, 0.06681, 0.066837, 0.066889, 0.066775, 0.066853, 0.066703, 0.06672, 0.066898, 0.06673, 0.066789, 0.066874, 0.066496, 0.068775, 0.066791, 0.066574, 0.066664, 0.066715, 0.066954}"
