"model_name","layer_name","layer_index","kind","min_time","mean_time","max_time","add_flops","div_flops","cmp_flops","exp_flops","mad_flops","input_channel","input_height","input_width","output_channel","output_height","output_width","function","kernel_1","kernel_2","stride_1","stride_2","dilation_1","dilation_2","input_form","topology_hash","mad/min_time","mad/mean_time","mad/max_time","time"
"Inception V1 Trained on ImageNet Competition Data","inception_3a/1x1",13,"Convolution",0.00022,0.00022248333333333318,0.003411,0,0,0,0,9633792,192,28,28,64,28,28,"",1,1,1,1,1,1,"HoldForm[ConvolutionLayer[64, {1, 1}, ""Stride"" -> {1, 1}, ""PaddingSize"" -> {{0, 0}, {0, 0}}, ""Dilation"" -> {1, 1}, ""Input"" -> {192, 28, 28}]]","0nghpdlxdatkd",4.378996363636363e10,4.330118510749872e10,2.824330694810906e9,"{0.003411, 0.000241, 0.000229, 0.000265, 0.000228, 0.000225, 0.000238, 0.000223, 0.000224, 0.000223, 0.000223, 0.000223, 0.000223, 0.000221, 0.000223, 0.000222, 0.000222, 0.000222, 0.000223, 0.000221, 0.000248, 0.000226, 0.000221, 0.000222, 0.000222, 0.000224, 0.000224, 0.000224, 0.000224, 0.000221, 0.000222, 0.00022, 0.000222, 0.000222, 0.000221, 0.000221, 0.000222, 0.000223, 0.000244, 0.000226, 0.000223, 0.000223, 0.000223, 0.000222, 0.000222, 0.000222, 0.000222, 0.000222, 0.000221, 0.000221, 0.000222, 0.000222, 0.000222, 0.000222, 0.000221, 0.000222, 0.000237, 0.000224, 0.000223, 0.000221, 0.000221, 0.000222, 0.000222, 0.000223, 0.000222, 0.000223, 0.000222, 0.000221, 0.000222, 0.000221, 0.000221, 0.000224, 0.000223, 0.000243, 0.000226, 0.000222, 0.000223, 0.000222, 0.000222, 0.000221, 0.000223, 0.000221, 0.000222, 0.000224, 0.000222, 0.000221, 0.000222, 0.000222, 0.000223, 0.000222, 0.000222, 0.000249, 0.000226, 0.000224, 0.000222, 0.000222, 0.000223, 0.000221, 0.000222, 0.000221}"
