"model_name","layer_name","layer_index","kind","min_time","mean_time","max_time","add_flops","div_flops","cmp_flops","exp_flops","mad_flops","input_channel","input_height","input_width","output_channel","output_height","output_width","function","kernel_1","kernel_2","stride_1","stride_2","dilation_1","dilation_2","input_form","topology_hash","mad/min_time","mad/mean_time","mad/max_time","time"
"Squeeze-and-Excitation Net Trained on ImageNet Competition Data","4r/conv4_18_1x1_increase",500,"Convolution",0.001494,0.0015168333333333331,0.001765,0,0,0,0,205520896,1024,14,14,1024,14,14,"",1,1,1,1,1,1,"HoldForm[ConvolutionLayer[1024, {1, 1}, ""Stride"" -> {1, 1}, ""PaddingSize"" -> {{0, 0}, {0, 0}}, ""Dilation"" -> {1, 1}, ""Input"" -> {1024, 14, 14}]]","0edty1n2q1qxb",1.37564187416332e11,1.354933936930008e11,1.1644243399433426e11,"{0.001765, 0.001514, 0.001496, 0.001531, 0.001498, 0.001521, 0.001544, 0.001533, 0.001545, 0.001505, 0.001526, 0.00153, 0.001517, 0.001537, 0.001517, 0.001495, 0.001524, 0.001496, 0.001495, 0.001531, 0.001523, 0.001529, 0.001497, 0.001494, 0.001534, 0.001523, 0.001499, 0.001538, 0.001503, 0.001525, 0.001499, 0.001512, 0.001564, 0.00152, 0.001522, 0.001515, 0.001501, 0.001527, 0.001503, 0.001517, 0.001542, 0.001506, 0.001522, 0.001502, 0.0015, 0.001534, 0.001501, 0.001517, 0.00152, 0.001501}"
