"model_name","layer_name","layer_index","kind","min_time","mean_time","max_time","add_flops","div_flops","cmp_flops","exp_flops","mad_flops","input_channel","input_height","input_width","output_channel","output_height","output_width","function","kernel_1","kernel_2","stride_1","stride_2","dilation_1","dilation_2","input_form","topology_hash","mad/min_time","mad/mean_time","mad/max_time","time"
"Very Deep Net for Super-Resolution","conv7",13,"Convolution",0.075655,0.07626593333333333,0.146343,0,0,0,0,2397081600,64,255,255,64,255,255,"",3,3,1,1,1,1,"HoldForm[ConvolutionLayer[64, {3, 3}, ""Stride"" -> {1, 1}, ""PaddingSize"" -> {{1, 1}, {1, 1}}, ""Dilation"" -> {1, 1}, ""Input"" -> {64, 255, 255}]]","0e3kry5ieuqat",3.168437776749719e10,3.143056795126527e10,1.6379885611201082e10,"{0.146343, 0.076442, 0.076494, 0.076392, 0.076434, 0.076269, 0.076403, 0.076341, 0.076435, 0.076337, 0.076454, 0.076399, 0.076481, 0.076525, 0.076291, 0.076636, 0.076551, 0.076465, 0.076474, 0.076512, 0.076548, 0.076725, 0.076744, 0.076691, 0.076567, 0.076407, 0.076468, 0.076504, 0.076401, 0.076527, 0.076142, 0.076032, 0.076122, 0.076095, 0.076068, 0.075857, 0.076333, 0.07585, 0.076075, 0.075834, 0.075866, 0.075846, 0.075982, 0.075823, 0.076123, 0.075758, 0.075983, 0.075986, 0.075967, 0.075665, 0.07617, 0.076253, 0.076423, 0.076215, 0.076187, 0.076302, 0.076072, 0.075927, 0.076165, 0.076056, 0.076247, 0.076444, 0.076349, 0.076212, 0.076283, 0.076145, 0.076214, 0.076431, 0.076032, 0.075874, 0.076042, 0.076043, 0.076239, 0.076425, 0.076477, 0.076645, 0.076451, 0.076105, 0.077252, 0.076381, 0.076429, 0.076287, 0.075969, 0.076077, 0.076065, 0.076377, 0.076587, 0.076382, 0.076316, 0.076089, 0.07584, 0.075664, 0.07649, 0.076362, 0.076322, 0.07616, 0.07584, 0.075655, 0.076167, 0.076141}"
