"model_name","layer_name","layer_index","kind","min_time","mean_time","max_time","add_flops","div_flops","cmp_flops","exp_flops","mad_flops","input_channel","input_height","input_width","output_channel","output_height","output_width","function","kernel_1","kernel_2","stride_1","stride_2","dilation_1","dilation_2","input_form","topology_hash","mad/min_time","mad/mean_time","mad/max_time","time"
"3D Face Alignment Net Trained on 300W Large Pose Data","12/1/2/4/1/1/3",934,"Convolution",0.004467,0.0045084999999999995,0.008884,0,0,0,0,301989888,256,32,32,128,32,32,"",3,3,1,1,1,1,"HoldForm[ConvolutionLayer[128, {3, 3}, ""Stride"" -> {1, 1}, ""PaddingSize"" -> {{1, 1}, {1, 1}}, ""Dilation"" -> {1, 1}, ""Input"" -> {256, 32, 32}]]","08qm1fo4qkpj4",6.7604631296171936e10,6.698234179882445e10,3.3992558307068886e10,"{0.008884, 0.004517, 0.004498, 0.004475, 0.004504, 0.004509, 0.004543, 0.004542, 0.004585, 0.004566, 0.004556, 0.004516, 0.004494, 0.004521, 0.004507, 0.004499, 0.004507, 0.004485, 0.004501, 0.004471, 0.004498, 0.004502, 0.0045, 0.004488, 0.00453, 0.004509, 0.004467, 0.004488, 0.004494, 0.00452, 0.004499, 0.004649, 0.004671, 0.004548, 0.004486, 0.004475, 0.004525, 0.004517, 0.004541, 0.004495, 0.004495, 0.004491, 0.004505, 0.004524, 0.004521, 0.004528, 0.004522, 0.004507, 0.004478, 0.004483}"
