"model_name","layer_name","layer_index","kind","min_time","mean_time","max_time","add_flops","div_flops","cmp_flops","exp_flops","mad_flops","input_channel","input_height","input_width","output_channel","output_height","output_width","function","kernel_1","kernel_2","stride_1","stride_2","dilation_1","dilation_2","input_form","topology_hash","mad/min_time","mad/mean_time","mad/max_time","time"
"CycleGAN Horse-to-Zebra Translation Trained on ImageNet Competition Data","15/1/6",41,"Convolution",0.009099,0.009279033333333334,0.01775,0,0,0,0,603979776,128,66,66,128,64,64,"",3,3,1,1,1,1,"HoldForm[ConvolutionLayer[128, {3, 3}, ""Stride"" -> {1, 1}, ""PaddingSize"" -> {{0, 0}, {0, 0}}, ""Dilation"" -> {1, 1}, ""Input"" -> {128, 66, 66}]]","1sehkke39v8fh",6.637869831849654e10,6.509080787869426e10,3.402702963380282e10,"{0.01775, 0.009305, 0.00932, 0.009304, 0.009227, 0.009283, 0.009236, 0.009236, 0.009373, 0.009333, 0.009248, 0.009358, 0.0094, 0.009391, 0.009337, 0.009459, 0.009407, 0.009488, 0.009355, 0.009424, 0.009348, 0.009255, 0.009381, 0.009259, 0.009281, 0.00924, 0.009185, 0.009151, 0.009146, 0.009219, 0.009266, 0.009239, 0.009302, 0.009168, 0.009126, 0.009169, 0.009203, 0.009156, 0.009281, 0.009192, 0.009099, 0.009144, 0.009199, 0.009237, 0.009277, 0.009231, 0.009321, 0.009437, 0.009335, 0.009336}"
