"model_name","layer_name","layer_index","kind","min_time","mean_time","max_time","add_flops","div_flops","cmp_flops","exp_flops","mad_flops","input_channel","input_height","input_width","output_channel","output_height","output_width","function","kernel_1","kernel_2","stride_1","stride_2","dilation_1","dilation_2","input_form","topology_hash","mad/min_time","mad/mean_time","mad/max_time","time"
"Multi-scale Context Aggregation Net Trained on Cityscapes Data","ctx_conv1_2",39,"Convolution",0.005026,0.005138366666666666,0.010549,0,0,0,0,53231616,19,128,128,19,128,128,"",3,3,1,1,1,1,"HoldForm[ConvolutionLayer[19, {3, 3}, ""Stride"" -> {1, 1}, ""PaddingSize"" -> {{1, 1}, {1, 1}}, ""Dilation"" -> {1, 1}, ""Input"" -> {19, 128, 128}]]","1i838wvm9rju7",1.0591248706725029e10,1.0359637498297125e10,5.046129111764149e9,"{0.010549, 0.005605, 0.005276, 0.005218, 0.005205, 0.005221, 0.00531, 0.005197, 0.005236, 0.005272, 0.005223, 0.005214, 0.005208, 0.005174, 0.005175, 0.005178, 0.005212, 0.005146, 0.00516, 0.005177, 0.005142, 0.005128, 0.005072, 0.005048, 0.005071, 0.005074, 0.005097, 0.005086, 0.005101, 0.005095, 0.005124, 0.005095, 0.005064, 0.005096, 0.005064, 0.005069, 0.005121, 0.005167, 0.005157, 0.005121, 0.00515, 0.005099, 0.005062, 0.005113, 0.005161, 0.005109, 0.005083, 0.005072, 0.005073, 0.005026}"
