"model_name","layer_name","layer_index","kind","min_time","mean_time","max_time","add_flops","div_flops","cmp_flops","exp_flops","mad_flops","input_channel","input_height","input_width","output_channel","output_height","output_width","function","kernel_1","kernel_2","stride_1","stride_2","dilation_1","dilation_2","input_form","topology_hash","mad/min_time","mad/mean_time","mad/max_time","time"
"Single-Image Depth Perception Net Trained on NYU Depth V2 Data","4/1/1/4/1/1/4/1/2/4/1/2/4/4/1",287,"Convolution",0.000101,0.00010301666666666658,0.00412,0,0,0,0,2457600,256,15,20,32,15,20,"",1,1,1,1,1,1,"HoldForm[ConvolutionLayer[32, {1, 1}, ""Stride"" -> {1, 1}, ""PaddingSize"" -> {{0, 0}, {0, 0}}, ""Dilation"" -> {1, 1}, ""Input"" -> {256, 15, 20}]]","1ke4wyo7w890b",2.4332673267326733e10,2.385633392654912e10,5.96504854368932e8,"{0.00412, 0.000124, 0.00011, 0.000106, 0.000104, 0.000117, 0.000108, 0.000103, 0.000102, 0.000103, 0.000104, 0.000103, 0.000103, 0.000104, 0.000102, 0.000103, 0.000136, 0.00012, 0.000105, 0.000104, 0.000103, 0.000104, 0.000104, 0.000104, 0.000103, 0.000104, 0.000103, 0.000103, 0.000103, 0.000103, 0.000103, 0.000102, 0.000103, 0.000102, 0.000102, 0.000103, 0.000102, 0.000102, 0.000108, 0.000107, 0.000105, 0.000107, 0.000107, 0.000103, 0.000102, 0.000103, 0.000102, 0.000102, 0.000103, 0.000103, 0.000105, 0.000103, 0.000102, 0.000102, 0.000115, 0.00011, 0.000103, 0.000102, 0.000103, 0.000103, 0.000103, 0.000103, 0.000103, 0.000103, 0.000103, 0.000102, 0.000103, 0.000102, 0.000103, 0.000103, 0.000103, 0.000102, 0.000102, 0.000103, 0.000101, 0.000103, 0.000102, 0.000103, 0.000103, 0.000102, 0.000103, 0.000102, 0.000102, 0.000102, 0.000103, 0.000103, 0.000102, 0.000103, 0.000103, 0.000102, 0.000101, 0.000101, 0.000116, 0.000112, 0.000105, 0.000102, 0.000103, 0.000102, 0.000104, 0.000104}"
