"model_name","layer_name","layer_index","kind","min_time","mean_time","max_time","add_flops","div_flops","cmp_flops","exp_flops","mad_flops","input_channel","input_height","input_width","output_channel","output_height","output_width","function","kernel_1","kernel_2","stride_1","stride_2","dilation_1","dilation_2","input_form","topology_hash","mad/min_time","mad/mean_time","mad/max_time","time"
"Inception V1 Trained on Extended Salient Object Subitizing Data","inception_5b/5x5",137,"Convolution",0.000326,0.00033270000000000006,0.003499,0,0,0,0,7526400,48,7,7,128,7,7,"",5,5,1,1,1,1,"HoldForm[ConvolutionLayer[128, {5, 5}, ""Stride"" -> {1, 1}, ""PaddingSize"" -> {{2, 2}, {2, 2}}, ""Dilation"" -> {1, 1}, ""Input"" -> {48, 7, 7}]]","10ldxsmv32fgh",2.308711656441718e10,2.2622182146077545e10,2.1510145755930266e9,"{0.003499, 0.000357, 0.000328, 0.000349, 0.000339, 0.000331, 0.000351, 0.000335, 0.000333, 0.00035, 0.000337, 0.000331, 0.000333, 0.000341, 0.00033, 0.000334, 0.000341, 0.000334, 0.000332, 0.000333, 0.00033, 0.000329, 0.000351, 0.000335, 0.000334, 0.000344, 0.000359, 0.000344, 0.000331, 0.00033, 0.00033, 0.00033, 0.000333, 0.00033, 0.000331, 0.000331, 0.00033, 0.000328, 0.000358, 0.000342, 0.000334, 0.000331, 0.000334, 0.000335, 0.000332, 0.00033, 0.000331, 0.000331, 0.000331, 0.000328, 0.000357, 0.000341, 0.00033, 0.000332, 0.00033, 0.000331, 0.000333, 0.000333, 0.00033, 0.000329, 0.000331, 0.000329, 0.000355, 0.000339, 0.000332, 0.000327, 0.000332, 0.00033, 0.00033, 0.000334, 0.000334, 0.00033, 0.000338, 0.000336, 0.000355, 0.000337, 0.000331, 0.000329, 0.000326, 0.000334, 0.000329, 0.00033, 0.000332, 0.000332, 0.000332, 0.00033, 0.000356, 0.000338, 0.000331, 0.000332, 0.000329, 0.000332, 0.000333, 0.00033, 0.000332, 0.000333, 0.000329, 0.000332, 0.000345, 0.000345}"
