"model_name","layer_name","layer_index","kind","min_time","mean_time","max_time","add_flops","div_flops","cmp_flops","exp_flops","mad_flops","input_channel","input_height","input_width","output_channel","output_height","output_width","function","kernel_1","kernel_2","stride_1","stride_2","dilation_1","dilation_2","input_form","topology_hash","mad/min_time","mad/mean_time","mad/max_time","time"
"Wolfram ImageIdentify Net V1","4d/convdouble_3x3_reduce",153,"Convolution",0.000405,0.0004212499999999999,0.005192,0,0,0,0,19066880,608,14,14,160,14,14,"",1,1,1,1,1,1,"HoldForm[ConvolutionLayer[160, {1, 1}, ""Stride"" -> {1, 1}, ""PaddingSize"" -> {{0, 0}, {0, 0}}, ""Dilation"" -> {1, 1}, ""Input"" -> {608, 14, 14}]]","1ql5ecta8p9dx",4.707871604938271e10,4.5262623145400604e10,3.6723574730354395e9,"{0.005192, 0.00047, 0.000478, 0.000444, 0.000437, 0.000433, 0.000435, 0.000432, 0.000436, 0.000464, 0.000441, 0.00046, 0.000443, 0.000454, 0.000444, 0.000438, 0.000437, 0.000452, 0.00044, 0.000437, 0.000454, 0.000437, 0.000435, 0.00043, 0.000433, 0.000429, 0.00043, 0.000431, 0.000431, 0.000462, 0.000449, 0.000436, 0.00044, 0.000439, 0.00044, 0.000436, 0.000436, 0.000436, 0.00047, 0.000426, 0.000415, 0.000414, 0.000408, 0.000409, 0.000408, 0.00041, 0.000408, 0.000408, 0.000438, 0.000417, 0.00041, 0.000406, 0.000407, 0.000407, 0.000407, 0.000405, 0.000411, 0.000437, 0.000416, 0.000409, 0.000406, 0.000408, 0.000407, 0.000407, 0.00041, 0.000412, 0.000408, 0.000435, 0.000415, 0.000412, 0.000408, 0.000406, 0.000407, 0.000406, 0.000406, 0.000406, 0.000406, 0.000416, 0.000415, 0.000408, 0.000407, 0.000431, 0.000408, 0.00041, 0.000407, 0.000406, 0.000439, 0.000415, 0.000426, 0.000408, 0.000408, 0.000407, 0.000406, 0.000411, 0.000415, 0.000408, 0.000441, 0.000413, 0.000406, 0.000407}"
