"model_name","layer_name","layer_index","kind","min_time","mean_time","max_time","add_flops","div_flops","cmp_flops","exp_flops","mad_flops","input_channel","input_height","input_width","output_channel","output_height","output_width","function","kernel_1","kernel_2","stride_1","stride_2","dilation_1","dilation_2","input_form","topology_hash","mad/min_time","mad/mean_time","mad/max_time","time"
"Dilated ResNet-38 Trained on Cityscapes Data","convolution18",59,"Convolution",0.02279,0.02292206666666667,0.03959,0,0,0,0,1207959552,128,64,128,128,64,128,"",3,3,1,1,1,1,"HoldForm[ConvolutionLayer[128, {3, 3}, ""Stride"" -> {1, 1}, ""PaddingSize"" -> {{1, 1}, {1, 1}}, ""Dilation"" -> {1, 1}, ""Input"" -> {128, 64, 128}]]","1fnbq7md20zlw",5.300392944273804e10,5.269854457567816e10,3.0511734074261177e10,"{0.03959, 0.022846, 0.022824, 0.022892, 0.022889, 0.022833, 0.022802, 0.022886, 0.022884, 0.02279, 0.022998, 0.022917, 0.022975, 0.022885, 0.022931, 0.022983, 0.022932, 0.022887, 0.022841, 0.022909, 0.023021, 0.022895, 0.022908, 0.02287, 0.022878, 0.022847, 0.0229, 0.02294, 0.022918, 0.02292, 0.022995, 0.02295, 0.022951, 0.022993, 0.022956, 0.022982, 0.023097, 0.022996, 0.022971, 0.022974, 0.023045, 0.022981, 0.022908, 0.022913, 0.022955, 0.022948, 0.022912, 0.022878, 0.022897, 0.022865}"
