"model_name","layer_name","layer_index","kind","min_time","mean_time","max_time","add_flops","div_flops","cmp_flops","exp_flops","mad_flops","input_channel","input_height","input_width","output_channel","output_height","output_width","function","kernel_1","kernel_2","stride_1","stride_2","dilation_1","dilation_2","input_form","topology_hash","mad/min_time","mad/mean_time","mad/max_time","time"
"Unguided Volumetric Regression Net for 3D Face Reconstruction","9/2/1/1/4/1/1/4/1/2/5/1/1/6",816,"Convolution",0.001304,0.0015222333333333338,0.004524,0,0,0,0,84934656,128,24,24,128,24,24,"",3,3,1,1,1,1,"HoldForm[ConvolutionLayer[128, {3, 3}, ""Stride"" -> {1, 1}, ""PaddingSize"" -> {{1, 1}, {1, 1}}, ""Dilation"" -> {1, 1}, ""Input"" -> {128, 24, 24}]]","0cc9ksdljjj2p",6.513393865030675e10,5.5796082072393616e10,1.877423872679045e10,"{0.004524, 0.002552, 0.002568, 0.002549, 0.002542, 0.002562, 0.00257, 0.002534, 0.002555, 0.002551, 0.002554, 0.002555, 0.002538, 0.002559, 0.002339, 0.001314, 0.001309, 0.00133, 0.001309, 0.001307, 0.001348, 0.001309, 0.001304, 0.001355, 0.001313, 0.001308, 0.001334, 0.001332, 0.001309, 0.001338, 0.001314, 0.001309, 0.001351, 0.001312, 0.00131, 0.00136, 0.001315, 0.001305, 0.00134, 0.001309, 0.001308, 0.001331, 0.001333, 0.001314, 0.001335, 0.001313, 0.00131, 0.001333, 0.001312, 0.001309}"
