"model_name","layer_name","layer_index","kind","min_time","mean_time","max_time","add_flops","div_flops","cmp_flops","exp_flops","mad_flops","input_channel","input_height","input_width","output_channel","output_height","output_width","function","kernel_1","kernel_2","stride_1","stride_2","dilation_1","dilation_2","input_form","topology_hash","mad/min_time","mad/mean_time","mad/max_time","time"
"Ademxapp Model A Trained on ImageNet Competition Data","5b1/res5b1_branch2a",103,"Convolution",0.028138,0.028741733333333328,0.043314,0,0,0,0,1887436800,1024,20,20,512,20,20,"",3,3,1,1,1,1,"HoldForm[ConvolutionLayer[512, {3, 3}, ""Stride"" -> {1, 1}, ""PaddingSize"" -> {{1, 1}, {1, 1}}, ""Dilation"" -> {1, 1}, ""Input"" -> {1024, 20, 20}]]","1n0l8tkb9hzyk",6.70778591228943e10,6.566885782810596e10,4.357567530128827e10,"{0.043314, 0.030326, 0.030323, 0.030279, 0.030112, 0.028486, 0.028327, 0.028905, 0.028481, 0.028551, 0.028691, 0.02853, 0.028659, 0.028611, 0.02868, 0.028695, 0.028805, 0.028675, 0.028665, 0.028416, 0.028885, 0.028726, 0.028826, 0.028643, 0.028615, 0.028602, 0.028784, 0.028411, 0.02873, 0.028851, 0.028883, 0.028614, 0.029036, 0.02896, 0.028995, 0.029221, 0.029218, 0.028631, 0.028387, 0.028562, 0.028633, 0.029011, 0.029088, 0.028975, 0.028973, 0.028783, 0.028817, 0.028961, 0.02835, 0.028461, 0.028396, 0.028718, 0.028489, 0.028989, 0.028349, 0.02859, 0.028629, 0.028407, 0.028509, 0.028138, 0.028419, 0.028488, 0.028386, 0.028587, 0.028542, 0.028713, 0.028649, 0.028693, 0.028607, 0.029115, 0.028981, 0.029191, 0.029256, 0.029439, 0.028939, 0.028997, 0.029228, 0.029139, 0.029263, 0.02881, 0.028831, 0.028892, 0.029041, 0.028906, 0.02884, 0.028915, 0.028533, 0.028247, 0.028324, 0.028424, 0.02855, 0.028733, 0.028426, 0.028721, 0.028946, 0.029122, 0.028689, 0.028424, 0.02859, 0.029024}"
