"model_name","layer_name","layer_index","kind","min_time","mean_time","max_time","add_flops","div_flops","cmp_flops","exp_flops","mad_flops","input_channel","input_height","input_width","output_channel","output_height","output_width","function","kernel_1","kernel_2","stride_1","stride_2","dilation_1","dilation_2","input_form","topology_hash","mad/min_time","mad/mean_time","mad/max_time","time"
"CycleGAN Photo-to-Van Gogh Translation","19/1/6",59,"Convolution",0.016469,0.0181508,0.02512,0,0,0,0,603979776,128,66,66,128,64,64,"",3,3,1,1,1,1,"HoldForm[ConvolutionLayer[128, {3, 3}, ""Stride"" -> {1, 1}, ""PaddingSize"" -> {{0, 0}, {0, 0}}, ""Dilation"" -> {1, 1}, ""Input"" -> {128, 66, 66}]]","1sehkke39v8fh",3.667373708179002e10,3.3275655949049076e10,2.4043780891719746e10,"{0.02512, 0.016591, 0.01664, 0.016528, 0.016666, 0.016536, 0.016469, 0.01649, 0.016565, 0.016592, 0.018145, 0.018318, 0.018244, 0.018147, 0.018231, 0.018105, 0.018227, 0.01817, 0.018225, 0.018123, 0.018133, 0.01829, 0.018138, 0.018139, 0.018175, 0.018145, 0.018189, 0.01809, 0.018036, 0.017867, 0.01808, 0.018047, 0.018067, 0.018154, 0.01821, 0.018143, 0.018047, 0.018291, 0.018088, 0.018145, 0.018032, 0.018136, 0.018113, 0.018189, 0.01814, 0.018111, 0.017996, 0.018005, 0.018089, 0.017994, 0.017991, 0.018092, 0.018198, 0.018258, 0.018282, 0.018238, 0.018248, 0.01821, 0.018051, 0.018041, 0.018183, 0.018171, 0.01821, 0.018175, 0.018158, 0.018171, 0.018161, 0.018286, 0.018278, 0.018312, 0.018197, 0.018074, 0.018142, 0.01826, 0.01824, 0.018127, 0.018177, 0.018152, 0.018126, 0.01815, 0.018152, 0.018194, 0.018114, 0.018234, 0.018181, 0.018143, 0.018049, 0.018217, 0.018202, 0.018172, 0.018119, 0.018156, 0.018288, 0.018246, 0.018208, 0.018127, 0.018128, 0.01823, 0.018363, 0.018194}"
