"model_name","layer_name","layer_index","kind","min_time","mean_time","max_time","add_flops","div_flops","cmp_flops","exp_flops","mad_flops","input_channel","input_height","input_width","output_channel","output_height","output_width","function","kernel_1","kernel_2","stride_1","stride_2","dilation_1","dilation_2","input_form","topology_hash","mad/min_time","mad/mean_time","mad/max_time","time"
"2D Face Alignment Net Trained on 300W Large Pose Data","11/6/1/1/4/2/1/3",29,"Convolution",0.005694,0.006497916666666667,0.011488,0,0,0,0,75497472,64,64,64,32,64,64,"",3,3,1,1,1,1,"HoldForm[ConvolutionLayer[32, {3, 3}, ""Stride"" -> {1, 1}, ""PaddingSize"" -> {{1, 1}, {1, 1}}, ""Dilation"" -> {1, 1}, ""Input"" -> {64, 64, 64}]]","1gx1qchwn6loa",1.3259127502634352e10,1.161871964091055e10,6.571855153203343e9,"{0.011488, 0.005732, 0.005788, 0.005704, 0.005779, 0.005723, 0.005694, 0.005847, 0.005838, 0.005799, 0.006526, 0.006553, 0.006598, 0.006641, 0.00656, 0.00654, 0.00657, 0.006587, 0.006636, 0.00665, 0.006506, 0.006574, 0.006569, 0.006588, 0.006648, 0.006462, 0.006491, 0.006484, 0.006548, 0.006523, 0.006527, 0.006552, 0.006495, 0.006419, 0.006493, 0.006575, 0.006462, 0.006536, 0.0065, 0.006573, 0.006502, 0.006467, 0.006557, 0.006599, 0.00658, 0.00643, 0.006573, 0.00647, 0.006455, 0.006483, 0.006569, 0.006509, 0.006543, 0.006635, 0.006473, 0.00668, 0.006435, 0.006572, 0.006489, 0.006507, 0.006546, 0.006554, 0.006514, 0.006519, 0.006528, 0.006583, 0.00657, 0.006531, 0.006499, 0.006452, 0.006344, 0.006356, 0.006468, 0.006395, 0.006466, 0.006464, 0.006463, 0.00645, 0.006456, 0.006382, 0.006387, 0.006437, 0.006405, 0.006424, 0.006376, 0.006388, 0.006418, 0.006414, 0.006477, 0.006387, 0.006405, 0.006473, 0.006432, 0.00643, 0.006404, 0.00654, 0.00662, 0.006636, 0.006667, 0.006616}"
