"model_name","layer_name","layer_index","kind","min_time","mean_time","max_time","add_flops","div_flops","cmp_flops","exp_flops","mad_flops","input_channel","input_height","input_width","output_channel","output_height","output_width","function","kernel_1","kernel_2","stride_1","stride_2","dilation_1","dilation_2","input_form","topology_hash","mad/min_time","mad/mean_time","mad/max_time","time"
"Single-Image Depth Perception Net Trained on Depth in the Wild Data","4/1/1/2/3/4",17,"Convolution",0.018234,0.018372133333333332,0.044799,0,0,0,0,491520000,32,120,160,32,120,160,"",5,5,1,1,1,1,"HoldForm[ConvolutionLayer[32, {5, 5}, ""Stride"" -> {1, 1}, ""PaddingSize"" -> {{2, 2}, {2, 2}}, ""Dilation"" -> {1, 1}, ""Input"" -> {32, 120, 160}]]","0r98uxule58jx",2.6956235603817043e10,2.6753561553367058e10,1.0971673474854351e10,"{0.044799, 0.018396, 0.018368, 0.01829, 0.018256, 0.03652, 0.020093, 0.018365, 0.018442, 0.018283, 0.01839, 0.01843, 0.018323, 0.018372, 0.018322, 0.018339, 0.018354, 0.018449, 0.018288, 0.018351, 0.018336, 0.01836, 0.018234, 0.018355, 0.018244, 0.018315, 0.018312, 0.018389, 0.018371, 0.018284, 0.018319, 0.01838, 0.018382, 0.018367, 0.018335, 0.01841, 0.018401, 0.01839, 0.018365, 0.018407, 0.018421, 0.018554, 0.018665, 0.018453, 0.018364, 0.018408, 0.018407, 0.018381, 0.018436, 0.018355}"
