"model_name","layer_name","layer_index","kind","min_time","mean_time","max_time","add_flops","div_flops","cmp_flops","exp_flops","mad_flops","input_channel","input_height","input_width","output_channel","output_height","output_width","function","kernel_1","kernel_2","stride_1","stride_2","dilation_1","dilation_2","input_form","topology_hash","mad/min_time","mad/mean_time","mad/max_time","time"
"3D Face Alignment Net Trained on 300W Large Pose Data","12/1/2/3/1/2/3/1/1/1/1/1/4/2/1/3",810,"Convolution",0.000603,0.0006083999999999998,0.004453,0,0,0,0,18874368,128,16,16,64,16,16,"",3,3,1,1,1,1,"HoldForm[ConvolutionLayer[64, {3, 3}, ""Stride"" -> {1, 1}, ""PaddingSize"" -> {{1, 1}, {1, 1}}, ""Dilation"" -> {1, 1}, ""Input"" -> {128, 16, 16}]]","02rpbnlh0jd82",3.1300776119402985e10,3.1022958579881664e10,4.2385735459240956e9,"{0.004453, 0.000635, 0.00062, 0.000614, 0.000649, 0.000615, 0.000607, 0.000606, 0.000605, 0.000605, 0.000605, 0.000671, 0.00061, 0.000608, 0.000605, 0.000606, 0.000608, 0.000633, 0.000609, 0.000606, 0.000604, 0.000604, 0.000609, 0.000603, 0.000645, 0.000613, 0.000605, 0.000605, 0.000605, 0.000603, 0.000625, 0.000608, 0.000606, 0.000633, 0.000609, 0.00061, 0.000609, 0.000646, 0.000606, 0.000604, 0.000604, 0.000603, 0.000604, 0.000641, 0.00061, 0.000606, 0.000614, 0.000605, 0.000605, 0.000608, 0.000697, 0.000611, 0.000609, 0.000605, 0.000606, 0.000605, 0.000635, 0.000611, 0.000607, 0.000608, 0.000607, 0.000605, 0.000609, 0.000626, 0.000613, 0.000606, 0.00064, 0.000609, 0.000607, 0.000631, 0.000619, 0.000608, 0.000605, 0.000606, 0.000605, 0.000606, 0.00063, 0.000614, 0.00061, 0.000609, 0.000604, 0.000605, 0.000637, 0.000611, 0.000606, 0.000605, 0.000604, 0.000605, 0.000605, 0.000626, 0.000608, 0.000606, 0.000606, 0.000604, 0.000604, 0.00063, 0.000607, 0.00061, 0.000608, 0.000632}"
