"model_name","layer_name","layer_index","kind","min_time","mean_time","max_time","add_flops","div_flops","cmp_flops","exp_flops","mad_flops","input_channel","input_height","input_width","output_channel","output_height","output_width","function","kernel_1","kernel_2","stride_1","stride_2","dilation_1","dilation_2","input_form","topology_hash","mad/min_time","mad/mean_time","mad/max_time","time"
"SSD-VGG-512 Trained on MS-COCO Data","1/1/blockNet10/conv10b/1",52,"Convolution",0.000174,0.00017633333333333335,0.000312,0,0,0,0,4718592,128,8,8,256,4,4,"",3,3,2,2,1,1,"HoldForm[ConvolutionLayer[256, {3, 3}, ""Stride"" -> {2, 2}, ""PaddingSize"" -> {{1, 1}, {1, 1}}, ""Dilation"" -> {1, 1}, ""Input"" -> {128, 8, 8}]]","0ls165o5k040g",2.711834482758621e10,2.675950094517958e10,1.5123692307692307e10,"{0.000312, 0.000181, 0.000178, 0.000176, 0.000177, 0.000176, 0.000176, 0.000176, 0.000176, 0.000176, 0.000209, 0.000186, 0.000178, 0.000177, 0.000176, 0.000176, 0.000176, 0.000177, 0.000175, 0.000175, 0.000175, 0.000174, 0.000177, 0.000175, 0.000176, 0.000174, 0.000175, 0.000176, 0.000176, 0.000177, 0.000176, 0.000202, 0.000218, 0.000188, 0.000179, 0.000177, 0.000177, 0.000175, 0.000176, 0.000176, 0.000176, 0.000176, 0.000176, 0.000178, 0.000176, 0.000177, 0.000175, 0.000175, 0.000176, 0.000176}"
