"model_name","layer_name","layer_index","kind","min_time","mean_time","max_time","add_flops","div_flops","cmp_flops","exp_flops","mad_flops","input_channel","input_height","input_width","output_channel","output_height","output_width","function","kernel_1","kernel_2","stride_1","stride_2","dilation_1","dilation_2","input_form","topology_hash","mad/min_time","mad/mean_time","mad/max_time","time"
"SSD-VGG-300 Trained on PASCAL VOC Data","1/1/blockNet4/conv3a/1",11,"Convolution",0.032465,0.034892633333333326,0.044858,0,0,0,0,1658880000,128,75,75,256,75,75,"",3,3,1,1,1,1,"HoldForm[ConvolutionLayer[256, {3, 3}, ""Stride"" -> {1, 1}, ""PaddingSize"" -> {{1, 1}, {1, 1}}, ""Dilation"" -> {1, 1}, ""Input"" -> {128, 75, 75}]]","0yx7y6aqhcgxd",5.1097489604189125e10,4.7542413441614716e10,3.698069463640822e10,"{0.044858, 0.035096, 0.035007, 0.034971, 0.035106, 0.034782, 0.034847, 0.034764, 0.034946, 0.034546, 0.032648, 0.032632, 0.032585, 0.032505, 0.032465, 0.032672, 0.034567, 0.03474, 0.034746, 0.034734, 0.034677, 0.034625, 0.034674, 0.034853, 0.034932, 0.034796, 0.034754, 0.034693, 0.034749, 0.034837, 0.034748, 0.034779, 0.034803, 0.034724, 0.034826, 0.034799, 0.03477, 0.034785, 0.03486, 0.034946, 0.035023, 0.035103, 0.035111, 0.034904, 0.0349, 0.034855, 0.035075, 0.03515, 0.034948, 0.034878, 0.034897, 0.034927, 0.03491, 0.034889, 0.034867, 0.034989, 0.03503, 0.034941, 0.03518, 0.035087, 0.035286, 0.035071, 0.035056, 0.034996, 0.035081, 0.035156, 0.034962, 0.035019, 0.034942, 0.034986, 0.03475, 0.032777, 0.032774, 0.032805, 0.032827, 0.032778, 0.033035, 0.035041, 0.034881, 0.034974, 0.035033, 0.034918, 0.034903, 0.034914, 0.034926, 0.034877, 0.034877, 0.035129, 0.034932, 0.034958, 0.034955, 0.034965, 0.034996, 0.034985, 0.034865, 0.035087, 0.035125, 0.035053, 0.035026, 0.034953}"
