"model_name","layer_name","layer_index","kind","min_time","mean_time","max_time","add_flops","div_flops","cmp_flops","exp_flops","mad_flops","input_channel","input_height","input_width","output_channel","output_height","output_width","function","kernel_1","kernel_2","stride_1","stride_2","dilation_1","dilation_2","input_form","topology_hash","mad/min_time","mad/mean_time","mad/max_time","time"
"3D Face Alignment Net Trained on 300W Large Pose Data","13/1/2/3/1/2/3/1/1/1/1/1/4/2/1/3",581,"Convolution",0.000903,0.0009224166666666672,0.004572,0,0,0,0,18874368,128,16,16,64,16,16,"",3,3,1,1,1,1,"HoldForm[ConvolutionLayer[64, {3, 3}, ""Stride"" -> {1, 1}, ""PaddingSize"" -> {{1, 1}, {1, 1}}, ""Dilation"" -> {1, 1}, ""Input"" -> {128, 16, 16}]]","02rpbnlh0jd82",2.090184717607973e10,2.046186791941457e10,4.1282519685039372e9,"{0.004572, 0.000943, 0.000913, 0.000908, 0.000947, 0.000913, 0.000908, 0.000905, 0.000951, 0.000913, 0.000903, 0.000904, 0.000952, 0.000932, 0.000921, 0.000913, 0.000909, 0.000923, 0.000919, 0.000917, 0.000909, 0.000967, 0.000926, 0.00091, 0.000917, 0.000958, 0.000916, 0.000914, 0.000906, 0.000908, 0.000922, 0.000918, 0.000909, 0.000905, 0.000975, 0.000934, 0.000911, 0.000908, 0.000944, 0.000922, 0.000925, 0.000909, 0.000967, 0.00092, 0.000913, 0.000939, 0.000928, 0.00096, 0.000918, 0.000908, 0.000909, 0.000962, 0.000923, 0.000913, 0.000906, 0.000958, 0.000915, 0.000919, 0.000917, 0.000917, 0.000942, 0.000917, 0.000913, 0.000915, 0.000947, 0.000915, 0.000919, 0.000916, 0.000956, 0.000919, 0.000914, 0.000906, 0.000907, 0.000951, 0.000926, 0.000908, 0.00091, 0.000955, 0.000921, 0.000918, 0.000912, 0.000947, 0.000913, 0.000914, 0.000906, 0.000904, 0.000938, 0.000916, 0.000914, 0.000919, 0.000965, 0.000948, 0.000944, 0.000946, 0.000972, 0.000946, 0.000952, 0.000947, 0.000973, 0.000948}"
