"model_name","layer_name","layer_index","kind","min_time","mean_time","max_time","add_flops","div_flops","cmp_flops","exp_flops","mad_flops","input_channel","input_height","input_width","output_channel","output_height","output_width","function","kernel_1","kernel_2","stride_1","stride_2","dilation_1","dilation_2","input_form","topology_hash","mad/min_time","mad/mean_time","mad/max_time","time"
"Wolfram AudioIdentify V1 Trained on AudioSet Data","1/Net/4_1/conv4_1_expand",36,"Convolution",0.000096,0.00009840000000000005,0.003478,0,0,0,0,921600,40,12,8,240,12,8,"",1,1,1,1,1,1,"HoldForm[ConvolutionLayer[240, {1, 1}, ""Stride"" -> {1, 1}, ""PaddingSize"" -> {{0, 0}, {0, 0}}, ""Dilation"" -> {1, 1}, ""Input"" -> {40, 12, 8}]]","0ct53ftcq4o3z",9.6e9,9.365853658536581e9,2.6497987349051178e8,"{0.003478, 0.000125, 0.000104, 0.000102, 0.000099, 0.0001, 0.000135, 0.000107, 0.000098, 0.000099, 0.000098, 0.000098, 0.000098, 0.000099, 0.000098, 0.000098, 0.0001, 0.000098, 0.000098, 0.0001, 0.000098, 0.000098, 0.000098, 0.000098, 0.000098, 0.000098, 0.000102, 0.000098, 0.000099, 0.000097, 0.000097, 0.000098, 0.000103, 0.00011, 0.000102, 0.000099, 0.000098, 0.000099, 0.000098, 0.000097, 0.000097, 0.000098, 0.000098, 0.000099, 0.000098, 0.000134, 0.000108, 0.000099, 0.000098, 0.000099, 0.000099, 0.000097, 0.000096, 0.000097, 0.000097, 0.000098, 0.000098, 0.000099, 0.000096, 0.000098, 0.000097, 0.000097, 0.000098, 0.000097, 0.000123, 0.000105, 0.000099, 0.000098, 0.000098, 0.0001, 0.000097, 0.0001, 0.000098, 0.000098, 0.000098, 0.000098, 0.000099, 0.000098, 0.000099, 0.000099, 0.000098, 0.000097, 0.000097, 0.0001, 0.000111, 0.000106, 0.000099, 0.000098, 0.000098, 0.000099, 0.000098, 0.000097, 0.000099, 0.000098, 0.000098, 0.000097, 0.000098, 0.000098, 0.000097, 0.0001}"
