"model_name","layer_name","layer_index","kind","min_time","mean_time","max_time","add_flops","div_flops","cmp_flops","exp_flops","mad_flops","input_channel","input_height","input_width","output_channel","output_height","output_width","function","kernel_1","kernel_2","stride_1","stride_2","dilation_1","dilation_2","input_form","topology_hash","mad/min_time","mad/mean_time","mad/max_time","time"
"Unguided Volumetric Regression Net for 3D Face Reconstruction","8/2/1/1/1/1/1/3",41,"Convolution",0.001159,0.0011779999999999996,0.004842,0,0,0,0,75497472,256,48,48,128,48,48,"",1,1,1,1,1,1,"HoldForm[ConvolutionLayer[128, {1, 1}, ""Stride"" -> {1, 1}, ""PaddingSize"" -> {{0, 0}, {0, 0}}, ""Dilation"" -> {1, 1}, ""Input"" -> {256, 48, 48}]]","0qhidgmvlgzgt",6.514018291630715e10,6.4089534804753845e10,1.5592208178438663e10,"{0.004842, 0.001199, 0.001221, 0.001179, 0.001173, 0.001176, 0.001189, 0.001179, 0.00117, 0.001196, 0.001179, 0.00117, 0.001167, 0.001178, 0.001173, 0.001175, 0.001178, 0.001217, 0.001221, 0.001208, 0.001196, 0.001184, 0.00119, 0.001192, 0.001199, 0.001183, 0.0012, 0.001184, 0.001175, 0.001181, 0.001176, 0.001174, 0.001178, 0.00119, 0.001192, 0.001167, 0.001198, 0.001177, 0.001172, 0.001199, 0.001176, 0.001168, 0.001159, 0.001185, 0.00118, 0.00117, 0.001189, 0.001177, 0.001164, 0.001172, 0.001176, 0.001166, 0.001173, 0.001198, 0.001173, 0.00118, 0.0012, 0.001173, 0.001162, 0.001164, 0.001195, 0.00118, 0.001172, 0.00119, 0.001171, 0.00117, 0.001166, 0.001184, 0.001162, 0.001184, 0.001195, 0.001176, 0.001174, 0.001185, 0.001172, 0.001164, 0.00117, 0.001209, 0.001175, 0.00117, 0.001183, 0.001174, 0.001169, 0.001169, 0.001176, 0.001168, 0.001174, 0.001182, 0.001166, 0.001166, 0.001188, 0.001174, 0.001174, 0.001163, 0.001193, 0.001176, 0.00117, 0.001178, 0.001184, 0.001177}"
