"model_name","layer_name","layer_index","kind","min_time","mean_time","max_time","add_flops","div_flops","cmp_flops","exp_flops","mad_flops","input_channel","input_height","input_width","output_channel","output_height","output_width","function","kernel_1","kernel_2","stride_1","stride_2","dilation_1","dilation_2","input_form","topology_hash","mad/min_time","mad/mean_time","mad/max_time","time"
"OpenFace Face Recognition Net Trained on CASIA-WebFace and FaceScrub Data","17/1/1",82,"Convolution",0.000113,0.00011466666666666668,0.000165,0,0,0,0,2211840,640,6,6,96,6,6,"",1,1,1,1,1,1,"HoldForm[ConvolutionLayer[96, {1, 1}, ""Stride"" -> {1, 1}, ""PaddingSize"" -> {{0, 0}, {0, 0}}, ""Dilation"" -> {1, 1}, ""Input"" -> {640, 6, 6}]]","1mekiilnizorz",1.9573805309734512e10,1.928930232558139e10,1.340509090909091e10,"{0.000165, 0.000121, 0.000117, 0.000116, 0.000116, 0.000116, 0.000118, 0.000117, 0.000115, 0.000115, 0.000114, 0.000115, 0.000114, 0.000115, 0.000115, 0.000114, 0.000115, 0.000114, 0.000114, 0.000114, 0.000114, 0.000114, 0.000115, 0.000114, 0.000114, 0.000114, 0.000114, 0.000115, 0.000113, 0.000114, 0.000115, 0.000114, 0.000115, 0.000115, 0.000115, 0.000115, 0.000115, 0.000114, 0.000114, 0.000139, 0.000122, 0.000116, 0.000114, 0.000114, 0.000115, 0.000114, 0.000115, 0.000115, 0.000113, 0.000115}"
