"model_name","layer_name","layer_index","kind","min_time","mean_time","max_time","add_flops","div_flops","cmp_flops","exp_flops","mad_flops","input_channel","input_height","input_width","output_channel","output_height","output_width","function","kernel_1","kernel_2","stride_1","stride_2","dilation_1","dilation_2","input_form","topology_hash","mad/min_time","mad/mean_time","mad/max_time","time"
"Dilated ResNet-105 Trained on Cityscapes Data","convolution97",319,"Convolution",0.29184,0.29400045,0.364288,0,0,0,0,173946175488,512,64,128,512,64,128,"",3,3,1,1,4,4,"HoldForm[ConvolutionLayer[512, {3, 3}, ""Stride"" -> {1, 1}, ""PaddingSize"" -> {{4, 4}, {4, 4}}, ""Dilation"" -> {4, 4}, ""Input"" -> {512, 64, 128}]]","171a575g6r6yq",5.960326736842106e11,5.916527525315012e11,4.77496309205903e11,"{0.364288, 0.293299, 0.293473, 0.295033, 0.29391, 0.294173, 0.294291, 0.293709, 0.294148, 0.294932, 0.295591, 0.295772, 0.295907, 0.296038, 0.296167, 0.294319, 0.293039, 0.294535, 0.293948, 0.294539, 0.295064, 0.29329, 0.293194, 0.293551, 0.293284, 0.293871, 0.294198, 0.294154, 0.293113, 0.293968, 0.295979, 0.295809, 0.294358, 0.295248, 0.295995, 0.294112, 0.294117, 0.293434, 0.29184, 0.292945, 0.292718, 0.292404, 0.29329, 0.294464, 0.294456, 0.295554, 0.295778, 0.296131, 0.296518, 0.296031, 0.29567, 0.295768, 0.295922, 0.296609, 0.296206, 0.296592, 0.295352, 0.294236, 0.292582, 0.292515, 0.292924, 0.292419, 0.293529, 0.292625, 0.292119, 0.292638, 0.293148, 0.292909, 0.294275, 0.292068, 0.292766, 0.293008, 0.292545, 0.293121, 0.29264, 0.292908, 0.292685, 0.293058, 0.2932, 0.294371, 0.293968, 0.294959, 0.294411, 0.294432, 0.294523, 0.293916, 0.293201, 0.293483, 0.292805, 0.293075, 0.292581, 0.295101, 0.295435, 0.294831, 0.294686, 0.29361, 0.292724, 0.293161, 0.292738, 0.295729}"
