"model_name","layer_name","layer_index","kind","min_time","mean_time","max_time","add_flops","div_flops","cmp_flops","exp_flops","mad_flops","input_channel","input_height","input_width","output_channel","output_height","output_width","function","kernel_1","kernel_2","stride_1","stride_2","dilation_1","dilation_2","input_form","topology_hash","mad/min_time","mad/mean_time","mad/max_time","time"
"Single-Image Depth Perception Net Trained on Depth in the Wild Data","4/1/1/4/1/1/5/3/1",351,"Convolution",0.000799,0.0008199333333333336,0.005367,0,0,0,0,39321600,256,60,80,32,60,80,"",1,1,1,1,1,1,"HoldForm[ConvolutionLayer[32, {1, 1}, ""Stride"" -> {1, 1}, ""PaddingSize"" -> {{0, 0}, {0, 0}}, ""Dilation"" -> {1, 1}, ""Input"" -> {256, 60, 80}]]","1kammgq0p8z6r",4.9213516896120155e10,4.795706968046181e10,7.32655114589156e9,"{0.005367, 0.000915, 0.000815, 0.000803, 0.000858, 0.00084, 0.000799, 0.000815, 0.000808, 0.000873, 0.000818, 0.000835, 0.00082, 0.000824, 0.000855, 0.000818, 0.000816, 0.000816, 0.000803, 0.000836, 0.000811, 0.000829, 0.000826, 0.00081, 0.000815, 0.000827, 0.000813, 0.000817, 0.000808, 0.000821, 0.000808, 0.000819, 0.000809, 0.000833, 0.000852, 0.000823, 0.000819, 0.000814, 0.000863, 0.000815, 0.000812, 0.000811, 0.00081, 0.000865, 0.000815, 0.000822, 0.000837, 0.000809, 0.000856, 0.000817, 0.000819, 0.000814, 0.000811, 0.000831, 0.000829, 0.000809, 0.000816, 0.000851, 0.000813, 0.000811, 0.00084, 0.000824, 0.000867, 0.000827, 0.000871, 0.000815, 0.000807, 0.000844, 0.00081, 0.000806, 0.000814, 0.000822, 0.000841, 0.000814, 0.000817, 0.000815, 0.000827, 0.000836, 0.000817, 0.000818, 0.000819, 0.00082, 0.00081, 0.000813, 0.000818, 0.000819, 0.000842, 0.000815, 0.000825, 0.000814, 0.000844, 0.000838, 0.000808, 0.000817, 0.000839, 0.000822, 0.000824, 0.000811, 0.000811, 0.000813}"
