"model_name","layer_name","layer_index","kind","min_time","mean_time","max_time","add_flops","div_flops","cmp_flops","exp_flops","mad_flops","input_channel","input_height","input_width","output_channel","output_height","output_width","function","kernel_1","kernel_2","stride_1","stride_2","dilation_1","dilation_2","input_form","topology_hash","mad/min_time","mad/mean_time","mad/max_time","time"
"Dilated ResNet-22 Trained on Cityscapes Data","convolution18",58,"Convolution",0.094853,0.09524793333333334,0.13003,0,0,0,0,86973087744,256,64,128,512,64,128,"",3,3,1,1,4,4,"HoldForm[ConvolutionLayer[512, {3, 3}, ""Stride"" -> {1, 1}, ""PaddingSize"" -> {{4, 4}, {4, 4}}, ""Dilation"" -> {4, 4}, ""Input"" -> {256, 64, 128}]]","0v5eqyogp03o8",9.169250075801503e11,9.131230956962145e11,6.688693974005999e11,"{0.13003, 0.095208, 0.095644, 0.096234, 0.095388, 0.095182, 0.095219, 0.095013, 0.095207, 0.095187, 0.095444, 0.094907, 0.095059, 0.095189, 0.09586, 0.095819, 0.095225, 0.095288, 0.095558, 0.095137, 0.09505, 0.095168, 0.095024, 0.095088, 0.095177, 0.094976, 0.095566, 0.095893, 0.09534, 0.095253, 0.095351, 0.09515, 0.095037, 0.094853, 0.094981, 0.09503, 0.095087, 0.09515, 0.098257, 0.095552, 0.095661, 0.095242, 0.095241, 0.095952, 0.095192, 0.095438, 0.09516, 0.095408, 0.095064, 0.095145}"
