"model_name","layer_name","layer_index","kind","min_time","mean_time","max_time","add_flops","div_flops","cmp_flops","exp_flops","mad_flops","input_channel","input_height","input_width","output_channel","output_height","output_width","function","kernel_1","kernel_2","stride_1","stride_2","dilation_1","dilation_2","input_form","topology_hash","mad/min_time","mad/mean_time","mad/max_time","time"
"CycleGAN Zebra-to-Horse Translation Trained on ImageNet Competition Data","19/1/2",69,"Convolution",0.009048,0.00926206666666667,0.017915,0,0,0,0,603979776,128,66,66,128,64,64,"",3,3,1,1,1,1,"HoldForm[ConvolutionLayer[128, {3, 3}, ""Stride"" -> {1, 1}, ""PaddingSize"" -> {{0, 0}, {0, 0}}, ""Dilation"" -> {1, 1}, ""Input"" -> {128, 66, 66}]]","1sehkke39v8fh",6.675284880636604e10,6.521004412262201e10,3.371363527770025e10,"{0.017915, 0.009458, 0.009363, 0.009337, 0.009405, 0.009422, 0.009316, 0.009319, 0.009354, 0.009107, 0.009161, 0.009194, 0.009185, 0.009087, 0.009151, 0.00905, 0.009065, 0.00912, 0.009145, 0.009048, 0.009209, 0.009316, 0.009051, 0.009101, 0.009222, 0.009129, 0.009213, 0.009254, 0.009194, 0.009183, 0.009165, 0.009174, 0.009214, 0.009333, 0.009475, 0.009512, 0.009357, 0.009599, 0.009537, 0.009419, 0.009416, 0.009427, 0.009367, 0.009371, 0.009202, 0.00919, 0.009238, 0.00928, 0.009373, 0.009222}"
