"model_name","layer_name","layer_index","kind","min_time","mean_time","max_time","add_flops","div_flops","cmp_flops","exp_flops","mad_flops","input_channel","input_height","input_width","output_channel","output_height","output_width","function","kernel_1","kernel_2","stride_1","stride_2","dilation_1","dilation_2","input_form","topology_hash","mad/min_time","mad/mean_time","mad/max_time","time"
"ResNet-101 Trained on YFCC100m Geotagged Data","stage3_unit15/conv2",224,"Convolution",0.001324,0.0013479333333333335,0.002361,0,0,0,0,115605504,256,14,14,256,14,14,"",3,3,1,1,1,1,"HoldForm[ConvolutionLayer[256, {3, 3}, ""Stride"" -> {1, 1}, ""PaddingSize"" -> {{1, 1}, {1, 1}}, ""Dilation"" -> {1, 1}, ""Input"" -> {256, 14, 14}]]","0gg7sts7v315o",8.731533534743202e10,8.576500123646074e10,4.896463532401525e10,"{0.002361, 0.0014, 0.001361, 0.001393, 0.001333, 0.001344, 0.00137, 0.001344, 0.001358, 0.001364, 0.001326, 0.001324, 0.001363, 0.001325, 0.001327, 0.001357, 0.001369, 0.001327, 0.001357, 0.001345, 0.001343, 0.001365, 0.001332, 0.001358, 0.00137, 0.00133, 0.001329, 0.001391, 0.001332, 0.001328, 0.00136, 0.00136, 0.001327, 0.001361, 0.001329, 0.001347, 0.001363, 0.001327, 0.001357, 0.001367, 0.001329, 0.001326, 0.001359, 0.001332, 0.00135, 0.001364, 0.001354, 0.001329, 0.001358, 0.001329}"
