"model_name","layer_name","layer_index","kind","min_time","mean_time","max_time","add_flops","div_flops","cmp_flops","exp_flops","mad_flops","input_channel","input_height","input_width","output_channel","output_height","output_width","function","kernel_1","kernel_2","stride_1","stride_2","dilation_1","dilation_2","input_form","topology_hash","mad/min_time","mad/mean_time","mad/max_time","time"
"YOLO V2 Trained on MS-COCO Data","Conv/conv1024/6",59,"Convolution",0.001337,0.0013489666666666666,0.00495,0,0,0,0,88604672,1024,13,13,512,13,13,"",1,1,1,1,1,1,"HoldForm[ConvolutionLayer[512, {1, 1}, ""Stride"" -> {1, 1}, ""PaddingSize"" -> {{0, 0}, {0, 0}}, ""Dilation"" -> {1, 1}, ""Input"" -> {1024, 13, 13}]]","0n69h756voetn",6.627125804038893e10,6.568336652746547e10,1.7899933737373734e10,"{0.00495, 0.00144, 0.001369, 0.001341, 0.001366, 0.001345, 0.001337, 0.001364, 0.001352, 0.001345, 0.001361, 0.001346, 0.00134, 0.001357, 0.001346, 0.001343, 0.001363, 0.001348, 0.001344, 0.001367, 0.001345, 0.001341, 0.001366, 0.001348, 0.001344, 0.00136, 0.001349, 0.001339, 0.00136, 0.001344, 0.001342, 0.001359, 0.001346, 0.001343, 0.001362, 0.001349, 0.001341, 0.001357, 0.001346, 0.001342, 0.001358, 0.001339, 0.001357, 0.001363, 0.001356, 0.001347, 0.00136, 0.001347, 0.001342, 0.001346, 0.001343, 0.001341, 0.001354, 0.001344, 0.001364, 0.001345, 0.001346, 0.00137, 0.001344, 0.001338, 0.001367, 0.001347, 0.001343, 0.001362, 0.001342, 0.001338, 0.001358, 0.001344, 0.001343, 0.001436, 0.001349, 0.001343, 0.001366, 0.001346, 0.001339, 0.001362, 0.001345, 0.001343, 0.001359, 0.001341, 0.001341, 0.001361, 0.001347, 0.001345, 0.001359, 0.001349, 0.001342, 0.001356, 0.001342, 0.001338, 0.001354, 0.001343, 0.001343, 0.001385, 0.001347, 0.001339, 0.001361, 0.001348, 0.001344, 0.001357}"
