"model_name","layer_name","layer_index","kind","min_time","mean_time","max_time","add_flops","div_flops","cmp_flops","exp_flops","mad_flops","input_channel","input_height","input_width","output_channel","output_height","output_width","function","kernel_1","kernel_2","stride_1","stride_2","dilation_1","dilation_2","input_form","topology_hash","mad/min_time","mad/mean_time","mad/max_time","time"
"3D Face Alignment Net Trained on 300W Large Pose Data","16/1/1/4/2/2/2/3",959,"Convolution",0.007544,0.007600766666666665,0.022474,0,0,0,0,150994944,64,64,64,64,64,64,"",3,3,1,1,1,1,"HoldForm[ConvolutionLayer[64, {3, 3}, ""Stride"" -> {1, 1}, ""PaddingSize"" -> {{1, 1}, {1, 1}}, ""Dilation"" -> {1, 1}, ""Input"" -> {64, 64, 64}]]","18lxe32cwen1m",2.0015236479321312e10,1.986575178819681e10,6.718650173533861e9,"{0.022474, 0.007613, 0.007557, 0.007602, 0.007621, 0.007622, 0.007606, 0.007635, 0.007598, 0.007619, 0.00757, 0.00763, 0.007619, 0.007602, 0.007602, 0.007598, 0.007573, 0.007579, 0.007601, 0.007606, 0.007611, 0.007603, 0.007559, 0.007548, 0.007598, 0.007627, 0.007599, 0.007625, 0.007585, 0.007636, 0.007592, 0.007589, 0.007631, 0.007557, 0.007559, 0.007576, 0.00758, 0.007561, 0.007544, 0.007599, 0.007638, 0.007589, 0.007573, 0.00757, 0.00759, 0.007584, 0.007608, 0.007614, 0.007597, 0.007598, 0.007598, 0.007567, 0.007551, 0.007559, 0.007587, 0.007558, 0.007621, 0.007604, 0.007643, 0.007626, 0.00762, 0.007616, 0.007643, 0.007621, 0.007624, 0.007647, 0.007696, 0.007633, 0.007595, 0.007574, 0.007598, 0.007588, 0.007589, 0.007586, 0.007592, 0.007617, 0.007575, 0.007596, 0.007622, 0.007609, 0.007635, 0.007591, 0.007584, 0.007564, 0.007558, 0.007574, 0.007623, 0.007638, 0.007617, 0.007606, 0.007633, 0.007572, 0.007581, 0.007558, 0.007629, 0.007604, 0.00761, 0.007601, 0.007621, 0.007647}"
