"model_name","layer_name","layer_index","kind","min_time","mean_time","max_time","add_flops","div_flops","cmp_flops","exp_flops","mad_flops","input_channel","input_height","input_width","output_channel","output_height","output_width","function","kernel_1","kernel_2","stride_1","stride_2","dilation_1","dilation_2","input_form","topology_hash","mad/min_time","mad/mean_time","mad/max_time","time"
"ResNet-152 Trained on ImageNet Competition Data","4a/res4a_branch2a",122,"Convolution",0.000588,0.0005950333333333333,0.000895,0,0,0,0,25690112,512,28,28,256,14,14,"",1,1,2,2,1,1,"HoldForm[ConvolutionLayer[256, {1, 1}, ""Stride"" -> {2, 2}, ""PaddingSize"" -> {{0, 0}, {0, 0}}, ""Dilation"" -> {1, 1}, ""Input"" -> {512, 28, 28}]]","0jdyspboa5vxx",4.369066666666667e10,4.317424009859392e10,2.8704035754189945e10,"{0.000895, 0.000595, 0.000589, 0.000589, 0.000619, 0.000599, 0.000591, 0.000589, 0.000591, 0.00059, 0.000588, 0.000613, 0.000609, 0.000594, 0.00059, 0.000593, 0.000589, 0.000588, 0.000622, 0.000602, 0.000595, 0.000592, 0.000598, 0.000599, 0.00062, 0.000602, 0.000592, 0.000593, 0.000595, 0.000597, 0.000593, 0.000611, 0.000601, 0.000594, 0.000593, 0.000592, 0.000593, 0.000593, 0.000618, 0.0006, 0.000594, 0.000593, 0.000592, 0.000592, 0.000618, 0.000604, 0.000596, 0.000594, 0.000593, 0.000592}"
