"model_name","layer_name","layer_index","kind","min_time","mean_time","max_time","add_flops","div_flops","cmp_flops","exp_flops","mad_flops","input_channel","input_height","input_width","output_channel","output_height","output_width","function","kernel_1","kernel_2","stride_1","stride_2","dilation_1","dilation_2","input_form","topology_hash","mad/min_time","mad/mean_time","mad/max_time","time"
"Single-Image Depth Perception Net Trained on NYU Depth V2 Data","4/1/1/4/1/1/3/4/1",87,"Convolution",0.000442,0.0004572499999999999,0.005205,0,0,0,0,19660800,128,60,80,32,60,80,"",1,1,1,1,1,1,"HoldForm[ConvolutionLayer[32, {1, 1}, ""Stride"" -> {1, 1}, ""PaddingSize"" -> {{0, 0}, {0, 0}}, ""Dilation"" -> {1, 1}, ""Input"" -> {128, 60, 80}]]","0oo0b9z83902j",4.44814479638009e10,4.299792236194643e10,3.7772910662824206e9,"{0.005205, 0.000487, 0.000449, 0.000449, 0.000443, 0.000444, 0.000442, 0.000449, 0.000486, 0.000465, 0.000453, 0.000452, 0.000451, 0.000452, 0.00045, 0.000452, 0.000453, 0.000475, 0.000458, 0.000452, 0.00045, 0.00045, 0.000449, 0.000449, 0.00045, 0.000448, 0.000455, 0.000453, 0.00045, 0.000449, 0.000453, 0.000451, 0.00045, 0.000448, 0.000485, 0.000457, 0.000451, 0.000451, 0.00045, 0.000449, 0.000451, 0.000449, 0.000449, 0.000483, 0.000469, 0.000459, 0.000459, 0.000459, 0.000458, 0.000458, 0.000461, 0.000456, 0.000467, 0.000463, 0.000458, 0.000458, 0.000463, 0.00046, 0.00046, 0.000459, 0.000479, 0.000467, 0.000459, 0.000461, 0.000458, 0.000459, 0.000459, 0.000459, 0.000457, 0.000481, 0.000463, 0.000459, 0.00046, 0.00046, 0.000459, 0.000458, 0.000461, 0.000485, 0.000461, 0.000463, 0.000458, 0.000457, 0.000457, 0.000459, 0.000459, 0.000459, 0.000478, 0.000462, 0.00046, 0.00046, 0.00046, 0.000458, 0.00046, 0.00046, 0.000458, 0.000463, 0.000462, 0.000461, 0.000459, 0.000458}"
