"model_name","layer_name","layer_index","kind","min_time","mean_time","max_time","add_flops","div_flops","cmp_flops","exp_flops","mad_flops","input_channel","input_height","input_width","output_channel","output_height","output_width","function","kernel_1","kernel_2","stride_1","stride_2","dilation_1","dilation_2","input_form","topology_hash","mad/min_time","mad/mean_time","mad/max_time","time"
"ResNet-152 Trained on ImageNet Competition Data","3a/res3a_branch2b",43,"Convolution",0.003027,0.003076333333333335,0.009605,0,0,0,0,115605504,128,28,28,128,28,28,"",3,3,1,1,1,1,"HoldForm[ConvolutionLayer[128, {3, 3}, ""Stride"" -> {1, 1}, ""PaddingSize"" -> {{1, 1}, {1, 1}}, ""Dilation"" -> {1, 1}, ""Input"" -> {128, 28, 28}]]","0c4tt4orzdexg",3.819144499504459e10,3.7578991440025986e10,1.2035971264966162e10,"{0.009605, 0.003197, 0.00312, 0.003146, 0.003148, 0.00312, 0.003128, 0.003117, 0.003121, 0.00316, 0.003139, 0.003107, 0.003123, 0.003145, 0.003135, 0.003119, 0.003116, 0.003144, 0.003135, 0.003132, 0.003141, 0.003112, 0.003138, 0.003116, 0.003107, 0.003115, 0.003148, 0.003139, 0.003121, 0.00313, 0.003109, 0.003115, 0.003084, 0.003086, 0.003065, 0.003065, 0.003061, 0.00306, 0.003027, 0.003081, 0.003059, 0.003052, 0.003056, 0.003048, 0.003057, 0.003055, 0.003052, 0.003041, 0.003054, 0.003052, 0.003049, 0.003036, 0.003048, 0.003046, 0.003043, 0.003032, 0.003051, 0.00305, 0.003051, 0.003051, 0.003038, 0.003053, 0.003063, 0.003092, 0.003029, 0.003051, 0.003058, 0.003059, 0.003046, 0.00307, 0.003068, 0.003063, 0.003039, 0.003061, 0.003059, 0.003053, 0.003078, 0.003044, 0.003079, 0.003074, 0.003055, 0.003044, 0.003065, 0.003061, 0.003077, 0.003058, 0.003083, 0.003076, 0.003067, 0.003072, 0.003062, 0.003085, 0.003098, 0.003149, 0.003053, 0.003061, 0.003064, 0.003065, 0.003048, 0.003064}"
