"model_name","layer_name","layer_index","kind","min_time","mean_time","max_time","add_flops","div_flops","cmp_flops","exp_flops","mad_flops","input_channel","input_height","input_width","output_channel","output_height","output_width","function","kernel_1","kernel_2","stride_1","stride_2","dilation_1","dilation_2","input_form","topology_hash","mad/min_time","mad/mean_time","mad/max_time","time"
"2D Face Alignment Net Trained on 300W Large Pose Data","15/1/2/3/1/2/4/1/1/3",230,"Convolution",0.002056,0.0021012499999999994,0.008461,0,0,0,0,75497472,256,16,16,128,16,16,"",3,3,1,1,1,1,"HoldForm[ConvolutionLayer[128, {3, 3}, ""Stride"" -> {1, 1}, ""PaddingSize"" -> {{1, 1}, {1, 1}}, ""Dilation"" -> {1, 1}, ""Input"" -> {256, 16, 16}]]","06h7uhubi6fko",3.672056031128404e10,3.592979036287925e10,8.922996336130482e9,"{0.008461, 0.002231, 0.002177, 0.002154, 0.002191, 0.002158, 0.002184, 0.002145, 0.00217, 0.002131, 0.002167, 0.002184, 0.00214, 0.002159, 0.002139, 0.002157, 0.002132, 0.00217, 0.002141, 0.002181, 0.002163, 0.002099, 0.002068, 0.002098, 0.002132, 0.002108, 0.002122, 0.002057, 0.002117, 0.002117, 0.002134, 0.00208, 0.002103, 0.002069, 0.002101, 0.0021, 0.002135, 0.002082, 0.002103, 0.002071, 0.002094, 0.002064, 0.002094, 0.002069, 0.002072, 0.002105, 0.002088, 0.002079, 0.002095, 0.002126, 0.002091, 0.002106, 0.002064, 0.002101, 0.002073, 0.00211, 0.002082, 0.002099, 0.002076, 0.002094, 0.002076, 0.0021, 0.002084, 0.002088, 0.002098, 0.002076, 0.002109, 0.002073, 0.002097, 0.002078, 0.002111, 0.002077, 0.002107, 0.002062, 0.002098, 0.002081, 0.002103, 0.002065, 0.002105, 0.002087, 0.00212, 0.002083, 0.002113, 0.002067, 0.002102, 0.002117, 0.002091, 0.002102, 0.002056, 0.002103, 0.002076, 0.002109, 0.002065, 0.002096, 0.002064, 0.002093, 0.002082, 0.002125, 0.002086, 0.002107}"
