"model_name","layer_name","layer_index","kind","min_time","mean_time","max_time","add_flops","div_flops","cmp_flops","exp_flops","mad_flops","input_channel","input_height","input_width","output_channel","output_height","output_width","function","kernel_1","kernel_2","stride_1","stride_2","dilation_1","dilation_2","input_form","topology_hash","mad/min_time","mad/mean_time","mad/max_time","time"
"Pix2pix Photo-to-Street-Map Translation","50",2,"Convolution",0.003154,0.0032091333333333335,0.003955,0,0,0,0,50331648,3,256,256,64,128,128,"",4,4,2,2,1,1,"HoldForm[ConvolutionLayer[64, {4, 4}, ""Stride"" -> {2, 2}, ""PaddingSize"" -> {{1, 1}, {1, 1}}, ""Dilation"" -> {1, 1}, ""Input"" -> {3, 256, 256}]]","1rpb5tcvawy80",1.5958036778693722e10,1.5683875605043938e10,1.27260804045512e10,"{0.003955, 0.003176, 0.00322, 0.00328, 0.003176, 0.003268, 0.003231, 0.003184, 0.00319, 0.00319, 0.003173, 0.003154, 0.003173, 0.003217, 0.003176, 0.003234, 0.003167, 0.003177, 0.003233, 0.003171, 0.003246, 0.003172, 0.003204, 0.003196, 0.003195, 0.003178, 0.003157, 0.003182, 0.003236, 0.003212, 0.003212, 0.003174, 0.003206, 0.003222, 0.003223, 0.003276, 0.003197, 0.003263, 0.003232, 0.003235, 0.003229, 0.003194, 0.003307, 0.00332, 0.003248, 0.003189, 0.003225, 0.003335, 0.003306, 0.003209}"
