"model_name","layer_name","layer_index","kind","min_time","mean_time","max_time","add_flops","div_flops","cmp_flops","exp_flops","mad_flops","input_channel","input_height","input_width","output_channel","output_height","output_width","function","kernel_1","kernel_2","stride_1","stride_2","dilation_1","dilation_2","input_form","topology_hash","mad/min_time","mad/mean_time","mad/max_time","time"
"Age Estimation VGG-16 Trained on IMDB-WIKI Data","conv2_2",8,"Convolution",0.027179,0.027328333333333336,0.052786,0,0,0,0,1849688064,128,112,112,128,112,112,"",3,3,1,1,1,1,"HoldForm[ConvolutionLayer[128, {3, 3}, ""Stride"" -> {1, 1}, ""PaddingSize"" -> {{1, 1}, {1, 1}}, ""Dilation"" -> {1, 1}, ""Input"" -> {128, 112, 112}]]","10zc4kyp7w2rp",6.805578071305052e10,6.7683895737025055e10,3.504126215284355e10,"{0.052786, 0.027347, 0.027417, 0.027312, 0.027248, 0.027179, 0.027187, 0.027269, 0.027327, 0.027281, 0.027261, 0.02736, 0.027313, 0.02731, 0.027252, 0.02737, 0.027297, 0.027209, 0.027256, 0.027724, 0.02729, 0.027357, 0.027247, 0.027263, 0.027255, 0.02722, 0.027339, 0.027449, 0.027367, 0.027362, 0.027419, 0.027428, 0.027437, 0.027524, 0.027559, 0.027384, 0.027331, 0.027332, 0.027422, 0.027388, 0.027268, 0.027325, 0.027292, 0.027282, 0.027322, 0.027309, 0.027375, 0.027475, 0.027362, 0.027299}"
