"model_name","layer_name","layer_index","kind","min_time","mean_time","max_time","add_flops","div_flops","cmp_flops","exp_flops","mad_flops","input_channel","input_height","input_width","output_channel","output_height","output_width","function","kernel_1","kernel_2","stride_1","stride_2","dilation_1","dilation_2","input_form","topology_hash","mad/min_time","mad/mean_time","mad/max_time","time"
"BERT Trained on BookCorpus and English Wikipedia Data","encoder/10/1/dropout",712,"Dropout",0.000035,0.00004201666666666664,0.000071,0,0,0,0,"768*LengthVar[1759821691]","LengthVar[1759821691]",768,"","LengthVar[1759821691]",768,"","","","","","","","","HoldForm[DropoutLayer[0.1, ""Input"" -> {""Varying"", 768}]]","0sbxm6kqeqi96","2.194285714285714*^7*LengthVar[1.759821691*^9]","1.8278460928203106*^7*LengthVar[1.759821691*^9]","1.0816901408450704*^7*LengthVar[1.759821691*^9]","{0.000071, 0.000045, 0.000044, 0.000043, 0.000043, 0.000041, 0.000042, 0.000042, 0.000042, 0.000042, 0.000042, 0.000043, 0.000042, 0.000041, 0.000042, 0.000042, 0.000042, 0.000041, 0.000042, 0.000042, 0.000042, 0.000043, 0.000041, 0.000042, 0.000042, 0.000042, 0.000069, 0.000047, 0.000035, 0.000062, 0.000046, 0.000043, 0.000043, 0.000042, 0.000042, 0.000042, 0.000042, 0.000042, 0.000044, 0.000043, 0.000042, 0.000042, 0.000041, 0.000042, 0.000042, 0.000042, 0.000041, 0.000042, 0.000042, 0.000042, 0.000042, 0.000042, 0.000042, 0.000042, 0.000042, 0.000042, 0.000042, 0.000044, 0.000042, 0.000042, 0.000042, 0.000042, 0.000042, 0.000042, 0.000042, 0.000042, 0.000042, 0.000042, 0.000045, 0.000053, 0.000042, 0.000043, 0.000043, 0.000042, 0.000042, 0.000042, 0.000042, 0.000042, 0.000041, 0.000041, 0.000042, 0.000042, 0.000041, 0.000042, 0.000041, 0.000042, 0.000042, 0.000042, 0.000041, 0.000041, 0.000041, 0.000042, 0.000042, 0.000041, 0.000041, 0.000041, 0.000043, 0.000042, 0.000042, 0.000042}"
