"model_name","layer_name","layer_index","kind","min_time","mean_time","max_time","add_flops","div_flops","cmp_flops","exp_flops","mad_flops","input_channel","input_height","input_width","output_channel","output_height","output_width","function","kernel_1","kernel_2","stride_1","stride_2","dilation_1","dilation_2","input_form","topology_hash","mad/min_time","mad/mean_time","mad/max_time","time"
"Multi-scale Context Aggregation Net Trained on CamVid Data","drop7",35,"Dropout",0.01045,0.010581266666666669,0.060501,0,0,0,0,24600576,4096,66,91,4096,66,91,"","","","","","","","HoldForm[DropoutLayer[""Input"" -> {4096, 66, 91}]]","0mx5u0ztfum9a",2.354122105263158e9,2.3249178737265224e9,4.0661437001041305e8,"{0.060501, 0.010474, 0.010471, 0.010584, 0.01054, 0.010561, 0.010563, 0.0105, 0.010574, 0.010566, 0.010596, 0.010655, 0.010644, 0.010597, 0.010583, 0.010601, 0.010616, 0.01068, 0.01069, 0.010706, 0.010627, 0.010658, 0.010611, 0.010696, 0.010655, 0.010655, 0.010692, 0.010711, 0.010657, 0.010607, 0.010671, 0.010639, 0.010524, 0.01055, 0.01045, 0.010512, 0.010537, 0.010585, 0.010512, 0.010499, 0.010508, 0.010537, 0.010529, 0.010543, 0.010542, 0.010509, 0.010559, 0.010534, 0.010517, 0.010524}"
