"model_name","layer_name","layer_index","kind","min_time","mean_time","max_time","add_flops","div_flops","cmp_flops","exp_flops","mad_flops","input_channel","input_height","input_width","output_channel","output_height","output_width","function","kernel_1","kernel_2","stride_1","stride_2","dilation_1","dilation_2","input_form","topology_hash","mad/min_time","mad/mean_time","mad/max_time","time"
"Dilated ResNet-105 Trained on Cityscapes Data","relu94",321,"Elementwise",0.002846,0.0030171333333333336,0.003124,0,0,4194304,0,4194304,512,64,128,512,64,128,"Ramp","","","","","","","HoldForm[ElementwiseLayer[Ramp, ""Input"" -> {512, 64, 128}]]","1oh1bs5o87l3x",1.47375404075896e9,1.390161963895088e9,1.342606914212548e9,"{0.003102, 0.003009, 0.00292, 0.002864, 0.002957, 0.002944, 0.002846, 0.002979, 0.003067, 0.003031, 0.002985, 0.002975, 0.003037, 0.003068, 0.003079, 0.002979, 0.003026, 0.002998, 0.003042, 0.002973, 0.003104, 0.003052, 0.002968, 0.002907, 0.003, 0.003069, 0.002975, 0.002993, 0.003038, 0.002944, 0.003012, 0.00299, 0.003067, 0.003045, 0.003035, 0.003052, 0.003053, 0.003124, 0.003061, 0.002957, 0.003056, 0.003025, 0.003017, 0.002995, 0.00303, 0.003081, 0.003045, 0.003015, 0.002986, 0.003039}"
