"model_name","layer_name","layer_index","kind","min_time","mean_time","max_time","add_flops","div_flops","cmp_flops","exp_flops","mad_flops","input_channel","input_height","input_width","output_channel","output_height","output_width","function","kernel_1","kernel_2","stride_1","stride_2","dilation_1","dilation_2","input_form","topology_hash","mad/min_time","mad/mean_time","mad/max_time","time"
"Single-Image Depth Perception Net Trained on Depth in the Wild Data","4/1/1/4/1/2/2/2/3",414,"Elementwise",0.000483,0.0004968666666666665,0.002791,0,0,1228800,0,1228800,64,120,160,64,120,160,"Ramp","","","","","","","HoldForm[ElementwiseLayer[Ramp, ""Input"" -> {64, 120, 160}]]","1ojt99t3ky0rb",2.544099378881988e9,2.4730980813095403e9,4.402723038337513e8,"{0.002791, 0.000566, 0.000502, 0.000493, 0.000537, 0.000499, 0.000488, 0.000513, 0.000496, 0.00049, 0.000486, 0.000485, 0.000528, 0.0005, 0.000492, 0.000487, 0.000486, 0.000488, 0.000486, 0.000486, 0.00053, 0.000495, 0.000486, 0.000483, 0.0005, 0.000485, 0.000486, 0.000486, 0.000526, 0.000489, 0.000489, 0.000487, 0.000504, 0.000497, 0.000497, 0.000498, 0.000537, 0.000503, 0.000496, 0.000494, 0.000493, 0.000492, 0.000492, 0.00049, 0.00054, 0.000501, 0.000489, 0.000492, 0.000493, 0.00049, 0.000489, 0.000487, 0.000533, 0.000497, 0.000499, 0.000498, 0.000491, 0.000491, 0.000491, 0.000488, 0.000537, 0.000508, 0.000497, 0.000497, 0.000513, 0.000503, 0.000494, 0.000492, 0.000503, 0.000501, 0.000496, 0.000497, 0.000505, 0.000495, 0.000507, 0.000508, 0.000508, 0.000505, 0.000505, 0.000499, 0.000498, 0.000501, 0.000502, 0.000532, 0.000495, 0.000493, 0.000498, 0.000498, 0.000495, 0.000495, 0.000491, 0.000511, 0.000544, 0.000503, 0.000495, 0.000496, 0.000498, 0.000499, 0.0005, 0.000525}"
