"model_name","layer_name","layer_index","kind","min_time","mean_time","max_time","add_flops","div_flops","cmp_flops","exp_flops","mad_flops","input_channel","input_height","input_width","output_channel","output_height","output_width","function","kernel_1","kernel_2","stride_1","stride_2","dilation_1","dilation_2","input_form","topology_hash","mad/min_time","mad/mean_time","mad/max_time","time"
"CycleGAN Photo-to-Van Gogh Translation","18/1/4",49,"Elementwise",0.000221,0.00022258333333333318,0.001336,0,0,524288,0,524288,128,64,64,128,64,64,"Ramp","","","","","","","HoldForm[ElementwiseLayer[Ramp, ""Input"" -> {128, 64, 64}]]","1hgvs9hyt3yrr",2.3723438914027147e9,2.35546836390865e9,3.924311377245509e8,"{0.001336, 0.000238, 0.000225, 0.000224, 0.000223, 0.000222, 0.000222, 0.000222, 0.000222, 0.000222, 0.000222, 0.000222, 0.000222, 0.000264, 0.000229, 0.000224, 0.000222, 0.000272, 0.000229, 0.000222, 0.000221, 0.000237, 0.000226, 0.000222, 0.000222, 0.000222, 0.000221, 0.000221, 0.000221, 0.000221, 0.000222, 0.000223, 0.000222, 0.000221, 0.000255, 0.00023, 0.000223, 0.000222, 0.000221, 0.000222, 0.000222, 0.000221, 0.000221, 0.000221, 0.000221, 0.000221, 0.000221, 0.000221, 0.000221, 0.000223, 0.000221, 0.000222, 0.000271, 0.000233, 0.000222, 0.000222, 0.000223, 0.000244, 0.00023, 0.000223, 0.000222, 0.000222, 0.000222, 0.000221, 0.000221, 0.000222, 0.000225, 0.000225, 0.000223, 0.000222, 0.00026, 0.000225, 0.000222, 0.000221, 0.000221, 0.000221, 0.000221, 0.000221, 0.000222, 0.000221, 0.000221, 0.000222, 0.000221, 0.000221, 0.000221, 0.000221, 0.000221, 0.000267, 0.000238, 0.000226, 0.000225, 0.000224, 0.000225, 0.000225, 0.000225, 0.000224, 0.000225, 0.000226, 0.000225, 0.000225}"
