"model_name","layer_name","layer_index","kind","min_time","mean_time","max_time","add_flops","div_flops","cmp_flops","exp_flops","mad_flops","input_channel","input_height","input_width","output_channel","output_height","output_width","function","kernel_1","kernel_2","stride_1","stride_2","dilation_1","dilation_2","input_form","topology_hash","mad/min_time","mad/mean_time","mad/max_time","time"
"2D Face Alignment Net Trained on 300W Large Pose Data","13/1/2/3/1/1/1/1/1/4/2/2/1",551,"Elementwise",0.000057,0.000058533333333333304,0.000315,0,0,0,0,0,64,32,32,64,32,32,"ScalarFunctionObject[{ScalarSymbol[1]}, ScalarSymbol[1], <||>]","","","","","","","HoldForm[ElementwiseLayer[#1 & , ""Input"" -> {64, 32, 32}]]","1fxocad491k6k",0.,0.,0.,"{0.000315, 0.00007, 0.000083, 0.000062, 0.000059, 0.000058, 0.000058, 0.000057, 0.000058, 0.000057, 0.000057, 0.000057, 0.000058, 0.000057, 0.000062, 0.000058, 0.000057, 0.000057, 0.000057, 0.000057, 0.000058, 0.000057, 0.000058, 0.000057, 0.000057, 0.000057, 0.000057, 0.000057, 0.000057, 0.000058, 0.000057, 0.000057, 0.000057, 0.000057, 0.000057, 0.000057, 0.000057, 0.000057, 0.000057, 0.000058, 0.000058, 0.000058, 0.000057, 0.000057, 0.000058, 0.000057, 0.000057, 0.000058, 0.000057, 0.000058, 0.000058, 0.000058, 0.000057, 0.000057, 0.000058, 0.000057, 0.000058, 0.000057, 0.000058, 0.000057, 0.000058, 0.000057, 0.000058, 0.000057, 0.000057, 0.000058, 0.000087, 0.000085, 0.000096, 0.000066, 0.000062, 0.000061, 0.000061, 0.00006, 0.00006, 0.000061, 0.000061, 0.00006, 0.00006, 0.000061, 0.000061, 0.00006, 0.000061, 0.000061, 0.000061, 0.000061, 0.000061, 0.000061, 0.00006, 0.000062, 0.00006, 0.000061, 0.000061, 0.000061, 0.000069, 0.000064, 0.000061, 0.00006, 0.000061, 0.000061}"
