"model_name","layer_name","layer_index","kind","min_time","mean_time","max_time","add_flops","div_flops","cmp_flops","exp_flops","mad_flops","input_channel","input_height","input_width","output_channel","output_height","output_width","function","kernel_1","kernel_2","stride_1","stride_2","dilation_1","dilation_2","input_form","topology_hash","mad/min_time","mad/mean_time","mad/max_time","time"
"BERT Trained on BookCorpus and English Wikipedia Data","encoder/4/1/attention/2/elem",231,"Elementwise",0.000053,0.00005560000000000006,0.000114,0,0,0,0,"64*LengthVar[1614616574]","LengthVar[1614616574]",64,"","LengthVar[1614616574]",64,"","ScalarFunctionObject[{ScalarSymbol[1]}, ScalarSymbol[2], <|ScalarSymbol[2] -> {Times, 0.125, ScalarSymbol[1]}|>]","","","","","","","HoldForm[ElementwiseLayer[0.125*#1 & , ""Input"" -> {""Varying"", 64}]]","1qls6pibzwobu","1.2075471698113207*^6*LengthVar[1.614616574*^9]","1.1510791366906464*^6*LengthVar[1.614616574*^9]","561403.5087719298*LengthVar[1.614616574*^9]","{0.000114, 0.000065, 0.000059, 0.000059, 0.000058, 0.000058, 0.000057, 0.000057, 0.000057, 0.000057, 0.000057, 0.000058, 0.000057, 0.000057, 0.000057, 0.000057, 0.000058, 0.000057, 0.000058, 0.000057, 0.000057, 0.000057, 0.000057, 0.000056, 0.000057, 0.000057, 0.000058, 0.000057, 0.000057, 0.000058, 0.000057, 0.000056, 0.000054, 0.000087, 0.000057, 0.000055, 0.000054, 0.000055, 0.000055, 0.000055, 0.000056, 0.000054, 0.000054, 0.000054, 0.000054, 0.000054, 0.000054, 0.000055, 0.000056, 0.000054, 0.000054, 0.000054, 0.000055, 0.000054, 0.000054, 0.000054, 0.000054, 0.000055, 0.000054, 0.000054, 0.000054, 0.000054, 0.000054, 0.000054, 0.000053, 0.000055, 0.000055, 0.000055, 0.000054, 0.000055, 0.000054, 0.000055, 0.000054, 0.000054, 0.000056, 0.000056, 0.000054, 0.000054, 0.000055, 0.000053, 0.000053, 0.000055, 0.000053, 0.000054, 0.000054, 0.000054, 0.000053, 0.000054, 0.000066, 0.000058, 0.000058, 0.000057, 0.000057, 0.000057, 0.000057, 0.000057, 0.000056, 0.000056, 0.000057, 0.000058}"
