"model_name","layer_name","layer_index","kind","min_time","mean_time","max_time","add_flops","div_flops","cmp_flops","exp_flops","mad_flops","input_channel","input_height","input_width","output_channel","output_height","output_width","function","kernel_1","kernel_2","stride_1","stride_2","dilation_1","dilation_2","input_form","topology_hash","mad/min_time","mad/mean_time","mad/max_time","time"
"ResNet-152 Trained on ImageNet Competition Data","4b1/res4b1_branch2b_relu",137,"Elementwise",0.000078,0.00007876666666666668,0.000099,0,0,50176,0,50176,256,14,14,256,14,14,"Ramp","","","","","","","HoldForm[ElementwiseLayer[Ramp, ""Input"" -> {256, 14, 14}]]","1j88u7fzs0nsq",6.432820512820513e8,6.370207363520947e8,5.068282828282829e8,"{0.000098, 0.000085, 0.00008, 0.00008, 0.000079, 0.00008, 0.000079, 0.000079, 0.000079, 0.000079, 0.000079, 0.000078, 0.000079, 0.000079, 0.000079, 0.000078, 0.000079, 0.000079, 0.000078, 0.000078, 0.000078, 0.000079, 0.000079, 0.000078, 0.000078, 0.000079, 0.000078, 0.000079, 0.000078, 0.000079, 0.000078, 0.000079, 0.000079, 0.000079, 0.000078, 0.000078, 0.000078, 0.000078, 0.000078, 0.000079, 0.000079, 0.000079, 0.000078, 0.000079, 0.000099, 0.000085, 0.00008, 0.000078, 0.000079, 0.000079}"
