"model_name","layer_name","layer_index","kind","min_time","mean_time","max_time","add_flops","div_flops","cmp_flops","exp_flops","mad_flops","input_channel","input_height","input_width","output_channel","output_height","output_width","function","kernel_1","kernel_2","stride_1","stride_2","dilation_1","dilation_2","input_form","topology_hash","mad/min_time","mad/mean_time","mad/max_time","time"
"3D Face Alignment Net Trained on 300W Large Pose Data","13/1/2/3/1/2/3/1/2/3/1/1/1/1/1/2",607,"Elementwise",0.000041,0.0000434,0.000066,0,0,16384,0,16384,256,8,8,256,8,8,"Ramp","","","","","","","HoldForm[ElementwiseLayer[Ramp, ""Input"" -> {256, 8, 8}]]","0753v9hbefcxf",3.9960975609756094e8,3.775115207373272e8,2.4824242424242422e8,"{0.000057, 0.000045, 0.000041, 0.000041, 0.000041, 0.000041, 0.000041, 0.000041, 0.000041, 0.000041, 0.000041, 0.000064, 0.000048, 0.000042, 0.000066, 0.000045, 0.000045, 0.000044, 0.000044, 0.000044, 0.000044, 0.000044, 0.000043, 0.000043, 0.000043, 0.000043, 0.000043, 0.000043, 0.000043, 0.000043, 0.000043, 0.000044, 0.000044, 0.000044, 0.000044, 0.000044, 0.000043, 0.000043, 0.000043, 0.000044, 0.000044, 0.000043, 0.000043, 0.000043, 0.000043, 0.000043, 0.000044, 0.000044, 0.000044, 0.000043}"
