"model_name","layer_name","layer_index","kind","min_time","mean_time","max_time","add_flops","div_flops","cmp_flops","exp_flops","mad_flops","input_channel","input_height","input_width","output_channel","output_height","output_width","function","kernel_1","kernel_2","stride_1","stride_2","dilation_1","dilation_2","input_form","topology_hash","mad/min_time","mad/mean_time","mad/max_time","time"
"Multi-scale Context Aggregation Net Trained on CamVid Data","relu4_2",21,"Elementwise",0.004776,0.004869716666666668,0.014997,0,0,6868992,0,6868992,512,104,129,512,104,129,"Ramp","","","","","","","HoldForm[ElementwiseLayer[Ramp, ""Input"" -> {512, 104, 129}]]","19mm94tzkj7r3",1.4382311557788947e9,1.410552701560323e9,4.5802440488097626e8,"{0.014997, 0.004896, 0.004865, 0.004868, 0.004821, 0.0049, 0.004899, 0.004882, 0.004882, 0.004882, 0.004894, 0.004852, 0.004882, 0.004868, 0.004876, 0.004873, 0.004835, 0.004838, 0.004845, 0.004836, 0.00484, 0.004868, 0.00486, 0.004876, 0.004897, 0.00487, 0.00487, 0.004872, 0.004873, 0.004892, 0.004887, 0.00487, 0.004875, 0.004898, 0.004856, 0.004865, 0.004841, 0.004828, 0.004867, 0.004835, 0.004849, 0.004847, 0.004835, 0.004806, 0.004801, 0.00479, 0.004806, 0.004806, 0.004776, 0.004792, 0.004816, 0.004835, 0.004846, 0.004828, 0.004861, 0.004853, 0.004889, 0.00488, 0.004842, 0.004879, 0.00488, 0.00486, 0.00485, 0.004862, 0.004873, 0.004868, 0.004876, 0.004882, 0.004866, 0.004892, 0.004867, 0.004857, 0.004863, 0.004864, 0.004864, 0.004877, 0.004854, 0.004891, 0.004877, 0.004878, 0.004902, 0.004877, 0.004886, 0.004871, 0.004906, 0.004866, 0.004898, 0.004917, 0.004887, 0.004912, 0.004908, 0.004883, 0.004865, 0.004884, 0.004899, 0.004888, 0.004889, 0.004886, 0.004873, 0.004916}"
