"model_name","layer_name","layer_index","kind","min_time","mean_time","max_time","add_flops","div_flops","cmp_flops","exp_flops","mad_flops","input_channel","input_height","input_width","output_channel","output_height","output_width","function","kernel_1","kernel_2","stride_1","stride_2","dilation_1","dilation_2","input_form","topology_hash","mad/min_time","mad/mean_time","mad/max_time","time"
"Single-Image Depth Perception Net Trained on NYU Depth V2 and Depth in the Wild Data","4/1/1/3/2/3",32,"Elementwise",0.000271,0.0002732999999999999,0.000373,0,0,614400,0,614400,32,120,160,32,120,160,"Ramp","","","","","","","HoldForm[ElementwiseLayer[Ramp, ""Input"" -> {32, 120, 160}]]","1v51dnnow66w3",2.267158671586716e9,2.2480790340285406e9,1.647184986595174e9,"{0.000373, 0.000277, 0.000273, 0.000271, 0.000271, 0.00031, 0.00028, 0.000282, 0.000276, 0.000277, 0.000273, 0.000271, 0.000272, 0.000272, 0.000282, 0.000272, 0.000271, 0.000271, 0.000272, 0.000298, 0.000279, 0.000273, 0.000271, 0.000272, 0.000271, 0.000271, 0.000271, 0.000271, 0.000272, 0.000272, 0.000274, 0.000271, 0.000272, 0.000271, 0.000301, 0.000279, 0.000272, 0.000271, 0.000273, 0.000272, 0.000272, 0.000272, 0.000272, 0.000273, 0.000281, 0.000278, 0.000274, 0.000271, 0.0003, 0.000282}"
