"model_name","layer_name","layer_index","kind","min_time","mean_time","max_time","add_flops","div_flops","cmp_flops","exp_flops","mad_flops","input_channel","input_height","input_width","output_channel","output_height","output_width","function","kernel_1","kernel_2","stride_1","stride_2","dilation_1","dilation_2","input_form","topology_hash","mad/min_time","mad/mean_time","mad/max_time","time"
"Wolfram ImageIdentify Net V1","4a/relu3x3",83,"Elementwise",0.000045,0.00004543333333333335,0.000066,0,0,18816,0,18816,96,14,14,96,14,14,"Ramp","","","","","","","HoldForm[ElementwiseLayer[Ramp, ""Input"" -> {96, 14, 14}]]","0bdlxznaddbt4",4.181333333333333e8,4.1414526779163593e8,2.8509090909090906e8,"{0.000066, 0.00005, 0.000047, 0.000046, 0.000045, 0.000045, 0.000047, 0.000046, 0.000045, 0.000045, 0.000047, 0.000045, 0.000045, 0.000046, 0.000045, 0.000045, 0.000045, 0.000046, 0.000045, 0.000045, 0.000045, 0.000045, 0.000046, 0.000045, 0.000046, 0.000045, 0.000045, 0.000045, 0.000045, 0.000045, 0.000046, 0.000046, 0.000045, 0.000045, 0.000045, 0.000045, 0.000045, 0.000046, 0.000047, 0.000058, 0.000049, 0.000046, 0.000046, 0.000046, 0.000045, 0.000046, 0.000046, 0.000045, 0.000045, 0.000046}"
