"model_name","layer_name","layer_index","kind","min_time","mean_time","max_time","add_flops","div_flops","cmp_flops","exp_flops","mad_flops","input_channel","input_height","input_width","output_channel","output_height","output_width","function","kernel_1","kernel_2","stride_1","stride_2","dilation_1","dilation_2","input_form","topology_hash","mad/min_time","mad/mean_time","mad/max_time","time"
"Single-Image Depth Perception Net Trained on NYU Depth V2 Data","4/1/1/4/1/1/4/1/2/4/1/2/3/1/3",252,"Elementwise",0.000042,0.00004421666666666671,0.000226,0,0,19200,0,19200,64,15,20,64,15,20,"Ramp","","","","","","","HoldForm[ElementwiseLayer[Ramp, ""Input"" -> {64, 15, 20}]]","150svbnl61sp4",4.5714285714285713e8,4.3422540520165807e8,8.495575221238938e7,"{0.000226, 0.000052, 0.000047, 0.000045, 0.000044, 0.000043, 0.000043, 0.000043, 0.000043, 0.000043, 0.000043, 0.000043, 0.000044, 0.000043, 0.000044, 0.000043, 0.000043, 0.000043, 0.000043, 0.000043, 0.000043, 0.000043, 0.000043, 0.000044, 0.000043, 0.000043, 0.000043, 0.000043, 0.000043, 0.000043, 0.000044, 0.000043, 0.000043, 0.000043, 0.000043, 0.000043, 0.000043, 0.000043, 0.000043, 0.000043, 0.000043, 0.000043, 0.000043, 0.000044, 0.000043, 0.000043, 0.000043, 0.000043, 0.000043, 0.000043, 0.000043, 0.000043, 0.000043, 0.000043, 0.000043, 0.000042, 0.000042, 0.000043, 0.000042, 0.000043, 0.000043, 0.000042, 0.000043, 0.000043, 0.000042, 0.000042, 0.000077, 0.000053, 0.000047, 0.000048, 0.000047, 0.000047, 0.000047, 0.000046, 0.000047, 0.000046, 0.000047, 0.000047, 0.000047, 0.000047, 0.000047, 0.000047, 0.000047, 0.000047, 0.000047, 0.000052, 0.000057, 0.000048, 0.000047, 0.000047, 0.000047, 0.000046, 0.000047, 0.000047, 0.000047, 0.000047, 0.000047, 0.000047, 0.000047, 0.000047}"
