"model_name","layer_name","layer_index","kind","min_time","mean_time","max_time","add_flops","div_flops","cmp_flops","exp_flops","mad_flops","input_channel","input_height","input_width","output_channel","output_height","output_width","function","kernel_1","kernel_2","stride_1","stride_2","dilation_1","dilation_2","input_form","topology_hash","mad/min_time","mad/mean_time","mad/max_time","time"
"Inception V1 Trained on ImageNet Competition Data","inception_4d/relu_3x3_reduce",88,"Elementwise",0.00006,0.00006103333333333329,0.000304,0,0,28224,0,28224,144,14,14,144,14,14,"Ramp","","","","","","","HoldForm[ElementwiseLayer[Ramp, ""Input"" -> {144, 14, 14}]]","0vh36iyheegow",4.7040000000000006e8,4.624358274167125e8,9.284210526315789e7,"{0.000304, 0.00007, 0.000065, 0.000062, 0.000063, 0.000061, 0.000061, 0.000061, 0.000061, 0.00006, 0.000062, 0.000061, 0.000061, 0.000061, 0.00006, 0.000061, 0.000061, 0.000061, 0.000061, 0.000061, 0.000061, 0.000062, 0.000061, 0.000061, 0.000061, 0.000062, 0.000061, 0.000062, 0.000061, 0.000061, 0.000061, 0.000061, 0.000061, 0.000061, 0.000061, 0.00006, 0.000061, 0.000061, 0.000061, 0.000061, 0.00006, 0.000061, 0.000061, 0.000062, 0.00006, 0.00006, 0.000063, 0.000073, 0.000065, 0.000062, 0.000061, 0.000063, 0.000092, 0.000062, 0.000062, 0.000062, 0.000061, 0.000061, 0.000061, 0.000061, 0.000061, 0.00006, 0.000061, 0.00006, 0.000061, 0.000061, 0.000061, 0.000062, 0.000061, 0.000061, 0.00006, 0.000061, 0.00006, 0.000061, 0.000061, 0.000061, 0.00006, 0.000061, 0.00006, 0.000062, 0.000061, 0.00006, 0.000061, 0.000061, 0.000061, 0.000061, 0.00006, 0.000061, 0.000061, 0.000061, 0.000061, 0.00006, 0.000062, 0.00006, 0.000061, 0.000061, 0.000061, 0.000061, 0.000061, 0.00006}"
