"model_name","layer_name","layer_index","kind","min_time","mean_time","max_time","add_flops","div_flops","cmp_flops","exp_flops","mad_flops","input_channel","input_height","input_width","output_channel","output_height","output_width","function","kernel_1","kernel_2","stride_1","stride_2","dilation_1","dilation_2","input_form","topology_hash","mad/min_time","mad/mean_time","mad/max_time","time"
"Single-Image Depth Perception Net Trained on NYU Depth V2 and Depth in the Wild Data","4/1/1/4/1/2/2/2/3",414,"Elementwise",0.000505,0.0005563500000000003,0.003548,0,0,1228800,0,1228800,64,120,160,64,120,160,"Ramp","","","","","","","HoldForm[ElementwiseLayer[Ramp, ""Input"" -> {64, 120, 160}]]","1ojt99t3ky0rb",2.433267326732673e9,2.208681585332973e9,3.463359639233371e8,"{0.003548, 0.00076, 0.000662, 0.000657, 0.000654, 0.000654, 0.000654, 0.000673, 0.00065, 0.000651, 0.000651, 0.000652, 0.000654, 0.000681, 0.000657, 0.000651, 0.000654, 0.000655, 0.000651, 0.000674, 0.000653, 0.00065, 0.000649, 0.000654, 0.000651, 0.000674, 0.000651, 0.000651, 0.000653, 0.000652, 0.000651, 0.000677, 0.000656, 0.00065, 0.000653, 0.00065, 0.000651, 0.000732, 0.000624, 0.000511, 0.000508, 0.000508, 0.000508, 0.000509, 0.000511, 0.000513, 0.000514, 0.000508, 0.000505, 0.000506, 0.000506, 0.000506, 0.000554, 0.000509, 0.000507, 0.000507, 0.000506, 0.000508, 0.000507, 0.000506, 0.000529, 0.000508, 0.000507, 0.000506, 0.000505, 0.000508, 0.000507, 0.000507, 0.000527, 0.000507, 0.000506, 0.000506, 0.000508, 0.000506, 0.000506, 0.000506, 0.000527, 0.000508, 0.000506, 0.000506, 0.000506, 0.000507, 0.000506, 0.000508, 0.000508, 0.000505, 0.000507, 0.000508, 0.000512, 0.000508, 0.00051, 0.000533, 0.000515, 0.000517, 0.00051, 0.000509, 0.000513, 0.000513, 0.000511, 0.000539}"
