"model_name","layer_name","layer_index","kind","min_time","mean_time","max_time","add_flops","div_flops","cmp_flops","exp_flops","mad_flops","input_channel","input_height","input_width","output_channel","output_height","output_width","function","kernel_1","kernel_2","stride_1","stride_2","dilation_1","dilation_2","input_form","topology_hash","mad/min_time","mad/mean_time","mad/max_time","time"
"CycleGAN Apple-to-Orange Translation Trained on ImageNet Competition Data","5",5,"Elementwise",0.000831,0.0009803333333333337,0.00485,0,0,2097152,0,2097152,32,256,256,32,256,256,"Ramp","","","","","","","HoldForm[ElementwiseLayer[Ramp, ""Input"" -> {32, 256, 256}]]","0qg73nby9trih",2.52364861612515e9,2.1392233934036033e9,4.3240247422680414e8,"{0.00485, 0.001295, 0.001188, 0.001104, 0.001069, 0.00113, 0.001143, 0.001013, 0.000977, 0.001064, 0.001023, 0.001082, 0.001034, 0.001171, 0.001139, 0.001082, 0.001032, 0.001129, 0.001018, 0.001026, 0.001037, 0.00109, 0.001132, 0.001044, 0.00112, 0.001041, 0.001024, 0.001047, 0.001151, 0.001087, 0.001024, 0.001024, 0.001107, 0.001044, 0.00101, 0.001014, 0.000997, 0.001013, 0.001118, 0.001102, 0.001049, 0.001033, 0.000915, 0.001007, 0.001011, 0.001043, 0.001071, 0.001057, 0.000959, 0.000893, 0.000909, 0.000963, 0.000924, 0.000874, 0.000866, 0.000911, 0.00121, 0.000947, 0.000999, 0.000939, 0.00096, 0.0009, 0.000912, 0.000942, 0.001008, 0.000902, 0.000892, 0.000897, 0.001012, 0.000956, 0.000868, 0.000865, 0.000908, 0.000882, 0.000844, 0.000867, 0.00088, 0.000928, 0.000865, 0.000831, 0.000851, 0.000881, 0.001012, 0.000896, 0.00095, 0.000926, 0.000967, 0.000879, 0.00086, 0.000869, 0.000953, 0.000926, 0.000917, 0.000907, 0.00087, 0.000904, 0.000879, 0.000874, 0.000851, 0.000932}"
