"model_name","layer_name","layer_index","kind","min_time","mean_time","max_time","add_flops","div_flops","cmp_flops","exp_flops","mad_flops","input_channel","input_height","input_width","output_channel","output_height","output_width","function","kernel_1","kernel_2","stride_1","stride_2","dilation_1","dilation_2","input_form","topology_hash","mad/min_time","mad/mean_time","mad/max_time","time"
"Single-Image Depth Perception Net Trained on Depth in the Wild Data","4/1/1/4/1/1/6/1/3",366,"Elementwise",0.000118,0.00011946666666666668,0.000142,0,0,153600,0,153600,32,60,80,32,60,80,"Ramp","","","","","","","HoldForm[ElementwiseLayer[Ramp, ""Input"" -> {32, 60, 80}]]","0diyxaog6919w",1.3016949152542374e9,1.2857142857142856e9,1.0816901408450704e9,"{0.000142, 0.000125, 0.000121, 0.000121, 0.000121, 0.000121, 0.00012, 0.00012, 0.000137, 0.000123, 0.00012, 0.00012, 0.00012, 0.00012, 0.000119, 0.00012, 0.000119, 0.000119, 0.000119, 0.00012, 0.000119, 0.00012, 0.000119, 0.000119, 0.000119, 0.000119, 0.00012, 0.00012, 0.000118, 0.000119, 0.000119, 0.000119, 0.000118, 0.000119, 0.000118, 0.000118, 0.000119, 0.000118, 0.000118, 0.000119, 0.000118, 0.000132, 0.000124, 0.000119, 0.00012, 0.000119, 0.000118, 0.000119, 0.000124, 0.000118}"
