"model_name","layer_name","layer_index","kind","min_time","mean_time","max_time","add_flops","div_flops","cmp_flops","exp_flops","mad_flops","input_channel","input_height","input_width","output_channel","output_height","output_width","function","kernel_1","kernel_2","stride_1","stride_2","dilation_1","dilation_2","input_form","topology_hash","mad/min_time","mad/mean_time","mad/max_time","time"
"SqueezeNet V1.1 Trained on ImageNet Competition Data","fire4/relu_expand3x3",25,"Elementwise",0.000074,0.00007479999999999999,0.000267,0,0,100352,0,100352,128,28,28,128,28,28,"Ramp","","","","","","","HoldForm[ElementwiseLayer[Ramp, ""Input"" -> {128, 28, 28}]]","124swtlye8de0",1.356108108108108e9,1.3416042780748665e9,3.7585018726591766e8,"{0.000267, 0.000079, 0.000076, 0.000076, 0.000075, 0.000075, 0.000074, 0.000075, 0.000074, 0.000075, 0.000075, 0.000074, 0.000075, 0.000075, 0.000103, 0.000081, 0.000075, 0.000075, 0.000076, 0.000074, 0.000074, 0.000075, 0.000075, 0.000075, 0.000075, 0.000075, 0.000074, 0.000075, 0.000074, 0.000075, 0.000074, 0.000075, 0.000074, 0.000075, 0.000074, 0.000074, 0.000075, 0.000076, 0.000075, 0.000074, 0.000075, 0.000075, 0.000074, 0.000075, 0.000074, 0.000075, 0.000074, 0.000075, 0.000075, 0.000074}"
