"model_name","layer_name","layer_index","kind","min_time","mean_time","max_time","add_flops","div_flops","cmp_flops","exp_flops","mad_flops","input_channel","input_height","input_width","output_channel","output_height","output_width","function","kernel_1","kernel_2","stride_1","stride_2","dilation_1","dilation_2","input_form","topology_hash","mad/min_time","mad/mean_time","mad/max_time","time"
"2D Face Alignment Net Trained on 300W Large Pose Data","11/6/1/1/2",24,"Elementwise",0.000252,0.0002565666666666667,0.000407,0,0,524288,0,524288,128,64,64,128,64,64,"Ramp","","","","","","","HoldForm[ElementwiseLayer[Ramp, ""Input"" -> {128, 64, 64}]]","1hgvs9hyt3yrr",2.0805079365079365e9,2.043476679225672e9,1.2881769041769042e9,"{0.000407, 0.00026, 0.000254, 0.000254, 0.000253, 0.000252, 0.000266, 0.000254, 0.000252, 0.000253, 0.000252, 0.000253, 0.000253, 0.000252, 0.000252, 0.000283, 0.00026, 0.000258, 0.000257, 0.000257, 0.000257, 0.000257, 0.000256, 0.000257, 0.000257, 0.000255, 0.000257, 0.000256, 0.000258, 0.000256, 0.000282, 0.000258, 0.000256, 0.000259, 0.000257, 0.000255, 0.000257, 0.000257, 0.000257, 0.000257, 0.000255, 0.000257, 0.000257, 0.000256, 0.000256, 0.000257, 0.000274, 0.000261, 0.000261, 0.00026}"
