"model_name","layer_name","layer_index","kind","min_time","mean_time","max_time","add_flops","div_flops","cmp_flops","exp_flops","mad_flops","input_channel","input_height","input_width","output_channel","output_height","output_width","function","kernel_1","kernel_2","stride_1","stride_2","dilation_1","dilation_2","input_form","topology_hash","mad/min_time","mad/mean_time","mad/max_time","time"
"Squeeze-and-Excitation Net Trained on ImageNet Competition Data","5b/conv5_2_3x3_relu",841,"Elementwise",0.000073,0.0000744,0.000257,0,0,100352,0,100352,2048,7,7,2048,7,7,"Ramp","","","","","","","HoldForm[ElementwiseLayer[Ramp, ""Input"" -> {2048, 7, 7}]]","1gvkzei8k81yv",1.3746849315068493e9,1.3488172043010752e9,3.904747081712062e8,"{0.000257, 0.000079, 0.000075, 0.000076, 0.000074, 0.000074, 0.000074, 0.000075, 0.000074, 0.000075, 0.000074, 0.000074, 0.000074, 0.000075, 0.000074, 0.000074, 0.000074, 0.000075, 0.000075, 0.000074, 0.000074, 0.000074, 0.000075, 0.000075, 0.000075, 0.000076, 0.000074, 0.000074, 0.000074, 0.000075, 0.000075, 0.00009, 0.00008, 0.000075, 0.000074, 0.000074, 0.000074, 0.000074, 0.000075, 0.000074, 0.000089, 0.000075, 0.000074, 0.000073, 0.000075, 0.000074, 0.000074, 0.000074, 0.000074, 0.000073}"
