"model_name","layer_name","layer_index","kind","min_time","mean_time","max_time","add_flops","div_flops","cmp_flops","exp_flops","mad_flops","input_channel","input_height","input_width","output_channel","output_height","output_width","function","kernel_1","kernel_2","stride_1","stride_2","dilation_1","dilation_2","input_form","topology_hash","mad/min_time","mad/mean_time","mad/max_time","time"
"Inception V3 Trained on ImageNet Competition Data","Inception8/mixed_7_tower_1_conv_2_relu",217,"Elementwise",0.000057,0.000058299999999999953,0.000338,0,0,55488,0,55488,192,17,17,192,17,17,"Ramp","","","","","","","HoldForm[ElementwiseLayer[Ramp, ""Input"" -> {192, 17, 17}]]","0j78ocrakg6d9",9.734736842105262e8,9.517667238421963e8,1.641656804733728e8,"{0.000338, 0.000071, 0.000062, 0.00006, 0.00006, 0.000059, 0.000058, 0.000059, 0.000058, 0.000059, 0.000058, 0.000058, 0.000059, 0.000058, 0.000058, 0.000058, 0.000057, 0.000059, 0.000057, 0.000058, 0.000058, 0.000059, 0.000057, 0.000058, 0.000058, 0.000058, 0.000058, 0.000059, 0.000058, 0.000058, 0.000058, 0.000058, 0.000058, 0.000058, 0.000058, 0.000059, 0.000058, 0.000059, 0.00007, 0.00006, 0.000058, 0.000059, 0.000058, 0.000058, 0.000058, 0.000058, 0.000058, 0.000059, 0.000058, 0.000059, 0.000058, 0.000058, 0.000058, 0.000058, 0.000058, 0.000059, 0.000058, 0.000058, 0.000058, 0.000059, 0.000057, 0.000058, 0.000058, 0.000058, 0.000065, 0.000093, 0.000062, 0.000059, 0.000059, 0.000059, 0.000058, 0.000059, 0.000058, 0.000059, 0.000058, 0.000059, 0.000058, 0.000059, 0.000058, 0.000059, 0.000058, 0.000059, 0.000058, 0.000059, 0.000058, 0.000058, 0.000058, 0.000059, 0.000058, 0.000058, 0.000059, 0.000058, 0.000058, 0.000059, 0.000058, 0.000059, 0.000057, 0.000058, 0.000058, 0.000058}"
