"model_name","layer_name","layer_index","kind","min_time","mean_time","max_time","add_flops","div_flops","cmp_flops","exp_flops","mad_flops","input_channel","input_height","input_width","output_channel","output_height","output_width","function","kernel_1","kernel_2","stride_1","stride_2","dilation_1","dilation_2","input_form","topology_hash","mad/min_time","mad/mean_time","mad/max_time","time"
"ResNet-101 Trained on ImageNet Competition Data","2a/res2a_branch2a_relu",10,"Elementwise",0.00011,0.00011186666666666663,0.000457,0,0,200704,0,200704,64,56,56,64,56,56,"Ramp","","","","","","","HoldForm[ElementwiseLayer[Ramp, ""Input"" -> {64, 56, 56}]]","0055vgwv4hket",1.824581818181818e9,1.7941358760429087e9,4.3917724288840264e8,"{0.000457, 0.000114, 0.000111, 0.000112, 0.000112, 0.000111, 0.000111, 0.000111, 0.000111, 0.00011, 0.000111, 0.000111, 0.000111, 0.000111, 0.000111, 0.000111, 0.000111, 0.00011, 0.000111, 0.000111, 0.000112, 0.000111, 0.000112, 0.000111, 0.00011, 0.000111, 0.000111, 0.00011, 0.000132, 0.000129, 0.000116, 0.000113, 0.000113, 0.000113, 0.000113, 0.000113, 0.000112, 0.000113, 0.000112, 0.000113, 0.000113, 0.000113, 0.000113, 0.000113, 0.000112, 0.000113, 0.000112, 0.000113, 0.000112, 0.000112}"
