"model_name","layer_name","layer_index","kind","min_time","mean_time","max_time","add_flops","div_flops","cmp_flops","exp_flops","mad_flops","input_channel","input_height","input_width","output_channel","output_height","output_width","function","kernel_1","kernel_2","stride_1","stride_2","dilation_1","dilation_2","input_form","topology_hash","mad/min_time","mad/mean_time","mad/max_time","time"
"ResNet-152 Trained on ImageNet Competition Data","4b27/res4b27_branch2a_relu",394,"Elementwise",0.000056,0.000058,0.000075,0,0,50176,0,50176,256,14,14,256,14,14,"Ramp","","","","","","","HoldForm[ElementwiseLayer[Ramp, ""Input"" -> {256, 14, 14}]]","1j88u7fzs0nsq",8.960000000000001e8,8.65103448275862e8,6.690133333333334e8,"{0.000075, 0.000063, 0.000059, 0.000058, 0.000058, 0.000058, 0.000058, 0.000058, 0.000058, 0.000058, 0.000057, 0.000058, 0.000058, 0.000058, 0.000058, 0.000058, 0.000057, 0.000058, 0.000058, 0.000058, 0.000058, 0.000058, 0.00006, 0.000057, 0.000058, 0.000058, 0.000057, 0.000058, 0.000057, 0.000058, 0.000058, 0.000058, 0.000058, 0.000058, 0.000058, 0.000058, 0.000059, 0.000057, 0.000059, 0.000058, 0.000058, 0.000057, 0.000058, 0.000058, 0.000058, 0.000066, 0.000063, 0.000057, 0.000056, 0.000057}"
