"model_name","layer_name","layer_index","kind","min_time","mean_time","max_time","add_flops","div_flops","cmp_flops","exp_flops","mad_flops","input_channel","input_height","input_width","output_channel","output_height","output_width","function","kernel_1","kernel_2","stride_1","stride_2","dilation_1","dilation_2","input_form","topology_hash","mad/min_time","mad/mean_time","mad/max_time","time"
"Single-Image Depth Perception Net Trained on NYU Depth V2 Data","4/1/1/4/1/2/1/3/6",401,"Elementwise",0.000266,0.00027380000000000004,0.000401,0,0,614400,0,614400,32,120,160,32,120,160,"Ramp","","","","","","","HoldForm[ElementwiseLayer[Ramp, ""Input"" -> {32, 120, 160}]]","1v51dnnow66w3",2.309774436090225e9,2.2439737034331627e9,1.5321695760598505e9,"{0.000401, 0.000273, 0.000268, 0.000267, 0.000267, 0.00031, 0.000276, 0.000281, 0.000272, 0.000267, 0.000267, 0.000268, 0.000266, 0.000267, 0.000266, 0.000267, 0.000266, 0.000266, 0.000267, 0.000267, 0.000316, 0.000276, 0.000275, 0.000274, 0.000274, 0.000274, 0.000275, 0.000275, 0.000274, 0.000275, 0.000279, 0.000275, 0.000275, 0.000274, 0.000332, 0.00028, 0.000275, 0.000276, 0.000274, 0.000276, 0.000274, 0.000274, 0.000274, 0.000275, 0.000282, 0.000279, 0.000275, 0.000276, 0.0003, 0.000278}"
