"model_name","layer_name","layer_index","kind","min_time","mean_time","max_time","add_flops","div_flops","cmp_flops","exp_flops","mad_flops","input_channel","input_height","input_width","output_channel","output_height","output_width","function","kernel_1","kernel_2","stride_1","stride_2","dilation_1","dilation_2","input_form","topology_hash","mad/min_time","mad/mean_time","mad/max_time","time"
"Inception V1 Trained on ImageNet Competition Data","inception_4e/relu_5x5_reduce",106,"Elementwise",0.000053,0.00005463333333333332,0.000109,0,0,6272,0,6272,32,14,14,32,14,14,"Ramp","","","","","","","HoldForm[ElementwiseLayer[Ramp, ""Input"" -> {32, 14, 14}]]","1soncdgaacatc",1.1833962264150943e8,1.1480170835875538e8,5.754128440366972e7,"{0.000109, 0.000082, 0.000061, 0.000057, 0.000056, 0.000056, 0.000055, 0.000055, 0.000055, 0.000055, 0.000055, 0.000055, 0.000055, 0.000054, 0.000054, 0.000054, 0.000066, 0.000057, 0.000055, 0.000056, 0.000055, 0.000055, 0.000055, 0.000056, 0.000055, 0.000055, 0.000054, 0.000054, 0.000053, 0.000055, 0.000056, 0.000054, 0.000055, 0.000055, 0.000054, 0.000054, 0.000054, 0.000054, 0.000054, 0.000054, 0.000054, 0.000054, 0.000055, 0.000054, 0.000054, 0.000054, 0.000053, 0.000054, 0.000054, 0.000054}"
