"model_name","layer_name","layer_index","kind","min_time","mean_time","max_time","add_flops","div_flops","cmp_flops","exp_flops","mad_flops","input_channel","input_height","input_width","output_channel","output_height","output_width","function","kernel_1","kernel_2","stride_1","stride_2","dilation_1","dilation_2","input_form","topology_hash","mad/min_time","mad/mean_time","mad/max_time","time"
"CycleGAN Summer-to-Winter Translation","19/1/4",71,"Elementwise",0.000224,0.00022656666666666654,0.001076,0,0,524288,0,524288,128,64,64,128,64,64,"Ramp","","","","","","","HoldForm[ElementwiseLayer[Ramp, ""Input"" -> {128, 64, 64}]]","1hgvs9hyt3yrr",2.340571428571429e9,2.3140562012652655e9,4.8725650557620823e8,"{0.001076, 0.000229, 0.000225, 0.000224, 0.000226, 0.000225, 0.000225, 0.000224, 0.000224, 0.000225, 0.000224, 0.000225, 0.000256, 0.000233, 0.000227, 0.000227, 0.000226, 0.000227, 0.000227, 0.000226, 0.000226, 0.000227, 0.000226, 0.000227, 0.000226, 0.000226, 0.000226, 0.000226, 0.000226, 0.000246, 0.00024, 0.000237, 0.000228, 0.000226, 0.000227, 0.000226, 0.000227, 0.000227, 0.000227, 0.000227, 0.000226, 0.000227, 0.000227, 0.000227, 0.000227, 0.000226, 0.000248, 0.000232, 0.000228, 0.000226}"
