"model_name","layer_name","layer_index","kind","min_time","mean_time","max_time","add_flops","div_flops","cmp_flops","exp_flops","mad_flops","input_channel","input_height","input_width","output_channel","output_height","output_width","function","kernel_1","kernel_2","stride_1","stride_2","dilation_1","dilation_2","input_form","topology_hash","mad/min_time","mad/mean_time","mad/max_time","time"
"Single-Image Depth Perception Net Trained on NYU Depth V2 Data","4/1/1/4/1/1/4/1/1/1/4/6",114,"Elementwise",0.000145,0.0001461333333333333,0.000714,0,0,307200,0,307200,64,60,80,64,60,80,"Ramp","","","","","","","HoldForm[ElementwiseLayer[Ramp, ""Input"" -> {64, 60, 80}]]","1tfaqscxpe2vw",2.1186206896551723e9,2.1021897810218985e9,4.302521008403361e8,"{0.000714, 0.000152, 0.000148, 0.000147, 0.000147, 0.000146, 0.000146, 0.000146, 0.000146, 0.000146, 0.000169, 0.000153, 0.000146, 0.000146, 0.000146, 0.000146, 0.000146, 0.000145, 0.000146, 0.000147, 0.000146, 0.000146, 0.000146, 0.000145, 0.000146, 0.000145, 0.000146, 0.000146, 0.000145, 0.000147, 0.000146, 0.000146, 0.000146, 0.000146, 0.000146, 0.000145, 0.000146, 0.000165, 0.000152, 0.000148, 0.000159, 0.000146, 0.000146, 0.000145, 0.000146, 0.000145, 0.000147, 0.000145, 0.000146, 0.000146}"
