"model_name","layer_name","layer_index","kind","min_time","mean_time","max_time","add_flops","div_flops","cmp_flops","exp_flops","mad_flops","input_channel","input_height","input_width","output_channel","output_height","output_width","function","kernel_1","kernel_2","stride_1","stride_2","dilation_1","dilation_2","input_form","topology_hash","mad/min_time","mad/mean_time","mad/max_time","time"
"Gender Prediction VGG-16 Trained on IMDB-WIKI Data","relu5_2",28,"Elementwise",0.000099,0.00010055000000000009,0.000412,0,0,100352,0,100352,512,14,14,512,14,14,"Ramp","","","","","","","HoldForm[ElementwiseLayer[Ramp, ""Input"" -> {512, 14, 14}]]","051ljacqnis96",1.0136565656565658e9,9.980308304326197e8,2.4357281553398058e8,"{0.000412, 0.000112, 0.000105, 0.000103, 0.000103, 0.000102, 0.000102, 0.000102, 0.0001, 0.000101, 0.0001, 0.0001, 0.000101, 0.0001, 0.000101, 0.000101, 0.0001, 0.00011, 0.000101, 0.000101, 0.000101, 0.0001, 0.000101, 0.0001, 0.0001, 0.000101, 0.0001, 0.0001, 0.000101, 0.0001, 0.0001, 0.000101, 0.000101, 0.000101, 0.000101, 0.0001, 0.0001, 0.000101, 0.000101, 0.000101, 0.000101, 0.000102, 0.0001, 0.0001, 0.0001, 0.000101, 0.000101, 0.000101, 0.000101, 0.000101, 0.000101, 0.0001, 0.000101, 0.0001, 0.000101, 0.000121, 0.000105, 0.000102, 0.000102, 0.000101, 0.000101, 0.000101, 0.000101, 0.0001, 0.0001, 0.000101, 0.0001, 0.0001, 0.0001, 0.000101, 0.0001, 0.0001, 0.0001, 0.0001, 0.000099, 0.0001, 0.0001, 0.0001, 0.0001, 0.000101, 0.0001, 0.0001, 0.000099, 0.0001, 0.0001, 0.0001, 0.000102, 0.0001, 0.0001, 0.000101, 0.0001, 0.000101, 0.0001, 0.0001, 0.000118, 0.000106, 0.000101, 0.0001, 0.0001, 0.0001}"
