"model_name","layer_name","layer_index","kind","min_time","mean_time","max_time","add_flops","div_flops","cmp_flops","exp_flops","mad_flops","input_channel","input_height","input_width","output_channel","output_height","output_width","function","kernel_1","kernel_2","stride_1","stride_2","dilation_1","dilation_2","input_form","topology_hash","mad/min_time","mad/mean_time","mad/max_time","time"
"ResNet-152 Trained on ImageNet Competition Data","3b4/res3b4_branch2b_relu",85,"Elementwise",0.000072,0.00007293333333333332,0.00026,0,0,100352,0,100352,128,28,28,128,28,28,"Ramp","","","","","","","HoldForm[ElementwiseLayer[Ramp, ""Input"" -> {128, 28, 28}]]","124swtlye8de0",1.3937777777777777e9,1.3759414990859234e9,3.8596923076923084e8,"{0.00026, 0.000077, 0.000073, 0.000073, 0.000072, 0.000072, 0.000073, 0.000072, 0.000073, 0.000072, 0.000072, 0.000073, 0.000073, 0.000072, 0.000072, 0.000072, 0.000072, 0.000073, 0.000073, 0.000072, 0.000072, 0.000072, 0.000072, 0.000073, 0.000072, 0.000072, 0.000072, 0.000072, 0.000072, 0.000073, 0.000072, 0.000072, 0.000072, 0.000072, 0.000072, 0.000072, 0.000109, 0.000099, 0.000081, 0.000077, 0.000077, 0.000089, 0.000076, 0.000075, 0.000076, 0.000075, 0.000075, 0.000075, 0.000075, 0.000075}"
