"model_name","layer_name","layer_index","kind","min_time","mean_time","max_time","add_flops","div_flops","cmp_flops","exp_flops","mad_flops","input_channel","input_height","input_width","output_channel","output_height","output_width","function","kernel_1","kernel_2","stride_1","stride_2","dilation_1","dilation_2","input_form","topology_hash","mad/min_time","mad/mean_time","mad/max_time","time"
"BERT Trained on BookCorpus and English Wikipedia Data","encoder/10/1/attention/1/elem",652,"Elementwise",0.000042,0.0000426,0.000112,0,0,0,0,"64*LengthVar[1716631773]","LengthVar[1716631773]",64,"","LengthVar[1716631773]",64,"","ScalarFunctionObject[{ScalarSymbol[1]}, ScalarSymbol[2], <|ScalarSymbol[2] -> {Times, 0.125, ScalarSymbol[1]}|>]","","","","","","","HoldForm[ElementwiseLayer[0.125*#1 & , ""Input"" -> {""Varying"", 64}]]","1qls6pibzwobu","1.5238095238095238*^6*LengthVar[1.716631773*^9]","1.5023474178403756*^6*LengthVar[1.716631773*^9]","571428.5714285715*LengthVar[1.716631773*^9]","{0.000112, 0.00005, 0.000045, 0.000045, 0.000043, 0.000043, 0.000043, 0.000042, 0.000043, 0.000042, 0.000043, 0.000065, 0.000048, 0.000043, 0.000043, 0.000042, 0.000043, 0.000058, 0.000043, 0.000043, 0.000042, 0.000043, 0.000042, 0.000042, 0.000043, 0.000043, 0.000042, 0.000043, 0.000043, 0.000043, 0.000042, 0.000043, 0.000042, 0.000043, 0.000042, 0.000043, 0.000042, 0.000044, 0.000043, 0.000042, 0.000043, 0.000042, 0.000043, 0.000042, 0.000042, 0.000043, 0.000043, 0.000043, 0.000043, 0.000042, 0.000043, 0.000043, 0.000042, 0.000043, 0.000043, 0.000042, 0.000043, 0.000043, 0.000042, 0.000042, 0.000043, 0.000042, 0.000042, 0.000043, 0.000042, 0.000042, 0.000042, 0.000042, 0.000043, 0.000042, 0.000043, 0.000042, 0.000042, 0.000043, 0.000042, 0.000042, 0.000043, 0.000042, 0.000042, 0.000043, 0.000042, 0.000042, 0.000043, 0.000042, 0.000043, 0.000043, 0.000042, 0.000043, 0.000042, 0.000043, 0.000043, 0.000042, 0.000043, 0.000042, 0.000042, 0.000042, 0.000043, 0.000042, 0.000042, 0.000043}"
