"model_name","layer_name","layer_index","kind","min_time","mean_time","max_time","add_flops","div_flops","cmp_flops","exp_flops","mad_flops","input_channel","input_height","input_width","output_channel","output_height","output_width","function","kernel_1","kernel_2","stride_1","stride_2","dilation_1","dilation_2","input_form","topology_hash","mad/min_time","mad/mean_time","mad/max_time","time"
"Ademxapp Model A1 Trained on ADE20K Data","conv6a_relu",138,"Elementwise",0.000897,0.0010347666666666669,0.005265,0,0,2032128,0,2032128,512,63,63,512,63,63,"Ramp","","","","","","","HoldForm[ElementwiseLayer[Ramp, ""Input"" -> {512, 63, 63}]]","0bs40dqisfuvt",2.2654715719063544e9,1.9638514318848045e9,3.859692307692308e8,"{0.005265, 0.001731, 0.001166, 0.001063, 0.001157, 0.001027, 0.001069, 0.001244, 0.001226, 0.001096, 0.001011, 0.001162, 0.001116, 0.001017, 0.001084, 0.00106, 0.000982, 0.001015, 0.001212, 0.00109, 0.00099, 0.000981, 0.001098, 0.000976, 0.000938, 0.000987, 0.001118, 0.000973, 0.001047, 0.000985, 0.00108, 0.000956, 0.000992, 0.000952, 0.001272, 0.001399, 0.001101, 0.001147, 0.001097, 0.001021, 0.000961, 0.001071, 0.00096, 0.000982, 0.000984, 0.001165, 0.001076, 0.001315, 0.001436, 0.001146, 0.001042, 0.00112, 0.001029, 0.001022, 0.001012, 0.001051, 0.001019, 0.000966, 0.000937, 0.001034, 0.001172, 0.001047, 0.000995, 0.001054, 0.001, 0.00095, 0.001002, 0.001132, 0.000966, 0.000917, 0.000925, 0.000981, 0.000932, 0.000897, 0.001046, 0.001067, 0.000918, 0.000951, 0.000914, 0.001128, 0.001367, 0.001208, 0.001252, 0.001199, 0.001002, 0.000964, 0.001036, 0.001027, 0.001055, 0.000918, 0.000966, 0.000923, 0.000919, 0.000994, 0.001014, 0.000977, 0.001013, 0.000986, 0.001054, 0.000992}"
