"model_name","layer_name","layer_index","kind","min_time","mean_time","max_time","add_flops","div_flops","cmp_flops","exp_flops","mad_flops","input_channel","input_height","input_width","output_channel","output_height","output_width","function","kernel_1","kernel_2","stride_1","stride_2","dilation_1","dilation_2","input_form","topology_hash","mad/min_time","mad/mean_time","mad/max_time","time"
"SSD-VGG-512 Trained on MS-COCO Data","1/1/blockNet7/conv6/2",33,"Elementwise",0.000404,0.0004096666666666665,0.002334,0,0,1048576,0,1048576,1024,32,32,1024,32,32,"Ramp","","","","","","","HoldForm[ElementwiseLayer[Ramp, ""Input"" -> {1024, 32, 32}]]","004jcblvgtpap",2.5954851485148516e9,2.559583401139138e9,4.49261353898886e8,"{0.002334, 0.00043, 0.00044, 0.000412, 0.000406, 0.000406, 0.000429, 0.000405, 0.000404, 0.000405, 0.000406, 0.000449, 0.000413, 0.000405, 0.000406, 0.000404, 0.000405, 0.000405, 0.000431, 0.000406, 0.000406, 0.000446, 0.000419, 0.000409, 0.000409, 0.000408, 0.000409, 0.000407, 0.000408, 0.000409, 0.000425, 0.000439, 0.000414, 0.000412, 0.000409, 0.000408, 0.000408, 0.000409, 0.00041, 0.000408, 0.000437, 0.00041, 0.000428, 0.000409, 0.000408, 0.000409, 0.000412, 0.000408, 0.000408, 0.000409, 0.00045, 0.000413, 0.000409, 0.000408, 0.000408, 0.000433, 0.000409, 0.000408, 0.000409, 0.000435, 0.000409, 0.000409, 0.00041, 0.000409, 0.00041, 0.000408, 0.000425, 0.00041, 0.000409, 0.000444, 0.000416, 0.000408, 0.000409, 0.000408, 0.000409, 0.000408, 0.000408, 0.000409, 0.00041, 0.000443, 0.00041, 0.000408, 0.00041, 0.000409, 0.000409, 0.000408, 0.000409, 0.000409, 0.000441, 0.000412, 0.000409, 0.000431, 0.000409, 0.00041, 0.000411, 0.000408, 0.000409, 0.000409, 0.000444, 0.000409}"
