"model_name","layer_name","layer_index","kind","min_time","mean_time","max_time","add_flops","div_flops","cmp_flops","exp_flops","mad_flops","input_channel","input_height","input_width","output_channel","output_height","output_width","function","kernel_1","kernel_2","stride_1","stride_2","dilation_1","dilation_2","input_form","topology_hash","mad/min_time","mad/mean_time","mad/max_time","time"
"Inception V1 Trained on ImageNet Competition Data","inception_4b/relu_5x5",66,"Elementwise",0.00004,0.000041299999999999994,0.000227,0,0,12544,0,12544,64,14,14,64,14,14,"Ramp","","","","","","","HoldForm[ElementwiseLayer[Ramp, ""Input"" -> {64, 14, 14}]]","0xkzyn82pnt14",3.1359999999999994e8,3.0372881355932206e8,5.525991189427313e7,"{0.000227, 0.000051, 0.000045, 0.000042, 0.000042, 0.000041, 0.000042, 0.000041, 0.000042, 0.000042, 0.000042, 0.000042, 0.000041, 0.000041, 0.000041, 0.000041, 0.000041, 0.000041, 0.000041, 0.000041, 0.000041, 0.000041, 0.000041, 0.000041, 0.000041, 0.000041, 0.000041, 0.000042, 0.000041, 0.000041, 0.000041, 0.000048, 0.000044, 0.000044, 0.000042, 0.00004, 0.000043, 0.000042, 0.000041, 0.000041, 0.000041, 0.00004, 0.00004, 0.000042, 0.00004, 0.000041, 0.000041, 0.000041, 0.000041, 0.000041, 0.000041, 0.00004, 0.000041, 0.000041, 0.000041, 0.000041, 0.000041, 0.00004, 0.000041, 0.00004, 0.000041, 0.000041, 0.000041, 0.00004, 0.000041, 0.00004, 0.00004, 0.000041, 0.00004, 0.000041, 0.000041, 0.00004, 0.00004, 0.00004, 0.00004, 0.000041, 0.00004, 0.00004, 0.00004, 0.00004, 0.000051, 0.000044, 0.000042, 0.000043, 0.000042, 0.000074, 0.000057, 0.000043, 0.000043, 0.000043, 0.000043, 0.000042, 0.000043, 0.000042, 0.000042, 0.000043, 0.000043, 0.000042, 0.000043, 0.000042}"
