"model_name","layer_name","layer_index","kind","min_time","mean_time","max_time","add_flops","div_flops","cmp_flops","exp_flops","mad_flops","input_channel","input_height","input_width","output_channel","output_height","output_width","function","kernel_1","kernel_2","stride_1","stride_2","dilation_1","dilation_2","input_form","topology_hash","mad/min_time","mad/mean_time","mad/max_time","time"
"3D Face Alignment Net Trained on 300W Large Pose Data","12/1/2/3/1/2/4/1/1/4/2/2/2/2",924,"Elementwise",0.000042,0.00004369999999999999,0.000063,0,0,16384,0,16384,64,16,16,64,16,16,"Ramp","","","","","","","HoldForm[ElementwiseLayer[Ramp, ""Input"" -> {64, 16, 16}]]","1bzgaj4luhw3x",3.900952380952381e8,3.749199084668193e8,2.6006349206349206e8,"{0.000063, 0.000048, 0.000045, 0.000044, 0.000044, 0.000043, 0.000044, 0.000044, 0.000044, 0.000044, 0.000044, 0.000045, 0.000044, 0.000043, 0.000044, 0.000044, 0.000044, 0.000044, 0.000044, 0.000044, 0.000043, 0.000044, 0.000044, 0.000043, 0.000043, 0.000043, 0.000044, 0.000044, 0.000044, 0.000043, 0.000043, 0.000043, 0.000043, 0.000044, 0.000043, 0.000043, 0.000043, 0.000044, 0.000044, 0.000044, 0.000044, 0.000043, 0.000043, 0.000044, 0.000044, 0.000043, 0.000049, 0.000042, 0.000042, 0.000042}"
