"model_name","layer_name","layer_index","kind","min_time","mean_time","max_time","add_flops","div_flops","cmp_flops","exp_flops","mad_flops","input_channel","input_height","input_width","output_channel","output_height","output_width","function","kernel_1","kernel_2","stride_1","stride_2","dilation_1","dilation_2","input_form","topology_hash","mad/min_time","mad/mean_time","mad/max_time","time"
"Dilated ResNet-38 Trained on Cityscapes Data","relu6",25,"Elementwise",0.000764,0.0008848500000000002,0.004756,0,0,2097152,0,2097152,64,128,256,64,128,256,"Ramp","","","","","","","HoldForm[ElementwiseLayer[Ramp, ""Input"" -> {64, 128, 256}]]","1rs0uwtp6kcgp",2.7449633507853403e9,2.37006498276544e9,4.409486963835156e8,"{0.004756, 0.0011, 0.000905, 0.00088, 0.000835, 0.0008, 0.000794, 0.000888, 0.000874, 0.000808, 0.000764, 0.000765, 0.000865, 0.000874, 0.00083, 0.000802, 0.000792, 0.000806, 0.000878, 0.00082, 0.000792, 0.000802, 0.000809, 0.000884, 0.000877, 0.000812, 0.000827, 0.00083, 0.000899, 0.000817, 0.000838, 0.000876, 0.000932, 0.000889, 0.000879, 0.000841, 0.000932, 0.000972, 0.000942, 0.000856, 0.000831, 0.000906, 0.000841, 0.000839, 0.000884, 0.00082, 0.000888, 0.00086, 0.000845, 0.000888, 0.000916, 0.000868, 0.000854, 0.000839, 0.000845, 0.000948, 0.000871, 0.000859, 0.000859, 0.000979, 0.00089, 0.000872, 0.00087, 0.000861, 0.000959, 0.000982, 0.0009, 0.000933, 0.001024, 0.000973, 0.001059, 0.001033, 0.001055, 0.000977, 0.000946, 0.000907, 0.001016, 0.000935, 0.000845, 0.000845, 0.000908, 0.000899, 0.000971, 0.000881, 0.000862, 0.000981, 0.000857, 0.000803, 0.000779, 0.000818, 0.000992, 0.00089, 0.00104, 0.001091, 0.001085, 0.000993, 0.001011, 0.001039, 0.001026, 0.001}"
