"model_name","layer_name","layer_index","kind","min_time","mean_time","max_time","add_flops","div_flops","cmp_flops","exp_flops","mad_flops","input_channel","input_height","input_width","output_channel","output_height","output_width","function","kernel_1","kernel_2","stride_1","stride_2","dilation_1","dilation_2","input_form","topology_hash","mad/min_time","mad/mean_time","mad/max_time","time"
"GPT-2 Transformer Trained on WebText Data","decoder/11/1/attention/6/elem",723,"Elementwise",0.000029,0.00003898333333333331,0.000208,0,0,0,0,"64*LengthVar[2022774245]","LengthVar[2022774245]",64,"","LengthVar[2022774245]",64,"","ScalarFunctionObject[{ScalarSymbol[1]}, ScalarSymbol[2], <|ScalarSymbol[2] -> {Times, 0.125, ScalarSymbol[1]}|>]","","","","","","","HoldForm[ElementwiseLayer[0.125*#1 & , ""Input"" -> {""Varying"", 64}]]","1qls6pibzwobu","2.2068965517241377*^6*LengthVar[2.022774245*^9]","1.6417272338606252*^6*LengthVar[2.022774245*^9]","307692.3076923077*LengthVar[2.022774245*^9]","{0.000208, 0.00005, 0.000029, 0.000039, 0.000042, 0.00004, 0.000039, 0.000039, 0.000038, 0.000039, 0.000039, 0.000039, 0.000039, 0.000039, 0.000038, 0.000039, 0.000039, 0.000038, 0.000039, 0.000038, 0.000039, 0.000038, 0.000039, 0.000038, 0.000039, 0.000038, 0.000038, 0.000039, 0.000038, 0.000039, 0.000038, 0.000039, 0.000038, 0.000039, 0.000038, 0.000039, 0.000038, 0.000039, 0.000038, 0.000039, 0.000039, 0.000039, 0.000039, 0.000039, 0.000039, 0.000039, 0.000039, 0.000039, 0.00004, 0.000039, 0.000039, 0.000039, 0.000038, 0.00004, 0.000039, 0.000039, 0.000039, 0.000039, 0.000039, 0.000039, 0.000038, 0.000039, 0.000038, 0.000052, 0.000042, 0.00004, 0.000039, 0.00004, 0.000039, 0.000039, 0.00004, 0.000039, 0.000039, 0.000039, 0.000039, 0.000039, 0.000039, 0.000039, 0.000039, 0.000039, 0.000039, 0.000039, 0.000039, 0.000038, 0.000039, 0.000039, 0.000039, 0.000039, 0.000039, 0.000039, 0.000039, 0.000039, 0.000038, 0.000039, 0.000039, 0.000039, 0.000039, 0.000038, 0.000039, 0.000039}"
