"model_name","layer_name","layer_index","kind","min_time","mean_time","max_time","add_flops","div_flops","cmp_flops","exp_flops","mad_flops","input_channel","input_height","input_width","output_channel","output_height","output_width","function","kernel_1","kernel_2","stride_1","stride_2","dilation_1","dilation_2","input_form","topology_hash","mad/min_time","mad/mean_time","mad/max_time","time"
"Squeeze-and-Excitation Net Trained on ImageNet Competition Data","4c/conv4_3_relu",255,"Elementwise",0.000106,0.00010889999999999992,0.000591,0,0,200704,0,200704,1024,14,14,1024,14,14,"Ramp","","","","","","","HoldForm[ElementwiseLayer[Ramp, ""Input"" -> {1024, 14, 14}]]","1k2x5pn4rbhw1",1.8934339622641509e9,1.8430119375573936e9,3.396006768189509e8,"{0.000591, 0.000115, 0.00011, 0.000108, 0.000107, 0.000107, 0.000107, 0.000107, 0.000106, 0.000107, 0.000108, 0.000106, 0.000122, 0.000113, 0.000107, 0.000107, 0.000107, 0.000107, 0.000107, 0.000106, 0.000107, 0.000106, 0.000107, 0.000113, 0.000118, 0.000108, 0.000106, 0.000109, 0.000106, 0.000138, 0.000118, 0.00011, 0.000109, 0.000109, 0.000109, 0.000109, 0.000109, 0.000109, 0.000109, 0.000109, 0.000109, 0.000109, 0.000109, 0.000109, 0.000108, 0.000109, 0.000109, 0.000109, 0.000109, 0.000108, 0.000109, 0.000109, 0.000108, 0.000109, 0.00011, 0.00011, 0.00011, 0.000109, 0.000109, 0.000109, 0.000109, 0.000109, 0.000109, 0.000109, 0.000109, 0.000117, 0.000116, 0.000109, 0.00011, 0.000109, 0.000109, 0.000109, 0.000109, 0.000109, 0.000109, 0.000109, 0.000109, 0.000108, 0.000109, 0.00011, 0.000109, 0.000109, 0.000109, 0.000109, 0.000109, 0.000109, 0.000109, 0.000109, 0.000109, 0.000109, 0.00011, 0.000108, 0.000109, 0.00011, 0.000109, 0.000109, 0.000109, 0.000109, 0.000109, 0.000109}"
