"model_name","layer_name","layer_index","kind","min_time","mean_time","max_time","add_flops","div_flops","cmp_flops","exp_flops","mad_flops","input_channel","input_height","input_width","output_channel","output_height","output_width","function","kernel_1","kernel_2","stride_1","stride_2","dilation_1","dilation_2","input_form","topology_hash","mad/min_time","mad/mean_time","mad/max_time","time"
"SSD-VGG-512 Trained on MS-COCO Data","1/1/blockNet4/conv4a/2",19,"Elementwise",0.000865,0.0009411999999999996,0.004575,0,0,2097152,0,2097152,512,64,64,512,64,64,"Ramp","","","","","","","HoldForm[ElementwiseLayer[Ramp, ""Input"" -> {512, 64, 64}]]","1it3tl4s15sb7",2.4244531791907516e9,2.2281682957926064e9,4.5839387978142077e8,"{0.004575, 0.001242, 0.001097, 0.001003, 0.000968, 0.00098, 0.001007, 0.000969, 0.000942, 0.00094, 0.001037, 0.000975, 0.000948, 0.000955, 0.000989, 0.000924, 0.000943, 0.000936, 0.000935, 0.000984, 0.000963, 0.00096, 0.000928, 0.000963, 0.000895, 0.000873, 0.000879, 0.000912, 0.000876, 0.000865, 0.000874, 0.000919, 0.001009, 0.000921, 0.000918, 0.000942, 0.001016, 0.000956, 0.000912, 0.000902, 0.000929, 0.000899, 0.000947, 0.0009, 0.000889, 0.000884, 0.000917, 0.00092, 0.000928, 0.001002}"
