"model_name","layer_name","layer_index","kind","min_time","mean_time","max_time","add_flops","div_flops","cmp_flops","exp_flops","mad_flops","input_channel","input_height","input_width","output_channel","output_height","output_width","function","kernel_1","kernel_2","stride_1","stride_2","dilation_1","dilation_2","input_form","topology_hash","mad/min_time","mad/mean_time","mad/max_time","time"
"2D Face Alignment Net Trained on 300W Large Pose Data","15/1/1/1/1/2",68,"Elementwise",0.00035,0.00035499999999999963,0.002254,0,0,0,0,0,256,64,64,256,64,64,"ScalarFunctionObject[{ScalarSymbol[1]}, ScalarSymbol[1], <||>]","","","","","","","HoldForm[ElementwiseLayer[#1 & , ""Input"" -> {256, 64, 64}]]","150c882ssy97b",0.,0.,0.,"{0.002254, 0.000397, 0.000357, 0.000353, 0.000352, 0.000354, 0.000352, 0.000389, 0.000359, 0.000351, 0.000351, 0.000351, 0.000351, 0.000351, 0.000352, 0.000352, 0.000351, 0.000354, 0.000351, 0.000359, 0.000357, 0.000352, 0.000351, 0.000352, 0.000352, 0.000352, 0.000357, 0.000355, 0.000351, 0.00035, 0.000401, 0.000362, 0.000356, 0.000355, 0.000357, 0.000355, 0.000354, 0.000354, 0.000354, 0.000354, 0.000355, 0.000388, 0.000354, 0.000353, 0.000359, 0.000359, 0.000356, 0.000355, 0.000355, 0.000355, 0.000355, 0.000354, 0.000377, 0.000355, 0.000357, 0.000358, 0.000356, 0.000355, 0.000356, 0.000355, 0.000355, 0.000354, 0.000355, 0.000389, 0.000355, 0.000354, 0.000354, 0.000354, 0.000354, 0.000354, 0.000355, 0.000355, 0.000361, 0.000356, 0.000379, 0.000356, 0.000356, 0.000354, 0.000354, 0.000354, 0.000355, 0.000354, 0.000358, 0.000358, 0.00037, 0.000387, 0.000355, 0.000354, 0.000355, 0.000354, 0.000356, 0.000356, 0.000356, 0.000355, 0.000355, 0.000356, 0.000379, 0.000355, 0.000355, 0.000354}"
