"model_name","layer_name","layer_index","kind","min_time","mean_time","max_time","add_flops","div_flops","cmp_flops","exp_flops","mad_flops","input_channel","input_height","input_width","output_channel","output_height","output_width","function","kernel_1","kernel_2","stride_1","stride_2","dilation_1","dilation_2","input_form","topology_hash","mad/min_time","mad/mean_time","mad/max_time","time"
"SSD-VGG-512 Trained on MS-COCO Data","1/1/blockNet4/conv3b/2",14,"Elementwise",0.002605,0.0028717999999999994,0.00899,0,0,4194304,0,4194304,256,128,128,256,128,128,"Ramp","","","","","","","HoldForm[ElementwiseLayer[Ramp, ""Input"" -> {256, 128, 128}]]","0ncvn3sejjvjr",1.6100975047984645e9,1.4605139633679228e9,4.6655216907675195e8,"{0.00899, 0.00286, 0.002993, 0.002939, 0.002883, 0.002815, 0.00296, 0.00292, 0.002918, 0.002859, 0.002949, 0.002876, 0.002878, 0.002923, 0.002853, 0.002751, 0.002714, 0.002784, 0.002685, 0.002605, 0.002839, 0.002801, 0.002672, 0.00289, 0.002926, 0.00279, 0.002749, 0.002877, 0.002834, 0.002679, 0.002907, 0.002952, 0.002784, 0.002785, 0.0029, 0.002855, 0.002827, 0.002984, 0.003024, 0.002903, 0.002838, 0.003, 0.002913, 0.002758, 0.002957, 0.002938, 0.002891, 0.002821, 0.002976, 0.002895}"
