"model_name","layer_name","layer_index","kind","min_time","mean_time","max_time","add_flops","div_flops","cmp_flops","exp_flops","mad_flops","input_channel","input_height","input_width","output_channel","output_height","output_width","function","kernel_1","kernel_2","stride_1","stride_2","dilation_1","dilation_2","input_form","topology_hash","mad/min_time","mad/mean_time","mad/max_time","time"
"ResNet-50 Trained on ImageNet Competition Data","3b/res3b_relu",59,"Elementwise",0.000177,0.0001802166666666667,0.001004,0,0,401408,0,401408,512,28,28,512,28,28,"Ramp","","","","","","","HoldForm[ElementwiseLayer[Ramp, ""Input"" -> {512, 28, 28}]]","1dnvsxrgaunmm",2.2678418079096045e9,2.2273633589198184e9,3.998087649402391e8,"{0.001004, 0.000199, 0.000187, 0.00018, 0.000181, 0.000179, 0.00018, 0.000178, 0.000179, 0.000179, 0.000179, 0.000179, 0.000178, 0.000179, 0.000178, 0.000179, 0.000183, 0.000188, 0.000181, 0.000179, 0.000179, 0.000178, 0.000179, 0.000201, 0.000184, 0.000178, 0.000178, 0.000178, 0.000179, 0.000178, 0.000178, 0.000177, 0.000178, 0.000179, 0.000179, 0.000178, 0.000178, 0.000178, 0.000178, 0.000178, 0.000178, 0.000178, 0.000178, 0.000178, 0.000178, 0.000206, 0.000188, 0.000181, 0.000181, 0.000181, 0.000181, 0.00018, 0.000181, 0.000181, 0.00018, 0.000182, 0.000181, 0.000181, 0.000181, 0.000181, 0.000181, 0.000181, 0.00018, 0.000187, 0.000183, 0.000181, 0.000183, 0.000183, 0.000182, 0.000181, 0.00018, 0.00018, 0.000184, 0.000184, 0.000181, 0.00018, 0.00018, 0.000181, 0.000181, 0.00018, 0.00018, 0.000181, 0.000181, 0.00018, 0.00018, 0.000181, 0.00018, 0.00018, 0.000199, 0.000184, 0.000181, 0.000181, 0.000181, 0.000181, 0.00018, 0.000182, 0.000181, 0.00018, 0.000181, 0.00018}"
