"model_name","layer_name","layer_index","kind","min_time","mean_time","max_time","add_flops","div_flops","cmp_flops","exp_flops","mad_flops","input_channel","input_height","input_width","output_channel","output_height","output_width","function","kernel_1","kernel_2","stride_1","stride_2","dilation_1","dilation_2","input_form","topology_hash","mad/min_time","mad/mean_time","mad/max_time","time"
"Single-Image Depth Perception Net Trained on Depth in the Wild Data","4/1/1/4/1/1/4/1/2/4/1/2/4/3/6",286,"Elementwise",0.000064,0.00006519999999999999,0.000255,0,0,19200,0,19200,64,15,20,64,15,20,"Ramp","","","","","","","HoldForm[ElementwiseLayer[Ramp, ""Input"" -> {64, 15, 20}]]","150svbnl61sp4",3.e8,2.9447852760736203e8,7.529411764705883e7,"{0.000255, 0.000077, 0.000069, 0.000067, 0.000067, 0.000066, 0.000066, 0.000066, 0.000065, 0.000065, 0.000096, 0.000071, 0.000066, 0.000066, 0.000067, 0.000066, 0.000065, 0.000066, 0.000065, 0.000065, 0.000065, 0.000065, 0.000065, 0.000065, 0.000065, 0.000065, 0.000065, 0.000065, 0.000065, 0.000066, 0.000065, 0.000065, 0.000065, 0.000065, 0.000065, 0.000065, 0.000065, 0.000065, 0.000065, 0.000065, 0.000065, 0.000065, 0.000066, 0.000066, 0.000065, 0.000065, 0.000065, 0.000065, 0.000066, 0.000065, 0.000065, 0.000065, 0.000065, 0.000065, 0.000065, 0.000066, 0.000066, 0.000065, 0.000066, 0.000067, 0.000067, 0.000065, 0.000065, 0.000065, 0.000065, 0.000065, 0.000065, 0.000065, 0.000091, 0.000068, 0.000066, 0.000066, 0.000065, 0.000065, 0.000065, 0.000066, 0.000065, 0.000065, 0.000065, 0.000064, 0.000065, 0.000065, 0.000065, 0.000065, 0.000065, 0.000065, 0.000064, 0.000065, 0.000065, 0.000065, 0.000065, 0.000066, 0.000065, 0.000066, 0.000066, 0.000065, 0.000065, 0.000065, 0.000065, 0.000065}"
