"model_name","layer_name","layer_index","kind","min_time","mean_time","max_time","add_flops","div_flops","cmp_flops","exp_flops","mad_flops","input_channel","input_height","input_width","output_channel","output_height","output_width","function","kernel_1","kernel_2","stride_1","stride_2","dilation_1","dilation_2","input_form","topology_hash","mad/min_time","mad/mean_time","mad/max_time","time"
"Single-Image Depth Perception Net Trained on NYU Depth V2 and Depth in the Wild Data","4/1/1/4/1/1/5/1/3",344,"Elementwise",0.000147,0.00014814999999999994,0.000846,0,0,307200,0,307200,64,60,80,64,60,80,"Ramp","","","","","","","HoldForm[ElementwiseLayer[Ramp, ""Input"" -> {64, 60, 80}]]","1tfaqscxpe2vw",2.089795918367347e9,2.0735740803239968e9,3.6312056737588656e8,"{0.000846, 0.000162, 0.000152, 0.000149, 0.000149, 0.000151, 0.000149, 0.000149, 0.000148, 0.000148, 0.000148, 0.000159, 0.000149, 0.000148, 0.000148, 0.000148, 0.000148, 0.000148, 0.000148, 0.000148, 0.000148, 0.000148, 0.000148, 0.000166, 0.000152, 0.000148, 0.000149, 0.000148, 0.000148, 0.000148, 0.000148, 0.000148, 0.000149, 0.000148, 0.000147, 0.000148, 0.000148, 0.000148, 0.000148, 0.000148, 0.000148, 0.000147, 0.000148, 0.000148, 0.000156, 0.000155, 0.000149, 0.000148, 0.000164, 0.000168, 0.000156, 0.000149, 0.000148, 0.000148, 0.000148, 0.000149, 0.000148, 0.000147, 0.000148, 0.000148, 0.000148, 0.000148, 0.000148, 0.000148, 0.000148, 0.000148, 0.000148, 0.000147, 0.000149, 0.000147, 0.000148, 0.00015, 0.000148, 0.000148, 0.000148, 0.000169, 0.000157, 0.000148, 0.00016, 0.00015, 0.000147, 0.000148, 0.000148, 0.000148, 0.000148, 0.000148, 0.000147, 0.000147, 0.000148, 0.000148, 0.000148, 0.000148, 0.000148, 0.000148, 0.000148, 0.000148, 0.000149, 0.000147, 0.000148, 0.000148}"
