"model_name","layer_name","layer_index","kind","min_time","mean_time","max_time","add_flops","div_flops","cmp_flops","exp_flops","mad_flops","input_channel","input_height","input_width","output_channel","output_height","output_width","function","kernel_1","kernel_2","stride_1","stride_2","dilation_1","dilation_2","input_form","topology_hash","mad/min_time","mad/mean_time","mad/max_time","time"
"Single-Image Depth Perception Net Trained on NYU Depth V2 Data","4/1/1/4/1/1/4/1/2/4/1/2/4/2/3",277,"Elementwise",0.000042,0.00004311666666666671,0.000209,0,0,9600,0,9600,32,15,20,32,15,20,"Ramp","","","","","","","HoldForm[ElementwiseLayer[Ramp, ""Input"" -> {32, 15, 20}]]","0dkpvjj5vaqxc",2.2857142857142857e8,2.2265172013915715e8,4.593301435406698e7,"{0.000209, 0.000052, 0.000046, 0.000044, 0.000043, 0.000043, 0.000043, 0.000043, 0.000044, 0.000044, 0.000043, 0.000043, 0.000042, 0.000043, 0.000043, 0.000042, 0.000043, 0.000043, 0.000043, 0.000043, 0.000043, 0.000043, 0.000043, 0.000043, 0.000042, 0.000043, 0.000043, 0.000043, 0.000043, 0.000043, 0.000042, 0.000042, 0.000043, 0.000043, 0.000042, 0.000044, 0.000043, 0.000043, 0.000083, 0.00005, 0.000046, 0.000044, 0.000045, 0.000043, 0.000044, 0.000044, 0.000043, 0.000043, 0.000043, 0.000043, 0.000044, 0.000043, 0.000043, 0.000043, 0.000044, 0.000044, 0.000043, 0.000043, 0.000044, 0.000043, 0.000043, 0.000043, 0.000043, 0.000043, 0.000044, 0.000043, 0.000043, 0.000044, 0.000043, 0.000043, 0.000043, 0.000043, 0.000043, 0.000043, 0.000043, 0.000043, 0.000043, 0.000043, 0.000043, 0.000043, 0.000044, 0.000043, 0.000043, 0.000044, 0.000044, 0.000043, 0.000043, 0.000043, 0.000044, 0.000043, 0.000043, 0.000043, 0.000044, 0.000043, 0.000043, 0.000043, 0.000043, 0.000043, 0.000044, 0.000044}"
