"model_name","layer_name","layer_index","kind","min_time","mean_time","max_time","add_flops","div_flops","cmp_flops","exp_flops","mad_flops","input_channel","input_height","input_width","output_channel","output_height","output_width","function","kernel_1","kernel_2","stride_1","stride_2","dilation_1","dilation_2","input_form","topology_hash","mad/min_time","mad/mean_time","mad/max_time","time"
"CycleGAN Photo-to-Van Gogh Translation","22/1/4",81,"Elementwise",0.000247,0.0002516666666666667,0.001285,0,0,524288,0,524288,128,64,64,128,64,64,"Ramp","","","","","","","HoldForm[ElementwiseLayer[Ramp, ""Input"" -> {128, 64, 64}]]","1hgvs9hyt3yrr",2.1226234817813766e9,2.08326357615894e9,4.080062256809339e8,"{0.001285, 0.000263, 0.000255, 0.000253, 0.000291, 0.000254, 0.000252, 0.000252, 0.000252, 0.000252, 0.000252, 0.000251, 0.000251, 0.000251, 0.000251, 0.000251, 0.000251, 0.000251, 0.00025, 0.00025, 0.000261, 0.00025, 0.000248, 0.000248, 0.000248, 0.000247, 0.000249, 0.000265, 0.000251, 0.000251, 0.000251, 0.000251, 0.000252, 0.000251, 0.000251, 0.000274, 0.000252, 0.000252, 0.000252, 0.000251, 0.00025, 0.000251, 0.000252, 0.000251, 0.000251, 0.000251, 0.000251, 0.000251, 0.00025, 0.000251, 0.00025, 0.000284, 0.000252, 0.000251, 0.000251, 0.000251, 0.00025, 0.000251, 0.000251, 0.000252, 0.00025, 0.000251, 0.000251, 0.00025, 0.00025, 0.000251, 0.000251, 0.000263, 0.000252, 0.00025, 0.00025, 0.000251, 0.000251, 0.000251, 0.000251, 0.00025, 0.000251, 0.000251, 0.00025, 0.00025, 0.000252, 0.000251, 0.000251, 0.000286, 0.000255, 0.000255, 0.000256, 0.000254, 0.000254, 0.000254, 0.000255, 0.000255, 0.000256, 0.000255, 0.000255, 0.000255, 0.000255, 0.000255, 0.000294, 0.000256}"
