"model_name","layer_name","layer_index","kind","min_time","mean_time","max_time","add_flops","div_flops","cmp_flops","exp_flops","mad_flops","input_channel","input_height","input_width","output_channel","output_height","output_width","function","kernel_1","kernel_2","stride_1","stride_2","dilation_1","dilation_2","input_form","topology_hash","mad/min_time","mad/mean_time","mad/max_time","time"
"Inception V1 Trained on Places365 Data","inception_3a/relu_3x3_reduce",16,"Elementwise",0.000062,0.0000631333333333333,0.000215,0,0,75264,0,75264,96,28,28,96,28,28,"Ramp","","","","","","","HoldForm[ElementwiseLayer[Ramp, ""Input"" -> {96, 28, 28}]]","0jcfflrm5myng",1.2139354838709676e9,1.1921436114044356e9,3.500651162790698e8,"{0.000215, 0.000068, 0.000065, 0.000065, 0.000063, 0.000064, 0.000062, 0.000063, 0.000063, 0.000063, 0.000063, 0.000063, 0.000063, 0.000063, 0.000064, 0.000063, 0.000077, 0.000064, 0.000063, 0.000063, 0.000063, 0.000063, 0.000062, 0.000063, 0.000063, 0.000089, 0.000067, 0.000064, 0.000063, 0.000063, 0.000063, 0.000063, 0.000063, 0.000063, 0.000063, 0.000063, 0.000063, 0.000063, 0.000063, 0.000071, 0.000063, 0.000063, 0.000063, 0.000063, 0.000064, 0.000063, 0.000063, 0.000063, 0.000063, 0.000064}"
