"model_name","layer_name","layer_index","kind","min_time","mean_time","max_time","add_flops","div_flops","cmp_flops","exp_flops","mad_flops","input_channel","input_height","input_width","output_channel","output_height","output_width","function","kernel_1","kernel_2","stride_1","stride_2","dilation_1","dilation_2","input_form","topology_hash","mad/min_time","mad/mean_time","mad/max_time","time"
"SSD-VGG-300 Trained on PASCAL VOC Data","1/1/blockNet11/conv11b/2",83,"Elementwise",0.000037,0.00003806666666666669,0.000056,0,0,256,0,256,256,1,1,256,1,1,"Ramp","","","","","","","HoldForm[ElementwiseLayer[Ramp, ""Input"" -> {256, 1, 1}]]","1i2yvzqvn8b4k",6.918918918918919e6,6.725043782837124e6,4.571428571428572e6,"{0.000056, 0.000044, 0.00004, 0.00004, 0.000039, 0.000038, 0.000037, 0.000038, 0.000038, 0.000038, 0.000037, 0.000038, 0.000038, 0.000038, 0.000037, 0.000038, 0.000038, 0.000037, 0.000038, 0.000038, 0.000038, 0.000038, 0.000038, 0.000039, 0.000038, 0.000038, 0.000038, 0.000038, 0.000038, 0.000038, 0.000038, 0.000037, 0.000038, 0.000039, 0.000038, 0.000038, 0.000037, 0.000038, 0.000038, 0.000039, 0.000038, 0.000038, 0.000038, 0.000038, 0.000038, 0.000038, 0.000039, 0.000039, 0.000045, 0.00004}"
