"model_name","layer_name","layer_index","kind","min_time","mean_time","max_time","add_flops","div_flops","cmp_flops","exp_flops","mad_flops","input_channel","input_height","input_width","output_channel","output_height","output_width","function","kernel_1","kernel_2","stride_1","stride_2","dilation_1","dilation_2","input_form","topology_hash","mad/min_time","mad/mean_time","mad/max_time","time"
"CycleGAN Summer-to-Winter Translation","16/1/4",47,"Elementwise",0.000225,0.00022633333333333324,0.001134,0,0,524288,0,524288,128,64,64,128,64,64,"Ramp","","","","","","","HoldForm[ElementwiseLayer[Ramp, ""Input"" -> {128, 64, 64}]]","1hgvs9hyt3yrr",2.330168888888889e9,2.316441826215023e9,4.6233509700176364e8,"{0.001134, 0.000236, 0.000229, 0.000227, 0.000226, 0.000225, 0.000226, 0.000246, 0.000226, 0.000226, 0.000227, 0.000225, 0.000225, 0.000225, 0.000225, 0.000227, 0.000256, 0.000232, 0.000227, 0.000226, 0.000227, 0.000226, 0.000226, 0.000226, 0.000227, 0.000225, 0.000225, 0.000226, 0.000226, 0.000226, 0.000227, 0.000225, 0.000226, 0.000248, 0.000231, 0.000226, 0.000227, 0.000226, 0.000226, 0.000228, 0.000227, 0.000226, 0.000226, 0.000228, 0.000226, 0.000227, 0.000226, 0.000226, 0.000225, 0.000226}"
