"model_name","layer_name","layer_index","kind","min_time","mean_time","max_time","add_flops","div_flops","cmp_flops","exp_flops","mad_flops","input_channel","input_height","input_width","output_channel","output_height","output_width","function","kernel_1","kernel_2","stride_1","stride_2","dilation_1","dilation_2","input_form","topology_hash","mad/min_time","mad/mean_time","mad/max_time","time"
"Yahoo Open NSFW Model V1","stage0_block0/relu_stage0_block0",17,"Elementwise",0.000177,0.0001791833333333334,0.000999,0,0,401408,0,401408,128,56,56,128,56,56,"Ramp","","","","","","","HoldForm[ElementwiseLayer[Ramp, ""Input"" -> {128, 56, 56}]]","1bskqd5qodpy3",2.2678418079096045e9,2.2402083527113748e9,4.0180980980980974e8,"{0.000999, 0.00019, 0.000181, 0.000179, 0.000178, 0.000178, 0.000177, 0.000178, 0.000178, 0.000178, 0.000178, 0.000178, 0.000177, 0.000177, 0.000178, 0.000177, 0.000177, 0.000177, 0.000178, 0.000196, 0.000216, 0.000187, 0.000178, 0.000177, 0.000194, 0.000178, 0.000177, 0.000177, 0.000178, 0.000177, 0.000177, 0.000177, 0.000178, 0.000177, 0.000177, 0.000177, 0.000177, 0.000177, 0.000178, 0.000178, 0.000177, 0.000177, 0.000201, 0.000186, 0.000178, 0.000178, 0.000177, 0.000179, 0.000178, 0.000177, 0.000177, 0.000177, 0.000177, 0.000177, 0.000177, 0.000178, 0.000178, 0.000177, 0.000177, 0.000177, 0.000177, 0.000177, 0.000178, 0.000177, 0.000203, 0.000188, 0.00018, 0.00018, 0.00018, 0.000179, 0.00018, 0.000179, 0.00018, 0.000179, 0.00018, 0.000191, 0.000193, 0.000182, 0.00018, 0.000187, 0.000181, 0.00018, 0.00018, 0.000179, 0.00018, 0.000208, 0.000191, 0.000185, 0.000184, 0.000184, 0.000184, 0.000184, 0.000184, 0.000184, 0.000184, 0.000183, 0.000184, 0.000184, 0.000185, 0.000185}"
