"model_name","layer_name","layer_index","kind","min_time","mean_time","max_time","add_flops","div_flops","cmp_flops","exp_flops","mad_flops","input_channel","input_height","input_width","output_channel","output_height","output_width","function","kernel_1","kernel_2","stride_1","stride_2","dilation_1","dilation_2","input_form","topology_hash","mad/min_time","mad/mean_time","mad/max_time","time"
"BERT Trained on BookCorpus and English Wikipedia Data","encoder/2/1/attention/2/elem",89,"Elementwise",0.000025,0.00003848333333333333,0.000089,0,0,0,0,"64*LengthVar[1453580609]","LengthVar[1453580609]",64,"","LengthVar[1453580609]",64,"","ScalarFunctionObject[{ScalarSymbol[1]}, ScalarSymbol[2], <|ScalarSymbol[2] -> {Times, 0.125, ScalarSymbol[1]}|>]","","","","","","","HoldForm[ElementwiseLayer[0.125*#1 & , ""Input"" -> {""Varying"", 64}]]","1qls6pibzwobu","2.56*^6*LengthVar[1.453580609*^9]","1.6630576006929406*^6*LengthVar[1.453580609*^9]","719101.1235955056*LengthVar[1.453580609*^9]","{0.000089, 0.000044, 0.000025, 0.000037, 0.000038, 0.000038, 0.000039, 0.000038, 0.000038, 0.000038, 0.000038, 0.000038, 0.000039, 0.000039, 0.000038, 0.000037, 0.000038, 0.000038, 0.000039, 0.000038, 0.000039, 0.000038, 0.000039, 0.000039, 0.000039, 0.000038, 0.000038, 0.000039, 0.000039, 0.000039, 0.000039, 0.000038, 0.000038, 0.000039, 0.000039, 0.000039, 0.000038, 0.000039, 0.000039, 0.000039, 0.000038, 0.000038, 0.000039, 0.000039, 0.00004, 0.000039, 0.000038, 0.000039, 0.000039, 0.000039, 0.000038, 0.000038, 0.000039, 0.000039, 0.000039, 0.000039, 0.000038, 0.000039, 0.000038, 0.000038, 0.000039, 0.000039, 0.000038, 0.000038, 0.000038, 0.000039, 0.000038, 0.000038, 0.000055, 0.00004, 0.000041, 0.000039, 0.000026, 0.000037, 0.000039, 0.000026, 0.000037, 0.000039, 0.000039, 0.000025, 0.000037, 0.000038, 0.00004, 0.000038, 0.000039, 0.000039, 0.000039, 0.000025, 0.000037, 0.000038, 0.000039, 0.000039, 0.000039, 0.000038, 0.000038, 0.000038, 0.000038, 0.000025, 0.000036, 0.000038}"
