"model_name","layer_name","layer_index","kind","min_time","mean_time","max_time","add_flops","div_flops","cmp_flops","exp_flops","mad_flops","input_channel","input_height","input_width","output_channel","output_height","output_width","function","kernel_1","kernel_2","stride_1","stride_2","dilation_1","dilation_2","input_form","topology_hash","mad/min_time","mad/mean_time","mad/max_time","time"
"Single-Image Depth Perception Net Trained on NYU Depth V2 and Depth in the Wild Data","4/1/2/1/4/6",497,"Elementwise",0.000511,0.0005178666666666667,0.000665,0,0,1228800,0,1228800,16,240,320,16,240,320,"Ramp","","","","","","","HoldForm[ElementwiseLayer[Ramp, ""Input"" -> {16, 240, 320}]]","0akzi5qh3flqj",2.404696673189824e9,2.372811534500515e9,1.8478195488721805e9,"{0.000665, 0.000532, 0.000564, 0.000522, 0.000513, 0.000512, 0.000511, 0.000516, 0.000517, 0.000512, 0.000519, 0.000518, 0.000513, 0.000511, 0.000511, 0.000528, 0.000512, 0.000538, 0.000519, 0.000512, 0.000511, 0.000512, 0.000511, 0.000512, 0.000511, 0.000544, 0.000519, 0.000521, 0.000519, 0.000515, 0.000513, 0.000513, 0.000511, 0.000556, 0.000534, 0.000516, 0.000518, 0.000516, 0.000517, 0.000516, 0.000538, 0.00052, 0.000519, 0.000522, 0.00052, 0.000523, 0.000532, 0.000526, 0.000571, 0.000522}"
