"model_name","layer_name","layer_index","kind","min_time","mean_time","max_time","add_flops","div_flops","cmp_flops","exp_flops","mad_flops","input_channel","input_height","input_width","output_channel","output_height","output_width","function","kernel_1","kernel_2","stride_1","stride_2","dilation_1","dilation_2","input_form","topology_hash","mad/min_time","mad/mean_time","mad/max_time","time"
"ResNet-101 Trained on YFCC100m Geotagged Data","stage1_unit1/relu3",13,"Elementwise",0.000141,0.00014523333333333347,0.000799,0,0,200704,0,200704,64,56,56,64,56,56,"Ramp","","","","","","","HoldForm[ElementwiseLayer[Ramp, ""Input"" -> {64, 56, 56}]]","0055vgwv4hket",1.423432624113475e9,1.3819417030066547e9,2.5119399249061328e8,"{0.000799, 0.000161, 0.000149, 0.000147, 0.000147, 0.000146, 0.000147, 0.000146, 0.000146, 0.000146, 0.000146, 0.000145, 0.000148, 0.000147, 0.000145, 0.000145, 0.000145, 0.000145, 0.000146, 0.000145, 0.000145, 0.000146, 0.000145, 0.000158, 0.000155, 0.000147, 0.000145, 0.000146, 0.000145, 0.000146, 0.000145, 0.000145, 0.000145, 0.000146, 0.000146, 0.000147, 0.000146, 0.000146, 0.000145, 0.000146, 0.000145, 0.000146, 0.000145, 0.000144, 0.000146, 0.000145, 0.000146, 0.000145, 0.000146, 0.000146, 0.000151, 0.00015, 0.000144, 0.000143, 0.000144, 0.000142, 0.000143, 0.000143, 0.000141, 0.000142, 0.000143, 0.000143, 0.000143, 0.000142, 0.000143, 0.000143, 0.000142, 0.000143, 0.000141, 0.000143, 0.000143, 0.000141, 0.000142, 0.000142, 0.000142, 0.000143, 0.000141, 0.000143, 0.000167, 0.000152, 0.000149, 0.000146, 0.000145, 0.000146, 0.000145, 0.000147, 0.000145, 0.000145, 0.000145, 0.000146, 0.000145, 0.000146, 0.000146, 0.000145, 0.000146, 0.000146, 0.000145, 0.000146, 0.000145, 0.000145}"
