"model_name","layer_name","layer_index","kind","min_time","mean_time","max_time","add_flops","div_flops","cmp_flops","exp_flops","mad_flops","input_channel","input_height","input_width","output_channel","output_height","output_width","function","kernel_1","kernel_2","stride_1","stride_2","dilation_1","dilation_2","input_form","topology_hash","mad/min_time","mad/mean_time","mad/max_time","time"
"OpenFace Face Recognition Net Trained on CASIA-WebFace and FaceScrub Data","17/2/6",94,"Elementwise",0.000038,0.000039366666666666664,0.000192,0,0,2304,0,2304,64,6,6,64,6,6,"Ramp","","","","","","","HoldForm[ElementwiseLayer[Ramp, ""Input"" -> {64, 6, 6}]]","1xoj2n0dr9rn0",6.063157894736842e7,5.852667231160035e7,1.2e7,"{0.000192, 0.000049, 0.000043, 0.000041, 0.000039, 0.00004, 0.00004, 0.000039, 0.000039, 0.000058, 0.000043, 0.000041, 0.000041, 0.000041, 0.000041, 0.00004, 0.00004, 0.00004, 0.000041, 0.00004, 0.00004, 0.00004, 0.000039, 0.000039, 0.00004, 0.00004, 0.000039, 0.00004, 0.00004, 0.00004, 0.000039, 0.000039, 0.00004, 0.00004, 0.000039, 0.000039, 0.000039, 0.000039, 0.000039, 0.00004, 0.000039, 0.000039, 0.000039, 0.000038, 0.000039, 0.000038, 0.000038, 0.000039, 0.000039, 0.000039, 0.000039, 0.000039, 0.00004, 0.00004, 0.000039, 0.00004, 0.000039, 0.000039, 0.000039, 0.000038, 0.000038, 0.000038, 0.000038, 0.000038, 0.000038, 0.000038, 0.000038, 0.000039, 0.000038, 0.000038, 0.000039, 0.000038, 0.000038, 0.000039, 0.000039, 0.000038, 0.00004, 0.000039, 0.000039, 0.00004, 0.000039, 0.00004, 0.00004, 0.000039, 0.00004, 0.00004, 0.000039, 0.00004, 0.000039, 0.000039, 0.000039, 0.000039, 0.00004, 0.00004, 0.00004, 0.000039, 0.00004, 0.00004, 0.000039, 0.000039}"
