"model_name","layer_name","layer_index","kind","min_time","mean_time","max_time","add_flops","div_flops","cmp_flops","exp_flops","mad_flops","input_channel","input_height","input_width","output_channel","output_height","output_width","function","kernel_1","kernel_2","stride_1","stride_2","dilation_1","dilation_2","input_form","topology_hash","mad/min_time","mad/mean_time","mad/max_time","time"
"Multi-scale Context Aggregation Net Trained on Cityscapes Data","ctx_relu3_1",44,"Elementwise",0.000146,0.00014721666666666651,0.000799,0,0,311296,0,311296,19,128,128,19,128,128,"Ramp","","","","","","","HoldForm[ElementwiseLayer[Ramp, ""Input"" -> {19, 128, 128}]]","1nxmvglnpl46s",2.1321643835616438e9,2.1145431903090706e9,3.896070087609512e8,"{0.000799, 0.000163, 0.000156, 0.000148, 0.000147, 0.000147, 0.000147, 0.000147, 0.000146, 0.000147, 0.000147, 0.000166, 0.000152, 0.000148, 0.000148, 0.000147, 0.000146, 0.000189, 0.000149, 0.000147, 0.000147, 0.000147, 0.000147, 0.000146, 0.000148, 0.000147, 0.000146, 0.000147, 0.000147, 0.000147, 0.000147, 0.000146, 0.000147, 0.000147, 0.000147, 0.000146, 0.000147, 0.000147, 0.000147, 0.000146, 0.000147, 0.000146, 0.000147, 0.000173, 0.000155, 0.000148, 0.000148, 0.000147, 0.000147, 0.000147, 0.000147, 0.000147, 0.000148, 0.000148, 0.000147, 0.000148, 0.000147, 0.000148, 0.000148, 0.000147, 0.000147, 0.000147, 0.000146, 0.000147, 0.000146, 0.000147, 0.000147, 0.000146, 0.000149, 0.000157, 0.000176, 0.000151, 0.000148, 0.000147, 0.000147, 0.000147, 0.000146, 0.000147, 0.000152, 0.000152, 0.000147, 0.000147, 0.000147, 0.000148, 0.000146, 0.000146, 0.000149, 0.000147, 0.000147, 0.000147, 0.000147, 0.000147, 0.000147, 0.000147, 0.000146, 0.000148, 0.000171, 0.000154, 0.000148, 0.000146}"
