"model_name","layer_name","layer_index","kind","min_time","mean_time","max_time","add_flops","div_flops","cmp_flops","exp_flops","mad_flops","input_channel","input_height","input_width","output_channel","output_height","output_width","function","kernel_1","kernel_2","stride_1","stride_2","dilation_1","dilation_2","input_form","topology_hash","mad/min_time","mad/mean_time","mad/max_time","time"
"ResNet-101 Trained on YFCC100m Geotagged Data","stage3_unit17/relu2",243,"Elementwise",0.000078,0.00007880000000000003,0.000106,0,0,50176,0,50176,256,14,14,256,14,14,"Ramp","","","","","","","HoldForm[ElementwiseLayer[Ramp, ""Input"" -> {256, 14, 14}]]","1j88u7fzs0nsq",6.432820512820513e8,6.367512690355327e8,4.733584905660377e8,"{0.000105, 0.000084, 0.000082, 0.00008, 0.00008, 0.00008, 0.00008, 0.000079, 0.000079, 0.000079, 0.000079, 0.000079, 0.000079, 0.000106, 0.000083, 0.00008, 0.000079, 0.000079, 0.000079, 0.000078, 0.000079, 0.000079, 0.000079, 0.000078, 0.000078, 0.000078, 0.000078, 0.000079, 0.000079, 0.000079, 0.000078, 0.000079, 0.000079, 0.000079, 0.000079, 0.000078, 0.000078, 0.000078, 0.000078, 0.000079, 0.000078, 0.000078, 0.000079, 0.000079, 0.000078, 0.000078, 0.000078, 0.000078, 0.000079, 0.000079}"
