"model_name","layer_name","layer_index","kind","min_time","mean_time","max_time","add_flops","div_flops","cmp_flops","exp_flops","mad_flops","input_channel","input_height","input_width","output_channel","output_height","output_width","function","kernel_1","kernel_2","stride_1","stride_2","dilation_1","dilation_2","input_form","topology_hash","mad/min_time","mad/mean_time","mad/max_time","time"
"ResNet-101 Trained on ImageNet Competition Data","3a/res3a_branch2b_relu",45,"Elementwise",0.000076,0.00007633333333333335,0.000299,0,0,100352,0,100352,128,28,28,128,28,28,"Ramp","","","","","","","HoldForm[ElementwiseLayer[Ramp, ""Input"" -> {128, 28, 28}]]","124swtlye8de0",1.320421052631579e9,1.314655021834061e9,3.3562541806020063e8,"{0.000299, 0.000082, 0.000077, 0.000077, 0.000078, 0.000077, 0.000077, 0.000076, 0.000077, 0.000077, 0.000076, 0.000076, 0.000076, 0.000076, 0.000076, 0.000076, 0.000076, 0.000077, 0.000076, 0.000076, 0.000076, 0.000076, 0.000077, 0.000076, 0.000076, 0.000076, 0.000076, 0.000076, 0.000076, 0.000077, 0.000077, 0.000076, 0.000077, 0.000076, 0.000076, 0.000077, 0.000076, 0.000076, 0.000077, 0.000077, 0.000076, 0.000077, 0.000076, 0.000076, 0.000076, 0.000076, 0.000076, 0.000076, 0.000091, 0.000082}"
