"model_name","layer_name","layer_index","kind","min_time","mean_time","max_time","add_flops","div_flops","cmp_flops","exp_flops","mad_flops","input_channel","input_height","input_width","output_channel","output_height","output_width","function","kernel_1","kernel_2","stride_1","stride_2","dilation_1","dilation_2","input_form","topology_hash","mad/min_time","mad/mean_time","mad/max_time","time"
"ResNet-50 Trained on ImageNet Competition Data","2c/res2c_branch2a_relu",30,"Elementwise",0.000145,0.00014646666666666669,0.000752,0,0,200704,0,200704,64,56,56,64,56,56,"Ramp","","","","","","","HoldForm[ElementwiseLayer[Ramp, ""Input"" -> {64, 56, 56}]]","0055vgwv4hket",1.3841655172413793e9,1.3703049613108783e9,2.6689361702127662e8,"{0.000752, 0.000158, 0.00015, 0.000149, 0.000147, 0.000147, 0.000148, 0.000147, 0.000147, 0.000147, 0.000146, 0.000147, 0.000147, 0.000147, 0.000146, 0.000146, 0.000147, 0.000147, 0.000147, 0.000147, 0.000152, 0.000155, 0.000147, 0.000147, 0.000147, 0.000146, 0.000147, 0.000146, 0.000146, 0.000145, 0.000146, 0.000146, 0.000146, 0.000146, 0.000146, 0.000147, 0.000147, 0.000146, 0.000146, 0.000146, 0.000147, 0.000146, 0.000146, 0.000146, 0.000146, 0.000149, 0.000146, 0.000149, 0.000154, 0.000146, 0.000147, 0.000145, 0.000146, 0.000146, 0.000147, 0.000147, 0.000146, 0.000146, 0.000146, 0.000146, 0.000146, 0.000146, 0.000146, 0.000146, 0.000146, 0.000145, 0.000147, 0.000145, 0.000146, 0.000146, 0.000147, 0.000146, 0.000146, 0.000146, 0.000152, 0.000152, 0.000147, 0.000146, 0.000147, 0.000147, 0.000145, 0.000146, 0.000147, 0.000146, 0.000146, 0.000147, 0.000146, 0.000146, 0.000146, 0.000147, 0.000146, 0.000147, 0.000153, 0.000158, 0.000148, 0.000147, 0.000145, 0.000147, 0.000146, 0.000146}"
