"model_name","layer_name","layer_index","kind","min_time","mean_time","max_time","add_flops","div_flops","cmp_flops","exp_flops","mad_flops","input_channel","input_height","input_width","output_channel","output_height","output_width","function","kernel_1","kernel_2","stride_1","stride_2","dilation_1","dilation_2","input_form","topology_hash","mad/min_time","mad/mean_time","mad/max_time","time"
"Single-Image Depth Perception Net Trained on Depth in the Wild Data","4/1/1/4/1/1/2/4/3",67,"Elementwise",0.000097,0.000098,0.00015,0,0,153600,0,153600,32,60,80,32,60,80,"Ramp","","","","","","","HoldForm[ElementwiseLayer[Ramp, ""Input"" -> {32, 60, 80}]]","0diyxaog6919w",1.5835051546391752e9,1.5673469387755103e9,1.024e9,"{0.00015, 0.000103, 0.0001, 0.000099, 0.000098, 0.000098, 0.000098, 0.000098, 0.000098, 0.000098, 0.000098, 0.000097, 0.000098, 0.000098, 0.000097, 0.000098, 0.000098, 0.000097, 0.000099, 0.000098, 0.000098, 0.000098, 0.000098, 0.000098, 0.000097, 0.000098, 0.000098, 0.000097, 0.000097, 0.000098, 0.000097, 0.000098, 0.000097, 0.000098, 0.000098, 0.000098, 0.000097, 0.000098, 0.000097, 0.00011, 0.000103, 0.000098, 0.000098, 0.000098, 0.000098, 0.000098, 0.000098, 0.000098, 0.000098, 0.000099}"
