"model_name","layer_name","layer_index","kind","min_time","mean_time","max_time","add_flops","div_flops","cmp_flops","exp_flops","mad_flops","input_channel","input_height","input_width","output_channel","output_height","output_width","function","kernel_1","kernel_2","stride_1","stride_2","dilation_1","dilation_2","input_form","topology_hash","mad/min_time","mad/mean_time","mad/max_time","time"
"CycleGAN Winter-to-Summer Translation","13/1/4",23,"Elementwise",0.00022,0.00030646666666666667,0.001645,0,0,524288,0,524288,128,64,64,128,64,64,"Ramp","","","","","","","HoldForm[ElementwiseLayer[Ramp, ""Input"" -> {128, 64, 64}]]","1hgvs9hyt3yrr",2.3831272727272725e9,1.710750489449641e9,3.187161094224924e8,"{0.001645, 0.000327, 0.000313, 0.000311, 0.00031, 0.00031, 0.000311, 0.00031, 0.000312, 0.000312, 0.00031, 0.000317, 0.000325, 0.000342, 0.000318, 0.000312, 0.000311, 0.000312, 0.000311, 0.000311, 0.00031, 0.000309, 0.000311, 0.000347, 0.000319, 0.000311, 0.000311, 0.000309, 0.00031, 0.00031, 0.00031, 0.00031, 0.000311, 0.000309, 0.000312, 0.000309, 0.000352, 0.000318, 0.000309, 0.00031, 0.00031, 0.00031, 0.000311, 0.000312, 0.000309, 0.000309, 0.000312, 0.00031, 0.00031, 0.000319, 0.000321, 0.000316, 0.000315, 0.000313, 0.000314, 0.000315, 0.000313, 0.000313, 0.000313, 0.000314, 0.000314, 0.000343, 0.000314, 0.000314, 0.000315, 0.000312, 0.000313, 0.000313, 0.000313, 0.000315, 0.000313, 0.000314, 0.000314, 0.000314, 0.000377, 0.000282, 0.000227, 0.000222, 0.000224, 0.000226, 0.000226, 0.000221, 0.000221, 0.000221, 0.00022, 0.000221, 0.000247, 0.000241, 0.000226, 0.000224, 0.000222, 0.000267, 0.000227, 0.000224, 0.000224, 0.000223, 0.000223, 0.000224, 0.000225, 0.000224}"
