"model_name","layer_name","layer_index","kind","min_time","mean_time","max_time","add_flops","div_flops","cmp_flops","exp_flops","mad_flops","input_channel","input_height","input_width","output_channel","output_height","output_width","function","kernel_1","kernel_2","stride_1","stride_2","dilation_1","dilation_2","input_form","topology_hash","mad/min_time","mad/mean_time","mad/max_time","time"
"ColorNet Image Colorization Trained on Places Data","2/3",19,"Elementwise",0.00035,0.00035146666666666657,0.001705,0,0,802816,0,802816,64,112,112,64,112,112,"Ramp","","","","","","","HoldForm[ElementwiseLayer[Ramp, ""Input"" -> {64, 112, 112}]]","0jyyl14fughyy",2.29376e9,2.2841881638846745e9,4.7085982404692084e8,"{0.001705, 0.00036, 0.000353, 0.000354, 0.000353, 0.000353, 0.000351, 0.000351, 0.00035, 0.000351, 0.000351, 0.000381, 0.000353, 0.000351, 0.000351, 0.000351, 0.000351, 0.00035, 0.000351, 0.000351, 0.000352, 0.000351, 0.000372, 0.000352, 0.000352, 0.000353, 0.000351, 0.000352, 0.000351, 0.000351, 0.000351, 0.0004, 0.000352, 0.000374, 0.000352, 0.00035, 0.000352, 0.000351, 0.000351, 0.000351, 0.000351, 0.00035, 0.000351, 0.00035, 0.000379, 0.000352, 0.000351, 0.00035, 0.000351, 0.00035}"
