"model_name","layer_name","layer_index","kind","min_time","mean_time","max_time","add_flops","div_flops","cmp_flops","exp_flops","mad_flops","input_channel","input_height","input_width","output_channel","output_height","output_width","function","kernel_1","kernel_2","stride_1","stride_2","dilation_1","dilation_2","input_form","topology_hash","mad/min_time","mad/mean_time","mad/max_time","time"
"2D Face Alignment Net Trained on 300W Large Pose Data","13/1/2/3/1/2/3/1/1/1/1/1/4/2/1/2",580,"Elementwise",0.000065,0.0000660833333333334,0.000318,0,0,32768,0,32768,128,16,16,128,16,16,"Ramp","","","","","","","HoldForm[ElementwiseLayer[Ramp, ""Input"" -> {128, 16, 16}]]","1pz64vip1oz0r",5.04123076923077e8,4.958587641866326e8,1.0304402515723272e8,"{0.000318, 0.000075, 0.000069, 0.000068, 0.000067, 0.000066, 0.000065, 0.000066, 0.000066, 0.000065, 0.0001, 0.000072, 0.000067, 0.000066, 0.000066, 0.000066, 0.000066, 0.000066, 0.000066, 0.000065, 0.000066, 0.000067, 0.000066, 0.000066, 0.000067, 0.000066, 0.000071, 0.000067, 0.000067, 0.000066, 0.000066, 0.000066, 0.000067, 0.000066, 0.000066, 0.000067, 0.000066, 0.000066, 0.000067, 0.000066, 0.000066, 0.000066, 0.000066, 0.000066, 0.000066, 0.000066, 0.000066, 0.000066, 0.000066, 0.000065, 0.000066, 0.000116, 0.000066, 0.000065, 0.000071, 0.000066, 0.000067, 0.000065, 0.000066, 0.000066, 0.000066, 0.000066, 0.000066, 0.000066, 0.000066, 0.000066, 0.000066, 0.000065, 0.000074, 0.000073, 0.000066, 0.000066, 0.000065, 0.000066, 0.000066, 0.000066, 0.000066, 0.000066, 0.000066, 0.000065, 0.000066, 0.000066, 0.000067, 0.000066, 0.000065, 0.000065, 0.000066, 0.000066, 0.000066, 0.000066, 0.000067, 0.000066, 0.000066, 0.000066, 0.000066, 0.000066, 0.000065, 0.000066, 0.000073, 0.000074}"
