"model_name","layer_name","layer_index","kind","min_time","mean_time","max_time","add_flops","div_flops","cmp_flops","exp_flops","mad_flops","input_channel","input_height","input_width","output_channel","output_height","output_width","function","kernel_1","kernel_2","stride_1","stride_2","dilation_1","dilation_2","input_form","topology_hash","mad/min_time","mad/mean_time","mad/max_time","time"
"ResNet-50 Trained on ImageNet Competition Data","2c/res2c_branch2a_relu",30,"Elementwise",0.000107,0.00010949999999999998,0.000138,0,0,200704,0,200704,64,56,56,64,56,56,"Ramp","","","","","","","HoldForm[ElementwiseLayer[Ramp, ""Input"" -> {64, 56, 56}]]","0055vgwv4hket",1.8757383177570095e9,1.8329132420091326e9,1.454376811594203e9,"{0.000138, 0.000112, 0.00011, 0.000109, 0.000107, 0.000108, 0.000108, 0.000125, 0.000112, 0.00011, 0.000109, 0.00011, 0.000109, 0.000109, 0.000109, 0.00011, 0.000117, 0.000115, 0.00011, 0.000109, 0.000108, 0.000109, 0.000109, 0.00011, 0.000109, 0.000109, 0.00011, 0.000111, 0.000109, 0.00011, 0.000109, 0.000109, 0.000109, 0.00011, 0.00011, 0.000109, 0.000109, 0.00013, 0.000112, 0.00011, 0.00011, 0.000109, 0.000109, 0.000109, 0.000109, 0.00011, 0.000111, 0.00011, 0.00011, 0.000109}"
