"model_name","layer_name","layer_index","kind","min_time","mean_time","max_time","add_flops","div_flops","cmp_flops","exp_flops","mad_flops","input_channel","input_height","input_width","output_channel","output_height","output_width","function","kernel_1","kernel_2","stride_1","stride_2","dilation_1","dilation_2","input_form","topology_hash","mad/min_time","mad/mean_time","mad/max_time","time"
"2D Face Alignment Net Trained on 300W Large Pose Data","11/7/1/1/4/2/1/2",43,"Elementwise",0.000216,0.0002204499999999999,0.001274,0,0,524288,0,524288,128,64,64,128,64,64,"Ramp","","","","","","","HoldForm[ElementwiseLayer[Ramp, ""Input"" -> {128, 64, 64}]]","1hgvs9hyt3yrr",2.427259259259259e9,2.378262644590611e9,4.115290423861852e8,"{0.001274, 0.00024, 0.000224, 0.000221, 0.00022, 0.00022, 0.000219, 0.000219, 0.000219, 0.000226, 0.000226, 0.000221, 0.000219, 0.000219, 0.000225, 0.000219, 0.000219, 0.000244, 0.000224, 0.000241, 0.000219, 0.00022, 0.000219, 0.000218, 0.000219, 0.000218, 0.000218, 0.000219, 0.000218, 0.00022, 0.000218, 0.000219, 0.000219, 0.000219, 0.000243, 0.000223, 0.000221, 0.000221, 0.000221, 0.000221, 0.000221, 0.000221, 0.000221, 0.000221, 0.000221, 0.000241, 0.00022, 0.00022, 0.000221, 0.00022, 0.00022, 0.00022, 0.000259, 0.000225, 0.000223, 0.000222, 0.000218, 0.000218, 0.00022, 0.000217, 0.000217, 0.000217, 0.000217, 0.000216, 0.000238, 0.000218, 0.000217, 0.000217, 0.000217, 0.000217, 0.000258, 0.000227, 0.000221, 0.000238, 0.00022, 0.00022, 0.00022, 0.00022, 0.00022, 0.000219, 0.00022, 0.00022, 0.00022, 0.00022, 0.00022, 0.00022, 0.000219, 0.00022, 0.000265, 0.000232, 0.000223, 0.000222, 0.000222, 0.000222, 0.000222, 0.000223, 0.000222, 0.000221, 0.000222, 0.00023}"
