"model_name","layer_name","layer_index","kind","min_time","mean_time","max_time","add_flops","div_flops","cmp_flops","exp_flops","mad_flops","input_channel","input_height","input_width","output_channel","output_height","output_width","function","kernel_1","kernel_2","stride_1","stride_2","dilation_1","dilation_2","input_form","topology_hash","mad/min_time","mad/mean_time","mad/max_time","time"
"Age Estimation VGG-16 Trained on IMDB-WIKI Data","relu1_2",4,"Elementwise",0.001991,0.002141566666666667,0.007221,0,0,3211264,0,3211264,64,224,224,64,224,224,"Ramp","","","","","","","HoldForm[ElementwiseLayer[Ramp, ""Input"" -> {64, 224, 224}]]","122hxu8h2yd6k",1.6128900050226016e9,1.499492894609865e9,4.4471181276831466e8,"{0.007221, 0.002176, 0.002193, 0.002046, 0.002076, 0.002132, 0.002171, 0.002032, 0.002084, 0.002018, 0.002142, 0.002097, 0.002152, 0.002119, 0.002162, 0.002025, 0.002147, 0.002031, 0.002014, 0.002095, 0.002023, 0.002184, 0.002111, 0.002165, 0.002197, 0.002233, 0.00213, 0.002249, 0.002157, 0.002239, 0.00223, 0.002121, 0.002164, 0.002161, 0.002201, 0.002217, 0.002239, 0.002112, 0.002225, 0.002151, 0.002189, 0.002079, 0.002108, 0.002126, 0.002097, 0.002123, 0.002034, 0.002147, 0.002069, 0.002176, 0.002104, 0.002181, 0.002158, 0.002185, 0.002104, 0.002156, 0.00203, 0.002126, 0.002111, 0.002074, 0.002119, 0.002111, 0.002106, 0.002086, 0.002117, 0.002002, 0.00206, 0.001991, 0.002078, 0.002009, 0.002141, 0.002129, 0.00215, 0.002129, 0.002177, 0.002089, 0.002187, 0.002144, 0.00219, 0.002163, 0.002173, 0.002203, 0.002142, 0.002219, 0.00215, 0.002256, 0.002179, 0.002259, 0.002307, 0.002181, 0.002197, 0.002145, 0.0022, 0.002139, 0.002234, 0.00211, 0.002207, 0.002094, 0.002172, 0.002117}"
