"model_name","layer_name","layer_index","kind","min_time","mean_time","max_time","add_flops","div_flops","cmp_flops","exp_flops","mad_flops","input_channel","input_height","input_width","output_channel","output_height","output_width","function","kernel_1","kernel_2","stride_1","stride_2","dilation_1","dilation_2","input_form","topology_hash","mad/min_time","mad/mean_time","mad/max_time","time"
"3D Face Alignment Net Trained on 300W Large Pose Data","15/1/2/3/1/2/3/1/2/3/1/2/3/1/1/4/2/1/2",184,"Elementwise",0.000027,0.00004079999999999999,0.000198,0,0,2048,0,2048,128,4,4,128,4,4,"Ramp","","","","","","","HoldForm[ElementwiseLayer[Ramp, ""Input"" -> {128, 4, 4}]]","0qjdual6secow",7.585185185185185e7,5.019607843137256e7,1.0343434343434345e7,"{0.000198, 0.000053, 0.000046, 0.000042, 0.000041, 0.000041, 0.00004, 0.00004, 0.000041, 0.00004, 0.00004, 0.00004, 0.00004, 0.00004, 0.000041, 0.00004, 0.000041, 0.000039, 0.000039, 0.000041, 0.00004, 0.00004, 0.00004, 0.00004, 0.00004, 0.00004, 0.00004, 0.00004, 0.00004, 0.000041, 0.00004, 0.00004, 0.00004, 0.00004, 0.00004, 0.000042, 0.00004, 0.00004, 0.00004, 0.00004, 0.000042, 0.000041, 0.00004, 0.00004, 0.000042, 0.00004, 0.000041, 0.000041, 0.000042, 0.000041, 0.000042, 0.000041, 0.000041, 0.000039, 0.000041, 0.000043, 0.000041, 0.00004, 0.00004, 0.000041, 0.000041, 0.000041, 0.00004, 0.00004, 0.00004, 0.00004, 0.000039, 0.000041, 0.000049, 0.00005, 0.000042, 0.000042, 0.000042, 0.000043, 0.000042, 0.000027, 0.000039, 0.000042, 0.000041, 0.000041, 0.000042, 0.000041, 0.000042, 0.000043, 0.000042, 0.000041, 0.000042, 0.000042, 0.000043, 0.000042, 0.000041, 0.000041, 0.000043, 0.000041, 0.00004, 0.000042, 0.000042, 0.000042, 0.00004, 0.000054}"
