"model_name","layer_name","layer_index","kind","min_time","mean_time","max_time","add_flops","div_flops","cmp_flops","exp_flops","mad_flops","input_channel","input_height","input_width","output_channel","output_height","output_width","function","kernel_1","kernel_2","stride_1","stride_2","dilation_1","dilation_2","input_form","topology_hash","mad/min_time","mad/mean_time","mad/max_time","time"
"Multi-scale Context Aggregation Net Trained on Cityscapes Data","relu6",31,"Elementwise",0.046623,0.046847999999999994,0.146388,0,0,67108864,0,67108864,4096,128,128,4096,128,128,"Ramp","","","","","","","HoldForm[ElementwiseLayer[Ramp, ""Input"" -> {4096, 128, 128}]]","12vh9jjl8i6bb",1.4393939471934454e9,1.43248087431694e9,4.5843145613028395e8,"{0.146388, 0.04704, 0.047061, 0.047002, 0.046815, 0.047043, 0.046881, 0.046906, 0.046801, 0.046623, 0.046676, 0.046894, 0.046854, 0.04675, 0.046717, 0.046816, 0.046691, 0.046833, 0.046819, 0.046904, 0.046805, 0.046932, 0.046872, 0.046945, 0.046976, 0.047208, 0.047271, 0.047117, 0.047032, 0.046905, 0.046793, 0.046656, 0.046681, 0.046725, 0.04677, 0.046664, 0.046731, 0.046855, 0.046934, 0.047035, 0.04681, 0.046652, 0.046713, 0.046754, 0.04677, 0.046845, 0.046804, 0.0469, 0.046897, 0.046869}"
