"model_name","layer_name","layer_index","kind","min_time","mean_time","max_time","add_flops","div_flops","cmp_flops","exp_flops","mad_flops","input_channel","input_height","input_width","output_channel","output_height","output_width","function","kernel_1","kernel_2","stride_1","stride_2","dilation_1","dilation_2","input_form","topology_hash","mad/min_time","mad/mean_time","mad/max_time","time"
"Inception V1 Trained on ImageNet Competition Data","inception_5a/relu_pool_proj",127,"Elementwise",0.00004,0.000041,0.000211,0,0,6272,0,6272,128,7,7,128,7,7,"Ramp","","","","","","","HoldForm[ElementwiseLayer[Ramp, ""Input"" -> {128, 7, 7}]]","0qxvp4oxcnlgo",1.5679999999999997e8,1.5297560975609756e8,2.972511848341232e7,"{0.000211, 0.000053, 0.000044, 0.000042, 0.000042, 0.000042, 0.000041, 0.000041, 0.000041, 0.000041, 0.000041, 0.000041, 0.000041, 0.000041, 0.000041, 0.000041, 0.00004, 0.00004, 0.000041, 0.00004, 0.000041, 0.000041, 0.000041, 0.000041, 0.00004, 0.00004, 0.000042, 0.000041, 0.00004, 0.00004, 0.000041, 0.00004, 0.000041, 0.000041, 0.000041, 0.00004, 0.000042, 0.00004, 0.000041, 0.000041, 0.000041, 0.000041, 0.000042, 0.000041, 0.000041, 0.000041, 0.000041, 0.000041, 0.000041, 0.000073, 0.000052, 0.000042, 0.000041, 0.000041, 0.000042, 0.000042, 0.000041, 0.000041, 0.000041, 0.000041, 0.000041, 0.000041, 0.000041, 0.000041, 0.000041, 0.00004, 0.000041, 0.000041, 0.000041, 0.00004, 0.000041, 0.000041, 0.000042, 0.000042, 0.000041, 0.00004, 0.000041, 0.000041, 0.000041, 0.000041, 0.000041, 0.000041, 0.000041, 0.000041, 0.000041, 0.000041, 0.000041, 0.00004, 0.000042, 0.000042, 0.000041, 0.000041, 0.000041, 0.000041, 0.000041, 0.000041, 0.000041, 0.000041, 0.000041, 0.00004}"
