"model_name","layer_name","layer_index","kind","min_time","mean_time","max_time","add_flops","div_flops","cmp_flops","exp_flops","mad_flops","input_channel","input_height","input_width","output_channel","output_height","output_width","function","kernel_1","kernel_2","stride_1","stride_2","dilation_1","dilation_2","input_form","topology_hash","mad/min_time","mad/mean_time","mad/max_time","time"
"Ademxapp Model A Trained on ImageNet Competition Data","5b1/res5b1_branch2b1_relu",105,"Elementwise",0.000108,0.0001094499999999999,0.000653,0,0,204800,0,204800,512,20,20,512,20,20,"Ramp","","","","","","","HoldForm[ElementwiseLayer[Ramp, ""Input"" -> {512, 20, 20}]]","0r79uw2asy40q",1.8962962962962964e9,1.8711740520785763e9,3.136294027565084e8,"{0.000653, 0.000124, 0.000112, 0.00011, 0.000111, 0.00011, 0.000109, 0.00011, 0.000109, 0.00011, 0.00011, 0.00011, 0.000109, 0.000109, 0.000109, 0.00011, 0.00011, 0.000109, 0.000109, 0.00011, 0.00011, 0.000109, 0.000109, 0.000109, 0.00011, 0.000109, 0.000109, 0.00011, 0.00011, 0.000109, 0.00011, 0.00011, 0.000147, 0.000118, 0.00011, 0.00011, 0.00011, 0.000109, 0.00011, 0.000109, 0.00011, 0.000109, 0.000109, 0.00011, 0.000109, 0.00011, 0.000111, 0.000109, 0.000109, 0.000109, 0.00011, 0.000109, 0.00011, 0.000109, 0.00011, 0.000111, 0.000109, 0.000109, 0.00011, 0.000115, 0.000118, 0.00011, 0.000109, 0.000109, 0.00011, 0.000109, 0.000109, 0.000108, 0.000143, 0.000114, 0.00011, 0.000109, 0.000133, 0.000116, 0.000111, 0.000109, 0.00011, 0.000109, 0.000109, 0.000109, 0.000109, 0.000109, 0.000109, 0.000109, 0.00011, 0.000109, 0.000109, 0.000109, 0.00011, 0.000109, 0.000109, 0.000109, 0.000109, 0.000108, 0.000109, 0.000109, 0.000109, 0.000109, 0.000109, 0.000109}"
