"model_name","layer_name","layer_index","kind","min_time","mean_time","max_time","add_flops","div_flops","cmp_flops","exp_flops","mad_flops","input_channel","input_height","input_width","output_channel","output_height","output_width","function","kernel_1","kernel_2","stride_1","stride_2","dilation_1","dilation_2","input_form","topology_hash","mad/min_time","mad/mean_time","mad/max_time","time"
"Ademxapp Model A Trained on ImageNet Competition Data","5b2/res5b2_branch2a_relu",109,"Elementwise",0.000183,0.00018621666666666673,0.001014,0,0,409600,0,409600,1024,20,20,1024,20,20,"Ramp","","","","","","","HoldForm[ElementwiseLayer[Ramp, ""Input"" -> {1024, 20, 20}]]","10bso8jledb2x",2.2382513661202183e9,2.199588293206837e9,4.039447731755424e8,"{0.001014, 0.000197, 0.000187, 0.000185, 0.000184, 0.000184, 0.000184, 0.000184, 0.000184, 0.000184, 0.000244, 0.000193, 0.000185, 0.000186, 0.000183, 0.000183, 0.000186, 0.000184, 0.000184, 0.000184, 0.000183, 0.000184, 0.000184, 0.000183, 0.000208, 0.000196, 0.000184, 0.000183, 0.000184, 0.000183, 0.000185, 0.000238, 0.000195, 0.000185, 0.000183, 0.000184, 0.000184, 0.000184, 0.000184, 0.000184, 0.000184, 0.000185, 0.000184, 0.000185, 0.000183, 0.000184, 0.000184, 0.000185, 0.000184, 0.000184, 0.000183, 0.000185, 0.000235, 0.000196, 0.000188, 0.000188, 0.000188, 0.000187, 0.000186, 0.000186, 0.000187, 0.000187, 0.000187, 0.000187, 0.000187, 0.000186, 0.000194, 0.000187, 0.000188, 0.000187, 0.000187, 0.000187, 0.000187, 0.000235, 0.000193, 0.000188, 0.000188, 0.000215, 0.000192, 0.000188, 0.000188, 0.000187, 0.000188, 0.000187, 0.000188, 0.000187, 0.000188, 0.000187, 0.000187, 0.000187, 0.000188, 0.000188, 0.000188, 0.00019, 0.000206, 0.000188, 0.000187, 0.000187, 0.000188, 0.000187}"
