"model_name","layer_name","layer_index","kind","min_time","mean_time","max_time","add_flops","div_flops","cmp_flops","exp_flops","mad_flops","input_channel","input_height","input_width","output_channel","output_height","output_width","function","kernel_1","kernel_2","stride_1","stride_2","dilation_1","dilation_2","input_form","topology_hash","mad/min_time","mad/mean_time","mad/max_time","time"
"CapsNet Trained on MNIST Data","ReLUConv1/2",2,"Elementwise",0.000072,0.00007513333333333333,0.000261,0,0,102400,0,102400,256,20,20,256,20,20,"Ramp","","","","","","","HoldForm[ElementwiseLayer[Ramp, ""Input"" -> {256, 20, 20}]]","16phnxskssu2y",1.422222222222222e9,1.362910381543922e9,3.9233716475095785e8,"{0.000261, 0.000077, 0.000074, 0.000073, 0.000074, 0.000072, 0.000073, 0.000073, 0.000089, 0.000075, 0.000075, 0.000075, 0.000075, 0.000075, 0.000074, 0.000075, 0.000075, 0.000075, 0.000076, 0.000075, 0.000075, 0.000075, 0.000076, 0.000074, 0.000075, 0.000076, 0.000074, 0.000076, 0.000075, 0.000076, 0.000075, 0.000075, 0.000075, 0.000075, 0.000075, 0.000074, 0.000083, 0.000081, 0.000076, 0.000076, 0.000075, 0.000075, 0.000076, 0.000075, 0.000075, 0.000075, 0.000075, 0.000075, 0.000075, 0.000076}"
