"model_name","layer_name","layer_index","kind","min_time","mean_time","max_time","add_flops","div_flops","cmp_flops","exp_flops","mad_flops","input_channel","input_height","input_width","output_channel","output_height","output_width","function","kernel_1","kernel_2","stride_1","stride_2","dilation_1","dilation_2","input_form","topology_hash","mad/min_time","mad/mean_time","mad/max_time","time"
"ColorNet Image Colorization Trained on Places Data","1/2",2,"Elementwise",0.000322,0.00032433333333333327,0.001701,0,0,802816,0,802816,64,112,112,64,112,112,"Ramp","","","","","","","HoldForm[ElementwiseLayer[Ramp, ""Input"" -> {64, 112, 112}]]","0jyyl14fughyy",2.493217391304348e9,2.475280575539569e9,4.7196707818930036e8,"{0.001701, 0.000342, 0.000325, 0.000324, 0.000324, 0.000324, 0.000345, 0.000324, 0.00036, 0.000328, 0.000323, 0.000323, 0.000323, 0.000325, 0.000324, 0.000324, 0.000323, 0.000324, 0.000324, 0.000324, 0.000343, 0.00033, 0.000324, 0.000324, 0.000323, 0.000324, 0.000323, 0.000324, 0.000329, 0.000323, 0.000323, 0.000323, 0.000338, 0.000349, 0.000324, 0.000323, 0.000335, 0.000325, 0.000323, 0.000325, 0.000324, 0.000323, 0.000323, 0.000323, 0.000322, 0.000329, 0.000329, 0.000323, 0.000323, 0.000323}"
