"model_name","layer_name","layer_index","kind","min_time","mean_time","max_time","add_flops","div_flops","cmp_flops","exp_flops","mad_flops","input_channel","input_height","input_width","output_channel","output_height","output_width","function","kernel_1","kernel_2","stride_1","stride_2","dilation_1","dilation_2","input_form","topology_hash","mad/min_time","mad/mean_time","mad/max_time","time"
"ColorNet Image Colorization Trained on Places Data","4/7",53,"Elementwise",0.000107,0.00010843333333333321,0.000584,0,0,200704,0,200704,64,56,56,64,56,56,"Ramp","","","","","","","HoldForm[ElementwiseLayer[Ramp, ""Input"" -> {64, 56, 56}]]","0055vgwv4hket",1.8757383177570095e9,1.8509437442360919e9,3.436712328767123e8,"{0.000584, 0.000118, 0.000112, 0.00011, 0.000109, 0.000108, 0.000109, 0.000108, 0.000108, 0.000108, 0.000108, 0.000123, 0.000109, 0.000108, 0.000109, 0.000109, 0.000156, 0.000115, 0.000109, 0.000108, 0.000109, 0.000108, 0.000108, 0.000108, 0.000109, 0.000108, 0.000108, 0.000109, 0.000109, 0.000108, 0.000108, 0.000108, 0.000109, 0.000109, 0.000108, 0.000108, 0.000108, 0.000108, 0.000108, 0.000108, 0.000109, 0.000107, 0.000108, 0.000109, 0.000109, 0.000107, 0.000108, 0.000108, 0.000108, 0.000109, 0.000109, 0.000108, 0.000132, 0.000111, 0.000109, 0.000109, 0.000109, 0.000108, 0.000109, 0.000108, 0.000109, 0.000108, 0.000108, 0.000146, 0.000117, 0.000108, 0.000109, 0.000108, 0.000109, 0.000109, 0.000108, 0.000109, 0.000108, 0.000108, 0.000109, 0.000108, 0.000108, 0.000109, 0.000108, 0.000108, 0.000108, 0.000109, 0.000108, 0.000109, 0.000108, 0.000108, 0.000108, 0.000143, 0.000116, 0.000109, 0.000108, 0.000108, 0.00011, 0.000108, 0.000108, 0.000108, 0.000108, 0.000108, 0.000109, 0.000108}"
