"model_name","layer_name","layer_index","kind","min_time","mean_time","max_time","add_flops","div_flops","cmp_flops","exp_flops","mad_flops","input_channel","input_height","input_width","output_channel","output_height","output_width","function","kernel_1","kernel_2","stride_1","stride_2","dilation_1","dilation_2","input_form","topology_hash","mad/min_time","mad/mean_time","mad/max_time","time"
"Single-Image Depth Perception Net Trained on Depth in the Wild Data","4/1/1/4/1/1/2/3/6",64,"Elementwise",0.000089,0.00010774999999999999,0.000515,0,0,153600,0,153600,32,60,80,32,60,80,"Ramp","","","","","","","HoldForm[ElementwiseLayer[Ramp, ""Input"" -> {32, 60, 80}]]","0diyxaog6919w",1.7258426966292133e9,1.4255220417633414e9,2.98252427184466e8,"{0.000515, 0.000121, 0.000115, 0.000114, 0.000114, 0.000112, 0.000112, 0.000111, 0.000111, 0.000111, 0.000111, 0.000111, 0.000111, 0.00011, 0.000111, 0.00011, 0.00011, 0.00011, 0.000135, 0.000115, 0.000111, 0.000111, 0.000111, 0.000111, 0.000111, 0.000111, 0.000111, 0.000111, 0.00011, 0.000111, 0.00011, 0.000111, 0.000111, 0.000111, 0.00011, 0.00011, 0.00011, 0.00011, 0.00011, 0.00011, 0.000111, 0.000111, 0.000111, 0.000111, 0.000111, 0.000111, 0.000111, 0.000111, 0.000111, 0.000111, 0.00011, 0.000111, 0.00011, 0.000111, 0.00014, 0.000113, 0.000111, 0.000111, 0.000111, 0.000111, 0.000111, 0.000125, 0.000111, 0.00011, 0.00011, 0.000111, 0.00011, 0.00011, 0.000111, 0.000132, 0.000093, 0.000091, 0.00009, 0.000092, 0.00009, 0.00009, 0.00009, 0.00009, 0.000091, 0.00009, 0.00009, 0.000091, 0.00009, 0.00009, 0.00009, 0.000091, 0.000089, 0.00009, 0.00009, 0.00009, 0.00009, 0.00009, 0.00009, 0.000122, 0.000091, 0.00009, 0.00009, 0.000091, 0.00009, 0.000091}"
