"model_name","layer_name","layer_index","kind","min_time","mean_time","max_time","add_flops","div_flops","cmp_flops","exp_flops","mad_flops","input_channel","input_height","input_width","output_channel","output_height","output_width","function","kernel_1","kernel_2","stride_1","stride_2","dilation_1","dilation_2","input_form","topology_hash","mad/min_time","mad/mean_time","mad/max_time","time"
"Single-Image Depth Perception Net Trained on NYU Depth V2 Data","4/1/1/4/1/1/4/1/1/2/2/6",124,"Elementwise",0.000154,0.00015496666666666667,0.000227,0,0,307200,0,307200,64,60,80,64,60,80,"Ramp","","","","","","","HoldForm[ElementwiseLayer[Ramp, ""Input"" -> {64, 60, 80}]]","1tfaqscxpe2vw",1.9948051948051949e9,1.9823617982361798e9,1.3533039647577095e9,"{0.000227, 0.00016, 0.000157, 0.000155, 0.000155, 0.000155, 0.000155, 0.000154, 0.000154, 0.000154, 0.000155, 0.000155, 0.000154, 0.000155, 0.000154, 0.000154, 0.000155, 0.000154, 0.00018, 0.000188, 0.000156, 0.00016, 0.000166, 0.000156, 0.000154, 0.000154, 0.000154, 0.000155, 0.000154, 0.000154, 0.000155, 0.000154, 0.000155, 0.000154, 0.000155, 0.000172, 0.000154, 0.000155, 0.000154, 0.000156, 0.000155, 0.000154, 0.000154, 0.000196, 0.000166, 0.000155, 0.00016, 0.000158, 0.000155, 0.000154}"
