"model_name","layer_name","layer_index","kind","min_time","mean_time","max_time","add_flops","div_flops","cmp_flops","exp_flops","mad_flops","input_channel","input_height","input_width","output_channel","output_height","output_width","function","kernel_1","kernel_2","stride_1","stride_2","dilation_1","dilation_2","input_form","topology_hash","mad/min_time","mad/mean_time","mad/max_time","time"
"SSD-VGG-512 Trained on MS-COCO Data","1/1/blockNet12/conv12a/2",59,"Elementwise",0.000022,0.00003213333333333333,0.000055,0,0,512,0,512,128,2,2,128,2,2,"Ramp","","","","","","","HoldForm[ElementwiseLayer[Ramp, ""Input"" -> {128, 2, 2}]]","0f1w9i4veekrf",2.3272727272727273e7,1.5933609958506225e7,9.309090909090908e6,"{0.000055, 0.000042, 0.000025, 0.000023, 0.000037, 0.000039, 0.000025, 0.000036, 0.000025, 0.000036, 0.000025, 0.000035, 0.000025, 0.000037, 0.000024, 0.000036, 0.000038, 0.000024, 0.000036, 0.000024, 0.000036, 0.000025, 0.000032, 0.000025, 0.000035, 0.000025, 0.000036, 0.000025, 0.000035, 0.000025, 0.000035, 0.000045, 0.000041, 0.00004, 0.000038, 0.000026, 0.000022, 0.000035, 0.00004, 0.000025, 0.000036, 0.000037, 0.000023, 0.000035, 0.000038, 0.000023, 0.000035, 0.000039, 0.000024, 0.000035}"
