"model_name","layer_name","layer_index","kind","min_time","mean_time","max_time","add_flops","div_flops","cmp_flops","exp_flops","mad_flops","input_channel","input_height","input_width","output_channel","output_height","output_width","function","kernel_1","kernel_2","stride_1","stride_2","dilation_1","dilation_2","input_form","topology_hash","mad/min_time","mad/mean_time","mad/max_time","time"
"ResNet-50 Trained on ImageNet Competition Data","2a/res2a_relu",17,"Elementwise",0.000323,0.0003283333333333334,0.001787,0,0,802816,0,802816,256,56,56,256,56,56,"Ramp","","","","","","","HoldForm[ElementwiseLayer[Ramp, ""Input"" -> {256, 56, 56}]]","0tcc7oger2ac7",2.485498452012384e9,2.445124873096446e9,4.4925349748181313e8,"{0.001787, 0.000342, 0.000355, 0.000326, 0.000326, 0.000364, 0.000331, 0.000325, 0.000326, 0.000325, 0.000326, 0.000326, 0.000325, 0.000356, 0.000337, 0.000326, 0.000325, 0.000325, 0.000325, 0.000324, 0.000352, 0.000325, 0.000324, 0.000329, 0.000333, 0.000347, 0.000332, 0.000325, 0.000324, 0.000324, 0.000325, 0.000324, 0.000323, 0.000323, 0.000323, 0.000341, 0.00033, 0.000325, 0.000359, 0.000329, 0.000326, 0.000325, 0.000325, 0.000328, 0.000326, 0.000324, 0.000325, 0.000324, 0.000324, 0.000324, 0.000368, 0.000336, 0.000325, 0.000324, 0.000328, 0.00033, 0.000326, 0.000324, 0.000325, 0.000325, 0.000325, 0.000324, 0.000367, 0.000335, 0.00033, 0.000328, 0.000352, 0.000332, 0.000326, 0.000328, 0.000327, 0.000326, 0.000326, 0.000331, 0.000355, 0.000337, 0.000331, 0.00033, 0.00033, 0.00033, 0.00033, 0.000329, 0.00033, 0.00033, 0.000332, 0.000334, 0.000348, 0.000332, 0.00033, 0.00033, 0.00033, 0.000329, 0.00033, 0.00033, 0.000329, 0.000331, 0.000353, 0.000373, 0.000335, 0.00033}"
