"model_name","layer_name","layer_index","kind","min_time","mean_time","max_time","add_flops","div_flops","cmp_flops","exp_flops","mad_flops","input_channel","input_height","input_width","output_channel","output_height","output_width","function","kernel_1","kernel_2","stride_1","stride_2","dilation_1","dilation_2","input_form","topology_hash","mad/min_time","mad/mean_time","mad/max_time","time"
"Ademxapp Model A1 Trained on ADE20K Data","4b3/res4b3_branch2b1_relu",72,"Elementwise",0.000738,0.0007499666666666669,0.004758,0,0,2032128,0,2032128,512,63,63,512,63,63,"Ramp","","","","","","","HoldForm[ElementwiseLayer[Ramp, ""Input"" -> {512, 63, 63}]]","0bs40dqisfuvt",2.753560975609756e9,2.709624427752344e9,4.2709709962168974e8,"{0.004758, 0.000958, 0.000793, 0.000766, 0.00074, 0.000739, 0.0008, 0.000749, 0.000741, 0.00074, 0.000763, 0.000771, 0.000746, 0.000746, 0.000744, 0.00074, 0.000752, 0.000784, 0.000744, 0.000744, 0.000743, 0.00074, 0.000773, 0.000752, 0.000788, 0.000741, 0.000744, 0.00077, 0.000743, 0.000745, 0.000741, 0.000741, 0.00074, 0.000791, 0.000744, 0.00074, 0.00074, 0.000767, 0.000778, 0.000742, 0.000746, 0.000744, 0.00074, 0.00079, 0.000744, 0.000741, 0.000749, 0.000754, 0.000744, 0.000794, 0.000762, 0.000744, 0.000744, 0.000747, 0.00079, 0.000747, 0.000769, 0.000743, 0.000745, 0.000781, 0.000746, 0.000744, 0.000739, 0.00074, 0.000806, 0.000752, 0.000748, 0.000761, 0.000746, 0.000762, 0.00079, 0.000743, 0.00074, 0.000745, 0.000744, 0.000787, 0.000753, 0.000775, 0.000755, 0.000759, 0.000785, 0.000745, 0.000752, 0.000739, 0.000738, 0.000768, 0.000757, 0.000751, 0.00075, 0.000744, 0.000742, 0.000797, 0.000743, 0.000743, 0.000746, 0.000744, 0.000784, 0.000752, 0.000744, 0.000744}"
