"model_name","layer_name","layer_index","kind","min_time","mean_time","max_time","add_flops","div_flops","cmp_flops","exp_flops","mad_flops","input_channel","input_height","input_width","output_channel","output_height","output_width","function","kernel_1","kernel_2","stride_1","stride_2","dilation_1","dilation_2","input_form","topology_hash","mad/min_time","mad/mean_time","mad/max_time","time"
"GPT Transformer Trained on BookCorpus Data","decoder/3/1/attention/10/query/Net",194,"Linear",0.000082,0.00008399999999999997,0.003108,0,0,0,0,49152,768,"","",64,"","","","","","","","","","HoldForm[LinearLayer[{64}, ""Input"" -> 768]]","1ar66gqblf480",5.994146341463414e8,5.851428571428574e8,1.5814671814671814e7,"{0.003108, 0.000115, 0.00009, 0.000087, 0.000086, 0.000085, 0.000084, 0.000085, 0.000084, 0.000085, 0.000085, 0.000086, 0.000084, 0.000084, 0.000084, 0.000085, 0.000084, 0.000084, 0.000084, 0.000083, 0.000084, 0.000084, 0.000084, 0.000083, 0.000085, 0.000085, 0.000085, 0.000084, 0.000084, 0.000105, 0.000096, 0.000086, 0.000085, 0.000084, 0.000084, 0.000082, 0.000082, 0.000084, 0.000082, 0.000084, 0.000084, 0.000085, 0.000084, 0.000084, 0.000084, 0.000083, 0.000083, 0.000085, 0.000083, 0.000083, 0.000084, 0.000086, 0.000083, 0.000085, 0.000083, 0.000084, 0.000084, 0.000083, 0.000085, 0.000083, 0.000084, 0.000085, 0.000084, 0.000083, 0.000083, 0.000082, 0.000084, 0.000085, 0.000084, 0.000083, 0.000085, 0.000085, 0.000083, 0.000083, 0.000084, 0.000116, 0.000085, 0.000084, 0.000084, 0.000083, 0.000084, 0.000083, 0.000082, 0.000083, 0.000084, 0.000083, 0.000084, 0.000084, 0.000083, 0.000083, 0.000083, 0.000083, 0.000084, 0.000083, 0.000083, 0.000084, 0.000085, 0.000084, 0.000085, 0.000083}"
