"model_name","layer_name","layer_index","kind","min_time","mean_time","max_time","add_flops","div_flops","cmp_flops","exp_flops","mad_flops","input_channel","input_height","input_width","output_channel","output_height","output_width","function","kernel_1","kernel_2","stride_1","stride_2","dilation_1","dilation_2","input_form","topology_hash","mad/min_time","mad/mean_time","mad/max_time","time"
"BERT Trained on BookCorpus and English Wikipedia Data","encoder/3/2/linear2/Net",220,"Linear",0.000175,0.00019906666666666666,0.00033,0,0,0,0,2359296,3072,"","",768,"","","","","","","","","","HoldForm[LinearLayer[{768}, ""Input"" -> 3072]]","1oigxn30muap1",1.348169142857143e10,1.185178834561286e10,7.149381818181819e9,"{0.00033, 0.000218, 0.000208, 0.000205, 0.000206, 0.000205, 0.000209, 0.00021, 0.000211, 0.00021, 0.000211, 0.000213, 0.000265, 0.000205, 0.000205, 0.000207, 0.000204, 0.000205, 0.000204, 0.000205, 0.000206, 0.000202, 0.000204, 0.000202, 0.000202, 0.000203, 0.000203, 0.000201, 0.000203, 0.000202, 0.000207, 0.000256, 0.000183, 0.000198, 0.000185, 0.000176, 0.000182, 0.000177, 0.000176, 0.000176, 0.000175, 0.00018, 0.000188, 0.000182, 0.000179, 0.000177, 0.000178, 0.000177, 0.000178, 0.00018}"
