"model_name","layer_name","layer_index","kind","min_time","mean_time","max_time","add_flops","div_flops","cmp_flops","exp_flops","mad_flops","input_channel","input_height","input_width","output_channel","output_height","output_width","function","kernel_1","kernel_2","stride_1","stride_2","dilation_1","dilation_2","input_form","topology_hash","mad/min_time","mad/mean_time","mad/max_time","time"
"GPT Transformer Trained on BookCorpus Data","decoder/4/1/attention/5/query/Net",240,"Linear",0.000048,0.00004868333333333335,0.002932,0,0,0,0,49152,768,"","",64,"","","","","","","","","","HoldForm[LinearLayer[{64}, ""Input"" -> 768]]","1ar66gqblf480",1.024e9,1.0096268401232452e9,1.6763983628922237e7,"{0.002932, 0.000071, 0.000054, 0.000051, 0.000049, 0.00005, 0.000049, 0.000079, 0.000065, 0.000051, 0.00005, 0.000049, 0.000049, 0.000049, 0.000049, 0.000049, 0.000049, 0.000048, 0.000049, 0.000049, 0.000049, 0.000048, 0.000048, 0.00005, 0.000049, 0.000048, 0.000048, 0.000049, 0.000048, 0.000049, 0.000048, 0.000049, 0.000049, 0.000049, 0.000049, 0.000049, 0.000048, 0.000049, 0.000048, 0.000049, 0.000049, 0.000048, 0.000048, 0.00005, 0.000049, 0.000048, 0.000049, 0.000049, 0.000048, 0.000049, 0.000049, 0.000049, 0.000048, 0.000049, 0.000049, 0.000048, 0.000049, 0.000048, 0.000048, 0.000049, 0.000049, 0.000048, 0.000049, 0.000048, 0.000049, 0.000048, 0.000049, 0.000048, 0.000049, 0.000048, 0.000048, 0.00005, 0.000048, 0.000048, 0.000049, 0.000049, 0.000048, 0.000049, 0.000049, 0.000048, 0.000049, 0.000048, 0.000049, 0.000048, 0.000049, 0.000076, 0.000053, 0.000048, 0.000048, 0.000049, 0.000048, 0.000048, 0.000048, 0.000048, 0.000048, 0.000048, 0.000049, 0.000048, 0.000048, 0.000049}"
