"model_name","layer_name","layer_index","kind","min_time","mean_time","max_time","add_flops","div_flops","cmp_flops","exp_flops","mad_flops","input_channel","input_height","input_width","output_channel","output_height","output_width","function","kernel_1","kernel_2","stride_1","stride_2","dilation_1","dilation_2","input_form","topology_hash","mad/min_time","mad/mean_time","mad/max_time","time"
"Inception V1 Trained on Places365 Data","loss3_classifier",146,"Linear",0.000078,0.00007923333333333338,0.000114,0,0,0,0,373760,1024,"","",365,"","","","","","","","","","HoldForm[LinearLayer[{365}, ""Input"" -> 1024]]","0zbzmqodgc8yi",4.791794871794871e9,4.717206562894402e9,3.27859649122807e9,"{0.00011, 0.000094, 0.000085, 0.000082, 0.00008, 0.000079, 0.00008, 0.000079, 0.00008, 0.000079, 0.00008, 0.000079, 0.000114, 0.000091, 0.00008, 0.00008, 0.000079, 0.000079, 0.000079, 0.000079, 0.000079, 0.000079, 0.000079, 0.00008, 0.000078, 0.000079, 0.00008, 0.000078, 0.000079, 0.000079, 0.000079, 0.000079, 0.000079, 0.000079, 0.000078, 0.00008, 0.00008, 0.000078, 0.000078, 0.00008, 0.000078, 0.000079, 0.000079, 0.000079, 0.000079, 0.000078, 0.000079, 0.000079, 0.000079, 0.000078}"
