"model_name","layer_name","layer_index","kind","min_time","mean_time","max_time","add_flops","div_flops","cmp_flops","exp_flops","mad_flops","input_channel","input_height","input_width","output_channel","output_height","output_width","function","kernel_1","kernel_2","stride_1","stride_2","dilation_1","dilation_2","input_form","topology_hash","mad/min_time","mad/mean_time","mad/max_time","time"
"Squeeze-and-Excitation Net Trained on ImageNet Competition Data","classifier",873,"Linear",0.000177,0.0001795666666666666,0.000264,0,0,0,0,2048000,2048,"","",1000,"","","","","","","","","","HoldForm[LinearLayer[{1000}, ""Input"" -> 2048]]","01pgmbw0sne88",1.1570621468926554e10,1.140523482457769e10,7.757575757575757e9,"{0.000264, 0.000182, 0.000178, 0.000182, 0.000179, 0.00018, 0.000182, 0.000178, 0.000179, 0.000178, 0.000181, 0.00018, 0.000179, 0.000179, 0.000245, 0.000188, 0.000182, 0.000178, 0.000177, 0.000182, 0.00018, 0.000179, 0.000181, 0.000179, 0.00018, 0.000178, 0.00018, 0.000183, 0.00018, 0.000178, 0.000178, 0.000179, 0.000177, 0.000177, 0.00018, 0.000178, 0.000196, 0.000186, 0.000182, 0.000179, 0.000181, 0.00018, 0.000177, 0.000177, 0.000178, 0.00018, 0.000177, 0.000178, 0.000179, 0.000181}"
