"model_name","layer_name","layer_index","kind","min_time","mean_time","max_time","add_flops","div_flops","cmp_flops","exp_flops","mad_flops","input_channel","input_height","input_width","output_channel","output_height","output_width","function","kernel_1","kernel_2","stride_1","stride_2","dilation_1","dilation_2","input_form","topology_hash","mad/min_time","mad/mean_time","mad/max_time","time"
"GPT Transformer Trained on BookCorpus Data","decoder/9/1/attention/12/value/Net",632,"Linear",0.000056,0.00005721666666666672,0.003941,0,0,0,0,49152,768,"","",64,"","","","","","","","","","HoldForm[LinearLayer[{64}, ""Input"" -> 768]]","1ar66gqblf480",8.777142857142859e8,8.590503932420615e8,1.2471961431108855e7,"{0.003941, 0.000081, 0.000063, 0.000061, 0.000059, 0.000058, 0.000058, 0.000057, 0.000057, 0.000057, 0.000057, 0.000058, 0.000057, 0.000057, 0.000057, 0.000057, 0.000059, 0.000058, 0.000058, 0.000057, 0.000057, 0.00006, 0.000058, 0.000057, 0.000058, 0.000057, 0.000057, 0.000057, 0.000057, 0.000058, 0.000057, 0.000057, 0.000058, 0.000057, 0.000057, 0.00006, 0.000063, 0.000059, 0.00006, 0.000057, 0.000056, 0.000057, 0.000058, 0.000056, 0.000057, 0.000057, 0.000057, 0.000058, 0.000059, 0.000056, 0.000058, 0.000058, 0.000057, 0.000057, 0.000056, 0.000058, 0.000056, 0.000057, 0.000057, 0.000057, 0.000057, 0.000056, 0.000057, 0.000056, 0.000057, 0.000057, 0.000058, 0.000056, 0.000057, 0.000057, 0.000057, 0.000057, 0.000057, 0.000059, 0.000056, 0.000058, 0.000069, 0.000063, 0.000058, 0.000057, 0.000056, 0.000057, 0.000057, 0.000057, 0.000056, 0.000058, 0.000057, 0.000057, 0.000057, 0.000057, 0.000057, 0.000057, 0.000057, 0.000056, 0.000056, 0.000056, 0.000057, 0.000057, 0.000057, 0.000056}"
