"model_name","layer_name","layer_index","kind","min_time","mean_time","max_time","add_flops","div_flops","cmp_flops","exp_flops","mad_flops","input_channel","input_height","input_width","output_channel","output_height","output_width","function","kernel_1","kernel_2","stride_1","stride_2","dilation_1","dilation_2","input_form","topology_hash","mad/min_time","mad/mean_time","mad/max_time","time"
"GPT-2 Transformer Trained on WebText Data","decoder/5/2/linear1/Net",346,"Linear",0.000228,0.0002390833333333332,0.003334,0,0,0,0,2359296,768,"","",3072,"","","","","","","","","","HoldForm[LinearLayer[{3072}, ""Input"" -> 768]]","12cu9og6003am",1.034778947368421e10,9.868090623910776e9,7.076472705458908e8,"{0.003334, 0.00028, 0.000238, 0.000235, 0.000235, 0.000231, 0.000228, 0.000229, 0.000243, 0.000246, 0.000247, 0.000236, 0.000235, 0.000236, 0.000233, 0.000236, 0.000259, 0.000237, 0.000234, 0.000235, 0.000234, 0.000234, 0.000232, 0.000234, 0.000231, 0.000235, 0.000235, 0.00024, 0.000231, 0.000233, 0.000234, 0.000235, 0.000236, 0.000256, 0.000233, 0.000228, 0.00023, 0.000228, 0.000228, 0.000238, 0.000234, 0.000231, 0.000234, 0.000231, 0.000232, 0.000236, 0.000235, 0.000232, 0.000235, 0.000237, 0.000237, 0.000251, 0.000242, 0.000242, 0.000242, 0.00024, 0.000241, 0.000243, 0.000241, 0.000242, 0.000241, 0.000243, 0.000243, 0.000243, 0.000243, 0.000241, 0.000256, 0.000244, 0.000241, 0.000242, 0.00024, 0.000242, 0.00024, 0.000239, 0.000242, 0.000241, 0.000241, 0.000243, 0.000243, 0.000243, 0.000242, 0.000239, 0.000284, 0.000243, 0.000241, 0.000242, 0.00024, 0.00024, 0.000246, 0.000242, 0.000242, 0.000241, 0.000243, 0.00024, 0.000243, 0.000242, 0.00024, 0.000241, 0.000273, 0.000245}"
