"model_name","layer_name","layer_index","kind","min_time","mean_time","max_time","add_flops","div_flops","cmp_flops","exp_flops","mad_flops","input_channel","input_height","input_width","output_channel","output_height","output_width","function","kernel_1","kernel_2","stride_1","stride_2","dilation_1","dilation_2","input_form","topology_hash","mad/min_time","mad/mean_time","mad/max_time","time"
"GPT-2 Transformer Trained on WebText Data","decoder/5/1/attention/8/key/Net",317,"Linear",0.000059,0.00007999999999999998,0.000121,0,0,0,0,49152,768,"","",64,"","","","","","","","","","HoldForm[LinearLayer[{64}, ""Input"" -> 768]]","1ar66gqblf480",8.330847457627119e8,6.144000000000002e8,4.062148760330578e8,"{0.000098, 0.000065, 0.000061, 0.00006, 0.00006, 0.000059, 0.000062, 0.000059, 0.00006, 0.00006, 0.00006, 0.00006, 0.00006, 0.000108, 0.000121, 0.000093, 0.000088, 0.000086, 0.000107, 0.000086, 0.000085, 0.000085, 0.000085, 0.000084, 0.000084, 0.000084, 0.000114, 0.000083, 0.000081, 0.000079, 0.000079, 0.000082, 0.000081, 0.000081, 0.000081, 0.000081, 0.000081, 0.00008, 0.00008, 0.000079, 0.000081, 0.000079, 0.00008, 0.000081, 0.00008, 0.00008, 0.000081, 0.00008, 0.00008, 0.000081}"
