"model_name","layer_name","layer_index","kind","min_time","mean_time","max_time","add_flops","div_flops","cmp_flops","exp_flops","mad_flops","input_channel","input_height","input_width","output_channel","output_height","output_width","function","kernel_1","kernel_2","stride_1","stride_2","dilation_1","dilation_2","input_form","topology_hash","mad/min_time","mad/mean_time","mad/max_time","time"
"Squeeze-and-Excitation Net Trained on ImageNet Competition Data","z5/conv4_31_1x1_down",724,"Linear",0.000085,0.0000880666666666667,0.009134,0,0,0,0,65536,1024,"","",64,"","","","","","","","","","HoldForm[LinearLayer[{64}, ""Input"" -> 1024]]","0g4vmp1vvggav",7.710117647058823e8,7.441635124905372e8,7.174950733523101e6,"{0.009134, 0.00015, 0.000097, 0.000092, 0.000088, 0.00009, 0.000088, 0.000112, 0.0001, 0.000092, 0.00009, 0.000104, 0.000092, 0.000089, 0.000089, 0.000091, 0.00009, 0.00009, 0.00009, 0.00009, 0.00009, 0.000089, 0.000091, 0.00009, 0.00009, 0.000089, 0.00009, 0.00009, 0.000088, 0.000088, 0.000089, 0.000089, 0.000089, 0.000089, 0.00009, 0.00009, 0.00009, 0.000107, 0.000117, 0.00009, 0.000087, 0.000086, 0.000086, 0.000086, 0.000087, 0.000088, 0.000086, 0.000086, 0.000085, 0.000105, 0.000094, 0.000089, 0.000087, 0.000086, 0.000087, 0.000087, 0.000087, 0.000087, 0.000087, 0.000088, 0.000087, 0.000085, 0.000088, 0.000087, 0.000087, 0.000085, 0.000087, 0.000086, 0.000088, 0.000085, 0.000086, 0.000085, 0.000087, 0.000086, 0.000085, 0.000087, 0.000085, 0.000088, 0.000085, 0.000087, 0.000087, 0.000087, 0.000085, 0.000088, 0.000087, 0.000087, 0.000087, 0.000087, 0.000086, 0.000086, 0.000086, 0.000087, 0.000087, 0.000112, 0.000098, 0.000088, 0.000086, 0.000087, 0.000088, 0.000087}"
