"model_name","layer_name","layer_index","kind","min_time","mean_time","max_time","add_flops","div_flops","cmp_flops","exp_flops","mad_flops","input_channel","input_height","input_width","output_channel","output_height","output_width","function","kernel_1","kernel_2","stride_1","stride_2","dilation_1","dilation_2","input_form","topology_hash","mad/min_time","mad/mean_time","mad/max_time","time"
"Age Estimation VGG-16 Trained on IMDB-WIKI and Looking at People Data","fc6",33,"Linear",0.014528,0.014665349999999997,0.017864,0,0,0,0,102760448,25088,"","",4096,"","","","","","","","","","HoldForm[LinearLayer[{4096}, ""Input"" -> 25088]]","14kgs3udxish3",7.073268722466961e9,7.007023221402831e9,5.752376175548589e9,"{0.017864, 0.014612, 0.014647, 0.014827, 0.014643, 0.014627, 0.014677, 0.014618, 0.01467, 0.014652, 0.014605, 0.014645, 0.014607, 0.014579, 0.01456, 0.01467, 0.014589, 0.014763, 0.014613, 0.014626, 0.014677, 0.01464, 0.014623, 0.014684, 0.014545, 0.014577, 0.014758, 0.014761, 0.014689, 0.014738, 0.01453, 0.014586, 0.014634, 0.014528, 0.014623, 0.014577, 0.014715, 0.014813, 0.014749, 0.014661, 0.014671, 0.014687, 0.014619, 0.01473, 0.014603, 0.014637, 0.014927, 0.014661, 0.014705, 0.014663, 0.014684, 0.014658, 0.014725, 0.014688, 0.014688, 0.014658, 0.01467, 0.014673, 0.01461, 0.014724, 0.014652, 0.01472, 0.014664, 0.014733, 0.014597, 0.01462, 0.014815, 0.01454, 0.014667, 0.014761, 0.014692, 0.014727, 0.014628, 0.014803, 0.014633, 0.014772, 0.014579, 0.014767, 0.014793, 0.014632, 0.014645, 0.014663, 0.014717, 0.014546, 0.014676, 0.014612, 0.014897, 0.014887, 0.014653, 0.014574, 0.014684, 0.014703, 0.014562, 0.014652, 0.014795, 0.014715, 0.015024, 0.014643, 0.014675, 0.014673}"
