"model_name","layer_name","layer_index","kind","min_time","mean_time","max_time","add_flops","div_flops","cmp_flops","exp_flops","mad_flops","input_channel","input_height","input_width","output_channel","output_height","output_width","function","kernel_1","kernel_2","stride_1","stride_2","dilation_1","dilation_2","input_form","topology_hash","mad/min_time","mad/mean_time","mad/max_time","time"
"GPT Transformer Trained on BookCorpus Data","decoder/6/1/attention/4/query/Net",377,"Linear",0.000054,0.00005641666666666672,0.003117,0,0,0,0,49152,768,"","",64,"","","","","","","","","","HoldForm[LinearLayer[{64}, ""Input"" -> 768]]","1ar66gqblf480",9.102222222222222e8,8.712319054652872e8,1.5769008662175167e7,"{0.003117, 0.000087, 0.000062, 0.000066, 0.000065, 0.000057, 0.000094, 0.000066, 0.000058, 0.000058, 0.000058, 0.00007, 0.000057, 0.000055, 0.000056, 0.000057, 0.000056, 0.000057, 0.000056, 0.000057, 0.000055, 0.000055, 0.000056, 0.000056, 0.000055, 0.000057, 0.000056, 0.000056, 0.000055, 0.000055, 0.000092, 0.000063, 0.000056, 0.000056, 0.000056, 0.000056, 0.000057, 0.000056, 0.000057, 0.000057, 0.000056, 0.000055, 0.000057, 0.000056, 0.000057, 0.000055, 0.000056, 0.000057, 0.000068, 0.000057, 0.000058, 0.000058, 0.000056, 0.000058, 0.000055, 0.000056, 0.000056, 0.000057, 0.000056, 0.000055, 0.000056, 0.000056, 0.000055, 0.000056, 0.000057, 0.000056, 0.000057, 0.000057, 0.000056, 0.000055, 0.000055, 0.000057, 0.000055, 0.000056, 0.000056, 0.000057, 0.000056, 0.000057, 0.000056, 0.000056, 0.000056, 0.000057, 0.000056, 0.000055, 0.000056, 0.000056, 0.000055, 0.000056, 0.000056, 0.000056, 0.000054, 0.000055, 0.000056, 0.000072, 0.000068, 0.000056, 0.000056, 0.000091, 0.000065, 0.000058}"
