"model_name","layer_name","layer_index","kind","min_time","mean_time","max_time","add_flops","div_flops","cmp_flops","exp_flops","mad_flops","input_channel","input_height","input_width","output_channel","output_height","output_width","function","kernel_1","kernel_2","stride_1","stride_2","dilation_1","dilation_2","input_form","topology_hash","mad/min_time","mad/mean_time","mad/max_time","time"
"GPT Transformer Trained on BookCorpus Data","decoder/4/1/attention/3/query/Net",230,"Linear",0.000044,0.00004509999999999995,0.002948,0,0,0,0,49152,768,"","",64,"","","","","","","","","","HoldForm[LinearLayer[{64}, ""Input"" -> 768]]","1ar66gqblf480",1.117090909090909e9,1.0898447893569856e9,1.6672998643147895e7,"{0.002948, 0.000132, 0.000061, 0.00005, 0.000048, 0.000047, 0.000046, 0.000047, 0.000107, 0.000055, 0.000047, 0.000045, 0.000045, 0.000045, 0.000045, 0.000045, 0.000044, 0.000049, 0.000045, 0.000045, 0.000045, 0.000045, 0.000045, 0.000045, 0.000044, 0.000045, 0.000044, 0.000045, 0.000045, 0.000045, 0.000045, 0.000045, 0.000045, 0.000045, 0.000045, 0.000045, 0.000045, 0.000045, 0.000044, 0.000044, 0.000044, 0.000045, 0.000044, 0.000045, 0.000044, 0.000045, 0.000044, 0.000045, 0.000045, 0.000045, 0.000044, 0.000046, 0.000045, 0.000045, 0.000044, 0.000045, 0.000045, 0.000045, 0.000044, 0.000046, 0.000044, 0.000045, 0.000045, 0.000045, 0.000045, 0.000045, 0.000045, 0.000045, 0.000045, 0.000045, 0.000045, 0.000044, 0.000045, 0.000046, 0.000045, 0.000048, 0.000046, 0.000045, 0.000045, 0.000045, 0.000045, 0.000044, 0.000045, 0.000045, 0.000045, 0.000045, 0.000045, 0.000045, 0.000044, 0.000105, 0.000051, 0.000046, 0.000045, 0.000073, 0.000075, 0.000077, 0.000048, 0.000046, 0.000045, 0.000046}"
