"model_name","layer_name","layer_index","kind","min_time","mean_time","max_time","add_flops","div_flops","cmp_flops","exp_flops","mad_flops","input_channel","input_height","input_width","output_channel","output_height","output_width","function","kernel_1","kernel_2","stride_1","stride_2","dilation_1","dilation_2","input_form","topology_hash","mad/min_time","mad/mean_time","mad/max_time","time"
"GPT-2 Transformer Trained on WebText Data","decoder/12/1/attention/2/key/Net",770,"Linear",0.00007,0.00007100000000000005,0.000103,0,0,0,0,49152,768,"","",64,"","","","","","","","","","HoldForm[LinearLayer[{64}, ""Input"" -> 768]]","1ar66gqblf480",7.021714285714285e8,6.922816901408446e8,4.772038834951456e8,"{0.000103, 0.000079, 0.000074, 0.000073, 0.000072, 0.000073, 0.000072, 0.000072, 0.000073, 0.000072, 0.000071, 0.00007, 0.000071, 0.00007, 0.000071, 0.00007, 0.000071, 0.000071, 0.000071, 0.000071, 0.000071, 0.000071, 0.000071, 0.000072, 0.000071, 0.000071, 0.00007, 0.000073, 0.000082, 0.000072, 0.000071, 0.000071, 0.000071, 0.000071, 0.000071, 0.00007, 0.00007, 0.000071, 0.000071, 0.000071, 0.00007, 0.00007, 0.00007, 0.00007, 0.00007, 0.00007, 0.00007, 0.00007, 0.000071, 0.000071}"
