"model_name","layer_name","layer_index","kind","min_time","mean_time","max_time","add_flops","div_flops","cmp_flops","exp_flops","mad_flops","input_channel","input_height","input_width","output_channel","output_height","output_width","function","kernel_1","kernel_2","stride_1","stride_2","dilation_1","dilation_2","input_form","topology_hash","mad/min_time","mad/mean_time","mad/max_time","time"
"BERT Trained on BookCorpus and English Wikipedia Data","encoder/11/2/linear2/Net",788,"Linear",0.000147,0.00015060000000000003,0.000272,0,0,0,0,2359296,3072,"","",768,"","","","","","","","","","HoldForm[LinearLayer[{768}, ""Input"" -> 3072]]","1oigxn30muap1",1.6049632653061226e10,1.5665976095617527e10,8.673882352941177e9,"{0.000272, 0.00017, 0.000157, 0.000153, 0.000154, 0.000152, 0.000153, 0.00015, 0.00015, 0.00015, 0.00015, 0.00015, 0.00015, 0.000152, 0.000151, 0.000151, 0.000151, 0.00015, 0.000149, 0.00015, 0.000151, 0.000151, 0.000176, 0.000154, 0.000161, 0.000151, 0.00015, 0.000151, 0.000153, 0.000151, 0.000151, 0.00015, 0.000149, 0.00015, 0.000149, 0.000149, 0.00015, 0.000152, 0.00015, 0.000149, 0.00015, 0.00015, 0.00015, 0.000149, 0.000148, 0.00015, 0.000149, 0.00015, 0.000165, 0.000147}"
