"model_name","layer_name","layer_index","kind","min_time","mean_time","max_time","add_flops","div_flops","cmp_flops","exp_flops","mad_flops","input_channel","input_height","input_width","output_channel","output_height","output_width","function","kernel_1","kernel_2","stride_1","stride_2","dilation_1","dilation_2","input_form","topology_hash","mad/min_time","mad/mean_time","mad/max_time","time"
"BERT Trained on BookCorpus and English Wikipedia Data","encoder/2/2/linear1/Net",147,"Linear",0.000186,0.00020046666666666672,0.000329,0,0,0,0,2359296,768,"","",3072,"","","","","","","","","","HoldForm[LinearLayer[{3072}, ""Input"" -> 768]]","12cu9og6003am",1.2684387096774195e10,1.1769018955769867e10,7.171112462006079e9,"{0.000329, 0.000206, 0.000192, 0.000191, 0.000219, 0.000232, 0.000218, 0.000235, 0.000219, 0.000213, 0.00021, 0.00021, 0.00021, 0.00021, 0.00021, 0.00021, 0.000212, 0.00021, 0.00021, 0.000209, 0.000212, 0.000211, 0.000226, 0.000205, 0.000195, 0.00023, 0.000197, 0.000189, 0.00019, 0.000187, 0.000188, 0.000189, 0.000189, 0.000187, 0.000186, 0.0002, 0.000194, 0.00019, 0.000189, 0.000189, 0.000189, 0.000189, 0.00019, 0.000191, 0.00019, 0.00019, 0.000234, 0.000198, 0.00019, 0.000192}"
