"model_name","layer_name","layer_index","kind","min_time","mean_time","max_time","add_flops","div_flops","cmp_flops","exp_flops","mad_flops","input_channel","input_height","input_width","output_channel","output_height","output_width","function","kernel_1","kernel_2","stride_1","stride_2","dilation_1","dilation_2","input_form","topology_hash","mad/min_time","mad/mean_time","mad/max_time","time"
"BERT Trained on BookCorpus and English Wikipedia Data","encoder/5/1/attention/5/value/Net",318,"Linear",0.000075,0.0000779833333333333,0.003101,0,0,0,0,49152,768,"","",64,"","","","","","","","","","HoldForm[LinearLayer[{64}, ""Input"" -> 768]]","1ar66gqblf480",6.5536e8,6.302885231887159e8,1.585037084811351e7,"{0.003101, 0.000108, 0.000083, 0.000081, 0.000079, 0.000077, 0.000079, 0.000079, 0.000077, 0.000078, 0.000078, 0.000079, 0.000078, 0.000078, 0.000077, 0.000078, 0.000078, 0.000078, 0.000078, 0.000077, 0.000077, 0.000079, 0.00008, 0.000079, 0.000078, 0.000078, 0.000078, 0.000078, 0.000077, 0.000078, 0.000079, 0.000097, 0.00008, 0.000078, 0.000079, 0.000079, 0.000079, 0.000078, 0.000078, 0.000078, 0.000078, 0.000078, 0.000079, 0.000078, 0.000078, 0.000077, 0.000078, 0.000077, 0.000078, 0.000078, 0.000077, 0.000079, 0.000076, 0.000077, 0.000079, 0.000077, 0.000075, 0.000079, 0.000078, 0.000078, 0.000078, 0.000077, 0.000078, 0.000078, 0.000077, 0.000077, 0.000077, 0.000076, 0.000078, 0.000078, 0.000114, 0.000082, 0.000121, 0.000102, 0.00008, 0.000097, 0.00008, 0.000108, 0.000087, 0.000079, 0.000077, 0.000077, 0.000077, 0.000075, 0.000076, 0.000078, 0.000077, 0.000077, 0.000078, 0.000077, 0.000077, 0.000076, 0.000078, 0.000078, 0.000075, 0.000078, 0.000076, 0.000075, 0.000078, 0.000077}"
