"model_name","layer_name","layer_index","kind","min_time","mean_time","max_time","add_flops","div_flops","cmp_flops","exp_flops","mad_flops","input_channel","input_height","input_width","output_channel","output_height","output_width","function","kernel_1","kernel_2","stride_1","stride_2","dilation_1","dilation_2","input_form","topology_hash","mad/min_time","mad/mean_time","mad/max_time","time"
"BERT Trained on BookCorpus and English Wikipedia Data","encoder/4/1/attention/3/value/Net",237,"Linear",0.000074,0.00007741666666666659,0.003032,0,0,0,0,49152,768,"","",64,"","","","","","","","","","HoldForm[LinearLayer[{64}, ""Input"" -> 768]]","1ar66gqblf480",6.642162162162162e8,6.349020452099037e8,1.621108179419525e7,"{0.003032, 0.000105, 0.000084, 0.00008, 0.000092, 0.00008, 0.000079, 0.00008, 0.000079, 0.000078, 0.000079, 0.000078, 0.000079, 0.000079, 0.000078, 0.000074, 0.00008, 0.000078, 0.000077, 0.000078, 0.000076, 0.000079, 0.000078, 0.000076, 0.000078, 0.000077, 0.000078, 0.000078, 0.000077, 0.000077, 0.000077, 0.000077, 0.000076, 0.000077, 0.000077, 0.000077, 0.000085, 0.000079, 0.000077, 0.000077, 0.000076, 0.000077, 0.000077, 0.000076, 0.000077, 0.000077, 0.000077, 0.000105, 0.000084, 0.000078, 0.000078, 0.000078, 0.000078, 0.000077, 0.000077, 0.000077, 0.000077, 0.000076, 0.000076, 0.000077, 0.000077, 0.000077, 0.000077, 0.000078, 0.000077, 0.000077, 0.000077, 0.000077, 0.000077, 0.000076, 0.000077, 0.000076, 0.000076, 0.00008, 0.000077, 0.000077, 0.000077, 0.000077, 0.000078, 0.000077, 0.000078, 0.000077, 0.000077, 0.000077, 0.000076, 0.000078, 0.000077, 0.000077, 0.000077, 0.000078, 0.000077, 0.000079, 0.000076, 0.000077, 0.000076, 0.000076, 0.000103, 0.000085, 0.000079, 0.000078}"
