"model_name","layer_name","layer_index","kind","min_time","mean_time","max_time","add_flops","div_flops","cmp_flops","exp_flops","mad_flops","input_channel","input_height","input_width","output_channel","output_height","output_width","function","kernel_1","kernel_2","stride_1","stride_2","dilation_1","dilation_2","input_form","topology_hash","mad/min_time","mad/mean_time","mad/max_time","time"
"BERT Trained on BookCorpus and English Wikipedia Data","encoder/8/1/attention/14/Net",569,"Linear",0.000098,0.00010346666666666658,0.003204,0,0,0,0,589824,768,"","",768,"","","","","","","","","","HoldForm[LinearLayer[{768}, ""Input"" -> 768]]","1i4k7z9majhj6",6.01861224489796e9,5.700618556701036e9,1.8408988764044943e8,"{0.003204, 0.000128, 0.00011, 0.000108, 0.000105, 0.000106, 0.000105, 0.000105, 0.000105, 0.000106, 0.000105, 0.000103, 0.000104, 0.000104, 0.000128, 0.000111, 0.000103, 0.000103, 0.000104, 0.000103, 0.000104, 0.000105, 0.000102, 0.000103, 0.000104, 0.000104, 0.000103, 0.000104, 0.000103, 0.000104, 0.000103, 0.000103, 0.000103, 0.000104, 0.000104, 0.000102, 0.000103, 0.000103, 0.000104, 0.000104, 0.000104, 0.000104, 0.000105, 0.000104, 0.000103, 0.000103, 0.000104, 0.000103, 0.000104, 0.000103, 0.000103, 0.000147, 0.000117, 0.000106, 0.000104, 0.000103, 0.000104, 0.000103, 0.000104, 0.000104, 0.000103, 0.000104, 0.000103, 0.000103, 0.000103, 0.000103, 0.000104, 0.000104, 0.000102, 0.000103, 0.000102, 0.000103, 0.000103, 0.000104, 0.000103, 0.000103, 0.000103, 0.000104, 0.000104, 0.000103, 0.000103, 0.000103, 0.000104, 0.000103, 0.000102, 0.000103, 0.000104, 0.000103, 0.000103, 0.000104, 0.000101, 0.000098, 0.000099, 0.000099, 0.000098, 0.000099, 0.000098, 0.000098, 0.000098, 0.000098}"
