"model_name","layer_name","layer_index","kind","min_time","mean_time","max_time","add_flops","div_flops","cmp_flops","exp_flops","mad_flops","input_channel","input_height","input_width","output_channel","output_height","output_width","function","kernel_1","kernel_2","stride_1","stride_2","dilation_1","dilation_2","input_form","topology_hash","mad/min_time","mad/mean_time","mad/max_time","time"
"BERT Trained on BookCorpus and English Wikipedia Data","encoder/6/1/attention/5/query/Net",387,"Linear",0.000055,0.00006293333333333332,0.003052,0,0,0,0,49152,768,"","",64,"","","","","","","","","","HoldForm[LinearLayer[{64}, ""Input"" -> 768]]","1ar66gqblf480",8.936727272727273e8,7.810169491525425e8,1.6104849279161204e7,"{0.003052, 0.000086, 0.000074, 0.000072, 0.000069, 0.000069, 0.00007, 0.00007, 0.000069, 0.000069, 0.000068, 0.00007, 0.000069, 0.000068, 0.000069, 0.000071, 0.000069, 0.000068, 0.000069, 0.000069, 0.000069, 0.000069, 0.000069, 0.000069, 0.000069, 0.000068, 0.000068, 0.000069, 0.000068, 0.000068, 0.000068, 0.000068, 0.000069, 0.000068, 0.000068, 0.000068, 0.000068, 0.000069, 0.000069, 0.000069, 0.000121, 0.000063, 0.000058, 0.000055, 0.000055, 0.000055, 0.000056, 0.000055, 0.000057, 0.000055, 0.000057, 0.000056, 0.000055, 0.000058, 0.000055, 0.000056, 0.000061, 0.000056, 0.000056, 0.000057, 0.000057, 0.000055, 0.000055, 0.000056, 0.000055, 0.000055, 0.000057, 0.000055, 0.000055, 0.000056, 0.000055, 0.000057, 0.000057, 0.000055, 0.000091, 0.00007, 0.000078, 0.00006, 0.000061, 0.000061, 0.000061, 0.000061, 0.00006, 0.000061, 0.00006, 0.000059, 0.000061, 0.000061, 0.000061, 0.000059, 0.000059, 0.000059, 0.000058, 0.000061, 0.000058, 0.00006, 0.000062, 0.000061, 0.000058, 0.00006}"
