"model_name","layer_name","layer_index","kind","min_time","mean_time","max_time","add_flops","div_flops","cmp_flops","exp_flops","mad_flops","input_channel","input_height","input_width","output_channel","output_height","output_width","function","kernel_1","kernel_2","stride_1","stride_2","dilation_1","dilation_2","input_form","topology_hash","mad/min_time","mad/mean_time","mad/max_time","time"
"GPT-2 Transformer Trained on WebText Data","decoder/4/1/attention/8/query/Net",249,"Linear",0.000064,0.00006526666666666665,0.000107,0,0,0,0,49152,768,"","",64,"","","","","","","","","","HoldForm[LinearLayer[{64}, ""Input"" -> 768]]","1ar66gqblf480",7.68e8,7.530949948927479e8,4.5936448598130846e8,"{0.000107, 0.000074, 0.000084, 0.000071, 0.000066, 0.000066, 0.000066, 0.000066, 0.000066, 0.000066, 0.000066, 0.000065, 0.000065, 0.000064, 0.000066, 0.000065, 0.000065, 0.000065, 0.000065, 0.000064, 0.000065, 0.000065, 0.000065, 0.000065, 0.000065, 0.000066, 0.000066, 0.000065, 0.000065, 0.000066, 0.000065, 0.000065, 0.000065, 0.000065, 0.000065, 0.000064, 0.000078, 0.000067, 0.000065, 0.000064, 0.000065, 0.000065, 0.000066, 0.000065, 0.000065, 0.000065, 0.000064, 0.000065, 0.000065, 0.000065}"
