"model_name","layer_name","layer_index","kind","min_time","mean_time","max_time","add_flops","div_flops","cmp_flops","exp_flops","mad_flops","input_channel","input_height","input_width","output_channel","output_height","output_width","function","kernel_1","kernel_2","stride_1","stride_2","dilation_1","dilation_2","input_form","topology_hash","mad/min_time","mad/mean_time","mad/max_time","time"
"ELMo Contextual Word Representations Trained on 1B Word Benchmark","rnn1/backward/Net/gate_in/linear",48,"Linear",0.000309,0.00031985000000000005,0.003728,0,0,0,0,4194304,1024,"","",4096,"","","","","","","","","","HoldForm[LinearLayer[{4096}, ""Input"" -> 1024]]","0nedyi7upnc33",1.357379935275081e10,1.3113346881350632e10,1.1250815450643778e9,"{0.003728, 0.000446, 0.000399, 0.000332, 0.000321, 0.000318, 0.000319, 0.000334, 0.000315, 0.000317, 0.000326, 0.000324, 0.00032, 0.000318, 0.00034, 0.000321, 0.000323, 0.000321, 0.00032, 0.00032, 0.00032, 0.000321, 0.000325, 0.00032, 0.00032, 0.000322, 0.000343, 0.000327, 0.000326, 0.000318, 0.000318, 0.000317, 0.000321, 0.00032, 0.000321, 0.00032, 0.000318, 0.000317, 0.000352, 0.000329, 0.00032, 0.000316, 0.00032, 0.000316, 0.000323, 0.00032, 0.000317, 0.000317, 0.000319, 0.000321, 0.00032, 0.000341, 0.000313, 0.000312, 0.000311, 0.000309, 0.000313, 0.000311, 0.000313, 0.000311, 0.00031, 0.000312, 0.000313, 0.000352, 0.000322, 0.000322, 0.000343, 0.000324, 0.000321, 0.000321, 0.000323, 0.000319, 0.000314, 0.00033, 0.000316, 0.000316, 0.000364, 0.00032, 0.000318, 0.000319, 0.00032, 0.000317, 0.000314, 0.000314, 0.000319, 0.000319, 0.00032, 0.00032, 0.000341, 0.000322, 0.000318, 0.000318, 0.000316, 0.000317, 0.000321, 0.000335, 0.000325, 0.000322, 0.000316, 0.000316}"
