"model_name","layer_name","layer_index","kind","min_time","mean_time","max_time","add_flops","div_flops","cmp_flops","exp_flops","mad_flops","input_channel","input_height","input_width","output_channel","output_height","output_width","function","kernel_1","kernel_2","stride_1","stride_2","dilation_1","dilation_2","input_form","topology_hash","mad/min_time","mad/mean_time","mad/max_time","time"
"GPT-2 Transformer Trained on WebText Data","decoder/3/1/attention/2/query/Net",150,"Linear",0.000076,0.00008444999999999999,0.003034,0,0,0,0,49152,768,"","",64,"","","","","","","","","","HoldForm[LinearLayer[{64}, ""Input"" -> 768]]","1ar66gqblf480",6.467368421052631e8,5.8202486678508e8,1.620039551746869e7,"{0.003034, 0.000118, 0.000093, 0.000087, 0.000087, 0.000085, 0.000084, 0.000085, 0.000084, 0.000085, 0.000085, 0.000085, 0.000084, 0.000086, 0.000085, 0.000085, 0.000084, 0.000084, 0.000083, 0.000086, 0.000085, 0.000084, 0.000136, 0.000097, 0.000087, 0.000084, 0.000086, 0.000085, 0.000084, 0.000085, 0.000085, 0.000084, 0.000085, 0.000084, 0.000085, 0.000085, 0.000085, 0.000085, 0.000084, 0.000084, 0.000084, 0.000084, 0.000085, 0.000084, 0.000084, 0.000085, 0.000085, 0.000085, 0.000086, 0.000084, 0.000084, 0.000086, 0.000083, 0.000084, 0.000084, 0.000083, 0.000085, 0.000084, 0.000084, 0.000084, 0.000085, 0.000084, 0.000085, 0.000084, 0.000084, 0.000084, 0.000084, 0.000076, 0.000087, 0.000085, 0.000085, 0.000085, 0.000085, 0.000083, 0.000083, 0.000084, 0.000083, 0.000088, 0.000085, 0.000085, 0.000084, 0.000083, 0.000082, 0.000085, 0.000084, 0.000082, 0.000084, 0.000084, 0.000089, 0.000085, 0.000084, 0.000084, 0.000084, 0.000083, 0.000084, 0.000083, 0.000084, 0.000083, 0.000083, 0.000083}"
