"model_name","layer_name","layer_index","kind","min_time","mean_time","max_time","add_flops","div_flops","cmp_flops","exp_flops","mad_flops","input_channel","input_height","input_width","output_channel","output_height","output_width","function","kernel_1","kernel_2","stride_1","stride_2","dilation_1","dilation_2","input_form","topology_hash","mad/min_time","mad/mean_time","mad/max_time","time"
"GPT Transformer Trained on BookCorpus Data","decoder/2/1/attention/1/query/Net",78,"Linear",0.000084,0.0000888333333333333,0.003033,0,0,0,0,49152,768,"","",64,"","","","","","","","","","HoldForm[LinearLayer[{64}, ""Input"" -> 768]]","1ar66gqblf480",5.851428571428571e8,5.533058161350846e8,1.6205736894164193e7,"{0.003033, 0.000132, 0.000101, 0.000094, 0.000092, 0.000093, 0.000091, 0.00009, 0.000091, 0.00009, 0.000089, 0.000089, 0.00009, 0.000092, 0.000089, 0.000089, 0.000128, 0.000094, 0.000087, 0.000087, 0.000084, 0.000086, 0.000084, 0.000085, 0.000106, 0.000098, 0.000091, 0.00009, 0.000089, 0.00009, 0.000089, 0.000093, 0.000089, 0.00009, 0.000089, 0.000089, 0.000088, 0.000089, 0.00009, 0.000087, 0.000088, 0.000087, 0.000089, 0.000089, 0.000089, 0.000089, 0.000088, 0.000089, 0.000089, 0.000089, 0.000089, 0.00009, 0.000089, 0.000089, 0.000089, 0.000089, 0.000089, 0.000088, 0.000093, 0.000101, 0.00009, 0.000088, 0.000089, 0.000088, 0.000087, 0.000087, 0.000088, 0.00009, 0.000088, 0.000088, 0.000087, 0.000089, 0.000088, 0.000088, 0.000088, 0.000087, 0.000087, 0.000087, 0.000088, 0.000087, 0.000087, 0.000089, 0.000088, 0.000088, 0.000088, 0.000087, 0.000086, 0.000089, 0.000086, 0.000088, 0.000088, 0.000088, 0.00009, 0.000087, 0.000088, 0.000089, 0.000088, 0.000115, 0.000097, 0.000128}"
