"model_name","layer_name","layer_index","kind","min_time","mean_time","max_time","add_flops","div_flops","cmp_flops","exp_flops","mad_flops","input_channel","input_height","input_width","output_channel","output_height","output_width","function","kernel_1","kernel_2","stride_1","stride_2","dilation_1","dilation_2","input_form","topology_hash","mad/min_time","mad/mean_time","mad/max_time","time"
"Squeeze-and-Excitation Net Trained on ImageNet Competition Data","z4/conv4_30_1x1_up",709,"Linear",0.00008,0.0000867833333333333,0.003084,0,0,0,0,65536,64,"","",1024,"","","","","","","","","","HoldForm[LinearLayer[{1024}, ""Input"" -> 64]]","0zgc0b3wv6j4d",8.191999999999999e8,7.55168043019013e8,2.1250324254215304e7,"{0.003084, 0.000121, 0.000098, 0.000093, 0.00009, 0.00009, 0.000094, 0.000089, 0.000086, 0.000089, 0.000098, 0.000087, 0.000087, 0.000087, 0.000086, 0.000086, 0.000087, 0.000101, 0.000104, 0.000093, 0.000091, 0.00009, 0.00009, 0.000089, 0.00009, 0.000089, 0.00009, 0.00009, 0.000089, 0.000087, 0.000089, 0.000089, 0.00009, 0.000091, 0.000088, 0.00009, 0.000088, 0.00009, 0.000089, 0.00009, 0.000091, 0.000089, 0.000089, 0.000089, 0.00009, 0.00009, 0.000091, 0.000089, 0.00009, 0.00009, 0.000089, 0.000091, 0.000088, 0.000088, 0.000089, 0.000088, 0.000089, 0.00009, 0.00009, 0.000089, 0.000134, 0.000085, 0.000082, 0.000082, 0.00008, 0.000081, 0.000082, 0.000081, 0.000082, 0.000082, 0.000082, 0.000083, 0.000081, 0.000082, 0.000081, 0.000081, 0.000081, 0.000082, 0.000095, 0.000084, 0.000082, 0.000082, 0.000081, 0.000081, 0.000081, 0.000081, 0.000081, 0.00008, 0.000081, 0.000081, 0.000081, 0.000081, 0.000081, 0.000082, 0.000081, 0.000081, 0.000081, 0.000082, 0.000081, 0.000082}"
