"model_name","layer_name","layer_index","kind","min_time","mean_time","max_time","add_flops","div_flops","cmp_flops","exp_flops","mad_flops","input_channel","input_height","input_width","output_channel","output_height","output_width","function","kernel_1","kernel_2","stride_1","stride_2","dilation_1","dilation_2","input_form","topology_hash","mad/min_time","mad/mean_time","mad/max_time","time"
"BERT Trained on BookCorpus and English Wikipedia Data","encoder/9/1/attention/5/key/Net",599,"Linear",0.000055,0.00005628333333333338,0.004243,0,0,0,0,49152,768,"","",64,"","","","","","","","","","HoldForm[LinearLayer[{64}, ""Input"" -> 768]]","1ar66gqblf480",8.936727272727273e8,8.732958246964755e8,1.1584256422342682e7,"{0.004243, 0.000083, 0.000062, 0.000059, 0.000057, 0.000057, 0.000057, 0.000056, 0.000057, 0.000057, 0.000056, 0.000057, 0.000056, 0.000058, 0.000057, 0.000058, 0.000058, 0.000056, 0.000057, 0.000056, 0.000058, 0.000057, 0.000057, 0.000057, 0.000057, 0.000056, 0.000057, 0.000056, 0.000057, 0.000056, 0.000056, 0.000058, 0.000056, 0.000057, 0.000056, 0.000057, 0.000056, 0.000056, 0.000056, 0.000056, 0.000056, 0.000057, 0.000057, 0.000056, 0.000058, 0.000057, 0.000057, 0.000058, 0.000057, 0.000058, 0.000088, 0.000057, 0.000056, 0.000056, 0.000056, 0.000056, 0.000055, 0.000056, 0.000055, 0.000056, 0.000056, 0.000056, 0.000056, 0.000055, 0.000055, 0.000056, 0.000056, 0.000056, 0.000056, 0.000056, 0.000056, 0.000056, 0.000056, 0.000056, 0.000055, 0.000056, 0.000056, 0.000055, 0.000055, 0.000056, 0.000056, 0.000056, 0.000056, 0.000056, 0.000056, 0.000056, 0.000055, 0.000056, 0.000056, 0.000056, 0.000056, 0.000056, 0.000055, 0.000055, 0.000057, 0.000056, 0.000056, 0.000056, 0.000058, 0.000055}"
