"model_name","layer_name","layer_index","kind","min_time","mean_time","max_time","add_flops","div_flops","cmp_flops","exp_flops","mad_flops","input_channel","input_height","input_width","output_channel","output_height","output_width","function","kernel_1","kernel_2","stride_1","stride_2","dilation_1","dilation_2","input_form","topology_hash","mad/min_time","mad/mean_time","mad/max_time","time"
"BERT Trained on BookCorpus and English Wikipedia Data","encoder/12/1/attention/3/key/Net",802,"Linear",0.000057,0.000059250000000000044,0.003067,0,0,0,0,49152,768,"","",64,"","","","","","","","","","HoldForm[LinearLayer[{64}, ""Input"" -> 768]]","1ar66gqblf480",8.623157894736841e8,8.295696202531639e8,1.6026084121291164e7,"{0.003067, 0.00008, 0.000063, 0.000059, 0.000061, 0.000059, 0.000061, 0.000061, 0.00006, 0.000058, 0.000061, 0.000059, 0.000058, 0.000059, 0.00006, 0.000059, 0.000058, 0.000059, 0.00006, 0.000059, 0.000059, 0.000061, 0.00006, 0.000058, 0.000059, 0.000058, 0.000059, 0.00006, 0.00006, 0.000058, 0.000058, 0.00006, 0.00006, 0.00006, 0.000058, 0.000059, 0.00006, 0.000057, 0.000061, 0.000059, 0.00006, 0.000058, 0.000058, 0.00006, 0.000058, 0.000058, 0.000058, 0.000058, 0.00006, 0.000058, 0.00006, 0.000058, 0.000058, 0.000101, 0.000069, 0.000061, 0.000059, 0.000059, 0.000059, 0.00006, 0.00006, 0.00006, 0.000059, 0.000059, 0.000059, 0.000058, 0.000059, 0.000059, 0.000059, 0.00006, 0.000058, 0.000058, 0.000059, 0.00007, 0.000064, 0.000058, 0.000059, 0.000058, 0.000058, 0.000061, 0.000058, 0.00006, 0.000058, 0.000059, 0.000059, 0.00006, 0.000058, 0.00006, 0.00006, 0.000059, 0.000058, 0.00006, 0.000058, 0.00006, 0.00006, 0.00007, 0.000064, 0.00006, 0.000059, 0.000068}"
