"model_name","layer_name","layer_index","kind","min_time","mean_time","max_time","add_flops","div_flops","cmp_flops","exp_flops","mad_flops","input_channel","input_height","input_width","output_channel","output_height","output_width","function","kernel_1","kernel_2","stride_1","stride_2","dilation_1","dilation_2","input_form","topology_hash","mad/min_time","mad/mean_time","mad/max_time","time"
"Squeeze-and-Excitation Net Trained on ImageNet Competition Data","3e/conv3_5_1x1_down",144,"Linear",0.000059,0.00006619999999999998,0.003067,0,0,0,0,16384,512,"","",32,"","","","","","","","","","HoldForm[LinearLayer[{32}, ""Input"" -> 512]]","1t6gmc2e6yg8j",2.776949152542373e8,2.4749244712990943e8,5.342028040430388e6,"{0.003067, 0.00009, 0.000075, 0.000073, 0.000071, 0.000071, 0.00007, 0.00007, 0.000069, 0.000069, 0.000069, 0.000068, 0.000069, 0.000069, 0.000069, 0.000069, 0.000068, 0.000068, 0.000067, 0.000068, 0.000068, 0.000068, 0.000068, 0.000069, 0.000068, 0.000068, 0.000068, 0.000069, 0.000069, 0.000069, 0.000069, 0.000069, 0.000068, 0.000068, 0.000068, 0.000068, 0.000068, 0.000069, 0.000068, 0.000068, 0.000069, 0.000068, 0.000069, 0.000069, 0.000068, 0.000068, 0.000068, 0.000069, 0.000069, 0.000068, 0.00007, 0.00007, 0.000089, 0.000102, 0.00007, 0.000062, 0.000073, 0.000066, 0.000061, 0.000062, 0.000062, 0.000064, 0.000062, 0.000062, 0.000062, 0.000061, 0.000061, 0.000061, 0.000067, 0.000062, 0.00006, 0.000062, 0.000063, 0.000062, 0.000061, 0.000061, 0.000062, 0.000059, 0.000061, 0.000061, 0.000061, 0.000061, 0.000061, 0.00006, 0.000061, 0.000061, 0.00006, 0.000061, 0.000061, 0.000061, 0.000061, 0.000061, 0.00006, 0.000081, 0.000071, 0.000065, 0.00006, 0.000062, 0.000061, 0.000062}"
