"model_name","layer_name","layer_index","kind","min_time","mean_time","max_time","add_flops","div_flops","cmp_flops","exp_flops","mad_flops","input_channel","input_height","input_width","output_channel","output_height","output_width","function","kernel_1","kernel_2","stride_1","stride_2","dilation_1","dilation_2","input_form","topology_hash","mad/min_time","mad/mean_time","mad/max_time","time"
"CycleGAN Orange-to-Apple Translation Trained on ImageNet Competition Data","15/1/3",38,"Normalization",0.027429,0.027546366666666676,0.028817,524288,1048576,0,524288,1048576,128,64,64,128,64,64,"","","","","","","","HoldForm[NormalizationLayer[""Epsilon"" -> 0.00001, ""Input"" -> {128, 64, 64}]]","0swr1e5sz4uqw",3.8228736009333186e7,3.8065855025042616e7,3.6387410209251486e7,"{0.028817, 0.027484, 0.027481, 0.027429, 0.027519, 0.02747, 0.027511, 0.027499, 0.027457, 0.027517, 0.027487, 0.027508, 0.027462, 0.027451, 0.027446, 0.027444, 0.027461, 0.027439, 0.027499, 0.027452, 0.027601, 0.027528, 0.027544, 0.027509, 0.027556, 0.027574, 0.027548, 0.027593, 0.027626, 0.027663, 0.027595, 0.027616, 0.027619, 0.027612, 0.027582, 0.027576, 0.027606, 0.02749, 0.027497, 0.027501, 0.027551, 0.02753, 0.027544, 0.027511, 0.027518, 0.027527, 0.027548, 0.027603, 0.027543, 0.027569, 0.027553, 0.027578, 0.027573, 0.027597, 0.027557, 0.027622, 0.027577, 0.027556, 0.027526, 0.027526, 0.027539, 0.027519, 0.027546, 0.027512, 0.027556, 0.02756, 0.02755, 0.027545, 0.027526, 0.027582, 0.027518, 0.027532, 0.0275, 0.027571, 0.027529, 0.027578, 0.027546, 0.027557, 0.027525, 0.027562, 0.027549, 0.027552, 0.027538, 0.027524, 0.027566, 0.027559, 0.027557, 0.027571, 0.027571, 0.027605, 0.027552, 0.027574, 0.027552, 0.027569, 0.027556, 0.027582, 0.027595, 0.027592, 0.027613, 0.027552}"
