"model_name","layer_name","layer_index","kind","min_time","mean_time","max_time","add_flops","div_flops","cmp_flops","exp_flops","mad_flops","input_channel","input_height","input_width","output_channel","output_height","output_width","function","kernel_1","kernel_2","stride_1","stride_2","dilation_1","dilation_2","input_form","topology_hash","mad/min_time","mad/mean_time","mad/max_time","time"
"CycleGAN Monet-to-Photo Translation","12/1/7",18,"Normalization",0.027446,0.027523783333333336,0.02872,524288,1048576,0,524288,1048576,128,64,64,128,64,64,"","","","","","","","HoldForm[NormalizationLayer[""Epsilon"" -> 0.00001, ""Input"" -> {128, 64, 64}]]","0swr1e5sz4uqw",3.820505720323544e7,3.809708815466866e7,3.651030640668524e7,"{0.02872, 0.02749, 0.027478, 0.027504, 0.027484, 0.027513, 0.027478, 0.027476, 0.027477, 0.027469, 0.02746, 0.027467, 0.027479, 0.02753, 0.027449, 0.027505, 0.027482, 0.027466, 0.02753, 0.027509, 0.027504, 0.027495, 0.027512, 0.027537, 0.027475, 0.027477, 0.027477, 0.027507, 0.027481, 0.027475, 0.027464, 0.02748, 0.027486, 0.027446, 0.027516, 0.02747, 0.027482, 0.027535, 0.027485, 0.027519, 0.027459, 0.027486, 0.027547, 0.027493, 0.027487, 0.027458, 0.027523, 0.027511, 0.02749, 0.027548, 0.027459, 0.027508, 0.027481, 0.027528, 0.027492, 0.027495, 0.027507, 0.027491, 0.027487, 0.02748, 0.02749, 0.027487, 0.027495, 0.027618, 0.027611, 0.027598, 0.02758, 0.0276, 0.027608, 0.02757, 0.027599, 0.027565, 0.027583, 0.027589, 0.027604, 0.02755, 0.027569, 0.027595, 0.027563, 0.027582, 0.027597, 0.027576, 0.027565, 0.02758, 0.027599, 0.027565, 0.027613, 0.027606, 0.027609, 0.027577, 0.027576, 0.027603, 0.027585, 0.027583, 0.027595, 0.027593, 0.027562, 0.027606, 0.027584, 0.027589}"
