"model_name","layer_name","layer_index","kind","min_time","mean_time","max_time","add_flops","div_flops","cmp_flops","exp_flops","mad_flops","input_channel","input_height","input_width","output_channel","output_height","output_width","function","kernel_1","kernel_2","stride_1","stride_2","dilation_1","dilation_2","input_form","topology_hash","mad/min_time","mad/mean_time","mad/max_time","time"
"CycleGAN Photo-to-Van Gogh Translation","16/1/7",36,"Normalization",0.027433,0.0275477,0.028642,524288,1048576,0,524288,1048576,128,64,64,128,64,64,"","","","","","","","HoldForm[NormalizationLayer[""Epsilon"" -> 0.00001, ""Input"" -> {128, 64, 64}]]","0swr1e5sz4uqw",3.8223161885320604e7,3.806401260359304e7,3.6609733957125895e7,"{0.028642, 0.027573, 0.027599, 0.027587, 0.027536, 0.027545, 0.027558, 0.027551, 0.027543, 0.027528, 0.027511, 0.027505, 0.027535, 0.02754, 0.027513, 0.027482, 0.02744, 0.027506, 0.027559, 0.027545, 0.027571, 0.027538, 0.027518, 0.027571, 0.027556, 0.027571, 0.027533, 0.027562, 0.027587, 0.027536, 0.02752, 0.027555, 0.027584, 0.027517, 0.027557, 0.027525, 0.027489, 0.02747, 0.027452, 0.02751, 0.027525, 0.027556, 0.027584, 0.027563, 0.027518, 0.027548, 0.027559, 0.027526, 0.02753, 0.027536, 0.027543, 0.027564, 0.027549, 0.027528, 0.027519, 0.027579, 0.027516, 0.027513, 0.027491, 0.027458, 0.027454, 0.027433, 0.027467, 0.027537, 0.027526, 0.027525, 0.02754, 0.027535, 0.02753, 0.027538, 0.027558, 0.027616, 0.027575, 0.027565, 0.027567, 0.027533, 0.027541, 0.027563, 0.027575, 0.027548, 0.027563, 0.027598, 0.027531, 0.027567, 0.027551, 0.027597, 0.027552, 0.027575, 0.027615, 0.027565, 0.02759, 0.027555, 0.027586, 0.027571, 0.027607, 0.027597, 0.027599, 0.027577, 0.027572, 0.027604}"
