"model_name","layer_name","layer_index","kind","min_time","mean_time","max_time","add_flops","div_flops","cmp_flops","exp_flops","mad_flops","input_channel","input_height","input_width","output_channel","output_height","output_width","function","kernel_1","kernel_2","stride_1","stride_2","dilation_1","dilation_2","input_form","topology_hash","mad/min_time","mad/mean_time","mad/max_time","time"
"CycleGAN Horse-to-Zebra Translation Trained on ImageNet Competition Data","19/1/3",70,"Normalization",0.027384,0.027503766666666662,0.02879,524288,1048576,0,524288,1048576,128,64,64,128,64,64,"","","","","","","","HoldForm[NormalizationLayer[""Epsilon"" -> 0.00001, ""Input"" -> {128, 64, 64}]]","0swr1e5sz4uqw",3.8291557113643005e7,3.812481441935833e7,3.6421535255296975e7,"{0.02879, 0.027621, 0.027497, 0.027513, 0.027477, 0.027503, 0.027562, 0.027553, 0.027517, 0.027556, 0.027501, 0.027488, 0.027529, 0.027521, 0.027524, 0.027444, 0.027489, 0.027519, 0.027546, 0.027512, 0.027483, 0.027509, 0.027483, 0.027493, 0.027466, 0.027492, 0.027435, 0.027497, 0.027463, 0.027488, 0.02751, 0.027451, 0.027518, 0.027466, 0.027509, 0.027476, 0.027553, 0.027518, 0.027492, 0.027472, 0.027474, 0.02749, 0.027481, 0.027509, 0.027498, 0.027534, 0.027494, 0.027507, 0.027497, 0.027536, 0.027523, 0.027502, 0.027524, 0.027494, 0.027555, 0.027649, 0.027572, 0.027562, 0.027575, 0.027545, 0.027579, 0.027569, 0.027536, 0.02755, 0.02759, 0.02757, 0.027552, 0.027573, 0.027531, 0.027546, 0.027474, 0.027434, 0.027454, 0.027518, 0.027458, 0.027396, 0.027437, 0.027475, 0.027525, 0.027454, 0.027498, 0.027479, 0.027503, 0.027514, 0.027456, 0.027498, 0.027446, 0.027546, 0.027481, 0.027488, 0.02751, 0.027494, 0.027458, 0.027401, 0.027401, 0.027384, 0.027481, 0.027489, 0.027491, 0.027503}"
