"model_name","layer_name","layer_index","kind","min_time","mean_time","max_time","add_flops","div_flops","cmp_flops","exp_flops","mad_flops","input_channel","input_height","input_width","output_channel","output_height","output_width","function","kernel_1","kernel_2","stride_1","stride_2","dilation_1","dilation_2","input_form","topology_hash","mad/min_time","mad/mean_time","mad/max_time","time"
"BERT Trained on BookCorpus and English Wikipedia Data","encoder/9/2/norm",649,"Normalization",0.000186,0.00018741666666666657,0.000403,"768*LengthVar[1234191656]","1536*LengthVar[1234191656]",0,"768*LengthVar[1234191656]","1536*LengthVar[1234191656]","LengthVar[1234191656]",768,"","LengthVar[1234191656]",768,"","","","","","","","","HoldForm[NormalizationLayer[""Same"", ""Epsilon"" -> 1.*^-12, ""Input"" -> {""Varying"", 768}]]","0f271m8kvd2l1","8.258064516129034*^6*LengthVar[1.234191656*^9]","8.195642507781239*^6*LengthVar[1.234191656*^9]","3.8114143920595534*^6*LengthVar[1.234191656*^9]","{0.000403, 0.000195, 0.000189, 0.000187, 0.000188, 0.000187, 0.000187, 0.000187, 0.000206, 0.000195, 0.000191, 0.000187, 0.000218, 0.000196, 0.000189, 0.000188, 0.000188, 0.000188, 0.000209, 0.00019, 0.000188, 0.000187, 0.000187, 0.000187, 0.000187, 0.000187, 0.000187, 0.000187, 0.000186, 0.000186, 0.000187, 0.000186, 0.000187, 0.000207, 0.000187, 0.000186, 0.000186, 0.000188, 0.000187, 0.000186, 0.000188, 0.000186, 0.000188, 0.000187, 0.000187, 0.000187, 0.000186, 0.000186, 0.000187, 0.000187, 0.000187, 0.000186, 0.000187, 0.000215, 0.0002, 0.000189, 0.000186, 0.000187, 0.000187, 0.000187, 0.000191, 0.000198, 0.00019, 0.000188, 0.000188, 0.000187, 0.000187, 0.000187, 0.000186, 0.000187, 0.000187, 0.000207, 0.00019, 0.000187, 0.000211, 0.000197, 0.00019, 0.000187, 0.000188, 0.000186, 0.000186, 0.000187, 0.000187, 0.000186, 0.000187, 0.000186, 0.000187, 0.000187, 0.000186, 0.000187, 0.000186, 0.000187, 0.000186, 0.000187, 0.000186, 0.000209, 0.000196, 0.000189, 0.000187, 0.000187}"
