"model_name","layer_name","layer_index","kind","min_time","mean_time","max_time","add_flops","div_flops","cmp_flops","exp_flops","mad_flops","input_channel","input_height","input_width","output_channel","output_height","output_width","function","kernel_1","kernel_2","stride_1","stride_2","dilation_1","dilation_2","input_form","topology_hash","mad/min_time","mad/mean_time","mad/max_time","time"
"CycleGAN Photo-to-Van Gogh Translation","20/1/3",64,"Normalization",0.027328,0.027405333333333337,0.028314,524288,1048576,0,524288,1048576,128,64,64,128,64,64,"","","","","","","","HoldForm[NormalizationLayer[""Epsilon"" -> 0.00001, ""Input"" -> {128, 64, 64}]]","0swr1e5sz4uqw",3.837002341920374e7,3.826174953780285e7,3.703383485201667e7,"{0.028314, 0.027415, 0.027417, 0.027404, 0.027416, 0.027424, 0.027445, 0.027461, 0.027446, 0.027435, 0.027413, 0.027405, 0.027387, 0.02738, 0.027345, 0.027358, 0.027343, 0.027385, 0.027376, 0.027344, 0.027329, 0.027329, 0.027328, 0.027344, 0.027381, 0.027419, 0.02745, 0.027436, 0.027402, 0.027425, 0.027439, 0.027403, 0.027378, 0.027388, 0.02741, 0.027467, 0.027405, 0.027383, 0.027374, 0.027385, 0.027353, 0.027336, 0.027378, 0.027437, 0.027437, 0.027473, 0.027457, 0.027423, 0.027463, 0.02746}"
