"model_name","layer_name","layer_index","kind","min_time","mean_time","max_time","add_flops","div_flops","cmp_flops","exp_flops","mad_flops","input_channel","input_height","input_width","output_channel","output_height","output_width","function","kernel_1","kernel_2","stride_1","stride_2","dilation_1","dilation_2","input_form","topology_hash","mad/min_time","mad/mean_time","mad/max_time","time"
"CycleGAN Apple-to-Orange Translation Trained on ImageNet Competition Data","14/1/7",34,"Normalization",0.027337,0.02741933333333334,0.028402,524288,1048576,0,524288,1048576,128,64,64,128,64,64,"","","","","","","","HoldForm[NormalizationLayer[""Epsilon"" -> 0.00001, ""Input"" -> {128, 64, 64}]]","0swr1e5sz4uqw",3.8357391081684165e7,3.8242213523304716e7,3.691909020491514e7,"{0.028402, 0.027387, 0.027372, 0.027443, 0.027399, 0.027481, 0.027484, 0.027452, 0.027456, 0.027452, 0.027467, 0.027449, 0.027452, 0.027454, 0.027427, 0.027411, 0.027415, 0.027386, 0.02742, 0.02738, 0.027404, 0.027371, 0.02738, 0.027352, 0.027407, 0.027416, 0.02746, 0.027463, 0.027422, 0.027395, 0.027395, 0.02736, 0.027337, 0.027357, 0.027414, 0.027347, 0.027402, 0.027427, 0.027433, 0.027395, 0.027407, 0.027444, 0.027344, 0.027344, 0.027434, 0.027463, 0.027457, 0.027502, 0.027426, 0.027432}"
