"model_name","layer_name","layer_index","kind","min_time","mean_time","max_time","add_flops","div_flops","cmp_flops","exp_flops","mad_flops","input_channel","input_height","input_width","output_channel","output_height","output_width","function","kernel_1","kernel_2","stride_1","stride_2","dilation_1","dilation_2","input_form","topology_hash","mad/min_time","mad/mean_time","mad/max_time","time"
"CycleGAN Apple-to-Orange Translation Trained on ImageNet Competition Data","10",10,"Normalization",0.027328,0.027403200000000006,0.028307,524288,1048576,0,524288,1048576,128,64,64,128,64,64,"","","","","","","","HoldForm[NormalizationLayer[""Epsilon"" -> 0.00001, ""Input"" -> {128, 64, 64}]]","0swr1e5sz4uqw",3.837002341920374e7,3.826472820692473e7,3.7042992899282865e7,"{0.028307, 0.027429, 0.027387, 0.027407, 0.02742, 0.027449, 0.027436, 0.027457, 0.027441, 0.027436, 0.027381, 0.02736, 0.027392, 0.027381, 0.027383, 0.027351, 0.027343, 0.027359, 0.027406, 0.027454, 0.027435, 0.027444, 0.027416, 0.027432, 0.027401, 0.027364, 0.027398, 0.027374, 0.027399, 0.027375, 0.027366, 0.02737, 0.027386, 0.027388, 0.027372, 0.027351, 0.027374, 0.027444, 0.027414, 0.027354, 0.027328, 0.027331, 0.027375, 0.027417, 0.027433, 0.027438, 0.027465, 0.027463, 0.027442, 0.027464}"
