"model_name","layer_name","layer_index","kind","min_time","mean_time","max_time","add_flops","div_flops","cmp_flops","exp_flops","mad_flops","input_channel","input_height","input_width","output_channel","output_height","output_width","function","kernel_1","kernel_2","stride_1","stride_2","dilation_1","dilation_2","input_form","topology_hash","mad/min_time","mad/mean_time","mad/max_time","time"
"CycleGAN Summer-to-Winter Translation","27",90,"Normalization",0.109281,0.10942023333333335,0.112989,2097152,4194304,0,2097152,4194304,32,256,256,32,256,256,"","","","","","","","HoldForm[NormalizationLayer[""Epsilon"" -> 0.00001, ""Input"" -> {32, 256, 256}]]","1pp8020ca6hdw",3.838090793459064e7,3.833206960199621e7,3.712134809583233e7,"{0.112989, 0.109439, 0.10944, 0.109442, 0.109389, 0.109484, 0.109401, 0.109391, 0.109416, 0.109447, 0.109476, 0.109406, 0.109435, 0.109379, 0.109356, 0.109369, 0.109395, 0.109481, 0.10939, 0.109432, 0.109526, 0.109361, 0.109281, 0.109438, 0.109413, 0.109319, 0.109467, 0.109404, 0.109451, 0.109443, 0.109356, 0.109307, 0.109389, 0.109381, 0.109383, 0.109444, 0.109392, 0.109489, 0.109429, 0.109359, 0.109434, 0.109377, 0.109398, 0.10972, 0.109432, 0.109547, 0.109482, 0.109488, 0.109521, 0.10941}"
