"model_name","layer_name","layer_index","kind","min_time","mean_time","max_time","add_flops","div_flops","cmp_flops","exp_flops","mad_flops","input_channel","input_height","input_width","output_channel","output_height","output_width","function","kernel_1","kernel_2","stride_1","stride_2","dilation_1","dilation_2","input_form","topology_hash","mad/min_time","mad/mean_time","mad/max_time","time"
"CycleGAN Orange-to-Apple Translation Trained on ImageNet Competition Data","27",90,"Normalization",0.109404,0.1095682666666667,0.120107,2097152,4194304,0,2097152,4194304,32,256,256,32,256,256,"","","","","","","","HoldForm[NormalizationLayer[""Epsilon"" -> 0.00001, ""Input"" -> {32, 256, 256}]]","1pp8020ca6hdw",3.8337757303206466e7,3.8280280665204756e7,3.492139508937863e7,"{0.120107, 0.109585, 0.109602, 0.109575, 0.109598, 0.109595, 0.109605, 0.109587, 0.109616, 0.1095, 0.109523, 0.109594, 0.109496, 0.109542, 0.109517, 0.10951, 0.109477, 0.109535, 0.109537, 0.109435, 0.109429, 0.109491, 0.109448, 0.109491, 0.109564, 0.109566, 0.109541, 0.109542, 0.109566, 0.109564, 0.109508, 0.109521, 0.109547, 0.109568, 0.109567, 0.109533, 0.109565, 0.109627, 0.109567, 0.109632, 0.10955, 0.109612, 0.109635, 0.109759, 0.109712, 0.10962, 0.10963, 0.109591, 0.109626, 0.109585, 0.109579, 0.109612, 0.109728, 0.109734, 0.109647, 0.109596, 0.109682, 0.109547, 0.109564, 0.109591, 0.109553, 0.10955, 0.109704, 0.109619, 0.109671, 0.109624, 0.109614, 0.109798, 0.109451, 0.109428, 0.109415, 0.109452, 0.109478, 0.109425, 0.109434, 0.109474, 0.109526, 0.109546, 0.109629, 0.109659, 0.10961, 0.109634, 0.109612, 0.109538, 0.109629, 0.109594, 0.109622, 0.109538, 0.10951, 0.109698, 0.109645, 0.109635, 0.109521, 0.109454, 0.109559, 0.109434, 0.10952, 0.109446, 0.109404, 0.109463}"
