"model_name","layer_name","layer_index","kind","min_time","mean_time","max_time","add_flops","div_flops","cmp_flops","exp_flops","mad_flops","input_channel","input_height","input_width","output_channel","output_height","output_width","function","kernel_1","kernel_2","stride_1","stride_2","dilation_1","dilation_2","input_form","topology_hash","mad/min_time","mad/mean_time","mad/max_time","time"
"CycleGAN Photo-to-Van Gogh Translation","12",12,"Normalization",0.027454,0.02753873333333333,0.028714,524288,1048576,0,524288,1048576,128,64,64,128,64,64,"","","","","","","","HoldForm[NormalizationLayer[""Epsilon"" -> 0.00001, ""Input"" -> {128, 64, 64}]]","0swr1e5sz4uqw",3.819392438260363e7,3.807640632224673e7,3.651793550184579e7,"{0.028714, 0.027614, 0.027618, 0.027579, 0.027551, 0.027528, 0.02753, 0.027539, 0.027501, 0.02753, 0.02752, 0.027699, 0.027602, 0.027641, 0.02751, 0.027505, 0.027501, 0.027456, 0.027493, 0.027552, 0.02751, 0.027477, 0.02755, 0.027551, 0.027528, 0.027473, 0.027466, 0.027469, 0.027454, 0.027495, 0.027515, 0.027532, 0.027528, 0.027477, 0.027518, 0.027532, 0.027537, 0.027535, 0.027528, 0.027514, 0.027505, 0.027526, 0.027504, 0.027544, 0.027554, 0.027518, 0.02749, 0.027489, 0.027576, 0.027526, 0.027513, 0.027547, 0.027561, 0.027542, 0.027545, 0.027587, 0.027582, 0.027574, 0.027561, 0.027557, 0.027579, 0.027573, 0.027569, 0.027554, 0.027547, 0.027545, 0.027558, 0.02755, 0.027536, 0.027564, 0.027553, 0.027519, 0.02752, 0.027573, 0.027548, 0.02752, 0.027561, 0.027544, 0.027539, 0.027542, 0.027541, 0.027505, 0.02751, 0.02755, 0.027576, 0.027559, 0.027547, 0.027581, 0.027577, 0.02756, 0.027562, 0.027547, 0.027554, 0.027515, 0.027547, 0.027477, 0.027505, 0.027545, 0.027549, 0.027542}"
