"model_name","layer_name","layer_index","kind","min_time","mean_time","max_time","add_flops","div_flops","cmp_flops","exp_flops","mad_flops","input_channel","input_height","input_width","output_channel","output_height","output_width","function","kernel_1","kernel_2","stride_1","stride_2","dilation_1","dilation_2","input_form","topology_hash","mad/min_time","mad/mean_time","mad/max_time","time"
"CycleGAN Summer-to-Winter Translation","16/1/3",46,"Normalization",0.027579,0.027636066666666664,0.035553,524288,1048576,0,524288,1048576,128,64,64,128,64,64,"","","","","","","","HoldForm[NormalizationLayer[""Epsilon"" -> 0.00001, ""Input"" -> {128, 64, 64}]]","0swr1e5sz4uqw",3.802081293737989e7,3.7942302450179845e7,2.949331983236295e7,"{0.035553, 0.027634, 0.027606, 0.027637, 0.027604, 0.027645, 0.027654, 0.027612, 0.027605, 0.027638, 0.027646, 0.027617, 0.027612, 0.027596, 0.027635, 0.027637, 0.027645, 0.027607, 0.027646, 0.027636, 0.027611, 0.027614, 0.027588, 0.027646, 0.027626, 0.027649, 0.027631, 0.027653, 0.027611, 0.027625, 0.027638, 0.027616, 0.027648, 0.027616, 0.027641, 0.027628, 0.027648, 0.02765, 0.027645, 0.027615, 0.027591, 0.027625, 0.027668, 0.027633, 0.027608, 0.02762, 0.027637, 0.027579, 0.027621, 0.027621, 0.027626, 0.027626, 0.027627, 0.027651, 0.027664, 0.027631, 0.02763, 0.027618, 0.027663, 0.027695, 0.027692, 0.02764, 0.027675, 0.02767, 0.02766, 0.027639, 0.027647, 0.027661, 0.027634, 0.027642, 0.027647, 0.027649, 0.027649, 0.027644, 0.027707, 0.027683, 0.027624, 0.027622, 0.027673, 0.027637, 0.027603, 0.027605, 0.027643, 0.027655, 0.027648, 0.027649, 0.027639, 0.027627, 0.027655, 0.027624, 0.027647, 0.027623, 0.027633, 0.027638, 0.027633, 0.027666, 0.027638, 0.027665, 0.027608, 0.027642}"
