"model_name","layer_name","layer_index","kind","min_time","mean_time","max_time","add_flops","div_flops","cmp_flops","exp_flops","mad_flops","input_channel","input_height","input_width","output_channel","output_height","output_width","function","kernel_1","kernel_2","stride_1","stride_2","dilation_1","dilation_2","input_form","topology_hash","mad/min_time","mad/mean_time","mad/max_time","time"
"BERT Trained on BookCorpus and English Wikipedia Data","encoder/12/1/norm",856,"Normalization",0.000186,0.0001912166666666667,0.000391,"768*LengthVar[1476334279]","1536*LengthVar[1476334279]",0,"768*LengthVar[1476334279]","1536*LengthVar[1476334279]","LengthVar[1476334279]",768,"","LengthVar[1476334279]",768,"","","","","","","","","HoldForm[NormalizationLayer[""Same"", ""Epsilon"" -> 1.*^-12, ""Input"" -> {""Varying"", 768}]]","0f271m8kvd2l1","8.258064516129034*^6*LengthVar[1.476334279*^9]","8.032772596530985*^6*LengthVar[1.476334279*^9]","3.928388746803069*^6*LengthVar[1.476334279*^9]","{0.000391, 0.000196, 0.000189, 0.000188, 0.000187, 0.000229, 0.000197, 0.000188, 0.000187, 0.000187, 0.000187, 0.000187, 0.000186, 0.000187, 0.000198, 0.000188, 0.000186, 0.000191, 0.000192, 0.000188, 0.000187, 0.000188, 0.000187, 0.000187, 0.000187, 0.000187, 0.000224, 0.000199, 0.000191, 0.000189, 0.00019, 0.00019, 0.00019, 0.00019, 0.00019, 0.00019, 0.000189, 0.00019, 0.00019, 0.00019, 0.00019, 0.000189, 0.00019, 0.00019, 0.00019, 0.000189, 0.00019, 0.000218, 0.000192, 0.00019, 0.00019, 0.00019, 0.00019, 0.00019, 0.000189, 0.00019, 0.00019, 0.000189, 0.00019, 0.000189, 0.000189, 0.000189, 0.00019, 0.00019, 0.00019, 0.000189, 0.00019, 0.000218, 0.000203, 0.000198, 0.000197, 0.000194, 0.000193, 0.000193, 0.000194, 0.000193, 0.000193, 0.000194, 0.000193, 0.000194, 0.000196, 0.000194, 0.000194, 0.000194, 0.000194, 0.000193, 0.000194, 0.000197, 0.000201, 0.000194, 0.000195, 0.000194, 0.000194, 0.000194, 0.000194, 0.000195, 0.000193, 0.000194, 0.000194, 0.000193}"
