"model_name","layer_name","layer_index","kind","min_time","mean_time","max_time","add_flops","div_flops","cmp_flops","exp_flops","mad_flops","input_channel","input_height","input_width","output_channel","output_height","output_width","function","kernel_1","kernel_2","stride_1","stride_2","dilation_1","dilation_2","input_form","topology_hash","mad/min_time","mad/mean_time","mad/max_time","time"
"CycleGAN Apple-to-Orange Translation Trained on ImageNet Competition Data","19/1/3",70,"Normalization",0.027298,0.0273636,0.028292,524288,1048576,0,524288,1048576,128,64,64,128,64,64,"","","","","","","","HoldForm[NormalizationLayer[""Epsilon"" -> 0.00001, ""Input"" -> {128, 64, 64}]]","0swr1e5sz4uqw",3.8412191369331084e7,3.832010407987253e7,3.706263254630284e7,"{0.028292, 0.027392, 0.027336, 0.027373, 0.027344, 0.027302, 0.027316, 0.027363, 0.027337, 0.027384, 0.027318, 0.027332, 0.027336, 0.02733, 0.027371, 0.027391, 0.027404, 0.02736, 0.027357, 0.027355, 0.027336, 0.02736, 0.027355, 0.027337, 0.027323, 0.027298, 0.027369, 0.027359, 0.0274, 0.027407, 0.027414, 0.027476, 0.027421, 0.027444, 0.027396, 0.027361, 0.027412, 0.02739, 0.027388, 0.027367, 0.027334, 0.027418, 0.027385, 0.027372, 0.027354, 0.027381, 0.027327, 0.027341, 0.02735, 0.027344}"
