"model_name","layer_name","layer_index","kind","min_time","mean_time","max_time","add_flops","div_flops","cmp_flops","exp_flops","mad_flops","input_channel","input_height","input_width","output_channel","output_height","output_width","function","kernel_1","kernel_2","stride_1","stride_2","dilation_1","dilation_2","input_form","topology_hash","mad/min_time","mad/mean_time","mad/max_time","time"
"CycleGAN Zebra-to-Horse Translation Trained on ImageNet Competition Data","23",86,"Normalization",0.054628,0.05476993333333334,0.056507,1048576,2097152,0,1048576,2097152,64,128,128,64,128,128,"","","","","","","","HoldForm[NormalizationLayer[""Epsilon"" -> 0.00001, ""Input"" -> {64, 128, 128}]]","11dj6d7luxeus",3.838969026872666e7,3.829020545335701e7,3.711313642557559e7,"{0.056507, 0.054781, 0.054807, 0.054825, 0.054777, 0.054768, 0.054682, 0.054683, 0.054856, 0.0547, 0.054647, 0.054743, 0.054748, 0.054757, 0.054628, 0.054685, 0.054679, 0.054676, 0.054724, 0.054657, 0.054745, 0.054795, 0.055001, 0.05485, 0.05487, 0.054864, 0.054844, 0.054766, 0.054831, 0.054814, 0.054851, 0.05484, 0.054839, 0.054852, 0.05474, 0.054759, 0.05474, 0.054792, 0.054753, 0.05488, 0.054882, 0.054755, 0.05474, 0.054705, 0.054677, 0.054701, 0.054769, 0.054754, 0.054753, 0.054733}"
