"model_name","layer_name","layer_index","kind","min_time","mean_time","max_time","add_flops","div_flops","cmp_flops","exp_flops","mad_flops","input_channel","input_height","input_width","output_channel","output_height","output_width","function","kernel_1","kernel_2","stride_1","stride_2","dilation_1","dilation_2","input_form","topology_hash","mad/min_time","mad/mean_time","mad/max_time","time"
"CycleGAN Photo-to-Monet Translation","7",7,"Normalization",0.054901,0.05498968333333332,0.057181,1048576,2097152,0,1048576,2097152,64,128,128,64,128,128,"","","","","","","","HoldForm[NormalizationLayer[""Epsilon"" -> 0.00001, ""Input"" -> {64, 128, 128}]]","11dj6d7luxeus",3.819879419318409e7,3.8137189975937925e7,3.667567898427799e7,"{0.057181, 0.055064, 0.055004, 0.055016, 0.055034, 0.054985, 0.055053, 0.05501, 0.055001, 0.055054, 0.054948, 0.055029, 0.055025, 0.054998, 0.054929, 0.05496, 0.05496, 0.054966, 0.055026, 0.054982, 0.054966, 0.054979, 0.054958, 0.055006, 0.054984, 0.054963, 0.05497, 0.055085, 0.054992, 0.055004, 0.055016, 0.054989, 0.054972, 0.054958, 0.054967, 0.054978, 0.054964, 0.054946, 0.054949, 0.054996, 0.054944, 0.055018, 0.054909, 0.054955, 0.054938, 0.054901, 0.054979, 0.05493, 0.054941, 0.054951, 0.05494, 0.054919, 0.054929, 0.054977, 0.054949, 0.054962, 0.054962, 0.054935, 0.054999, 0.055025, 0.055017, 0.054947, 0.055003, 0.054975, 0.055033, 0.055013, 0.055072, 0.055043, 0.055021, 0.054972, 0.05497, 0.05498, 0.055003, 0.054986, 0.055012, 0.054985, 0.054956, 0.055042, 0.055012, 0.054972, 0.054963, 0.054985, 0.054984, 0.05501, 0.054989, 0.055003, 0.055057, 0.054991, 0.055043, 0.054996, 0.055036, 0.055008, 0.055017, 0.055035, 0.055056, 0.055097, 0.054973, 0.05504, 0.055655, 0.055008}"
