"model_name","layer_name","layer_index","kind","min_time","mean_time","max_time","add_flops","div_flops","cmp_flops","exp_flops","mad_flops","input_channel","input_height","input_width","output_channel","output_height","output_width","function","kernel_1","kernel_2","stride_1","stride_2","dilation_1","dilation_2","input_form","topology_hash","mad/min_time","mad/mean_time","mad/max_time","time"
"CycleGAN Zebra-to-Horse Translation Trained on ImageNet Competition Data","14/1/7",34,"Normalization",0.02734,0.027436866666666664,0.02838,524288,1048576,0,524288,1048576,128,64,64,128,64,64,"","","","","","","","HoldForm[NormalizationLayer[""Epsilon"" -> 0.00001, ""Input"" -> {128, 64, 64}]]","0swr1e5sz4uqw",3.835318215069495e7,3.821777511037461e7,3.69477096546864e7,"{0.02838, 0.027391, 0.027347, 0.02734, 0.0274, 0.027457, 0.02742, 0.027454, 0.027493, 0.027476, 0.027477, 0.027512, 0.027527, 0.027545, 0.027482, 0.027487, 0.027421, 0.027393, 0.027426, 0.027373, 0.027342, 0.027368, 0.027692, 0.02752, 0.02752, 0.027476, 0.027437, 0.027426, 0.027385, 0.027388, 0.02737, 0.027383, 0.027382, 0.02744, 0.027417, 0.02742, 0.027407, 0.027348, 0.027371, 0.027381, 0.027438, 0.027449, 0.027475, 0.02745, 0.027452, 0.027457, 0.02745, 0.027497, 0.027474, 0.027485}"
