"model_name","layer_name","layer_index","kind","min_time","mean_time","max_time","add_flops","div_flops","cmp_flops","exp_flops","mad_flops","input_channel","input_height","input_width","output_channel","output_height","output_width","function","kernel_1","kernel_2","stride_1","stride_2","dilation_1","dilation_2","input_form","topology_hash","mad/min_time","mad/mean_time","mad/max_time","time"
"CycleGAN Photo-to-Cezanne Translation","21/1/7",76,"Normalization",0.0273,0.027395033333333332,0.02826,524288,1048576,0,524288,1048576,128,64,64,128,64,64,"","","","","","","","HoldForm[NormalizationLayer[""Epsilon"" -> 0.00001, ""Input"" -> {128, 64, 64}]]","0swr1e5sz4uqw",3.840937728937729e7,3.827613521185714e7,3.7104600141542815e7,"{0.02826, 0.027359, 0.027382, 0.027445, 0.027447, 0.027475, 0.027473, 0.027459, 0.027492, 0.027451, 0.027446, 0.027412, 0.027362, 0.027343, 0.027364, 0.027327, 0.02731, 0.0273, 0.02733, 0.027327, 0.027302, 0.027318, 0.027326, 0.027343, 0.027319, 0.02738, 0.027451, 0.027415, 0.027395, 0.027401, 0.027436, 0.0274, 0.027396, 0.027354, 0.027372, 0.02736, 0.027325, 0.027375, 0.027406, 0.027419, 0.0274, 0.027402, 0.027415, 0.027428, 0.027492, 0.027458, 0.027385, 0.027415, 0.027409, 0.027432}"
