"model_name","layer_name","layer_index","kind","min_time","mean_time","max_time","add_flops","div_flops","cmp_flops","exp_flops","mad_flops","input_channel","input_height","input_width","output_channel","output_height","output_width","function","kernel_1","kernel_2","stride_1","stride_2","dilation_1","dilation_2","input_form","topology_hash","mad/min_time","mad/mean_time","mad/max_time","time"
"CycleGAN Zebra-to-Horse Translation Trained on ImageNet Competition Data","19/1/5",72,"Padding",0.000852,0.0008695833333333336,0.00298,0,0,0,0,0,128,64,64,128,66,66,"","","","","","","","HoldForm[PaddingLayer[{{0, 0}, {1, 1}, {1, 1}}, ""Padding"" -> ""Reflected"", ""Input"" -> {128, 64, 64}]]","02kscpdwd26f9",0.,0.,0.,"{0.00298, 0.001553, 0.001504, 0.001503, 0.001528, 0.001501, 0.001496, 0.001521, 0.001503, 0.001526, 0.001501, 0.001494, 0.001531, 0.001503, 0.001494, 0.001508, 0.001507, 0.001386, 0.000858, 0.000876, 0.000863, 0.000874, 0.000906, 0.000865, 0.00087, 0.000856, 0.000883, 0.000857, 0.000857, 0.000856, 0.000852, 0.000888, 0.000862, 0.000862, 0.000862, 0.000863, 0.000876, 0.000862, 0.000874, 0.000863, 0.000894, 0.000862, 0.000873, 0.000862, 0.000873, 0.000881, 0.000862, 0.000876, 0.000873, 0.000891, 0.000887, 0.000874, 0.000859, 0.000859, 0.000882, 0.000854, 0.000852, 0.000853, 0.000884, 0.000859, 0.000852, 0.000853, 0.000853, 0.000882, 0.000853, 0.000859, 0.000857, 0.000858, 0.00088, 0.000852, 0.000856, 0.000859, 0.000883, 0.000859, 0.000852, 0.00086, 0.00086, 0.000883, 0.000853, 0.000856, 0.000873, 0.000858, 0.000876, 0.000863, 0.000873, 0.000874, 0.000887, 0.000873, 0.000856, 0.000852, 0.000873, 0.000894, 0.000862, 0.000855, 0.000853, 0.000885, 0.000858, 0.000853, 0.000853, 0.000858}"
