"model_name","layer_name","layer_index","kind","min_time","mean_time","max_time","add_flops","div_flops","cmp_flops","exp_flops","mad_flops","input_channel","input_height","input_width","output_channel","output_height","output_width","function","kernel_1","kernel_2","stride_1","stride_2","dilation_1","dilation_2","input_form","topology_hash","mad/min_time","mad/mean_time","mad/max_time","time"
"CycleGAN Summer-to-Winter Translation","15/1/5",40,"Padding",0.000829,0.0008623500000000001,0.002934,0,0,0,0,0,128,64,64,128,66,66,"","","","","","","","HoldForm[PaddingLayer[{{0, 0}, {1, 1}, {1, 1}}, ""Padding"" -> ""Reflected"", ""Input"" -> {128, 64, 64}]]","02kscpdwd26f9",0.,0.,0.,"{0.002934, 0.001573, 0.001503, 0.001527, 0.001503, 0.001495, 0.001523, 0.001498, 0.001492, 0.001525, 0.001501, 0.001529, 0.001498, 0.001492, 0.001519, 0.001502, 0.00149, 0.000998, 0.000859, 0.000831, 0.00083, 0.000866, 0.00083, 0.000884, 0.000846, 0.000847, 0.000866, 0.00083, 0.000831, 0.000829, 0.000831, 0.000862, 0.000831, 0.000878, 0.00083, 0.000891, 0.000846, 0.000862, 0.000845, 0.000845, 0.000874, 0.000844, 0.000847, 0.000844, 0.000844, 0.000871, 0.000845, 0.000867, 0.000845, 0.000882, 0.000843, 0.000842, 0.000842, 0.000878, 0.000906, 0.000858, 0.000849, 0.000847, 0.000876, 0.00089, 0.000867, 0.000848, 0.000847, 0.000885, 0.000849, 0.000867, 0.000852, 0.000842, 0.00088, 0.000926, 0.000884, 0.000851, 0.000894, 0.000849, 0.000843, 0.000849, 0.000852, 0.000883, 0.000855, 0.000849, 0.000854, 0.000852, 0.000893, 0.000851, 0.000853, 0.000844, 0.000883, 0.000857, 0.000852, 0.000848, 0.000848, 0.000883, 0.000848, 0.000844, 0.000868, 0.000848, 0.000908, 0.000858, 0.000849, 0.000848}"
