"model_name","layer_name","layer_index","kind","min_time","mean_time","max_time","add_flops","div_flops","cmp_flops","exp_flops","mad_flops","input_channel","input_height","input_width","output_channel","output_height","output_width","function","kernel_1","kernel_2","stride_1","stride_2","dilation_1","dilation_2","input_form","topology_hash","mad/min_time","mad/mean_time","mad/max_time","time"
"CycleGAN Apple-to-Orange Translation Trained on ImageNet Competition Data","12/1/5",16,"Padding",0.000826,0.0008361500000000003,0.002868,0,0,0,0,0,128,64,64,128,66,66,"","","","","","","","HoldForm[PaddingLayer[{{0, 0}, {1, 1}, {1, 1}}, ""Padding"" -> ""Reflected"", ""Input"" -> {128, 64, 64}]]","02kscpdwd26f9",0.,0.,0.,"{0.002868, 0.001528, 0.0015, 0.001489, 0.001509, 0.001491, 0.001513, 0.001494, 0.001485, 0.001518, 0.001494, 0.001487, 0.001511, 0.001496, 0.00152, 0.001497, 0.001491, 0.001155, 0.000829, 0.000828, 0.000828, 0.000828, 0.000868, 0.00085, 0.000845, 0.000828, 0.000849, 0.000838, 0.000828, 0.000827, 0.000828, 0.00086, 0.000828, 0.000826, 0.000826, 0.000827, 0.000844, 0.000827, 0.000831, 0.000826, 0.000826, 0.000859, 0.000828, 0.000827, 0.000827, 0.000828, 0.000845, 0.000827, 0.000827, 0.000827, 0.000861, 0.000829, 0.000827, 0.000827, 0.000827, 0.000845, 0.000841, 0.000828, 0.000827, 0.000828, 0.000861, 0.000827, 0.000828, 0.000828, 0.000827, 0.00086, 0.00083, 0.00083, 0.000828, 0.00086, 0.00083, 0.00083, 0.000828, 0.000828, 0.000849, 0.000828, 0.00083, 0.000829, 0.000829, 0.000862, 0.000829, 0.000829, 0.000829, 0.000835, 0.000853, 0.000829, 0.000829, 0.000829, 0.000829, 0.000853, 0.000829, 0.000829, 0.000829, 0.000866, 0.000829, 0.000829, 0.000828, 0.000829, 0.000848, 0.000829}"
