"model_name","layer_name","layer_index","kind","min_time","mean_time","max_time","add_flops","div_flops","cmp_flops","exp_flops","mad_flops","input_channel","input_height","input_width","output_channel","output_height","output_width","function","kernel_1","kernel_2","stride_1","stride_2","dilation_1","dilation_2","input_form","topology_hash","mad/min_time","mad/mean_time","mad/max_time","time"
"SSD-VGG-512 Trained on PASCAL VOC2007, PASCAL VOC2012 and MS-COCO Data","2/cy/1",143,"Part",0.000084,0.00008656666666666669,0.000264,0,0,0,0,0,24564,4,"",24564,"","","","","","","","","","HoldForm[PartLayer[{1 ;; -1, 2}, ""Input"" -> {24564, 4}]]","1f0fww3sxnsti",0.,0.,0.,"{0.000264, 0.000094, 0.000087, 0.000087, 0.000085, 0.000085, 0.000085, 0.000084, 0.000085, 0.000084, 0.000085, 0.000085, 0.000085, 0.000084, 0.000085, 0.000085, 0.000084, 0.000085, 0.000084, 0.000084, 0.000086, 0.000098, 0.000086, 0.000087, 0.000086, 0.000087, 0.000087, 0.000087, 0.000086, 0.000087, 0.000106, 0.000094, 0.000087, 0.000087, 0.000086, 0.000086, 0.000088, 0.000086, 0.000087, 0.000087, 0.000087, 0.000087, 0.000087, 0.000086, 0.000087, 0.000086, 0.000087, 0.000086, 0.000087, 0.000086, 0.000087, 0.000087, 0.000087, 0.000086, 0.000088, 0.000087, 0.000086, 0.000087, 0.000086, 0.000087, 0.000087, 0.000086, 0.000087, 0.000086, 0.000087, 0.000086, 0.000086, 0.000087, 0.000087, 0.000086, 0.000087, 0.000087, 0.000087, 0.000087, 0.000087, 0.000105, 0.000093, 0.000087, 0.000087, 0.000086, 0.000087, 0.000086, 0.000086, 0.000087, 0.000086, 0.000087, 0.000086, 0.000087, 0.000086, 0.000086, 0.000087, 0.000086, 0.000087, 0.000086, 0.000086, 0.000087, 0.000086, 0.000087, 0.000087, 0.000087}"
