"model_name","layer_name","layer_index","kind","min_time","mean_time","max_time","add_flops","div_flops","cmp_flops","exp_flops","mad_flops","input_channel","input_height","input_width","output_channel","output_height","output_width","function","kernel_1","kernel_2","stride_1","stride_2","dilation_1","dilation_2","input_form","topology_hash","mad/min_time","mad/mean_time","mad/max_time","time"
"Inception V1 Trained on Places365 Data","inception_4e/pool",109,"Pooling",0.00096,0.0009702666666666659,0.001306,0,0,931392,0,0,528,14,14,528,14,14,"Max",3,3,1,1,"","","HoldForm[PoolingLayer[{3, 3}, {1, 1}, ""PaddingSize"" -> {{1, 1}, {1, 1}}, ""Input"" -> {528, 14, 14}]]","1bkls18mgxqlg",0.,0.,0.,"{0.001306, 0.001022, 0.00097, 0.000966, 0.000961, 0.000989, 0.000965, 0.000962, 0.000962, 0.000991, 0.000967, 0.00096, 0.000964, 0.00099, 0.000965, 0.000963, 0.000962, 0.000991, 0.000965, 0.000962, 0.000962, 0.000996, 0.000973, 0.00097, 0.000969, 0.001012, 0.00097, 0.000967, 0.000969, 0.001003, 0.000972, 0.000968, 0.000969, 0.001003, 0.000973, 0.000969, 0.000968, 0.000969, 0.000968, 0.000967, 0.000968, 0.000969, 0.001002, 0.000973, 0.000969, 0.00097, 0.001004, 0.000971, 0.000969, 0.000968, 0.001002, 0.000969, 0.000966, 0.000968, 0.001001, 0.000973, 0.000966, 0.000965, 0.001, 0.000969, 0.000967, 0.000967, 0.000999, 0.000968, 0.000966, 0.000967, 0.001001, 0.000969, 0.000967, 0.000966, 0.001, 0.000969, 0.000967, 0.00097, 0.000999, 0.00097, 0.000968, 0.000966, 0.000997, 0.000969, 0.000966, 0.000967, 0.00097, 0.000966, 0.000965, 0.000969, 0.000966, 0.001, 0.000968, 0.000968, 0.00097, 0.001002, 0.000973, 0.000968, 0.000968, 0.001002, 0.00097, 0.000968, 0.000966, 0.001002}"
