"model_name","layer_name","layer_index","kind","min_time","mean_time","max_time","add_flops","div_flops","cmp_flops","exp_flops","mad_flops","input_channel","input_height","input_width","output_channel","output_height","output_width","function","kernel_1","kernel_2","stride_1","stride_2","dilation_1","dilation_2","input_form","topology_hash","mad/min_time","mad/mean_time","mad/max_time","time"
"3D Face Alignment Net Trained on 300W Large Pose Data","13/1/2/3/1/2/1",559,"Pooling",0.000638,0.0006458666666666667,0.000984,262144,0,0,0,0,256,32,32,256,16,16,"Mean",2,2,2,2,"","","HoldForm[PoolingLayer[{2, 2}, {2, 2}, ""PaddingSize"" -> {{0, 0}, {0, 0}}, ""Function"" -> Mean, ""Input"" -> {256, 32, 32}]]","036t2pxl54lde",0.,0.,0.,"{0.000984, 0.000678, 0.000651, 0.000644, 0.000639, 0.000642, 0.000682, 0.000644, 0.000653, 0.000641, 0.000638, 0.000638, 0.000676, 0.000646, 0.00064, 0.000638, 0.000669, 0.00064, 0.000686, 0.000648, 0.000638, 0.000642, 0.000642, 0.000643, 0.000683, 0.000643, 0.000657, 0.000646, 0.000638, 0.000638, 0.000682, 0.000649, 0.000673, 0.000642, 0.00064, 0.000643, 0.000682, 0.000649, 0.000641, 0.000645, 0.000645, 0.000642, 0.000673, 0.000652, 0.000641, 0.000644, 0.000641, 0.000667, 0.000648, 0.000645, 0.000647, 0.000641, 0.000646, 0.000641, 0.000647, 0.000689, 0.00065, 0.000642, 0.000669, 0.000643, 0.000644, 0.000675, 0.000645, 0.00067, 0.000646, 0.000641, 0.000641, 0.000678, 0.000645, 0.000641, 0.000646, 0.00065, 0.000649, 0.000679, 0.000645, 0.000641, 0.000641, 0.00064, 0.000646, 0.000685, 0.000646, 0.000641, 0.000642, 0.000641, 0.000641, 0.000677, 0.000656, 0.000644, 0.000642, 0.000641, 0.000642, 0.000678, 0.000649, 0.000641, 0.000668, 0.000643, 0.000641, 0.000642, 0.000646, 0.000641}"
