"model_name","layer_name","layer_index","kind","min_time","mean_time","max_time","add_flops","div_flops","cmp_flops","exp_flops","mad_flops","input_channel","input_height","input_width","output_channel","output_height","output_width","function","kernel_1","kernel_2","stride_1","stride_2","dilation_1","dilation_2","input_form","topology_hash","mad/min_time","mad/mean_time","mad/max_time","time"
"Inception V1 Trained on Extended Salient Object Subitizing Data","inception_4d/pool",95,"Pooling",0.000931,0.0009445833333333333,0.001334,0,0,903168,0,0,512,14,14,512,14,14,"Max",3,3,1,1,"","","HoldForm[PoolingLayer[{3, 3}, {1, 1}, ""PaddingSize"" -> {{1, 1}, {1, 1}}, ""Input"" -> {512, 14, 14}]]","0276xckoe9z27",0.,0.,0.,"{0.001334, 0.000948, 0.000944, 0.000937, 0.000968, 0.000939, 0.000936, 0.000935, 0.000968, 0.00094, 0.000936, 0.000935, 0.000966, 0.000942, 0.000935, 0.000933, 0.000964, 0.000937, 0.000936, 0.000931, 0.000948, 0.000968, 0.00094, 0.00094, 0.000938, 0.00097, 0.000986, 0.000934, 0.000934, 0.000978, 0.000948, 0.000945, 0.000941, 0.000975, 0.000949, 0.000945, 0.000944, 0.000973, 0.000944, 0.000945, 0.00094, 0.000941, 0.000941, 0.000943, 0.000942, 0.000941, 0.000977, 0.000943, 0.000942, 0.000942, 0.000972, 0.000943, 0.000943, 0.000941, 0.000974, 0.000945, 0.000941, 0.000941, 0.000975, 0.000944, 0.000941, 0.000941, 0.000941, 0.000978, 0.000944, 0.000943, 0.000944, 0.000973, 0.000947, 0.000944, 0.000944, 0.000974, 0.000947, 0.000941, 0.000945, 0.000975, 0.000945, 0.000945, 0.000944, 0.000971, 0.000945, 0.00094, 0.000943, 0.000941, 0.000942, 0.000944, 0.000944, 0.000941, 0.000979, 0.000944, 0.000945, 0.00094, 0.000976, 0.000943, 0.000943, 0.00094, 0.000978, 0.000946, 0.000943, 0.000941}"
