"model_name","layer_name","layer_index","kind","min_time","mean_time","max_time","add_flops","div_flops","cmp_flops","exp_flops","mad_flops","input_channel","input_height","input_width","output_channel","output_height","output_width","function","kernel_1","kernel_2","stride_1","stride_2","dilation_1","dilation_2","input_form","topology_hash","mad/min_time","mad/mean_time","mad/max_time","time"
"SSD-VGG-300 Trained on PASCAL VOC Data","2/reshapePoint",145,"Reshape",0.000054,0.000054849999999999964,0.000312,0,0,0,0,0,8732,4,"",8732,2,2,"","","","","","","","HoldForm[ReshapeLayer[{8732, 2, 2}, ""Input"" -> {8732, 4}]]","1c5g2nsi77bgl",0.,0.,0.,"{0.000312, 0.000065, 0.00006, 0.000056, 0.000055, 0.000056, 0.000055, 0.000054, 0.000055, 0.000055, 0.000055, 0.000055, 0.000055, 0.000054, 0.000055, 0.000055, 0.000055, 0.000055, 0.000055, 0.000055, 0.000054, 0.000054, 0.000055, 0.000055, 0.000054, 0.000055, 0.000055, 0.000055, 0.000054, 0.000055, 0.000054, 0.000055, 0.000056, 0.000054, 0.000056, 0.000055, 0.000055, 0.000055, 0.000055, 0.000054, 0.000057, 0.000056, 0.000073, 0.000055, 0.000055, 0.000054, 0.000054, 0.000055, 0.000055, 0.000054, 0.000055, 0.000054, 0.000054, 0.000055, 0.000055, 0.000056, 0.000054, 0.000056, 0.000055, 0.000056, 0.000054, 0.000054, 0.000055, 0.000054, 0.000068, 0.000058, 0.000055, 0.000055, 0.000056, 0.000055, 0.000054, 0.000055, 0.000056, 0.000055, 0.000054, 0.000056, 0.000055, 0.000057, 0.000054, 0.000055, 0.000055, 0.000056, 0.000054, 0.000054, 0.000055, 0.000054, 0.000055, 0.000054, 0.000055, 0.000054, 0.000055, 0.000055, 0.000054, 0.000055, 0.000054, 0.000054, 0.000056, 0.000055, 0.000055, 0.000054}"
