"model_name","layer_name","layer_index","kind","min_time","mean_time","max_time","add_flops","div_flops","cmp_flops","exp_flops","mad_flops","input_channel","input_height","input_width","output_channel","output_height","output_width","function","kernel_1","kernel_2","stride_1","stride_2","dilation_1","dilation_2","input_form","topology_hash","mad/min_time","mad/mean_time","mad/max_time","time"
"2D Face Alignment Net Trained on 300W Large Pose Data","14/1/2/3/1/2/3/1/2/3/1/2/5",438,"Resize",0.000231,0.00023265000000000002,0.000404,0,0,0,0,0,256,4,4,256,8,8,"","","","","","","","HoldForm[ResizeLayer[{Scaled[2], Scaled[2]}, ""Resampling"" -> ""Nearest"", ""Input"" -> {256, 4, 4}]]","1a99c2opol8t3",0.,0.,0.,"{0.000404, 0.000244, 0.000237, 0.000234, 0.000233, 0.000234, 0.000234, 0.000234, 0.000233, 0.000276, 0.000237, 0.000233, 0.000233, 0.000234, 0.000234, 0.000233, 0.000233, 0.000233, 0.000232, 0.000233, 0.000232, 0.000232, 0.000232, 0.000232, 0.000232, 0.000233, 0.000263, 0.000237, 0.000233, 0.000233, 0.000233, 0.000233, 0.000232, 0.000232, 0.000233, 0.000233, 0.000233, 0.000233, 0.000232, 0.000233, 0.000233, 0.000233, 0.000233, 0.000266, 0.000237, 0.000234, 0.000232, 0.000232, 0.000232, 0.000232, 0.000232, 0.000232, 0.000231, 0.000232, 0.000232, 0.000235, 0.000232, 0.000232, 0.000232, 0.000231, 0.000248, 0.000236, 0.000233, 0.000233, 0.000232, 0.000232, 0.000233, 0.000233, 0.000233, 0.000232, 0.000232, 0.000232, 0.000232, 0.000232, 0.000233, 0.000232, 0.000233, 0.000248, 0.000237, 0.000233, 0.000233, 0.000232, 0.000232, 0.000232, 0.000231, 0.000232, 0.000232, 0.000232, 0.000232, 0.000232, 0.000232, 0.000232, 0.000232, 0.000231, 0.000246, 0.000237, 0.000232, 0.000234, 0.000232, 0.000233}"
