"model_name","layer_name","layer_index","kind","min_time","mean_time","max_time","add_flops","div_flops","cmp_flops","exp_flops","mad_flops","input_channel","input_height","input_width","output_channel","output_height","output_width","function","kernel_1","kernel_2","stride_1","stride_2","dilation_1","dilation_2","input_form","topology_hash","mad/min_time","mad/mean_time","mad/max_time","time"
"Single-Image Depth Perception Net Trained on NYU Depth V2 and Depth in the Wild Data","4/1/1/4/1/1/4/1/2/4/1/2/5",294,"Resize",0.00298,0.003009116666666666,0.005231,0,0,0,0,0,256,15,20,256,30,40,"","","","","","","","HoldForm[ResizeLayer[{Scaled[2], Scaled[2]}, ""Resampling"" -> ""Nearest"", ""Input"" -> {256, 15, 20}]]","1swq7ljl5lhur",0.,0.,0.,"{0.005231, 0.004378, 0.004379, 0.004372, 0.004385, 0.003561, 0.003025, 0.003022, 0.002983, 0.003011, 0.003011, 0.003011, 0.003001, 0.003017, 0.003007, 0.003019, 0.002981, 0.003005, 0.003007, 0.003017, 0.002992, 0.003001, 0.003015, 0.003005, 0.003023, 0.003017, 0.003008, 0.003008, 0.00299, 0.003011, 0.003009, 0.003006, 0.002991, 0.003044, 0.003007, 0.003017, 0.003001, 0.003006, 0.003006, 0.00302, 0.002983, 0.003005, 0.003017, 0.003009, 0.00299, 0.003002, 0.003017, 0.003025, 0.002981, 0.003019, 0.003007, 0.003006, 0.003, 0.003006, 0.00304, 0.003006, 0.002992, 0.003009, 0.003024, 0.003016, 0.002993, 0.003, 0.003016, 0.00301, 0.00298, 0.003005, 0.003018, 0.003007, 0.00299, 0.003022, 0.003007, 0.003006, 0.00298, 0.003017, 0.003008, 0.003006, 0.003001, 0.003003, 0.003006, 0.003016, 0.002983, 0.003018, 0.003009, 0.003016, 0.002994, 0.003006, 0.003022, 0.003009, 0.00298, 0.003016, 0.003011, 0.003006, 0.003009, 0.003017, 0.003007, 0.003008, 0.002994, 0.003008, 0.003008, 0.003006}"
