"model_name","layer_name","layer_index","kind","min_time","mean_time","max_time","add_flops","div_flops","cmp_flops","exp_flops","mad_flops","input_channel","input_height","input_width","output_channel","output_height","output_width","function","kernel_1","kernel_2","stride_1","stride_2","dilation_1","dilation_2","input_form","topology_hash","mad/min_time","mad/mean_time","mad/max_time","time"
"Wolfram Python Character-Level Language Model V1","6",6,"SequenceLast",0.000065,0.00006561666666666668,0.000294,0,0,0,0,0,"LengthVar[0]",512,"",512,"","","","","","","","","","HoldForm[SequenceLastLayer[""Input"" -> {""Varying"", 512}]]","0bkh4sf5i7an5",0.,0.,0.,"{0.000294, 0.000078, 0.000069, 0.000066, 0.000067, 0.000066, 0.000066, 0.000066, 0.000066, 0.000066, 0.000065, 0.000066, 0.000065, 0.000066, 0.000065, 0.000065, 0.000065, 0.000066, 0.000065, 0.000066, 0.000065, 0.000065, 0.000065, 0.000066, 0.000065, 0.000066, 0.000066, 0.000065, 0.000066, 0.000065, 0.000087, 0.000074, 0.000066, 0.000066, 0.000066, 0.000065, 0.000066, 0.000066, 0.000066, 0.000066, 0.000065, 0.000066, 0.000066, 0.000065, 0.000066, 0.000065, 0.000066, 0.000066, 0.000065, 0.000065, 0.000065, 0.000065, 0.000066, 0.000066, 0.000066, 0.000065, 0.000065, 0.000065, 0.000066, 0.000065, 0.000065, 0.000066, 0.000066, 0.000065, 0.000065, 0.000066, 0.000066, 0.000065, 0.000066, 0.000066, 0.000065, 0.000065, 0.000065, 0.000065, 0.000072, 0.000079, 0.00007, 0.000066, 0.000065, 0.000065, 0.000066, 0.000065, 0.000065, 0.000065, 0.000066, 0.000065, 0.000065, 0.000065, 0.000065, 0.000072, 0.000074, 0.000066, 0.000067, 0.000066, 0.000065, 0.000066, 0.000065, 0.000066, 0.000066, 0.000066}"
