"model_name","layer_name","layer_index","kind","min_time","mean_time","max_time","add_flops","div_flops","cmp_flops","exp_flops","mad_flops","input_channel","input_height","input_width","output_channel","output_height","output_width","function","kernel_1","kernel_2","stride_1","stride_2","dilation_1","dilation_2","input_form","topology_hash","mad/min_time","mad/mean_time","mad/max_time","time"
"MobileNet V2 Trained on ImageNet Competition Data","4_5/4",77,"Threading",0.000046,0.00004696666666666669,0.000305,34496,0,0,0,0,88,14,14,88,14,14,"Plus","","","","","","","HoldForm[ThreadingLayer[Plus, ""Inputs"" -> {{88, 14, 14}, {88, 14, 14}}]]","0d22tbj8y92ty",0.,0.,0.,"{0.000305, 0.000056, 0.00005, 0.000049, 0.000048, 0.000088, 0.000062, 0.000048, 0.000047, 0.000047, 0.000046, 0.000047, 0.000047, 0.000047, 0.000047, 0.000048, 0.000047, 0.000047, 0.000046, 0.000047, 0.000047, 0.000047, 0.000048, 0.000047, 0.000047, 0.000047, 0.000047, 0.000047, 0.000047, 0.000046, 0.000046, 0.000047, 0.000047, 0.000047, 0.000046, 0.000047, 0.000047, 0.000047, 0.000047, 0.000047, 0.000047, 0.000047, 0.000047, 0.000047, 0.000046, 0.000047, 0.000048, 0.000047, 0.000046, 0.000047, 0.000048, 0.000048, 0.000046, 0.000048, 0.000047, 0.000047, 0.000046, 0.000047, 0.000048, 0.000046, 0.000047, 0.000047, 0.000047, 0.000046, 0.000047, 0.000047, 0.000046, 0.000048, 0.000046, 0.000056, 0.000057, 0.000048, 0.000047, 0.000046, 0.000046, 0.000047, 0.000046, 0.000047, 0.000046, 0.000046, 0.000047, 0.000046, 0.000047, 0.000046, 0.000047, 0.000049, 0.00008, 0.000047, 0.000047, 0.000047, 0.000046, 0.000047, 0.000047, 0.000046, 0.000047, 0.000047, 0.000047, 0.000046, 0.000047, 0.000047}"
