"model_name","layer_name","layer_index","kind","min_time","mean_time","max_time","add_flops","div_flops","cmp_flops","exp_flops","mad_flops","input_channel","input_height","input_width","output_channel","output_height","output_width","function","kernel_1","kernel_2","stride_1","stride_2","dilation_1","dilation_2","input_form","topology_hash","mad/min_time","mad/mean_time","mad/max_time","time"
"Dilated ResNet-105 Trained on Cityscapes Data","elemwise_add31",336,"Threading",0.015184,0.015335883333333335,0.038516,33554432,0,0,0,0,2048,64,128,2048,64,128,"Plus","","","","","","","HoldForm[ThreadingLayer[Plus, ""Inputs"" -> {{2048, 64, 128}, {2048, 64, 128}}]]","15e9fewrvthtt",0.,0.,0.,"{0.038516, 0.01534, 0.015291, 0.015306, 0.015251, 0.015335, 0.015305, 0.015346, 0.01526, 0.01523, 0.015276, 0.015254, 0.015255, 0.015241, 0.015282, 0.015275, 0.015346, 0.015337, 0.015323, 0.015318, 0.01531, 0.015333, 0.015377, 0.015408, 0.015365, 0.015285, 0.015284, 0.015248, 0.015326, 0.015283, 0.015356, 0.015404, 0.015432, 0.015261, 0.015422, 0.015364, 0.015371, 0.015292, 0.015289, 0.015257, 0.015307, 0.015308, 0.015274, 0.015283, 0.015184, 0.015233, 0.015262, 0.015303, 0.015226, 0.015281, 0.015319, 0.015416, 0.015401, 0.015311, 0.015322, 0.015346, 0.015317, 0.01533, 0.015308, 0.015306, 0.015304, 0.015309, 0.015357, 0.015407, 0.015383, 0.015381, 0.015349, 0.015375, 0.015354, 0.015346, 0.015397, 0.015404, 0.015385, 0.015389, 0.015341, 0.015355, 0.015426, 0.015389, 0.015372, 0.015405, 0.015321, 0.01534, 0.015315, 0.01542, 0.015367, 0.015348, 0.015371, 0.015354, 0.015367, 0.015387, 0.015418, 0.015381, 0.015361, 0.015336, 0.01531, 0.015404, 0.015429, 0.015355, 0.015344, 0.015381}"
