"model_name","layer_name","layer_index","kind","min_time","mean_time","max_time","add_flops","div_flops","cmp_flops","exp_flops","mad_flops","input_channel","input_height","input_width","output_channel","output_height","output_width","function","kernel_1","kernel_2","stride_1","stride_2","dilation_1","dilation_2","input_form","topology_hash","mad/min_time","mad/mean_time","mad/max_time","time"
"MobileNet V2 Trained on ImageNet Competition Data","5_1/4",103,"Threading",0.000052,0.0000529333333333334,0.000257,53312,0,0,0,0,136,14,14,136,14,14,"Plus","","","","","","","HoldForm[ThreadingLayer[Plus, ""Inputs"" -> {{136, 14, 14}, {136, 14, 14}}]]","0owe3rv1ndj8z",0.,0.,0.,"{0.000257, 0.00006, 0.000056, 0.000054, 0.000054, 0.000053, 0.000053, 0.000053, 0.000053, 0.000053, 0.000053, 0.000052, 0.000053, 0.000053, 0.000053, 0.000052, 0.000053, 0.000052, 0.000053, 0.000073, 0.000059, 0.000053, 0.000053, 0.000053, 0.000052, 0.000054, 0.000053, 0.000053, 0.000054, 0.000052, 0.000054, 0.000053, 0.000052, 0.000053, 0.000053, 0.000053, 0.000052, 0.000053, 0.000052, 0.000053, 0.000053, 0.000053, 0.000052, 0.000053, 0.000053, 0.000053, 0.000052, 0.000053, 0.000052, 0.000053, 0.000054, 0.000053, 0.000053, 0.000053, 0.000052, 0.000053, 0.000053, 0.000052, 0.000053, 0.000053, 0.000052, 0.000054, 0.000052, 0.000053, 0.000053, 0.000053, 0.000052, 0.000053, 0.000053, 0.000052, 0.000053, 0.000053, 0.000053, 0.000052, 0.000053, 0.000053, 0.000053, 0.000052, 0.000053, 0.000053, 0.000053, 0.000053, 0.000053, 0.000053, 0.000052, 0.000053, 0.000052, 0.000053, 0.000053, 0.000053, 0.000052, 0.000055, 0.000075, 0.000054, 0.000053, 0.000053, 0.000052, 0.000053, 0.000052, 0.000053}"
