"model_name","layer_name","layer_index","kind","min_time","mean_time","max_time","add_flops","div_flops","cmp_flops","exp_flops","mad_flops","input_channel","input_height","input_width","output_channel","output_height","output_width","function","kernel_1","kernel_2","stride_1","stride_2","dilation_1","dilation_2","input_form","topology_hash","mad/min_time","mad/mean_time","mad/max_time","time"
"Dilated ResNet-105 Trained on Cityscapes Data","elemwise_add22",244,"Threading",0.007651,0.007758683333333335,0.019364,16777216,0,0,0,0,1024,64,128,1024,64,128,"Plus","","","","","","","HoldForm[ThreadingLayer[Plus, ""Inputs"" -> {{1024, 64, 128}, {1024, 64, 128}}]]","1oxucx98c8bg3",0.,0.,0.,"{0.019364, 0.007754, 0.007693, 0.007794, 0.007743, 0.00768, 0.007787, 0.007814, 0.007789, 0.007787, 0.007788, 0.007752, 0.007792, 0.007755, 0.007753, 0.007743, 0.007761, 0.007752, 0.007732, 0.007682, 0.007754, 0.007772, 0.007726, 0.007796, 0.007846, 0.00779, 0.007809, 0.007775, 0.007771, 0.007763, 0.007801, 0.007765, 0.007754, 0.00778, 0.007742, 0.007785, 0.007701, 0.007778, 0.007721, 0.007788, 0.007709, 0.007799, 0.007796, 0.007801, 0.007775, 0.007743, 0.007765, 0.007781, 0.007774, 0.007725, 0.007769, 0.007709, 0.007727, 0.007736, 0.007755, 0.007682, 0.007651, 0.007758, 0.007799, 0.007771, 0.007758, 0.00777, 0.007781, 0.007793, 0.007747, 0.007749, 0.007749, 0.007751, 0.007696, 0.007716, 0.007704, 0.00774, 0.007674, 0.007677, 0.007774, 0.007789, 0.007778, 0.007772, 0.007749, 0.007802, 0.007837, 0.007749, 0.007735, 0.007732, 0.007755, 0.007711, 0.007708, 0.007706, 0.00777, 0.007696, 0.007659, 0.007786, 0.007749, 0.007761, 0.007793, 0.007756, 0.007813, 0.00775, 0.007707, 0.007703}"
