"model_name","layer_name","layer_index","kind","min_time","mean_time","max_time","add_flops","div_flops","cmp_flops","exp_flops","mad_flops","input_channel","input_height","input_width","output_channel","output_height","output_width","function","kernel_1","kernel_2","stride_1","stride_2","dilation_1","dilation_2","input_form","topology_hash","mad/min_time","mad/mean_time","mad/max_time","time"
"YOLO V2 Trained on MS-COCO Data","BoxTransformation/NormalizedCoord",104,"Threading",0.00004,0.00004123333333333331,0.000667,0,6760,0,0,0,4,5,13,4,5,13,"Divide","","","","","","","HoldForm[ThreadingLayer[Divide, ""Inputs"" -> {{4, 5, 13, 13}, {4, 5, 13, 13}}]]","0uj7k6pd9rzfs",0.,0.,0.,"{0.000667, 0.000051, 0.000044, 0.000044, 0.000042, 0.000043, 0.000042, 0.000043, 0.000041, 0.000042, 0.000041, 0.000042, 0.000041, 0.000042, 0.000042, 0.000041, 0.000041, 0.000042, 0.000041, 0.000041, 0.000042, 0.000041, 0.000041, 0.000043, 0.000041, 0.000041, 0.000041, 0.000041, 0.000042, 0.000041, 0.000041, 0.000041, 0.000042, 0.000041, 0.000041, 0.000041, 0.000041, 0.000042, 0.000041, 0.000041, 0.000041, 0.000041, 0.000041, 0.000041, 0.000041, 0.000041, 0.000042, 0.000041, 0.000041, 0.000041, 0.000041, 0.000041, 0.000042, 0.000042, 0.000042, 0.000041, 0.000042, 0.000041, 0.000041, 0.000042, 0.000041, 0.000041, 0.00005, 0.000042, 0.000042, 0.000065, 0.000067, 0.000041, 0.000041, 0.000041, 0.000041, 0.000042, 0.000041, 0.000041, 0.00004, 0.000041, 0.000041, 0.000042, 0.000041, 0.000041, 0.000042, 0.000041, 0.000041, 0.00004, 0.00004, 0.000041, 0.000041, 0.000041, 0.000041, 0.00004, 0.000041, 0.000041, 0.000041, 0.000041, 0.000041, 0.000042, 0.00004, 0.000041, 0.000042, 0.00004}"
