"model_name","layer_name","layer_index","kind","min_time","mean_time","max_time","add_flops","div_flops","cmp_flops","exp_flops","mad_flops","input_channel","input_height","input_width","output_channel","output_height","output_width","function","kernel_1","kernel_2","stride_1","stride_2","dilation_1","dilation_2","input_form","topology_hash","mad/min_time","mad/mean_time","mad/max_time","time"
"BERT Trained on BookCorpus and English Wikipedia Data","encoder/7/1/add",500,"Threading",0.000045,0.000045950000000000026,0.000112,"1536*LengthVar[1888546413]",0,0,0,0,"LengthVar[1888546413]",768,"","LengthVar[1888546413]",768,"","Plus","","","","","","","HoldForm[ThreadingLayer[Plus, ""Inputs"" -> {{""Varying"", 768}, {""Varying"", 768}}]]","1sc8xwspuq99a",0.,0.,0.,"{0.000112, 0.000051, 0.000047, 0.000047, 0.000046, 0.000046, 0.000046, 0.000046, 0.000046, 0.000045, 0.000047, 0.000046, 0.000046, 0.000045, 0.000046, 0.000047, 0.000046, 0.000046, 0.000045, 0.000046, 0.000046, 0.000046, 0.000046, 0.000046, 0.000047, 0.000045, 0.000046, 0.000046, 0.000046, 0.000046, 0.000046, 0.000045, 0.000046, 0.000046, 0.000045, 0.000046, 0.000046, 0.000046, 0.000046, 0.000045, 0.000045, 0.000046, 0.000046, 0.000046, 0.000045, 0.000046, 0.000045, 0.000046, 0.000045, 0.000046, 0.000046, 0.000046, 0.000045, 0.000046, 0.000047, 0.000046, 0.000046, 0.000045, 0.000046, 0.000045, 0.000046, 0.000046, 0.000045, 0.000045, 0.000076, 0.000053, 0.000048, 0.000046, 0.000046, 0.000045, 0.000047, 0.000046, 0.000045, 0.000046, 0.000047, 0.000045, 0.000046, 0.000046, 0.000047, 0.000046, 0.000046, 0.000045, 0.000046, 0.000045, 0.000046, 0.000047, 0.000046, 0.000046, 0.000046, 0.000046, 0.000046, 0.000046, 0.000046, 0.000046, 0.000046, 0.000046, 0.000045, 0.000046, 0.000046, 0.000045}"
