"model_name","layer_name","layer_index","kind","min_time","mean_time","max_time","add_flops","div_flops","cmp_flops","exp_flops","mad_flops","input_channel","input_height","input_width","output_channel","output_height","output_width","function","kernel_1","kernel_2","stride_1","stride_2","dilation_1","dilation_2","input_form","topology_hash","mad/min_time","mad/mean_time","mad/max_time","time"
"Sentiment Language Model Trained on Amazon Product Review Data","mLSTM/Net/mult3",15,"Threading",0.000037,0.00003778333333333333,0.000204,0,0,0,0,8192,4096,"","",4096,"","","Times","","","","","","","HoldForm[ThreadingLayer[Times, ""Inputs"" -> {4096, 4096}]]","05762k8valx1d",2.214054054054054e8,2.1681517423908252e8,4.015686274509804e7,"{0.000204, 0.000049, 0.000041, 0.00004, 0.000039, 0.000038, 0.000039, 0.000039, 0.000038, 0.000063, 0.000044, 0.000038, 0.000039, 0.000038, 0.000038, 0.000038, 0.000038, 0.000038, 0.000037, 0.000038, 0.000038, 0.000038, 0.000037, 0.000038, 0.000038, 0.000037, 0.000038, 0.000038, 0.000037, 0.000037, 0.000038, 0.000038, 0.000038, 0.000037, 0.000038, 0.000038, 0.000037, 0.000038, 0.000038, 0.000037, 0.000038, 0.000038, 0.000037, 0.000038, 0.000038, 0.000038, 0.000037, 0.000037, 0.000038, 0.000037, 0.000038, 0.000037, 0.000054, 0.00004, 0.000041, 0.000038, 0.000039, 0.000037, 0.000038, 0.000037, 0.000037, 0.000038, 0.000037, 0.000038, 0.000037, 0.000037, 0.000038, 0.000038, 0.000038, 0.000038, 0.000037, 0.000037, 0.000038, 0.000037, 0.000038, 0.000037, 0.000038, 0.000037, 0.000038, 0.000038, 0.000038, 0.000038, 0.000037, 0.000038, 0.000037, 0.000037, 0.000052, 0.000039, 0.000038, 0.000037, 0.000038, 0.000038, 0.000037, 0.000038, 0.000037, 0.000038, 0.000037, 0.000037, 0.000038, 0.000037}"
