"model_name","layer_name","layer_index","kind","min_time","mean_time","max_time","add_flops","div_flops","cmp_flops","exp_flops","mad_flops","input_channel","input_height","input_width","output_channel","output_height","output_width","function","kernel_1","kernel_2","stride_1","stride_2","dilation_1","dilation_2","input_form","topology_hash","mad/min_time","mad/mean_time","mad/max_time","time"
"Dilated ResNet-38 Trained on Cityscapes Data","elemwise_add8",77,"Threading",0.00159,0.0017892499999999998,0.005269,4194304,0,0,0,0,256,64,128,256,64,128,"Plus","","","","","","","HoldForm[ThreadingLayer[Plus, ""Inputs"" -> {{256, 64, 128}, {256, 64, 128}}]]","07pa2lt944ihc",0.,0.,0.,"{0.005269, 0.001977, 0.001906, 0.001923, 0.001828, 0.001857, 0.001812, 0.001829, 0.001924, 0.001799, 0.001836, 0.001798, 0.001883, 0.001823, 0.001877, 0.001772, 0.00182, 0.001769, 0.001785, 0.001818, 0.001745, 0.001801, 0.001732, 0.001825, 0.001763, 0.001914, 0.001825, 0.001863, 0.00183, 0.001854, 0.001863, 0.001746, 0.001819, 0.001735, 0.001794, 0.001733, 0.00185, 0.001775, 0.001816, 0.001752, 0.001795, 0.001863, 0.001729, 0.001743, 0.001698, 0.001684, 0.001668, 0.001639, 0.001703, 0.001616, 0.001645, 0.001596, 0.001615, 0.001613, 0.001629, 0.001641, 0.00159, 0.001691, 0.001692, 0.001632, 0.001764, 0.001648, 0.001705, 0.001668, 0.001658, 0.0017, 0.001667, 0.001711, 0.001601, 0.001684, 0.001765, 0.001764, 0.001874, 0.001742, 0.001826, 0.00178, 0.00186, 0.001766, 0.001833, 0.001778, 0.001811, 0.001845, 0.001776, 0.001882, 0.001788, 0.001848, 0.001827, 0.001877, 0.001817, 0.001917, 0.001838, 0.00188, 0.001834, 0.001819, 0.001837, 0.001798, 0.001894, 0.00181, 0.001875, 0.001821}"
