"model_name","layer_name","layer_index","kind","min_time","mean_time","max_time","add_flops","div_flops","cmp_flops","exp_flops","mad_flops","input_channel","input_height","input_width","output_channel","output_height","output_width","function","kernel_1","kernel_2","stride_1","stride_2","dilation_1","dilation_2","input_form","topology_hash","mad/min_time","mad/mean_time","mad/max_time","time"
"Ademxapp Model A1 Trained on Cityscapes Data","4b4/4b4_plus",81,"Threading",0.015348,0.015438816666666664,0.038972,33554432,0,0,0,0,512,128,256,512,128,256,"Plus","","","","","","","HoldForm[ThreadingLayer[Plus, ""Inputs"" -> {{512, 128, 256}, {512, 128, 256}}]]","0idlqdfusf6jq",0.,0.,0.,"{0.038972, 0.015393, 0.015479, 0.015488, 0.015443, 0.015419, 0.015445, 0.01545, 0.015365, 0.015482, 0.01546, 0.01545, 0.015443, 0.015417, 0.015427, 0.015367, 0.015473, 0.015469, 0.015454, 0.015443, 0.015485, 0.015436, 0.015382, 0.015426, 0.015449, 0.015443, 0.015427, 0.015426, 0.01544, 0.015462, 0.015373, 0.01549, 0.015459, 0.015433, 0.015442, 0.015412, 0.015437, 0.015387, 0.015485, 0.0155, 0.015433, 0.015444, 0.015465, 0.015474, 0.015381, 0.015463, 0.015478, 0.015524, 0.01544, 0.015454, 0.015418, 0.015456, 0.015386, 0.015478, 0.01549, 0.015447, 0.015468, 0.015424, 0.015422, 0.015387, 0.015467, 0.015465, 0.015441, 0.015438, 0.015505, 0.015427, 0.015355, 0.01546, 0.01547, 0.015441, 0.015435, 0.015435, 0.015414, 0.015417, 0.015366, 0.015435, 0.015437, 0.015414, 0.015415, 0.015447, 0.015394, 0.015395, 0.015436, 0.015463, 0.015419, 0.015418, 0.015435, 0.015362, 0.015348, 0.01546, 0.015406, 0.015405, 0.015411, 0.015425, 0.015362, 0.015446, 0.015439, 0.015459, 0.015408, 0.015464}"
