"model_name","layer_name","layer_index","kind","min_time","mean_time","max_time","add_flops","div_flops","cmp_flops","exp_flops","mad_flops","input_channel","input_height","input_width","output_channel","output_height","output_width","function","kernel_1","kernel_2","stride_1","stride_2","dilation_1","dilation_2","input_form","topology_hash","mad/min_time","mad/mean_time","mad/max_time","time"
"CapsNet Trained on MNIST Data","DynamicRouting/2/Net/capsule/v/5",25,"Threading",0.000045,0.00004546666666666664,0.000237,0,0,0,0,320,10,16,"",10,16,"","Times","","","","","","","HoldForm[ThreadingLayer[Times, ""Inputs"" -> {{10, 16}, {10, 16}}]]","07h6iqw4e3vxf",7.111111111111111e6,7.03812316715543e6,1.350210970464135e6,"{0.000237, 0.000056, 0.000049, 0.000047, 0.000046, 0.000046, 0.000046, 0.000045, 0.000046, 0.000046, 0.000046, 0.000046, 0.000045, 0.000045, 0.000045, 0.000045, 0.000046, 0.000045, 0.000046, 0.000047, 0.000045, 0.000046, 0.000045, 0.000046, 0.000045, 0.000045, 0.000045, 0.000046, 0.000045, 0.000045, 0.000046, 0.000045, 0.000045, 0.000045, 0.000047, 0.000056, 0.000049, 0.000046, 0.000045, 0.000045, 0.000046, 0.000045, 0.000045, 0.000045, 0.000045, 0.000046, 0.000045, 0.000046, 0.000046, 0.000045, 0.000045, 0.000045, 0.000048, 0.000045, 0.000046, 0.000045, 0.000045, 0.000046, 0.000045, 0.000063, 0.000053, 0.000047, 0.000046, 0.000045, 0.000046, 0.000046, 0.000045, 0.000045, 0.000046, 0.000045, 0.000045, 0.000045, 0.000046, 0.000045, 0.000046, 0.000045, 0.000045, 0.000046, 0.000045, 0.000046, 0.000045, 0.000045, 0.000046, 0.000046, 0.000046, 0.000045, 0.000045, 0.000046, 0.000045, 0.000045, 0.000046, 0.000045, 0.000045, 0.000046, 0.000045, 0.000046, 0.000045, 0.000045, 0.000046, 0.000045}"
