"model_name","layer_name","layer_index","kind","min_time","mean_time","max_time","add_flops","div_flops","cmp_flops","exp_flops","mad_flops","input_channel","input_height","input_width","output_channel","output_height","output_width","function","kernel_1","kernel_2","stride_1","stride_2","dilation_1","dilation_2","input_form","topology_hash","mad/min_time","mad/mean_time","mad/max_time","time"
"CycleGAN Photo-to-Monet Translation","12/2",19,"Total",0.000366,0.00036776666666666675,0.00132,524288,0,0,0,0,128,64,64,128,64,64,"","","","","","","","HoldForm[TotalLayer[""Inputs"" -> {{128, 64, 64}, {128, 64, 64}}]]","1u1wha1dgv2gf",0.,0.,0.,"{0.00132, 0.000373, 0.000367, 0.000367, 0.000411, 0.000375, 0.000367, 0.000367, 0.000367, 0.000366, 0.00037, 0.000366, 0.000367, 0.000366, 0.000366, 0.00041, 0.000375, 0.000367, 0.000367, 0.00037, 0.00037, 0.000367, 0.000367, 0.000367, 0.000366, 0.000366, 0.000408, 0.000373, 0.000367, 0.000368, 0.000368, 0.000367, 0.000367, 0.000367, 0.000367, 0.000367, 0.000404, 0.00038, 0.000367, 0.000366, 0.000367, 0.000366, 0.000367, 0.000367, 0.000367, 0.000366, 0.000366, 0.000404, 0.000373, 0.000367}"
