"model_name","layer_name","layer_index","kind","min_time","mean_time","max_time","add_flops","div_flops","cmp_flops","exp_flops","mad_flops","input_channel","input_height","input_width","output_channel","output_height","output_width","function","kernel_1","kernel_2","stride_1","stride_2","dilation_1","dilation_2","input_form","topology_hash","mad/min_time","mad/mean_time","mad/max_time","time"
"2D Face Alignment Net Trained on 300W Large Pose Data","14/1/2/3/1/2/3/1/2/3/1/2/3/1/3",422,"Total",0.00005,0.0000516,0.000254,4096,0,0,0,0,256,4,4,256,4,4,"","","","","","","","HoldForm[TotalLayer[""Inputs"" -> {{256, 4, 4}, {256, 4, 4}}]]","0drt77bamqv3y",0.,0.,0.,"{0.000254, 0.000061, 0.000056, 0.000053, 0.000052, 0.000052, 0.000051, 0.000053, 0.000052, 0.000052, 0.000051, 0.000052, 0.000052, 0.000052, 0.000051, 0.000052, 0.000051, 0.000052, 0.000051, 0.000052, 0.000051, 0.000051, 0.000052, 0.000052, 0.000052, 0.000052, 0.000051, 0.000051, 0.000052, 0.000051, 0.000052, 0.000052, 0.000051, 0.000052, 0.000053, 0.000051, 0.000051, 0.000051, 0.000052, 0.000052, 0.000052, 0.000052, 0.000051, 0.000052, 0.000052, 0.000052, 0.000052, 0.000051, 0.000052, 0.000053, 0.000058, 0.000058, 0.000053, 0.000052, 0.000052, 0.000051, 0.000051, 0.000052, 0.000052, 0.000052, 0.000052, 0.000051, 0.000052, 0.000052, 0.000052, 0.000051, 0.000051, 0.000051, 0.000052, 0.000051, 0.000051, 0.000051, 0.000052, 0.000051, 0.000051, 0.000051, 0.000051, 0.000052, 0.000051, 0.000052, 0.000051, 0.000052, 0.000051, 0.000052, 0.000051, 0.000051, 0.000051, 0.000051, 0.000052, 0.000051, 0.000051, 0.00005, 0.000051, 0.000051, 0.000051, 0.000051, 0.000052, 0.000052, 0.000051, 0.000052}"
