"model_name","layer_name","layer_index","kind","min_time","mean_time","max_time","add_flops","div_flops","cmp_flops","exp_flops","mad_flops","input_channel","input_height","input_width","output_channel","output_height","output_width","function","kernel_1","kernel_2","stride_1","stride_2","dilation_1","dilation_2","input_form","topology_hash","mad/min_time","mad/mean_time","mad/max_time","time"
"2D Face Alignment Net Trained on 300W Large Pose Data","14/1/2/2/1/3",314,"Total",0.000235,0.0002371333333333334,0.000712,262144,0,0,0,0,256,32,32,256,32,32,"","","","","","","","HoldForm[TotalLayer[""Inputs"" -> {{256, 32, 32}, {256, 32, 32}}]]","1ptnzbtlteje4",0.,0.,0.,"{0.000712, 0.000274, 0.00024, 0.000238, 0.000237, 0.000238, 0.000239, 0.000237, 0.000238, 0.00024, 0.000237, 0.000236, 0.000237, 0.000237, 0.000238, 0.000237, 0.000236, 0.000281, 0.000237, 0.000235, 0.000236, 0.000235, 0.000235, 0.000235, 0.000259, 0.000239, 0.000237, 0.000237, 0.000237, 0.000236, 0.000237, 0.000238, 0.000237, 0.000258, 0.00024, 0.000238, 0.000236, 0.000238, 0.000236, 0.000236, 0.000237, 0.000237, 0.000237, 0.000237, 0.000237, 0.000236, 0.000236, 0.000237, 0.000237, 0.000237}"
