"model_name","layer_name","layer_index","kind","min_time","mean_time","max_time","add_flops","div_flops","cmp_flops","exp_flops","mad_flops","input_channel","input_height","input_width","output_channel","output_height","output_width","function","kernel_1","kernel_2","stride_1","stride_2","dilation_1","dilation_2","input_form","topology_hash","mad/min_time","mad/mean_time","mad/max_time","time"
"3D Face Alignment Net Trained on 300W Large Pose Data","11/7/1/3",54,"Total",0.000759,0.000792966666666667,0.003053,1048576,0,0,0,0,256,64,64,256,64,64,"","","","","","","","HoldForm[TotalLayer[""Inputs"" -> {{256, 64, 64}, {256, 64, 64}}]]","1thh7crhnzso3",0.,0.,0.,"{0.003053, 0.001106, 0.000882, 0.000782, 0.000765, 0.000764, 0.00084, 0.000781, 0.000808, 0.000861, 0.000804, 0.000833, 0.000811, 0.000781, 0.000763, 0.000761, 0.00085, 0.000774, 0.000759, 0.000768, 0.000773, 0.000847, 0.000777, 0.000772, 0.000768, 0.000828, 0.000891, 0.000781, 0.000768, 0.000818, 0.00078, 0.000812, 0.000777, 0.000773, 0.000818, 0.000775, 0.000842, 0.000782, 0.000769, 0.000765, 0.000777, 0.000829, 0.000856, 0.000808, 0.00079, 0.000794, 0.000956, 0.000833, 0.000786, 0.000784, 0.000787, 0.000813, 0.000786, 0.000768, 0.000769, 0.000773, 0.000845, 0.000777, 0.000768, 0.000807, 0.000843, 0.00089, 0.000819, 0.000802, 0.000829, 0.000788, 0.000809, 0.000768, 0.000766, 0.000765, 0.000764, 0.000843, 0.000785, 0.000767, 0.00078, 0.000782, 0.000854, 0.000771, 0.000767, 0.000766, 0.00077, 0.000802, 0.000771, 0.000767, 0.000804, 0.000787, 0.000846, 0.000785, 0.000774, 0.000775, 0.00078, 0.000824, 0.000783, 0.000769, 0.000774, 0.00085, 0.000899, 0.000848, 0.000826, 0.000836}"
