"model_name","layer_name","layer_index","kind","min_time","mean_time","max_time","add_flops","div_flops","cmp_flops","exp_flops","mad_flops","input_channel","input_height","input_width","output_channel","output_height","output_width","function","kernel_1","kernel_2","stride_1","stride_2","dilation_1","dilation_2","input_form","topology_hash","mad/min_time","mad/mean_time","mad/max_time","time"
"CycleGAN Winter-to-Summer Translation","15/2",43,"Total",0.000392,0.0004133000000000002,0.002151,524288,0,0,0,0,128,64,64,128,64,64,"","","","","","","","HoldForm[TotalLayer[""Inputs"" -> {{128, 64, 64}, {128, 64, 64}}]]","1u1wha1dgv2gf",0.,0.,0.,"{0.002151, 0.000722, 0.000696, 0.000693, 0.000726, 0.0007, 0.000696, 0.000695, 0.00069, 0.000728, 0.000698, 0.00069, 0.000691, 0.000689, 0.00069, 0.000725, 0.0007, 0.000691, 0.000693, 0.000694, 0.00069, 0.000636, 0.000433, 0.000396, 0.000395, 0.000396, 0.000395, 0.000394, 0.000392, 0.000392, 0.000428, 0.000401, 0.000412, 0.000401, 0.000394, 0.000392, 0.000393, 0.000392, 0.000392, 0.000392, 0.000431, 0.000405, 0.000407, 0.000398, 0.000397, 0.000398, 0.000402, 0.000402, 0.000398, 0.000398, 0.000424, 0.0004, 0.000399, 0.000398, 0.000398, 0.000398, 0.000398, 0.000398, 0.000403, 0.000403, 0.000429, 0.000403, 0.000398, 0.000399, 0.000397, 0.000398, 0.000398, 0.000397, 0.000398, 0.000398, 0.00043, 0.000406, 0.000403, 0.000399, 0.000398, 0.000401, 0.000401, 0.000399, 0.000399, 0.000398, 0.000434, 0.000401, 0.000398, 0.000403, 0.000402, 0.000399, 0.000399, 0.0004, 0.000399, 0.0004, 0.000432, 0.000408, 0.000399, 0.0004, 0.0004, 0.000398, 0.000404, 0.000403, 0.000399, 0.000399}"
