"model_name","layer_name","layer_index","kind","min_time","mean_time","max_time","add_flops","div_flops","cmp_flops","exp_flops","mad_flops","input_channel","input_height","input_width","output_channel","output_height","output_width","function","kernel_1","kernel_2","stride_1","stride_2","dilation_1","dilation_2","input_form","topology_hash","mad/min_time","mad/mean_time","mad/max_time","time"
"CycleGAN Monet-to-Photo Translation","16/2",51,"Total",0.000431,0.0004385499999999999,0.001596,524288,0,0,0,0,128,64,64,128,64,64,"","","","","","","","HoldForm[TotalLayer[""Inputs"" -> {{128, 64, 64}, {128, 64, 64}}]]","1u1wha1dgv2gf",0.,0.,0.,"{0.001596, 0.000457, 0.000441, 0.000437, 0.000437, 0.000437, 0.000437, 0.000435, 0.000434, 0.000473, 0.000439, 0.000436, 0.000435, 0.000436, 0.000435, 0.000436, 0.000433, 0.000436, 0.000473, 0.000434, 0.000434, 0.000436, 0.000435, 0.000436, 0.000431, 0.000437, 0.000435, 0.000465, 0.000435, 0.000436, 0.000438, 0.000437, 0.000438, 0.000433, 0.000432, 0.000437, 0.000473, 0.000439, 0.000437, 0.000436, 0.000436, 0.000433, 0.000437, 0.000435, 0.000436, 0.000475, 0.000439, 0.000441, 0.000438, 0.000441, 0.000439, 0.000437, 0.000438, 0.00044, 0.000466, 0.000437, 0.000439, 0.000439, 0.000441, 0.000441, 0.000439, 0.000437, 0.000436, 0.000459, 0.000452, 0.000442, 0.000439, 0.000441, 0.000441, 0.000439, 0.00044, 0.00044, 0.000461, 0.000442, 0.000436, 0.00044, 0.00044, 0.000439, 0.000439, 0.00044, 0.000441, 0.000465, 0.000442, 0.000436, 0.000441, 0.000438, 0.000438, 0.000442, 0.00044, 0.000438, 0.000462, 0.00044, 0.000437, 0.00044, 0.000441, 0.000442, 0.000442, 0.000439, 0.00044, 0.000463}"
