"model_name","layer_name","layer_index","kind","min_time","mean_time","max_time","add_flops","div_flops","cmp_flops","exp_flops","mad_flops","input_channel","input_height","input_width","output_channel","output_height","output_width","function","kernel_1","kernel_2","stride_1","stride_2","dilation_1","dilation_2","input_form","topology_hash","mad/min_time","mad/mean_time","mad/max_time","time"
"3D Face Alignment Net Trained on 300W Large Pose Data","12/1/3",948,"Total",0.000739,0.0007536999999999997,0.003044,1048576,0,0,0,0,256,64,64,256,64,64,"","","","","","","","HoldForm[TotalLayer[""Inputs"" -> {{256, 64, 64}, {256, 64, 64}}]]","1thh7crhnzso3",0.,0.,0.,"{0.003044, 0.000934, 0.000795, 0.000757, 0.000794, 0.000766, 0.000745, 0.000749, 0.000754, 0.000808, 0.000754, 0.000761, 0.00075, 0.000797, 0.00076, 0.000798, 0.000752, 0.000759, 0.000748, 0.000755, 0.000794, 0.000756, 0.000746, 0.000747, 0.000742, 0.000802, 0.000751, 0.000739, 0.000744, 0.000741, 0.00078, 0.000751, 0.00074, 0.000739, 0.000747, 0.00075, 0.000792, 0.00075, 0.000742, 0.000739, 0.000739, 0.000788, 0.00075, 0.00074, 0.000746, 0.000767, 0.000799, 0.000752, 0.000747, 0.000756, 0.000801, 0.000817, 0.000771, 0.000753, 0.000781, 0.00076, 0.000747, 0.00075, 0.000764, 0.000749, 0.000744, 0.000745, 0.0008, 0.000745, 0.000739, 0.000747, 0.000747, 0.000788, 0.000747, 0.000739, 0.000747, 0.000792, 0.000807, 0.000767, 0.000754, 0.000777, 0.000753, 0.000741, 0.000747, 0.000746, 0.00074, 0.000741, 0.000741, 0.000793, 0.000761, 0.000741, 0.000745, 0.000739, 0.000784, 0.000749, 0.000741, 0.00074, 0.000747, 0.000745, 0.000749, 0.000742, 0.00075, 0.000751, 0.00075, 0.000796}"
