"model_name","layer_name","layer_index","kind","min_time","mean_time","max_time","add_flops","div_flops","cmp_flops","exp_flops","mad_flops","input_channel","input_height","input_width","output_channel","output_height","output_width","function","kernel_1","kernel_2","stride_1","stride_2","dilation_1","dilation_2","input_form","topology_hash","mad/min_time","mad/mean_time","mad/max_time","time"
"ResNet-50 Trained on ImageNet Competition Data","2c/res2c",36,"Total",0.000532,0.0005420999999999999,0.002275,802816,0,0,0,0,256,56,56,256,56,56,"","","","","","","","HoldForm[TotalLayer[""Inputs"" -> {{256, 56, 56}, {256, 56, 56}}]]","04vmlwc72gfq7",0.,0.,0.,"{0.002275, 0.000617, 0.000549, 0.000599, 0.000563, 0.000543, 0.00054, 0.000572, 0.000537, 0.000536, 0.000574, 0.000541, 0.000577, 0.000537, 0.000535, 0.00054, 0.00054, 0.000533, 0.000589, 0.00054, 0.000537, 0.000536, 0.000537, 0.000533, 0.000537, 0.000586, 0.000543, 0.000537, 0.000535, 0.000535, 0.000538, 0.000589, 0.000593, 0.000554, 0.000545, 0.000541, 0.000541, 0.000546, 0.000543, 0.000549, 0.000554, 0.000539, 0.000543, 0.000541, 0.000541, 0.000542, 0.00054, 0.000584, 0.00054, 0.000577, 0.000542, 0.00054, 0.000546, 0.000547, 0.000591, 0.000556, 0.00054, 0.000537, 0.000536, 0.000546, 0.000534, 0.000579, 0.000539, 0.000537, 0.000536, 0.000534, 0.000536, 0.000535, 0.000583, 0.000587, 0.000547, 0.000542, 0.000539, 0.000535, 0.000536, 0.000539, 0.000589, 0.000551, 0.000535, 0.00054, 0.000536, 0.000533, 0.000534, 0.00058, 0.000538, 0.000534, 0.000568, 0.000534, 0.000532, 0.000538, 0.000572, 0.000538, 0.000533, 0.000532, 0.000533, 0.000541, 0.000534, 0.000537, 0.000582, 0.000544}"
