"model_name","layer_name","layer_index","kind","min_time","mean_time","max_time","add_flops","div_flops","cmp_flops","exp_flops","mad_flops","input_channel","input_height","input_width","output_channel","output_height","output_width","function","kernel_1","kernel_2","stride_1","stride_2","dilation_1","dilation_2","input_form","topology_hash","mad/min_time","mad/mean_time","mad/max_time","time"
"SSD-VGG-300 Trained on PASCAL VOC Data","1/11/1",113,"Transpose",0.000086,0.00008908333333333331,0.000252,0,0,0,0,0,6,4,10,10,10,6,"","","","","","","","HoldForm[TransposeLayer[{2 <-> 4, 1 <-> 3}, ""Input"" -> {6, 4, 10, 10}]]","1lwqg5tp49mhd",0.,0.,0.,"{0.000252, 0.000096, 0.000091, 0.000089, 0.000087, 0.000087, 0.000087, 0.000087, 0.000087, 0.000087, 0.000088, 0.000087, 0.000088, 0.000088, 0.000087, 0.000087, 0.000088, 0.000088, 0.000087, 0.000087, 0.000087, 0.000109, 0.000095, 0.000089, 0.000089, 0.000087, 0.000088, 0.000087, 0.000088, 0.000088, 0.000088, 0.000088, 0.000088, 0.000098, 0.000089, 0.000088, 0.000089, 0.000088, 0.000088, 0.000088, 0.000087, 0.000089, 0.000089, 0.000087, 0.000088, 0.000087, 0.000088, 0.000087, 0.000086, 0.000087, 0.000096, 0.00009, 0.000089, 0.000087, 0.000087, 0.000089, 0.000087, 0.000088, 0.000088, 0.000088, 0.000088, 0.000088, 0.000087, 0.000088, 0.000087, 0.000108, 0.000098, 0.000092, 0.000092, 0.000091, 0.000091, 0.00009, 0.000091, 0.00009, 0.000091, 0.000091, 0.00009, 0.000091, 0.000091, 0.000092, 0.000092, 0.000091, 0.00009, 0.000091, 0.00009, 0.000092, 0.000091, 0.000091, 0.000092, 0.000091, 0.000091, 0.000092, 0.00009, 0.000091, 0.00009, 0.000092, 0.000091, 0.000091, 0.000091, 0.000093}"
