"model_name","layer_name","layer_index","kind","min_time","mean_time","max_time","add_flops","div_flops","cmp_flops","exp_flops","mad_flops","input_channel","input_height","input_width","output_channel","output_height","output_width","function","kernel_1","kernel_2","stride_1","stride_2","dilation_1","dilation_2","input_form","topology_hash","mad/min_time","mad/mean_time","mad/max_time","time"
"CREPE Pitch Detection Net Trained on Monophonic Signal Data","Net/32",32,"Transpose",0.000072,0.0000726333333333334,0.000247,0,0,0,0,0,512,1,4,4,1,512,"","","","","","","","HoldForm[TransposeLayer[1 <-> 3, ""Input"" -> {512, 1, 4}]]","0ujxgin5o8g2y",0.,0.,0.,"{0.000247, 0.000082, 0.000075, 0.000074, 0.000074, 0.000073, 0.000073, 0.000072, 0.000073, 0.000072, 0.000073, 0.000072, 0.000073, 0.000072, 0.000072, 0.000073, 0.000072, 0.000072, 0.000073, 0.000072, 0.000073, 0.000072, 0.000072, 0.000072, 0.000072, 0.000072, 0.000072, 0.000073, 0.000072, 0.000093, 0.000082, 0.000073, 0.000073, 0.000073, 0.000072, 0.000073, 0.000072, 0.000072, 0.000073, 0.000072, 0.000073, 0.000072, 0.000073, 0.000073, 0.000072, 0.000072, 0.000073, 0.000073, 0.000073, 0.000072, 0.000073, 0.000073, 0.000072, 0.000072, 0.000073, 0.000073, 0.000073, 0.000073, 0.000072, 0.000073, 0.000073, 0.000072, 0.000072, 0.000073, 0.000073, 0.000072, 0.000073, 0.000072, 0.000073, 0.000072, 0.000073, 0.000073, 0.000072, 0.000073, 0.000073, 0.000072, 0.000073, 0.000072, 0.000073, 0.000073, 0.000073, 0.000072, 0.000093, 0.000083, 0.000074, 0.000072, 0.000073, 0.000072, 0.000073, 0.000073, 0.000072, 0.000072, 0.000073, 0.000072, 0.000074, 0.000072, 0.000072, 0.000073, 0.000079, 0.000077}"
