{
	"CREPE Pitch Detection Net Trained on Monophonic Signal Data":0.22968102535000628,
	"Wolfram AudioIdentify V1 Trained on AudioSet Data":0.35023167417971635,
	"Ademxapp Model A Trained on ImageNet Competition Data":1.684517635248502,
	"Age Estimation VGG-16 Trained on IMDB-WIKI and Looking at People Data":1.4405875175987943,
	"Age Estimation VGG-16 Trained on IMDB-WIKI Data":1.6122036940667166,
	"CapsNet Trained on MNIST Data":0.0,
	"Gender Prediction VGG-16 Trained on IMDB-WIKI Data":1.5209088944021627,
	"Inception V1 Trained on Extended Salient Object Subitizing Data":0.8652623498992211,
	"Inception V1 Trained on ImageNet Competition Data":0.8951944929426724,
	"Inception V1 Trained on Places365 Data":0.9305123729711444,
	"Inception V3 Trained on ImageNet Competition Data":0.9484553993172713,
	"MobileNet V2 Trained on ImageNet Competition Data":1.0456276119086945,
	"ResNet-101 Trained on ImageNet Competition Data":1.7640102480767321,
	"ResNet-101 Trained on YFCC100m Geotagged Data":1.6297182447744114,
	"ResNet-152 Trained on ImageNet Competition Data":1.7752474339149475,
	"ResNet-50 Trained on ImageNet Competition Data":1.3295920837140633,
	"Squeeze-and-Excitation Net Trained on ImageNet Competition Data":1.0549227112773785,
	"SqueezeNet V1.1 Trained on ImageNet Competition Data":1.060214181468643,
	"VGG-16 Trained on ImageNet Competition Data":1.4367992948619075,
	"VGG-19 Trained on ImageNet Competition Data":1.63132546146756,
	"Wide ResNet-50-2 Trained on ImageNet Competition Data":1.3266763126973473,
	"Wolfram ImageIdentify Net V1":1.3541120859616211,
	"Yahoo Open NSFW Model V1":1.7344317720731082,
	"BERT Trained on BookCorpus and English Wikipedia Data":0.6777141912207394,
	"GPT Transformer Trained on BookCorpus Data":0.6971088826682409,
	"OpenFace Face Recognition Net Trained on CASIA-WebFace and FaceScrub Data":0.6278661992912142,
	"ResNet-101 Trained on Augmented CASIA-WebFace Data":1.6648962716762548,
	"VGGish Feature Extractor Trained on YouTube Data":0.5096384475851305,
	"AdaIN-Style Trained on MS-COCO and Painter by Numbers Data":0.8306416287533831,
	"Colorful Image Colorization Trained on ImageNet Competition Data":1.5462073128904952,
	"ColorNet Image Colorization Trained on ImageNet Competition Data":0.8519304774720576,
	"ColorNet Image Colorization Trained on Places Data":0.8745543185981403,
	"CycleGAN Apple-to-Orange Translation Trained on ImageNet Competition Data":0.4411714476709187,
	"CycleGAN Horse-to-Zebra Translation Trained on ImageNet Competition Data":0.442379442816596,
	"CycleGAN Monet-to-Photo Translation":0.4414380224282215,
	"CycleGAN Orange-to-Apple Translation Trained on ImageNet Competition Data":0.43810007852285276,
	"CycleGAN Photo-to-Cezanne Translation":0.4423701191128908,
	"CycleGAN Photo-to-Monet Translation":0.43853785815683494,
	"CycleGAN Photo-to-Van Gogh Translation":0.43834566788922197,
	"CycleGAN Summer-to-Winter Translation":0.4423524857503518,
	"CycleGAN Winter-to-Summer Translation":0.4400881069847464,
	"CycleGAN Zebra-to-Horse Translation Trained on ImageNet Competition Data":0.43701026172776175,
	"Pix2pix Photo-to-Street-Map Translation":0.0,
	"Pix2pix Street-Map-to-Photo Translation":0.0,
	"Very Deep Net for Super-Resolution":1.2494328449342433,
	"GPT-2 Transformer Trained on WebText Data":0.6889400401238258,
	"Wolfram JavaScript Character-Level Language Model V1":0.0,
	"SSD-VGG-300 Trained on PASCAL VOC Data":1.1505825552816435,
	"SSD-VGG-512 Trained on MS-COCO Data":1.1949954505308928,
	"YOLO V2 Trained on MS-COCO Data":0.0,
	"2D Face Alignment Net Trained on 300W Large Pose Data":0.8849177200221474,
	"3D Face Alignment Net Trained on 300W Large Pose Data":0.8879421796346904,
	"Single-Image Depth Perception Net Trained on Depth in the Wild Data":0.3855339159868166,
	"Single-Image Depth Perception Net Trained on NYU Depth V2 and Depth in the Wild Data":0.384795853313851,
	"Single-Image Depth Perception Net Trained on NYU Depth V2 Data":0.3879007333352743,
	"Unguided Volumetric Regression Net for 3D Face Reconstruction":0.8635132312958591,
	"Vanilla CNN for Facial Landmark Regression":1.397383346223254,
	"Ademxapp Model A1 Trained on ADE20K Data":2.1456543611991044,
	"Ademxapp Model A1 Trained on Cityscapes Data":0.6003459282448297,
	"Ademxapp Model A1 Trained on PASCAL VOC2012 and MS-COCO Data":2.0689861162119527,
	"Dilated ResNet-105 Trained on Cityscapes Data":0.0,
	"Dilated ResNet-22 Trained on Cityscapes Data":0.0,
	"Dilated ResNet-38 Trained on Cityscapes Data":0.0,
	"Multi-scale Context Aggregation Net Trained on CamVid Data":1.0914099410643043,
	"Multi-scale Context Aggregation Net Trained on Cityscapes Data":0.5044691495964791,
	"U-Net Trained on Glioblastoma-Astrocytoma U373 Cells on a Polyacrylamide Substrate Data":0.8665973801542051,
	"Deep Speech 2 Trained on Baidu English Data":0.0
}