{
	"CREPE Pitch Detection Net Trained on Monophonic Signal Data":0.13178253351505306,
	"Wolfram AudioIdentify V1 Trained on AudioSet Data":0.33822859566180286,
	"Ademxapp Model A Trained on ImageNet Competition Data":0.9499683878990277,
	"Age Estimation VGG-16 Trained on IMDB-WIKI and Looking at People Data":0.9526005841596501,
	"Age Estimation VGG-16 Trained on IMDB-WIKI Data":0.9536975683546717,
	"CapsNet Trained on MNIST Data":0.7717759666538428,
	"Gender Prediction VGG-16 Trained on IMDB-WIKI Data":0.9552618249510418,
	"Inception V1 Trained on Extended Salient Object Subitizing Data":0.7300768753282718,
	"Inception V1 Trained on ImageNet Competition Data":0.7313416724679248,
	"Inception V1 Trained on Places365 Data":0.7368289132076506,
	"Inception V3 Trained on ImageNet Competition Data":0.5517377409928697,
	"MobileNet V2 Trained on ImageNet Competition Data":0.9495879019004855,
	"ResNet-101 Trained on ImageNet Competition Data":0.8997260496256076,
	"ResNet-101 Trained on YFCC100m Geotagged Data":0.8954939374868556,
	"ResNet-152 Trained on ImageNet Competition Data":0.9112357687339167,
	"ResNet-50 Trained on ImageNet Competition Data":0.8534155386700972,
	"Squeeze-and-Excitation Net Trained on ImageNet Competition Data":0.9627658361946347,
	"SqueezeNet V1.1 Trained on ImageNet Competition Data":0.9364475908750185,
	"VGG-16 Trained on ImageNet Competition Data":0.9464168026883056,
	"VGG-19 Trained on ImageNet Competition Data":0.9567117489091038,
	"Wide ResNet-50-2 Trained on ImageNet Competition Data":0.8871792250281157,
	"Wolfram ImageIdentify Net V1":0.5765316696514452,
	"Yahoo Open NSFW Model V1":0.9506370326657188,
	"BERT Trained on BookCorpus and English Wikipedia Data":0.4970729041764279,
	"GPT Transformer Trained on BookCorpus Data":0.5987710994223706,
	"OpenFace Face Recognition Net Trained on CASIA-WebFace and FaceScrub Data":0.9790319358551496,
	"ResNet-101 Trained on Augmented CASIA-WebFace Data":0.9011173811853163,
	"VGGish Feature Extractor Trained on YouTube Data":0.30719126194199636,
	"AdaIN-Style Trained on MS-COCO and Painter by Numbers Data":0.641555772855162,
	"Colorful Image Colorization Trained on ImageNet Competition Data":0.9598639547794146,
	"ColorNet Image Colorization Trained on ImageNet Competition Data":0.6002886130360126,
	"ColorNet Image Colorization Trained on Places Data":0.6106141074949454,
	"CycleGAN Apple-to-Orange Translation Trained on ImageNet Competition Data":0.9943023516934684,
	"CycleGAN Horse-to-Zebra Translation Trained on ImageNet Competition Data":0.9940191244815224,
	"CycleGAN Monet-to-Photo Translation":0.9941337459519918,
	"CycleGAN Orange-to-Apple Translation Trained on ImageNet Competition Data":0.9933700969604098,
	"CycleGAN Photo-to-Cezanne Translation":0.9954704990993897,
	"CycleGAN Photo-to-Monet Translation":0.995225216898977,
	"CycleGAN Photo-to-Van Gogh Translation":0.9950779438094087,
	"CycleGAN Summer-to-Winter Translation":0.9939427567648152,
	"CycleGAN Winter-to-Summer Translation":0.994077629254498,
	"CycleGAN Zebra-to-Horse Translation Trained on ImageNet Competition Data":0.990449748601661,
	"Pix2pix Photo-to-Street-Map Translation":0.9909244089509818,
	"Pix2pix Street-Map-to-Photo Translation":0.9892688360321877,
	"Very Deep Net for Super-Resolution":0.9692515843487934,
	"GPT-2 Transformer Trained on WebText Data":0.5827254972298618,
	"Wolfram JavaScript Character-Level Language Model V1":0.795046788151692,
	"SSD-VGG-300 Trained on PASCAL VOC Data":0.8248626683370788,
	"SSD-VGG-512 Trained on MS-COCO Data":0.7781560664651862,
	"YOLO V2 Trained on MS-COCO Data":0.9530958647184955,
	"2D Face Alignment Net Trained on 300W Large Pose Data":0.1844331907075828,
	"3D Face Alignment Net Trained on 300W Large Pose Data":0.0,
	"Single-Image Depth Perception Net Trained on Depth in the Wild Data":0.0,
	"Single-Image Depth Perception Net Trained on NYU Depth V2 and Depth in the Wild Data":0.0,
	"Single-Image Depth Perception Net Trained on NYU Depth V2 Data":0.0,
	"Unguided Volumetric Regression Net for 3D Face Reconstruction":0.0,
	"Vanilla CNN for Facial Landmark Regression":0.0,
	"Ademxapp Model A1 Trained on ADE20K Data":0.0,
	"Ademxapp Model A1 Trained on Cityscapes Data":0.0,
	"Ademxapp Model A1 Trained on PASCAL VOC2012 and MS-COCO Data":0.0,
	"Dilated ResNet-105 Trained on Cityscapes Data":0.0,
	"Dilated ResNet-22 Trained on Cityscapes Data":0.0,
	"Dilated ResNet-38 Trained on Cityscapes Data":0.0,
	"Multi-scale Context Aggregation Net Trained on CamVid Data":0.0,
	"Multi-scale Context Aggregation Net Trained on Cityscapes Data":0.0,
	"U-Net Trained on Glioblastoma-Astrocytoma U373 Cells on a Polyacrylamide Substrate Data":0.9834814193845877,
	"Deep Speech 2 Trained on Baidu English Data":0.37856193433907304
}