{
	"CREPE Pitch Detection Net Trained on Monophonic Signal Data":0.1788082398358909,
	"Wolfram AudioIdentify V1 Trained on AudioSet Data":0.34093015219815603,
	"Ademxapp Model A Trained on ImageNet Competition Data":0.993635201503545,
	"Age Estimation VGG-16 Trained on IMDB-WIKI and Looking at People Data":0.9950132898740737,
	"Age Estimation VGG-16 Trained on IMDB-WIKI Data":0.9663810407299783,
	"CapsNet Trained on MNIST Data":0.0,
	"Gender Prediction VGG-16 Trained on IMDB-WIKI Data":0.9613335957336292,
	"Inception V1 Trained on Extended Salient Object Subitizing Data":0.7912168526693665,
	"Inception V1 Trained on ImageNet Competition Data":0.7968693301181211,
	"Inception V1 Trained on Places365 Data":0.8464121849882883,
	"Inception V3 Trained on ImageNet Competition Data":0.8512595462771317,
	"MobileNet V2 Trained on ImageNet Competition Data":0.9965618331719577,
	"ResNet-101 Trained on ImageNet Competition Data":1.444297776223445,
	"ResNet-101 Trained on YFCC100m Geotagged Data":1.4260357830653985,
	"ResNet-152 Trained on ImageNet Competition Data":1.5506575487475553,
	"ResNet-50 Trained on ImageNet Competition Data":1.250011509740815,
	"Squeeze-and-Excitation Net Trained on ImageNet Competition Data":1.0114767465755512,
	"SqueezeNet V1.1 Trained on ImageNet Competition Data":0.9807371188206033,
	"VGG-16 Trained on ImageNet Competition Data":0.977997953258531,
	"VGG-19 Trained on ImageNet Competition Data":0.9972204572574732,
	"Wide ResNet-50-2 Trained on ImageNet Competition Data":0.9529122566822101,
	"Wolfram ImageIdentify Net V1":1.205646811246858,
	"Yahoo Open NSFW Model V1":1.5295776472609346,
	"BERT Trained on BookCorpus and English Wikipedia Data":0.5767553430965183,
	"GPT Transformer Trained on BookCorpus Data":0.668432569723084,
	"OpenFace Face Recognition Net Trained on CASIA-WebFace and FaceScrub Data":0.5785249781518148,
	"ResNet-101 Trained on Augmented CASIA-WebFace Data":1.3856818746382844,
	"VGGish Feature Extractor Trained on YouTube Data":0.34879642215109397,
	"AdaIN-Style Trained on MS-COCO and Painter by Numbers Data":0.6898985591857092,
	"Colorful Image Colorization Trained on ImageNet Competition Data":0.97109586071571,
	"ColorNet Image Colorization Trained on ImageNet Competition Data":0.6107073224637303,
	"ColorNet Image Colorization Trained on Places Data":0.616614056089266,
	"CycleGAN Apple-to-Orange Translation Trained on ImageNet Competition Data":0.4075060829364349,
	"CycleGAN Horse-to-Zebra Translation Trained on ImageNet Competition Data":0.4066055282435005,
	"CycleGAN Monet-to-Photo Translation":0.4073522833534528,
	"CycleGAN Orange-to-Apple Translation Trained on ImageNet Competition Data":0.404902806360188,
	"CycleGAN Photo-to-Cezanne Translation":0.40714477226143797,
	"CycleGAN Photo-to-Monet Translation":0.4063420539551355,
	"CycleGAN Photo-to-Van Gogh Translation":0.40636651206163327,
	"CycleGAN Summer-to-Winter Translation":0.40610582165998116,
	"CycleGAN Winter-to-Summer Translation":0.40518850598429573,
	"CycleGAN Zebra-to-Horse Translation Trained on ImageNet Competition Data":0.4081150451357308,
	"Pix2pix Photo-to-Street-Map Translation":0.0,
	"Pix2pix Street-Map-to-Photo Translation":0.0,
	"Very Deep Net for Super-Resolution":0.9767980914188693,
	"GPT-2 Transformer Trained on WebText Data":0.6501654111363546,
	"Wolfram JavaScript Character-Level Language Model V1":0.0,
	"SSD-VGG-300 Trained on PASCAL VOC Data":0.8348078293836753,
	"SSD-VGG-512 Trained on MS-COCO Data":0.8760948930879165,
	"YOLO V2 Trained on MS-COCO Data":0.0,
	"2D Face Alignment Net Trained on 300W Large Pose Data":0.7206715024496201,
	"3D Face Alignment Net Trained on 300W Large Pose Data":0.7298017142948293,
	"Single-Image Depth Perception Net Trained on Depth in the Wild Data":0.35387272910490375,
	"Single-Image Depth Perception Net Trained on NYU Depth V2 and Depth in the Wild Data":0.3648345585147951,
	"Single-Image Depth Perception Net Trained on NYU Depth V2 Data":0.3653821647960133,
	"Unguided Volumetric Regression Net for 3D Face Reconstruction":0.7467446654714224,
	"Vanilla CNN for Facial Landmark Regression":1.345707656612529,
	"Ademxapp Model A1 Trained on ADE20K Data":1.1292005364528028,
	"Ademxapp Model A1 Trained on Cityscapes Data":0.5173935005858865,
	"Ademxapp Model A1 Trained on PASCAL VOC2012 and MS-COCO Data":1.1153065774920021,
	"Dilated ResNet-105 Trained on Cityscapes Data":0.0,
	"Dilated ResNet-22 Trained on Cityscapes Data":0.0,
	"Dilated ResNet-38 Trained on Cityscapes Data":0.0,
	"Multi-scale Context Aggregation Net Trained on CamVid Data":0.721476553232276,
	"Multi-scale Context Aggregation Net Trained on Cityscapes Data":0.3912561592544323,
	"U-Net Trained on Glioblastoma-Astrocytoma U373 Cells on a Polyacrylamide Substrate Data":0.679218082592845,
	"Deep Speech 2 Trained on Baidu English Data":0.0
}