{
	"CREPE Pitch Detection Net Trained on Monophonic Signal Data":0.13178253351505306,
	"Wolfram AudioIdentify V1 Trained on AudioSet Data":0.33822859566180286,
	"Ademxapp Model A Trained on ImageNet Competition Data":0.9499683878990277,
	"Age Estimation VGG-16 Trained on IMDB-WIKI and Looking at People Data":0.9526005841596501,
	"Age Estimation VGG-16 Trained on IMDB-WIKI Data":0.9536975683546717,
	"CapsNet Trained on MNIST Data":0.7717759666538428,
	"Gender Prediction VGG-16 Trained on IMDB-WIKI Data":0.9552618249510418,
	"Inception V1 Trained on Extended Salient Object Subitizing Data":0.7300768753282718,
	"Inception V1 Trained on ImageNet Competition Data":0.7313416724679248,
	"Inception V1 Trained on Places365 Data":0.7368289132076506,
	"Inception V3 Trained on ImageNet Competition Data":0.5517377409928697,
	"MobileNet V2 Trained on ImageNet Competition Data":0.9495879019004855,
	"ResNet-101 Trained on ImageNet Competition Data":0.8997260496256076,
	"ResNet-101 Trained on YFCC100m Geotagged Data":0.8954939374868556,
	"ResNet-152 Trained on ImageNet Competition Data":0.9112357687339167,
	"ResNet-50 Trained on ImageNet Competition Data":1.2432113859267104,
	"Squeeze-and-Excitation Net Trained on ImageNet Competition Data":1.0114767465755512,
	"SqueezeNet V1.1 Trained on ImageNet Competition Data":0.9807371188206033,
	"VGG-16 Trained on ImageNet Competition Data":0.977997953258531,
	"VGG-19 Trained on ImageNet Competition Data":0.9972204572574732,
	"Wide ResNet-50-2 Trained on ImageNet Competition Data":1.003909531789672,
	"Wolfram ImageIdentify Net V1":1.205646811246858,
	"Yahoo Open NSFW Model V1":1.5295776472609346,
	"BERT Trained on BookCorpus and English Wikipedia Data":0.5767553430965183,
	"GPT Transformer Trained on BookCorpus Data":0.668432569723084,
	"OpenFace Face Recognition Net Trained on CASIA-WebFace and FaceScrub Data":1.269369250714897,
	"ResNet-101 Trained on Augmented CASIA-WebFace Data":1.3856818746382844,
	"VGGish Feature Extractor Trained on YouTube Data":0.34879642215109397,
	"AdaIN-Style Trained on MS-COCO and Painter by Numbers Data":0.6898985591857092,
	"Colorful Image Colorization Trained on ImageNet Competition Data":0.97109586071571,
	"ColorNet Image Colorization Trained on ImageNet Competition Data":0.6118084868747897,
	"ColorNet Image Colorization Trained on Places Data":0.6176642306902301,
	"CycleGAN Apple-to-Orange Translation Trained on ImageNet Competition Data":1.0048109580633955,
	"CycleGAN Horse-to-Zebra Translation Trained on ImageNet Competition Data":1.0020750286799185,
	"CycleGAN Monet-to-Photo Translation":1.0039515767845106,
	"CycleGAN Orange-to-Apple Translation Trained on ImageNet Competition Data":0.9990960845253442,
	"CycleGAN Photo-to-Cezanne Translation":1.0040946827463528,
	"CycleGAN Photo-to-Monet Translation":1.0007187439659575,
	"CycleGAN Photo-to-Van Gogh Translation":1.0016985179429274,
	"CycleGAN Summer-to-Winter Translation":1.0018035914598686,
	"CycleGAN Winter-to-Summer Translation":1.0003765440562131,
	"CycleGAN Zebra-to-Horse Translation Trained on ImageNet Competition Data":0.9994642923180316,
	"Pix2pix Photo-to-Street-Map Translation":0.9996703691313275,
	"Pix2pix Street-Map-to-Photo Translation":0.9905827559566277,
	"Very Deep Net for Super-Resolution":0.9767980914188693,
	"GPT-2 Transformer Trained on WebText Data":0.6501654111363546,
	"Wolfram JavaScript Character-Level Language Model V1":0.5565327517061844,
	"SSD-VGG-300 Trained on PASCAL VOC Data":0.8348078293836753,
	"SSD-VGG-512 Trained on MS-COCO Data":0.8760948930879165,
	"YOLO V2 Trained on MS-COCO Data":0.9975052017005039,
	"2D Face Alignment Net Trained on 300W Large Pose Data":0.765120938701659,
	"3D Face Alignment Net Trained on 300W Large Pose Data":0.7735063610431503,
	"Single-Image Depth Perception Net Trained on Depth in the Wild Data":0.38941374838841036,
	"Single-Image Depth Perception Net Trained on NYU Depth V2 and Depth in the Wild Data":0.4004464812413808,
	"Single-Image Depth Perception Net Trained on NYU Depth V2 Data":0.4010907367104899,
	"Unguided Volumetric Regression Net for 3D Face Reconstruction":0.7539350745299975,
	"Vanilla CNN for Facial Landmark Regression":1.345707656612529,
	"Ademxapp Model A1 Trained on ADE20K Data":1.1292005364528028,
	"Ademxapp Model A1 Trained on Cityscapes Data":0.5173935005858865,
	"Ademxapp Model A1 Trained on PASCAL VOC2012 and MS-COCO Data":1.1153065774920021,
	"Dilated ResNet-105 Trained on Cityscapes Data":0.5920669504929326,
	"Dilated ResNet-22 Trained on Cityscapes Data":0.47200567473568134,
	"Dilated ResNet-38 Trained on Cityscapes Data":0.5710952187208197,
	"Multi-scale Context Aggregation Net Trained on CamVid Data":0.721476553232276,
	"Multi-scale Context Aggregation Net Trained on Cityscapes Data":0.3912561592544323,
	"U-Net Trained on Glioblastoma-Astrocytoma U373 Cells on a Polyacrylamide Substrate Data":0.9834814193845877,
	"Deep Speech 2 Trained on Baidu English Data":0.37856193433907304
}