"id","name","machine_name","min_time","mean_time","max_time","raw_time"
33,"CycleGAN Photo-to-Van Gogh Translation","c4.2xlarge",1.689996e6,1.6931375667e6,1.879405e6,"{1.879405*^6, 1.690756*^6, 1.691438*^6, 1.690365*^6, 1.691504*^6, 1.693351*^6, 1.695174*^6, 1.697093*^6, 1.695676*^6, 1.696922*^6, 1.696704*^6, 1.697948*^6, 1.693586*^6, 1.697189*^6, 1.693135*^6, 1.699534*^6, 1.691931*^6, 1.693796*^6, 1.691841*^6, 1.692195*^6, 1.696121*^6, 1.692333*^6, 1.692578*^6, 1.700532*^6, 1.697507*^6, 1.690638*^6, 1.692333*^6, 1.69258*^6, 1.691388*^6, 1.692388*^6, 1.693584*^6, 1.694405*^6, 1.692383*^6, 1.69044*^6, 1.696005*^6, 1.69194*^6, 1.691138*^6, 1.690201*^6, 1.69228*^6, 1.692315*^6, 1.691517*^6, 1.696224*^6, 1.693833*^6, 1.69097*^6, 1.692672*^6, 1.692006*^6, 1.694446*^6, 1.693568*^6, 1.692651*^6, 1.689996*^6}"
