"model_name","layer_name","layer_index","kind","min_time","mean_time","max_time","add_flops","div_flops","cmp_flops","exp_flops","mad_flops","input_channel","input_height","input_width","output_channel","output_height","output_width","function","kernel_1","kernel_2","stride_1","stride_2","dilation_1","dilation_2","input_form","topology_hash","mad/min_time","mad/mean_time","mad/max_time","time"
"Single-Image Depth Perception Net Trained on NYU Depth V2 Data","4/1/2/1/2/5",484,"BatchNormalization",0.000468,0.0004760333333333333,0.003126,1228800,1228800,0,0,0,16,240,320,16,240,320,"","","","","","","","HoldForm[BatchNormalizationLayer[""Momentum"" -> 0.1, ""Epsilon"" -> 0.00001, ""Input"" -> {16, 240, 320}]]","1tvtwxbc2d8q9",0.,0.,0.,"{0.003126, 0.000774, 0.000627, 0.000566, 0.000537, 0.000484, 0.000479, 0.000478, 0.000474, 0.000493, 0.000475, 0.000476, 0.000523, 0.000473, 0.000474, 0.000473, 0.000507, 0.000473, 0.000473, 0.000472, 0.000524, 0.000474, 0.000473, 0.000473, 0.000539, 0.000474, 0.000475, 0.000475, 0.000496, 0.000473, 0.000487, 0.000474, 0.000472, 0.000472, 0.000472, 0.000474, 0.000473, 0.000521, 0.000475, 0.000474, 0.000476, 0.000473, 0.000475, 0.000474, 0.000473, 0.000543, 0.000478, 0.000477, 0.000477, 0.000475, 0.000472, 0.000488, 0.000472, 0.000492, 0.000476, 0.000476, 0.000476, 0.000475, 0.000508, 0.000475, 0.000509, 0.000491, 0.000471, 0.000475, 0.000473, 0.000521, 0.000473, 0.000472, 0.000472, 0.000472, 0.000487, 0.000486, 0.000471, 0.000472, 0.000508, 0.000472, 0.00047, 0.000471, 0.000489, 0.000502, 0.000473, 0.000472, 0.000471, 0.00047, 0.00047, 0.00047, 0.000529, 0.000471, 0.000468, 0.00047, 0.00047, 0.000469, 0.000484, 0.000468, 0.000469, 0.000489, 0.000471, 0.000471, 0.000468, 0.000471}"
