"model_name","layer_name","layer_index","kind","min_time","mean_time","max_time","add_flops","div_flops","cmp_flops","exp_flops","mad_flops","input_channel","input_height","input_width","output_channel","output_height","output_width","function","kernel_1","kernel_2","stride_1","stride_2","dilation_1","dilation_2","input_form","topology_hash","mad/min_time","mad/mean_time","mad/max_time","time"
"Ademxapp Model A1 Trained on PASCAL VOC2012 and MS-COCO Data","4b5/bn4b5_branch2b1",85,"BatchNormalization",0.001063,0.001110366666666667,0.005037,2032128,2032128,0,0,0,512,63,63,512,63,63,"","","","","","","","HoldForm[BatchNormalizationLayer[""Epsilon"" -> 0.00001001, ""Input"" -> {512, 63, 63}]]","07ii0bj6crfqt",0.,0.,0.,"{0.005037, 0.001357, 0.00125, 0.001202, 0.001148, 0.001135, 0.001132, 0.001117, 0.001092, 0.001148, 0.001116, 0.001098, 0.001094, 0.001133, 0.00112, 0.001122, 0.001084, 0.001097, 0.001124, 0.001076, 0.001085, 0.001094, 0.00108, 0.001085, 0.001155, 0.001091, 0.001079, 0.001117, 0.001112, 0.001075, 0.00109, 0.001087, 0.001103, 0.001107, 0.001085, 0.001074, 0.001126, 0.001065, 0.001083, 0.001165, 0.001112, 0.001112, 0.001145, 0.001123, 0.001148, 0.001176, 0.001134, 0.001107, 0.001097, 0.001097, 0.001118, 0.001129, 0.001104, 0.001131, 0.001162, 0.001107, 0.001101, 0.001154, 0.001104, 0.001113, 0.001143, 0.001078, 0.001088, 0.001153, 0.001107, 0.001091, 0.001078, 0.001096, 0.001138, 0.001146, 0.001078, 0.001091, 0.001094, 0.001115, 0.00115, 0.001124, 0.001103, 0.001107, 0.001153, 0.001092, 0.001096, 0.001115, 0.00118, 0.00111, 0.001155, 0.00112, 0.001119, 0.001135, 0.001095, 0.001112, 0.001134, 0.001099, 0.001091, 0.001108, 0.001077, 0.001085, 0.001131, 0.001063, 0.001076, 0.00109}"
