"model_name","layer_name","layer_index","kind","min_time","mean_time","max_time","add_flops","div_flops","cmp_flops","exp_flops","mad_flops","input_channel","input_height","input_width","output_channel","output_height","output_width","function","kernel_1","kernel_2","stride_1","stride_2","dilation_1","dilation_2","input_form","topology_hash","mad/min_time","mad/mean_time","mad/max_time","time"
"Squeeze-and-Excitation Net Trained on ImageNet Competition Data","3h/conv3_8_3x3_bn",190,"BatchNormalization",0.000172,0.0001761666666666666,0.0011,401408,401408,0,0,0,512,28,28,512,28,28,"","","","","","","","HoldForm[BatchNormalizationLayer[""Epsilon"" -> 0.0001, ""Input"" -> {512, 28, 28}]]","04pb5s9ihghh3",0.,0.,0.,"{0.0011, 0.000213, 0.000186, 0.000176, 0.000175, 0.000176, 0.00021, 0.000229, 0.000215, 0.000179, 0.000177, 0.000176, 0.000175, 0.000175, 0.000175, 0.000174, 0.000188, 0.000177, 0.000176, 0.000176, 0.000177, 0.000177, 0.000177, 0.000176, 0.000177, 0.000192, 0.000177, 0.000177, 0.000178, 0.000177, 0.000177, 0.000177, 0.000176, 0.000176, 0.000177, 0.000177, 0.000178, 0.000178, 0.00019, 0.000176, 0.000178, 0.000177, 0.000177, 0.000177, 0.000177, 0.000177, 0.000177, 0.000176, 0.000176, 0.000205, 0.000181, 0.000178, 0.000177, 0.000178, 0.000176, 0.000176, 0.000177, 0.000176, 0.000175, 0.000175, 0.000175, 0.00019, 0.000217, 0.00018, 0.000177, 0.000176, 0.000175, 0.000175, 0.000176, 0.000174, 0.000175, 0.000174, 0.000175, 0.000175, 0.000175, 0.000174, 0.000175, 0.000175, 0.000175, 0.000175, 0.000187, 0.000174, 0.000175, 0.000194, 0.000176, 0.000174, 0.000174, 0.000173, 0.000173, 0.000173, 0.000173, 0.000173, 0.000172, 0.000173, 0.000173, 0.000173, 0.000173, 0.000173, 0.000173, 0.000172}"
