"model_name","layer_name","layer_index","kind","min_time","mean_time","max_time","add_flops","div_flops","cmp_flops","exp_flops","mad_flops","input_channel","input_height","input_width","output_channel","output_height","output_width","function","kernel_1","kernel_2","stride_1","stride_2","dilation_1","dilation_2","input_form","topology_hash","mad/min_time","mad/mean_time","mad/max_time","time"
"Inception V3 Trained on ImageNet Competition Data","Inception11/mixed_10_tower_1_conv_batchnorm",291,"BatchNormalization",0.000031,0.00003183333333333329,0.000232,28672,28672,0,0,0,448,8,8,448,8,8,"","","","","","","","HoldForm[BatchNormalizationLayer[""Input"" -> {448, 8, 8}]]","174ltat1jprvs",0.,0.,0.,"{0.000232, 0.000055, 0.000034, 0.000033, 0.000033, 0.000032, 0.000032, 0.000032, 0.000032, 0.000032, 0.000031, 0.000032, 0.000032, 0.000032, 0.000031, 0.000031, 0.000032, 0.000032, 0.000032, 0.000031, 0.000032, 0.000032, 0.000032, 0.000031, 0.000031, 0.000031, 0.000032, 0.000032, 0.000031, 0.000032, 0.000032, 0.000032, 0.000031, 0.000031, 0.000032, 0.000032, 0.000032, 0.000032, 0.000031, 0.000032, 0.000032, 0.000032, 0.000031, 0.000031, 0.000032, 0.000032, 0.000032, 0.000031, 0.000032, 0.000032, 0.000032, 0.000031, 0.000031, 0.000032, 0.000031, 0.000032, 0.000032, 0.000031, 0.000031, 0.000031, 0.000032, 0.000031, 0.000032, 0.000032, 0.000032, 0.000031, 0.000031, 0.000045, 0.000033, 0.000032, 0.000033, 0.000033, 0.000032, 0.000032, 0.000032, 0.000032, 0.000032, 0.000032, 0.000032, 0.000032, 0.000032, 0.000032, 0.000032, 0.000032, 0.000031, 0.000053, 0.000035, 0.000032, 0.000032, 0.000032, 0.000032, 0.000032, 0.000031, 0.000031, 0.000032, 0.000032, 0.000031, 0.000031, 0.000031, 0.000031}"
