"model_name","layer_name","layer_index","kind","min_time","mean_time","max_time","add_flops","div_flops","cmp_flops","exp_flops","mad_flops","input_channel","input_height","input_width","output_channel","output_height","output_width","function","kernel_1","kernel_2","stride_1","stride_2","dilation_1","dilation_2","input_form","topology_hash","mad/min_time","mad/mean_time","mad/max_time","time"
"ResNet-101 Trained on YFCC100m Geotagged Data","stage2_unit3/bn2",61,"BatchNormalization",0.000051,0.000052233333333333334,0.000414,100352,100352,0,0,0,128,28,28,128,28,28,"","","","","","","","HoldForm[BatchNormalizationLayer[""Epsilon"" -> 0.00002, ""Input"" -> {128, 28, 28}]]","0ncdns427sith",0.,0.,0.,"{0.000414, 0.000069, 0.000057, 0.000054, 0.000053, 0.000053, 0.000052, 0.000053, 0.000053, 0.000052, 0.000052, 0.000052, 0.000052, 0.000052, 0.000052, 0.000051, 0.000052, 0.000051, 0.000051, 0.000052, 0.000053, 0.000052, 0.000051, 0.000052, 0.000052, 0.000051, 0.000051, 0.000073, 0.000057, 0.000053, 0.000052, 0.000052, 0.000053, 0.000053, 0.000053, 0.000052, 0.000052, 0.000052, 0.000052, 0.000052, 0.000052, 0.000052, 0.000052, 0.000051, 0.000052, 0.000051, 0.000051, 0.000051, 0.000052, 0.000052, 0.000052, 0.000052, 0.000052, 0.000052, 0.000052, 0.000052, 0.000052, 0.000052, 0.000052, 0.000052, 0.000051, 0.000051, 0.000052, 0.000052, 0.000052, 0.000051, 0.00009, 0.00006, 0.000053, 0.000052, 0.000052, 0.000053, 0.000053, 0.000053, 0.000053, 0.000052, 0.000052, 0.000053, 0.000053, 0.000052, 0.000052, 0.000053, 0.000053, 0.000053, 0.000053, 0.000052, 0.000053, 0.000052, 0.000053, 0.000053, 0.000053, 0.000086, 0.000057, 0.000052, 0.000051, 0.000052, 0.000051, 0.000052, 0.000051, 0.000051}"
