"model_name","layer_name","layer_index","kind","min_time","mean_time","max_time","add_flops","div_flops","cmp_flops","exp_flops","mad_flops","input_channel","input_height","input_width","output_channel","output_height","output_width","function","kernel_1","kernel_2","stride_1","stride_2","dilation_1","dilation_2","input_form","topology_hash","mad/min_time","mad/mean_time","mad/max_time","time"
"2D Face Alignment Net Trained on 300W Large Pose Data","12/1/1/1/1/1/4/2/2/3",753,"Catenate",0.00021,0.00021206666666666673,0.001355,0,0,0,0,0,64,64,64,128,64,64,"","","","","","","","HoldForm[CatenateLayer[""Inputs"" -> {{64, 64, 64}, {64, 64, 64}}]]","0ltwfbd4clc0x",0.,0.,0.,"{0.001355, 0.000267, 0.000219, 0.000213, 0.000212, 0.000212, 0.000212, 0.000226, 0.000213, 0.000212, 0.000243, 0.000213, 0.000211, 0.000211, 0.000211, 0.000223, 0.000211, 0.000211, 0.000211, 0.000211, 0.000213, 0.000213, 0.000213, 0.000214, 0.000213, 0.000236, 0.000216, 0.000213, 0.000214, 0.000213, 0.000212, 0.000213, 0.000212, 0.000212, 0.000255, 0.000214, 0.000215, 0.000213, 0.000212, 0.000213, 0.000246, 0.000215, 0.000213, 0.000226, 0.000211, 0.00021, 0.000235, 0.000213, 0.000211, 0.00021, 0.00021, 0.000239, 0.000212, 0.000211, 0.00021, 0.000211, 0.00021, 0.00021, 0.000211, 0.00021, 0.000211, 0.000222, 0.000221, 0.000211, 0.000211, 0.000211, 0.000212, 0.000212, 0.000212, 0.000212, 0.000211, 0.000211, 0.000212, 0.000211, 0.000212, 0.000212, 0.000212, 0.000212, 0.000213, 0.000212, 0.000211, 0.000262, 0.000214, 0.000211, 0.000212, 0.000211, 0.000211, 0.000211, 0.000211, 0.000211, 0.00021, 0.00021, 0.00021, 0.000234, 0.000213, 0.000211, 0.000211, 0.000211, 0.00021, 0.000232}"
