"model_name","layer_name","layer_index","kind","min_time","mean_time","max_time","add_flops","div_flops","cmp_flops","exp_flops","mad_flops","input_channel","input_height","input_width","output_channel","output_height","output_width","function","kernel_1","kernel_2","stride_1","stride_2","dilation_1","dilation_2","input_form","topology_hash","mad/min_time","mad/mean_time","mad/max_time","time"
"SSD-VGG-300 Trained on PASCAL VOC Data","1/8",108,"Catenate",0.000156,0.0001576333333333333,0.000624,0,0,0,0,0,5776,20,"",8732,20,"","","","","","","","","HoldForm[CatenateLayer[""Inputs"" -> {{5776, 20}, {2166, 20}, {600, 20}, {150, 20}, {36, 20}, {4, 20}}]]","0bczia3r0ergo",0.,0.,0.,"{0.000624, 0.000169, 0.00016, 0.000159, 0.000158, 0.000157, 0.000157, 0.000157, 0.000189, 0.000159, 0.000172, 0.000157, 0.000156, 0.00019, 0.00016, 0.000158, 0.000157, 0.000157, 0.000156, 0.000156, 0.000157, 0.000157, 0.000156, 0.000157, 0.000156, 0.000156, 0.000157, 0.000157, 0.000156, 0.000156, 0.000156, 0.000156, 0.000156, 0.000158, 0.000159, 0.000179, 0.00016, 0.000198, 0.000165, 0.00016, 0.000159, 0.000159, 0.000158, 0.000159, 0.000158, 0.000158, 0.000159, 0.00016, 0.000158, 0.000158, 0.000158, 0.000158, 0.000158, 0.000158, 0.000159, 0.000158, 0.000173, 0.000158, 0.000159, 0.000174, 0.00016, 0.000159, 0.000159, 0.000159, 0.000159, 0.000159, 0.000159, 0.000159, 0.000158, 0.000158, 0.00018, 0.000163, 0.000157, 0.000157, 0.000156, 0.000156, 0.000157, 0.000156, 0.000156, 0.000157, 0.000156, 0.000156, 0.000156, 0.000156, 0.000173, 0.000157, 0.000157, 0.000156, 0.000157, 0.000156, 0.000156, 0.000156, 0.000157, 0.000157, 0.000156, 0.000156, 0.000156, 0.000156, 0.000156, 0.000157}"
