"model_name","layer_name","layer_index","kind","min_time","mean_time","max_time","add_flops","div_flops","cmp_flops","exp_flops","mad_flops","input_channel","input_height","input_width","output_channel","output_height","output_width","function","kernel_1","kernel_2","stride_1","stride_2","dilation_1","dilation_2","input_form","topology_hash","mad/min_time","mad/mean_time","mad/max_time","time"
"Single-Image Depth Perception Net Trained on NYU Depth V2 and Depth in the Wild Data","4/1/1/4/1/2/2/4/4",427,"Convolution",0.237812,0.3252613999999999,0.556409,0,0,0,0,4757913600,64,120,160,32,120,160,"",11,11,1,1,1,1,"HoldForm[ConvolutionLayer[32, {11, 11}, ""Stride"" -> {1, 1}, ""PaddingSize"" -> {{5, 5}, {5, 5}}, ""Dilation"" -> {1, 1}, ""Input"" -> {64, 120, 160}]]","0am37bh7c88qt",2.0007037491800247e10,1.4627968766044792e10,8.551108267479497e9,"{0.556409, 0.363527, 0.384948, 0.30824, 0.342223, 0.338568, 0.27244, 0.293012, 0.33271, 0.310542, 0.299998, 0.307533, 0.361648, 0.321223, 0.287751, 0.358528, 0.295608, 0.370362, 0.387577, 0.311988, 0.351444, 0.33096, 0.318598, 0.323064, 0.35618, 0.35411, 0.262715, 0.385275, 0.316869, 0.374604, 0.29371, 0.348818, 0.291671, 0.308373, 0.298716, 0.357353, 0.341994, 0.270268, 0.297815, 0.35101, 0.331695, 0.359485, 0.32607, 0.276728, 0.237812, 0.324891, 0.385336, 0.28767, 0.2783, 0.333445, 0.336813, 0.348457, 0.284965, 0.379754, 0.340518, 0.32991, 0.321105, 0.323765, 0.378224, 0.344081, 0.372727, 0.290365, 0.328423, 0.36227, 0.395612, 0.336097, 0.250438, 0.320684, 0.377211, 0.385666, 0.374996, 0.319422, 0.329288, 0.248758, 0.322662, 0.35908, 0.300139, 0.343184, 0.383129, 0.293588, 0.294653, 0.325607, 0.324429, 0.28083, 0.292071, 0.271991, 0.283897, 0.361375, 0.28936, 0.342651, 0.2947, 0.310275, 0.317691, 0.304878, 0.332341, 0.299958, 0.294284, 0.32524, 0.291257, 0.362908}"
