"model_name","layer_name","layer_index","kind","min_time","mean_time","max_time","add_flops","div_flops","cmp_flops","exp_flops","mad_flops","input_channel","input_height","input_width","output_channel","output_height","output_width","function","kernel_1","kernel_2","stride_1","stride_2","dilation_1","dilation_2","input_form","topology_hash","mad/min_time","mad/mean_time","mad/max_time","time"
"U-Net Trained on Glioblastoma-Astrocytoma U373 Cells on a Polyacrylamide Substrate Data","contract_1/conv_1",1,"Convolution",0.019298,0.03505396666666667,0.073513,0,0,0,0,187142400,1,572,572,64,570,570,"",3,3,1,1,1,1,"HoldForm[ConvolutionLayer[64, {3, 3}, ""Stride"" -> {1, 1}, ""PaddingSize"" -> {{0, 0}, {0, 0}}, ""Dilation"" -> {1, 1}, ""Input"" -> {1, 572, 572}]]","1b49kf4ekfc07",9.69750233184786e9,5.3386939566516e9,2.545704841320583e9,"{0.073513, 0.040319, 0.039674, 0.039141, 0.039893, 0.035072, 0.039082, 0.031152, 0.019658, 0.023808, 0.024562, 0.036412, 0.035924, 0.043188, 0.039687, 0.034438, 0.039745, 0.030163, 0.041289, 0.044672, 0.033891, 0.042758, 0.037988, 0.040461, 0.042524, 0.039866, 0.035388, 0.033628, 0.041525, 0.032683, 0.023155, 0.024296, 0.021075, 0.020069, 0.021053, 0.027855, 0.021751, 0.04149, 0.038362, 0.041737, 0.028256, 0.022455, 0.027985, 0.019298, 0.023202, 0.038546, 0.043657, 0.035369, 0.034511, 0.031721, 0.030894, 0.039629, 0.036562, 0.038436, 0.046628, 0.028919, 0.024076, 0.026307, 0.030269, 0.039719, 0.045756, 0.032512, 0.039527, 0.021781, 0.023961, 0.022361, 0.035302, 0.03797, 0.031361, 0.042699, 0.034834, 0.040991, 0.035192, 0.046179, 0.037775, 0.036334, 0.036074, 0.040485, 0.023136, 0.021138, 0.025478, 0.033132, 0.043057, 0.038602, 0.029894, 0.021861, 0.023371, 0.038798, 0.037578, 0.039295, 0.041751, 0.040363, 0.029215, 0.021516, 0.030858, 0.039943, 0.038484, 0.038137, 0.039434, 0.035461}"
