"model_name","layer_name","layer_index","kind","min_time","mean_time","max_time","add_flops","div_flops","cmp_flops","exp_flops","mad_flops","input_channel","input_height","input_width","output_channel","output_height","output_width","function","kernel_1","kernel_2","stride_1","stride_2","dilation_1","dilation_2","input_form","topology_hash","mad/min_time","mad/mean_time","mad/max_time","time"
"Yahoo Open NSFW Model V1","stage3_block0/conv_branch2a",144,"Convolution",0.000146,0.00015029999999999994,0.00033,0,0,0,0,6422528,512,14,14,256,7,7,"",1,1,2,2,1,1,"HoldForm[ConvolutionLayer[256, {1, 1}, ""Stride"" -> {2, 2}, ""PaddingSize"" -> {{0, 0}, {0, 0}}, ""Dilation"" -> {1, 1}, ""Input"" -> {512, 14, 14}]]","0tmhsntb000xy",4.398991780821918e10,4.273139055222889e10,1.946220606060606e10,"{0.00033, 0.000168, 0.000153, 0.000149, 0.000147, 0.000148, 0.000148, 0.000149, 0.000147, 0.000147, 0.000146, 0.000148, 0.000147, 0.000147, 0.000146, 0.000146, 0.000189, 0.00022, 0.000162, 0.000151, 0.000171, 0.000155, 0.000151, 0.000149, 0.000199, 0.000161, 0.00015, 0.000151, 0.00015, 0.00015, 0.000151, 0.000179, 0.00015, 0.00015, 0.000149, 0.00015, 0.000149, 0.000149, 0.000148, 0.000149, 0.000148, 0.00015, 0.00015, 0.000149, 0.000167, 0.00015, 0.000174, 0.000151, 0.000149, 0.00015}"
