"model_name","layer_name","layer_index","kind","min_time","mean_time","max_time","add_flops","div_flops","cmp_flops","exp_flops","mad_flops","input_channel","input_height","input_width","output_channel","output_height","output_width","function","kernel_1","kernel_2","stride_1","stride_2","dilation_1","dilation_2","input_form","topology_hash","mad/min_time","mad/mean_time","mad/max_time","time"
"Ademxapp Model A1 Trained on Cityscapes Data","5a/res5a_branch2a",92,"Convolution",0.692208,0.6965883666666668,0.977813,0,0,0,0,77309411328,512,128,256,512,128,256,"",3,3,1,1,1,1,"HoldForm[ConvolutionLayer[512, {3, 3}, ""Stride"" -> {1, 1}, ""PaddingSize"" -> {{1, 1}, {1, 1}}, ""Dilation"" -> {1, 1}, ""Input"" -> {512, 128, 256}]]","1xz3hjmwqpea6",1.116852323694612e11,1.1098292051293228e11,7.906359531730504e10,"{0.977813, 0.692884, 0.701015, 0.697314, 0.696926, 0.693213, 0.694896, 0.692208, 0.696211, 0.700603, 0.699529, 0.696901, 0.695159, 0.695395, 0.698448, 0.697632, 0.693877, 0.69784, 0.694086, 0.699124, 0.703076, 0.697526, 0.695198, 0.698075, 0.693075, 0.696403, 0.697866, 0.697766, 0.695566, 0.696014, 0.693269, 0.700894, 0.696739, 0.694244, 0.696496, 0.698481, 0.700608, 0.696048, 0.700575, 0.696561, 0.69639, 0.695114, 0.698621, 0.6927, 0.699116, 0.694145, 0.697565, 0.69446, 0.693979, 0.695796}"
