"model_name","layer_name","layer_index","kind","min_time","mean_time","max_time","add_flops","div_flops","cmp_flops","exp_flops","mad_flops","input_channel","input_height","input_width","output_channel","output_height","output_width","function","kernel_1","kernel_2","stride_1","stride_2","dilation_1","dilation_2","input_form","topology_hash","mad/min_time","mad/mean_time","mad/max_time","time"
"SqueezeNet V1.1 Trained on ImageNet Competition Data","fire7/expand3x3",47,"Convolution",0.000293,0.00029903333333333325,0.000635,0,0,0,0,16257024,48,14,14,192,14,14,"",3,3,1,1,1,1,"HoldForm[ConvolutionLayer[192, {3, 3}, ""Stride"" -> {1, 1}, ""PaddingSize"" -> {{1, 1}, {1, 1}}, ""Dilation"" -> {1, 1}, ""Input"" -> {48, 14, 14}]]","0dczb42afzm47",5.548472354948805e10,5.4365256939025764e10,2.5601612598425194e10,"{0.000635, 0.000315, 0.000302, 0.000298, 0.000299, 0.000299, 0.000299, 0.000298, 0.000296, 0.000297, 0.000342, 0.000305, 0.000299, 0.000315, 0.000343, 0.000302, 0.000298, 0.00035, 0.0003, 0.000294, 0.000337, 0.000304, 0.000295, 0.000295, 0.000295, 0.000293, 0.000321, 0.000299, 0.000295, 0.000296, 0.000297, 0.000295, 0.000297, 0.000295, 0.000296, 0.000295, 0.000295, 0.000295, 0.000293, 0.00031, 0.000299, 0.000293, 0.000295, 0.000336, 0.000305, 0.000297, 0.000296, 0.000335, 0.000307, 0.000296}"
