"model_name","layer_name","layer_index","kind","min_time","mean_time","max_time","add_flops","div_flops","cmp_flops","exp_flops","mad_flops","input_channel","input_height","input_width","output_channel","output_height","output_width","function","kernel_1","kernel_2","stride_1","stride_2","dilation_1","dilation_2","input_form","topology_hash","mad/min_time","mad/mean_time","mad/max_time","time"
"ResNet-152 Trained on ImageNet Competition Data","4b11/res4b11_branch2c",238,"Convolution",0.000397,0.0004018,0.000768,0,0,0,0,51380224,256,14,14,1024,14,14,"",1,1,1,1,1,1,"HoldForm[ConvolutionLayer[1024, {1, 1}, ""Stride"" -> {1, 1}, ""PaddingSize"" -> {{0, 0}, {0, 0}}, ""Dilation"" -> {1, 1}, ""Input"" -> {256, 14, 14}]]","05922ucprscvp",1.2942121914357683e11,1.2787512195121951e11,6.690133333333333e10,"{0.000768, 0.000423, 0.000407, 0.000443, 0.000406, 0.000399, 0.0004, 0.000399, 0.00046, 0.000409, 0.000398, 0.000399, 0.000437, 0.000482, 0.000401, 0.000399, 0.000398, 0.000398, 0.000398, 0.000398, 0.000398, 0.000398, 0.000422, 0.000401, 0.000414, 0.000399, 0.000398, 0.000398, 0.000397, 0.000398, 0.000398, 0.000397, 0.000415, 0.000462, 0.000409, 0.000399, 0.000398, 0.000456, 0.000406, 0.000398, 0.000398, 0.000397, 0.000423, 0.000401, 0.000398, 0.000397, 0.000397, 0.000397, 0.000399, 0.000414}"
