"model_name","layer_name","layer_index","kind","min_time","mean_time","max_time","add_flops","div_flops","cmp_flops","exp_flops","mad_flops","input_channel","input_height","input_width","output_channel","output_height","output_width","function","kernel_1","kernel_2","stride_1","stride_2","dilation_1","dilation_2","input_form","topology_hash","mad/min_time","mad/mean_time","mad/max_time","time"
"ResNet-101 Trained on YFCC100m Geotagged Data","stage3_unit3/conv1",101,"Convolution",0.000425,0.0004525166666666666,0.011851,0,0,0,0,51380224,1024,14,14,256,14,14,"",1,1,1,1,1,1,"HoldForm[ConvolutionLayer[256, {1, 1}, ""Stride"" -> {1, 1}, ""PaddingSize"" -> {{0, 0}, {0, 0}}, ""Dilation"" -> {1, 1}, ""Input"" -> {1024, 14, 14}]]","0659yipuh34xm",1.2089464470588235e11,1.1354327428087364e11,4.335518015357353e9,"{0.011851, 0.000574, 0.000446, 0.000428, 0.000428, 0.001808, 0.000494, 0.000428, 0.007055, 0.000493, 0.000488, 0.000506, 0.000477, 0.000429, 0.000427, 0.000425, 0.000447, 0.000427, 0.000425, 0.000425, 0.000427, 0.000426, 0.002117, 0.000473, 0.000427, 0.000427, 0.00287, 0.0005, 0.000431, 0.000426, 0.000425, 0.002006, 0.000488, 0.000518, 0.000434, 0.004845, 0.000509, 0.000431, 0.000445, 0.000428, 0.000426, 0.000426, 0.000426, 0.000426, 0.006262, 0.000521, 0.000435, 0.000427, 0.000425, 0.000426, 0.000426, 0.000426, 0.000451, 0.00043, 0.000442, 0.000428, 0.000427, 0.002614, 0.00047, 0.000427, 0.000485, 0.000501, 0.000504, 0.005617, 0.00047, 0.000431, 0.000426, 0.000426, 0.000426, 0.000471, 0.000486, 0.000457, 0.000498, 0.000442, 0.00342, 0.000486, 0.000431, 0.000427, 0.000426, 0.000426, 0.000426, 0.001396, 0.000471, 0.002111, 0.000494, 0.000446, 0.00043, 0.004026, 0.000484, 0.000431, 0.000425, 0.000426, 0.000426, 0.000426, 0.000426, 0.001619, 0.000492, 0.002802, 0.000486, 0.000432}"
