"model_name","layer_name","layer_index","kind","min_time","mean_time","max_time","add_flops","div_flops","cmp_flops","exp_flops","mad_flops","input_channel","input_height","input_width","output_channel","output_height","output_width","function","kernel_1","kernel_2","stride_1","stride_2","dilation_1","dilation_2","input_form","topology_hash","mad/min_time","mad/mean_time","mad/max_time","time"
"ResNet-152 Trained on ImageNet Competition Data","4b11/res4b11_branch2c",238,"Convolution",0.000398,0.00041311666666666663,0.007689,0,0,0,0,51380224,256,14,14,1024,14,14,"",1,1,1,1,1,1,"HoldForm[ConvolutionLayer[1024, {1, 1}, ""Stride"" -> {1, 1}, ""PaddingSize"" -> {{0, 0}, {0, 0}}, ""Dilation"" -> {1, 1}, ""Input"" -> {256, 14, 14}]]","05922ucprscvp",1.2909604020100502e11,1.2437218864727478e11,6.682302510079335e9,"{0.007689, 0.007419, 0.000483, 0.000412, 0.00044, 0.000409, 0.000401, 0.000402, 0.000438, 0.000401, 0.000418, 0.003523, 0.000479, 0.000404, 0.000416, 0.000402, 0.000401, 0.0004, 0.0035, 0.000433, 0.000404, 0.000401, 0.0004, 0.000401, 0.000468, 0.000412, 0.00714, 0.000451, 0.000406, 0.0004, 0.000399, 0.000398, 0.000453, 0.000409, 0.000401, 0.0004, 0.000415, 0.000402, 0.000413, 0.0004, 0.0004, 0.0004, 0.003891, 0.000435, 0.000403, 0.0004, 0.000399, 0.000427, 0.000453, 0.000407, 0.007149, 0.00045, 0.000402, 0.000399, 0.000401, 0.0004, 0.000451, 0.000408, 0.0004, 0.000399, 0.000422, 0.000404, 0.000413, 0.0004, 0.000399, 0.000399, 0.003878, 0.000454, 0.000402, 0.000436, 0.000408, 0.000421, 0.000451, 0.000409, 0.007095, 0.000433, 0.000401, 0.0004, 0.0004, 0.000399, 0.000452, 0.000408, 0.000402, 0.000399, 0.000416, 0.000402, 0.000413, 0.000401, 0.0004, 0.000399, 0.0004, 0.003494, 0.000452, 0.000401, 0.000401, 0.0004, 0.000415, 0.000453, 0.007553, 0.000453}"
