"model_name","layer_name","layer_index","kind","min_time","mean_time","max_time","add_flops","div_flops","cmp_flops","exp_flops","mad_flops","input_channel","input_height","input_width","output_channel","output_height","output_width","function","kernel_1","kernel_2","stride_1","stride_2","dilation_1","dilation_2","input_form","topology_hash","mad/min_time","mad/mean_time","mad/max_time","time"
"Age Estimation VGG-16 Trained on IMDB-WIKI and Looking at People Data","conv2_1",6,"Convolution",0.014564,0.025006149999999998,0.043374,0,0,0,0,924844032,64,112,112,128,112,112,"",3,3,1,1,1,1,"HoldForm[ConvolutionLayer[128, {3, 3}, ""Stride"" -> {1, 1}, ""PaddingSize"" -> {{1, 1}, {1, 1}}, ""Dilation"" -> {1, 1}, ""Input"" -> {64, 112, 112}]]","1v0inr0os0cwt",6.350206207085964e10,3.698466305288899e10,2.1322544196984367e10,"{0.043374, 0.025929, 0.030192, 0.040354, 0.027808, 0.028598, 0.017605, 0.017406, 0.014788, 0.022876, 0.026389, 0.028298, 0.028884, 0.029899, 0.015743, 0.019672, 0.016171, 0.016053, 0.015973, 0.027048, 0.015693, 0.020447, 0.016942, 0.018465, 0.015154, 0.018444, 0.021968, 0.017673, 0.025011, 0.029302, 0.030136, 0.029615, 0.027963, 0.037918, 0.025929, 0.018616, 0.017357, 0.017417, 0.016473, 0.018906, 0.019257, 0.023903, 0.024466, 0.031643, 0.030167, 0.02744, 0.030931, 0.029601, 0.019908, 0.018536, 0.014564, 0.018777, 0.02464, 0.028825, 0.02953, 0.030438, 0.033158, 0.029178, 0.030656, 0.026917, 0.028673, 0.028324, 0.029893, 0.030466, 0.022356, 0.017801, 0.030496, 0.027869, 0.021094, 0.022571, 0.022604, 0.022548, 0.023782, 0.029322, 0.030037, 0.024662, 0.042032, 0.017933, 0.032175, 0.027892, 0.028438, 0.016726, 0.019233, 0.021248, 0.032934, 0.023443, 0.02259, 0.029168, 0.016089, 0.017881, 0.030893, 0.019725, 0.027657, 0.027548, 0.035348, 0.022673, 0.02926, 0.027913, 0.028838, 0.033918}"
