"model_name","layer_name","layer_index","kind","min_time","mean_time","max_time","add_flops","div_flops","cmp_flops","exp_flops","mad_flops","input_channel","input_height","input_width","output_channel","output_height","output_width","function","kernel_1","kernel_2","stride_1","stride_2","dilation_1","dilation_2","input_form","topology_hash","mad/min_time","mad/mean_time","mad/max_time","time"
"3D Face Alignment Net Trained on 300W Large Pose Data","12/1/2/3/1/2/3/1/2/2/1/1/3",822,"Convolution",0.000365,0.0020249833333333333,0.013789,0,0,0,0,18874368,256,8,8,128,8,8,"",3,3,1,1,1,1,"HoldForm[ConvolutionLayer[128, {3, 3}, ""Stride"" -> {1, 1}, ""PaddingSize"" -> {{1, 1}, {1, 1}}, ""Dilation"" -> {1, 1}, ""Input"" -> {256, 8, 8}]]","1ahm5bxmg08u0",5.171059726027398e10,9.320752269566006e9,1.3687988976720576e9,"{0.013789, 0.000429, 0.000374, 0.000365, 0.00041, 0.003906, 0.002523, 0.002643, 0.002633, 0.002627, 0.002619, 0.002551, 0.002505, 0.00253, 0.002542, 0.002504, 0.002651, 0.002645, 0.002654, 0.002121, 0.002462, 0.002597, 0.002623, 0.002382, 0.002624, 0.002382, 0.002528, 0.002548, 0.002661, 0.002625, 0.002634, 0.002691, 0.002629, 0.002615, 0.002661, 0.002666, 0.002635, 0.00263, 0.002486, 0.002416, 0.002627, 0.00265, 0.002393, 0.002393, 0.002262, 0.002452, 0.002583, 0.002665, 0.00264, 0.002617, 0.00238, 0.002519, 0.002633, 0.002626, 0.002414, 0.002427, 0.002482, 0.002541, 0.002568, 0.002632, 0.002625, 0.002645, 0.002699, 0.00263, 0.002306, 0.002627, 0.002632, 0.009837, 0.000427, 0.000374, 0.000384, 0.000365, 0.000368, 0.000368, 0.000368, 0.000368, 0.000367, 0.000367, 0.00039, 0.000369, 0.007152, 0.000399, 0.000373, 0.000369, 0.000367, 0.000367, 0.000367, 0.000367, 0.000367, 0.000366, 0.000367, 0.000366, 0.000384, 0.000368, 0.005214, 0.000378, 0.000368, 0.000368, 0.000366, 0.000366}"
