"model_name","layer_name","layer_index","kind","min_time","mean_time","max_time","add_flops","div_flops","cmp_flops","exp_flops","mad_flops","input_channel","input_height","input_width","output_channel","output_height","output_width","function","kernel_1","kernel_2","stride_1","stride_2","dilation_1","dilation_2","input_form","topology_hash","mad/min_time","mad/mean_time","mad/max_time","time"
"Yahoo Open NSFW Model V1","stage1_block1/conv_branch2a",50,"Convolution",0.000144,0.0001465333333333334,0.007127,0,0,0,0,12845056,256,28,28,64,28,28,"",1,1,1,1,1,1,"HoldForm[ConvolutionLayer[64, {1, 1}, ""Stride"" -> {1, 1}, ""PaddingSize"" -> {{0, 0}, {0, 0}}, ""Dilation"" -> {1, 1}, ""Input"" -> {256, 28, 28}]]","0nkjn40sdu7i1",8.920177777777777e10,8.765961783439487e10,1.8023089659043076e9,"{0.007127, 0.005906, 0.000236, 0.000154, 0.00015, 0.000148, 0.000147, 0.000147, 0.000146, 0.000145, 0.000146, 0.000146, 0.000165, 0.000152, 0.000146, 0.000147, 0.000145, 0.000146, 0.000145, 0.000145, 0.000147, 0.000145, 0.000146, 0.000145, 0.006544, 0.000219, 0.000151, 0.000148, 0.000147, 0.000147, 0.000146, 0.000145, 0.000146, 0.000146, 0.000145, 0.000145, 0.000145, 0.000146, 0.000144, 0.000144, 0.000145, 0.000144, 0.000145, 0.000146, 0.000145, 0.000145, 0.000145, 0.000214, 0.000164, 0.000165, 0.000151, 0.000187, 0.000157, 0.000147, 0.000145, 0.000146, 0.000145, 0.000146, 0.000145, 0.000146, 0.000145, 0.000144, 0.000145, 0.000145, 0.000145, 0.004098, 0.000213, 0.00015, 0.000146, 0.000146, 0.000146, 0.000146, 0.000146, 0.000147, 0.000146, 0.00016, 0.000154, 0.000148, 0.000146, 0.000185, 0.000171, 0.000147, 0.000146, 0.000146, 0.000146, 0.000145, 0.000145, 0.000145, 0.000145, 0.000145, 0.00605, 0.000215, 0.000151, 0.000147, 0.000146, 0.000147, 0.000145, 0.000146, 0.000145, 0.000145}"
