"model_name","layer_name","layer_index","kind","min_time","mean_time","max_time","add_flops","div_flops","cmp_flops","exp_flops","mad_flops","input_channel","input_height","input_width","output_channel","output_height","output_width","function","kernel_1","kernel_2","stride_1","stride_2","dilation_1","dilation_2","input_form","topology_hash","mad/min_time","mad/mean_time","mad/max_time","time"
"ResNet-50 Trained on ImageNet Competition Data","4f/res4f_branch2c",138,"Convolution",0.000398,0.0005772833333333333,0.009329,0,0,0,0,51380224,256,14,14,1024,14,14,"",1,1,1,1,1,1,"HoldForm[ConvolutionLayer[1024, {1, 1}, ""Stride"" -> {1, 1}, ""PaddingSize"" -> {{0, 0}, {0, 0}}, ""Dilation"" -> {1, 1}, ""Input"" -> {256, 14, 14}]]","05922ucprscvp",1.2909604020100502e11,8.900347720645552e10,5.507581091220923e9,"{0.009329, 0.005436, 0.000484, 0.000412, 0.000401, 0.000423, 0.000402, 0.0004, 0.000413, 0.000401, 0.006652, 0.000458, 0.000442, 0.000413, 0.000401, 0.000399, 0.000398, 0.000413, 0.0004, 0.000416, 0.000404, 0.000399, 0.000401, 0.000399, 0.000401, 0.004342, 0.000436, 0.000412, 0.0004, 0.000417, 0.000402, 0.0004, 0.000413, 0.0004, 0.0004, 0.006204, 0.000457, 0.000402, 0.000398, 0.000398, 0.000399, 0.000398, 0.000414, 0.000401, 0.000415, 0.000403, 0.0004, 0.0004, 0.000399, 0.004947, 0.000458, 0.000401, 0.000416, 0.0004, 0.0004, 0.000413, 0.000401, 0.0004, 0.000398, 0.000398, 0.001643, 0.000807, 0.000838, 0.000792, 0.000785, 0.000831, 0.000793, 0.000785, 0.000784, 0.000798, 0.000799, 0.000786, 0.000784, 0.000783, 0.000868, 0.000807, 0.000788, 0.000784, 0.00082, 0.000829, 0.000813, 0.0008, 0.000786, 0.000785, 0.000784, 0.000798, 0.000786, 0.000839, 0.000791, 0.000784, 0.000835, 0.000794, 0.000786, 0.000783, 0.0008, 0.000803, 0.000785, 0.000784, 0.000784, 0.000836}"
