"model_name","layer_name","layer_index","kind","min_time","mean_time","max_time","add_flops","div_flops","cmp_flops","exp_flops","mad_flops","input_channel","input_height","input_width","output_channel","output_height","output_width","function","kernel_1","kernel_2","stride_1","stride_2","dilation_1","dilation_2","input_form","topology_hash","mad/min_time","mad/mean_time","mad/max_time","time"
"Yahoo Open NSFW Model V1","stage1_block2/conv_branch2b",63,"Convolution",0.000659,0.000712866666666667,0.011808,0,0,0,0,28901376,64,28,28,64,28,28,"",3,3,1,1,1,1,"HoldForm[ConvolutionLayer[64, {3, 3}, ""Stride"" -> {1, 1}, ""PaddingSize"" -> {{1, 1}, {1, 1}}, ""Dilation"" -> {1, 1}, ""Input"" -> {64, 28, 28}]]","0w44c8vcorydt",4.385641274658574e10,4.054247077527352e10,2.447609756097561e9,"{0.011808, 0.000745, 0.001375, 0.000698, 0.003271, 0.000659, 0.000706, 0.000732, 0.007577, 0.000699, 0.000697, 0.000694, 0.000696, 0.000693, 0.000746, 0.000699, 0.000699, 0.000748, 0.004089, 0.000667, 0.00071, 0.000694, 0.000689, 0.000744, 0.001352, 0.000682, 0.004517, 0.000667, 0.00069, 0.000693, 0.000693, 0.000764, 0.00659, 0.000676, 0.00073, 0.000738, 0.000698, 0.000744, 0.000696, 0.000706, 0.000706, 0.004344, 0.000671, 0.00073, 0.000722, 0.000706, 0.000769, 0.006478, 0.000667, 0.000716, 0.000695, 0.000694, 0.000746, 0.000704, 0.00072, 0.000714, 0.00441, 0.00067, 0.000701, 0.000695, 0.00071, 0.00075, 0.006536, 0.000699, 0.000696, 0.000696, 0.000695, 0.000781, 0.000697, 0.000709, 0.000709, 0.004369, 0.000675, 0.000696, 0.000737, 0.000716, 0.000748, 0.006492, 0.000692, 0.000737, 0.000698, 0.000692, 0.000747, 0.000701, 0.000718, 0.000703, 0.004366, 0.000665, 0.00069, 0.000684, 0.000714, 0.000747, 0.006573, 0.000695, 0.000688, 0.000684, 0.000686, 0.000747, 0.000696, 0.000707}"
