"model_name","layer_name","layer_index","kind","min_time","mean_time","max_time","add_flops","div_flops","cmp_flops","exp_flops","mad_flops","input_channel","input_height","input_width","output_channel","output_height","output_width","function","kernel_1","kernel_2","stride_1","stride_2","dilation_1","dilation_2","input_form","topology_hash","mad/min_time","mad/mean_time","mad/max_time","time"
"ResNet-101 Trained on ImageNet Competition Data","4b1/res4b1_branch2a",92,"Convolution",0.000437,0.0008294500000000002,0.010907,0,0,0,0,51380224,1024,14,14,256,14,14,"",1,1,1,1,1,1,"HoldForm[ConvolutionLayer[256, {1, 1}, ""Stride"" -> {1, 1}, ""PaddingSize"" -> {{0, 0}, {0, 0}}, ""Dilation"" -> {1, 1}, ""Input"" -> {1024, 14, 14}]]","0659yipuh34xm",1.175748832951945e11,6.194493218397731e10,4.710756761712662e9,"{0.010907, 0.000548, 0.000437, 0.00274, 0.000866, 0.000822, 0.000817, 0.000817, 0.000832, 0.00094, 0.000828, 0.000818, 0.000846, 0.000871, 0.000822, 0.000816, 0.00083, 0.000834, 0.000819, 0.000816, 0.000817, 0.000916, 0.00085, 0.00082, 0.000817, 0.000857, 0.000822, 0.000831, 0.000833, 0.000818, 0.000816, 0.000816, 0.000853, 0.000873, 0.000825, 0.000817, 0.000834, 0.000963, 0.000826, 0.000818, 0.000833, 0.000842, 0.00082, 0.000817, 0.000816, 0.000873, 0.00084, 0.00082, 0.000815, 0.000857, 0.000823, 0.000842, 0.000831, 0.00082, 0.000817, 0.000834, 0.000818, 0.000867, 0.000828, 0.000818, 0.000837, 0.000912, 0.000835, 0.000833, 0.00082, 0.000833, 0.000819, 0.000816, 0.000878, 0.00088, 0.000848, 0.000823, 0.000821, 0.000861, 0.000839, 0.000835, 0.000818, 0.000817, 0.000817, 0.000869, 0.000825, 0.000874, 0.000826, 0.000816, 0.000836, 0.000861, 0.000824, 0.000829, 0.00082, 0.000852, 0.000822, 0.00082, 0.000819, 0.000883, 0.00083, 0.000818, 0.000815, 0.000862, 0.000843, 0.000835}"
