"model_name","layer_name","layer_index","kind","min_time","mean_time","max_time","add_flops","div_flops","cmp_flops","exp_flops","mad_flops","input_channel","input_height","input_width","output_channel","output_height","output_width","function","kernel_1","kernel_2","stride_1","stride_2","dilation_1","dilation_2","input_form","topology_hash","mad/min_time","mad/mean_time","mad/max_time","time"
"Inception V1 Trained on Extended Salient Object Subitizing Data","inception_4d/pool_proj",96,"Convolution",0.000091,0.00009393333333333336,0.008119,0,0,0,0,6422528,512,14,14,64,14,14,"",1,1,1,1,1,1,"HoldForm[ConvolutionLayer[64, {1, 1}, ""Stride"" -> {1, 1}, ""PaddingSize"" -> {{0, 0}, {0, 0}}, ""Dilation"" -> {1, 1}, ""Input"" -> {512, 14, 14}]]","0iox26jy93tp1",7.057723076923077e10,6.837325762952447e10,7.910491439832492e8,"{0.008119, 0.007854, 0.000143, 0.000101, 0.000096, 0.000097, 0.000095, 0.000132, 0.000104, 0.000096, 0.000095, 0.000092, 0.000093, 0.000094, 0.000093, 0.000093, 0.000094, 0.000093, 0.000094, 0.000094, 0.000091, 0.000093, 0.000094, 0.000093, 0.000092, 0.000094, 0.000092, 0.000129, 0.000104, 0.000094, 0.000104, 0.000096, 0.000095, 0.000093, 0.000093, 0.000094, 0.000093, 0.000093, 0.000094, 0.000092, 0.000115, 0.000098, 0.000094, 0.000093, 0.000094, 0.000094, 0.000093, 0.000093, 0.000094, 0.000094, 0.000094, 0.000093, 0.000092, 0.000093, 0.000094, 0.000094, 0.000093, 0.000093, 0.000094, 0.000094, 0.000093, 0.000094, 0.000093, 0.000094, 0.000093, 0.000093, 0.000094, 0.000094, 0.000094, 0.000093, 0.000118, 0.000102, 0.005129, 0.000147, 0.000097, 0.000095, 0.000094, 0.000094, 0.000126, 0.000106, 0.000105, 0.000095, 0.000094, 0.000094, 0.000094, 0.000094, 0.000094, 0.000092, 0.000093, 0.000094, 0.000094, 0.000094, 0.000093, 0.000094, 0.000094, 0.000094, 0.000092, 0.000093, 0.000093, 0.000093}"
