"model_name","layer_name","layer_index","kind","min_time","mean_time","max_time","add_flops","div_flops","cmp_flops","exp_flops","mad_flops","input_channel","input_height","input_width","output_channel","output_height","output_width","function","kernel_1","kernel_2","stride_1","stride_2","dilation_1","dilation_2","input_form","topology_hash","mad/min_time","mad/mean_time","mad/max_time","time"
"Single-Image Depth Perception Net Trained on NYU Depth V2 Data","4/1/1/4/1/1/3/4/4",90,"Convolution",0.011245,0.018553350000000003,0.04171,0,0,0,0,481689600,32,60,80,64,60,80,"",7,7,1,1,1,1,"HoldForm[ConvolutionLayer[64, {7, 7}, ""Stride"" -> {1, 1}, ""PaddingSize"" -> {{3, 3}, {3, 3}}, ""Dilation"" -> {1, 1}, ""Input"" -> {32, 60, 80}]]","0os0aoyz0la0f",4.283589150733659e10,2.5962405711097992e10,1.1548539918484777e10,"{0.04171, 0.013531, 0.012006, 0.011809, 0.011384, 0.01286, 0.01574, 0.01946, 0.014286, 0.02637, 0.020012, 0.023525, 0.023952, 0.024372, 0.021903, 0.019408, 0.033814, 0.020169, 0.019665, 0.016751, 0.021749, 0.035182, 0.019831, 0.021507, 0.021105, 0.028929, 0.019607, 0.026405, 0.021656, 0.027369, 0.01166, 0.013443, 0.015692, 0.015977, 0.01479, 0.011471, 0.014055, 0.01441, 0.011245, 0.01721, 0.021827, 0.020037, 0.03013, 0.020941, 0.031075, 0.017594, 0.023732, 0.022828, 0.022985, 0.022484, 0.02475, 0.014741, 0.015917, 0.020298, 0.011797, 0.012277, 0.011283, 0.016354, 0.016243, 0.017769, 0.026014, 0.022294, 0.020527, 0.015959, 0.014062, 0.019485, 0.011961, 0.011878, 0.011841, 0.016011, 0.016256, 0.014531, 0.011919, 0.01342, 0.019188, 0.01907, 0.014757, 0.011669, 0.017927, 0.029503, 0.021596, 0.024508, 0.024086, 0.023812, 0.023646, 0.026543, 0.015748, 0.017683, 0.025679, 0.029061, 0.024123, 0.025785, 0.021517, 0.011871, 0.011903, 0.016325, 0.01195, 0.012006, 0.016203, 0.011956}"
