"model_name","layer_name","layer_index","kind","min_time","mean_time","max_time","add_flops","div_flops","cmp_flops","exp_flops","mad_flops","input_channel","input_height","input_width","output_channel","output_height","output_width","function","kernel_1","kernel_2","stride_1","stride_2","dilation_1","dilation_2","input_form","topology_hash","mad/min_time","mad/mean_time","mad/max_time","time"
"Wolfram ImageIdentify Net V1","4b/convdouble_3x3_1",113,"Convolution",0.000487,0.0004994833333333333,0.010949,0,0,0,0,28901376,128,14,14,128,14,14,"",3,3,1,1,1,1,"HoldForm[ConvolutionLayer[128, {3, 3}, ""Stride"" -> {1, 1}, ""PaddingSize"" -> {{1, 1}, {1, 1}}, ""Dilation"" -> {1, 1}, ""Input"" -> {128, 14, 14}]]","1oxxs042be2v9",5.934574127310061e10,5.78625432947379e10,2.63963613115353e9,"{0.010949, 0.000551, 0.000691, 0.003658, 0.000497, 0.00054, 0.000495, 0.000491, 0.000508, 0.000557, 0.006949, 0.000521, 0.000494, 0.000489, 0.000489, 0.000488, 0.000547, 0.000497, 0.000488, 0.000507, 0.000493, 0.000488, 0.000488, 0.002665, 0.000491, 0.000501, 0.000501, 0.000487, 0.006041, 0.000504, 0.00049, 0.000488, 0.000488, 0.000487, 0.000501, 0.000502, 0.00051, 0.00049, 0.00049, 0.000487, 0.00652, 0.000578, 0.000515, 0.00051, 0.00049, 0.000489, 0.00049, 0.00049, 0.000507, 0.000557, 0.000499, 0.00049, 0.00049, 0.00548, 0.000512, 0.000492, 0.00049, 0.00049, 0.00049, 0.00055, 0.000497, 0.000489, 0.00051, 0.005545, 0.000499, 0.000491, 0.00049, 0.000512, 0.000494, 0.000551, 0.000497, 0.000489, 0.000488, 0.001702, 0.000496, 0.00049, 0.002853, 0.000499, 0.000489, 0.000488, 0.000487, 0.006242, 0.000499, 0.000502, 0.000491, 0.000501, 0.000489, 0.000488, 0.000489, 0.000504, 0.000493, 0.000541, 0.000495, 0.006417, 0.000496, 0.000491, 0.000487, 0.000489, 0.000488, 0.000556}"
