"model_name","layer_name","layer_index","kind","min_time","mean_time","max_time","add_flops","div_flops","cmp_flops","exp_flops","mad_flops","input_channel","input_height","input_width","output_channel","output_height","output_width","function","kernel_1","kernel_2","stride_1","stride_2","dilation_1","dilation_2","input_form","topology_hash","mad/min_time","mad/mean_time","mad/max_time","time"
"ResNet-101 Trained on YFCC100m Geotagged Data","stage2_unit1/sc",46,"Convolution",0.000912,0.0009590333333333332,0.008672,0,0,0,0,102760448,256,56,56,512,28,28,"",1,1,2,2,1,1,"HoldForm[ConvolutionLayer[512, {1, 1}, ""Stride"" -> {2, 2}, ""PaddingSize"" -> {{0, 0}, {0, 0}}, ""Dilation"" -> {1, 1}, ""Input"" -> {256, 56, 56}]]","14h1ivacfr1kz",1.1267592982456139e11,1.0715002745820447e11,1.1849682656826569e10,"{0.008101, 0.008672, 0.001068, 0.000981, 0.000963, 0.000946, 0.000923, 0.00603, 0.000968, 0.000939, 0.000949, 0.000918, 0.000942, 0.005344, 0.00096, 0.001014, 0.000969, 0.000917, 0.006202, 0.00097, 0.00095, 0.000921, 0.000914, 0.000937, 0.005361, 0.000949, 0.000917, 0.00096, 0.000917, 0.006357, 0.001033, 0.000995, 0.000938, 0.000926, 0.000951, 0.005183, 0.000952, 0.000948, 0.000921, 0.000915, 0.006345, 0.000957, 0.000947, 0.000966, 0.000933, 0.000916, 0.005326, 0.000956, 0.000954, 0.000916, 0.000914, 0.002753, 0.000963, 0.002617, 0.000948, 0.00744, 0.000933, 0.000932, 0.000928, 0.000982, 0.000916, 0.000912, 0.000914, 0.005231, 0.000937, 0.000944, 0.000914, 0.000966, 0.000916, 0.000913, 0.006319, 0.001004, 0.000982, 0.000918, 0.000951, 0.004348, 0.000944, 0.000943, 0.006194, 0.000943, 0.000956, 0.000926, 0.000946, 0.000944, 0.007327, 0.000953, 0.000951, 0.000918, 0.000932, 0.000917, 0.000913, 0.002341, 0.000937, 0.00115, 0.00591, 0.000992, 0.000916, 0.000914, 0.000983, 0.000968}"
