"model_name","layer_name","layer_index","kind","min_time","mean_time","max_time","add_flops","div_flops","cmp_flops","exp_flops","mad_flops","input_channel","input_height","input_width","output_channel","output_height","output_width","function","kernel_1","kernel_2","stride_1","stride_2","dilation_1","dilation_2","input_form","topology_hash","mad/min_time","mad/mean_time","mad/max_time","time"
"Wide ResNet-50-2 Trained on ImageNet Competition Data","10/4",62,"Convolution",0.004789,0.0095599,0.017977,0,0,0,0,462422016,256,28,28,256,28,28,"",3,3,1,1,1,1,"HoldForm[ConvolutionLayer[256, {3, 3}, ""Stride"" -> {1, 1}, ""PaddingSize"" -> {{1, 1}, {1, 1}}, ""Dilation"" -> {1, 1}, ""Input"" -> {256, 28, 28}]]","16bhnayyzrlxk",9.655920150344539e10,4.83710097385956e10,2.5722980252544918e10,"{0.017977, 0.009611, 0.010083, 0.008282, 0.011683, 0.004864, 0.005052, 0.010075, 0.010126, 0.004827, 0.013255, 0.004909, 0.009685, 0.010791, 0.010034, 0.008067, 0.013342, 0.011184, 0.00987, 0.00584, 0.013259, 0.011358, 0.008118, 0.006511, 0.008857, 0.011388, 0.004918, 0.011683, 0.00492, 0.008539, 0.010167, 0.004789, 0.005122, 0.008079, 0.008022, 0.007911, 0.00801, 0.009535, 0.009431, 0.008951, 0.010004, 0.009155, 0.009176, 0.009238, 0.009408, 0.009529, 0.009, 0.009976, 0.009554, 0.010702, 0.009258, 0.008485, 0.016208, 0.0054, 0.008407, 0.008899, 0.009786, 0.009801, 0.008373, 0.010581, 0.009563, 0.009099, 0.009916, 0.010078, 0.009999, 0.009454, 0.00851, 0.009656, 0.009798, 0.010655, 0.009047, 0.009899, 0.010014, 0.009662, 0.010032, 0.008364, 0.00943, 0.009832, 0.008716, 0.016855, 0.010063, 0.010079, 0.010067, 0.010071, 0.01007, 0.01007, 0.010068, 0.010071, 0.010071, 0.010069, 0.00995, 0.010726, 0.012018, 0.007991, 0.01198, 0.012002, 0.012033, 0.011969, 0.008021, 0.008159}"
