"model_name","layer_name","layer_index","kind","min_time","mean_time","max_time","add_flops","div_flops","cmp_flops","exp_flops","mad_flops","input_channel","input_height","input_width","output_channel","output_height","output_width","function","kernel_1","kernel_2","stride_1","stride_2","dilation_1","dilation_2","input_form","topology_hash","mad/min_time","mad/mean_time","mad/max_time","time"
"Single-Image Depth Perception Net Trained on NYU Depth V2 Data","4/1/1/6/2/1",457,"Convolution",0.000973,0.001063916666666667,0.011018,0,0,0,0,78643200,128,120,160,32,120,160,"",1,1,1,1,1,1,"HoldForm[ConvolutionLayer[32, {1, 1}, ""Stride"" -> {1, 1}, ""PaddingSize"" -> {{0, 0}, {0, 0}}, ""Dilation"" -> {1, 1}, ""Input"" -> {128, 120, 160}]]","1gy9o2kt96g59",8.082548818088387e10,7.391857131667578e10,7.137701942276275e9,"{0.011018, 0.009102, 0.001441, 0.001224, 0.00108, 0.001006, 0.00496, 0.001053, 0.000997, 0.001063, 0.006662, 0.001062, 0.000999, 0.001048, 0.001034, 0.000982, 0.005238, 0.001066, 0.000991, 0.001064, 0.000994, 0.005494, 0.0011, 0.000997, 0.001037, 0.001042, 0.006431, 0.001119, 0.001028, 0.001073, 0.000984, 0.005155, 0.001045, 0.001005, 0.001042, 0.001047, 0.006655, 0.001139, 0.00103, 0.001088, 0.001043, 0.004929, 0.001055, 0.001001, 0.001005, 0.007764, 0.001073, 0.001002, 0.001038, 0.00104, 0.000983, 0.000976, 0.003914, 0.001026, 0.000986, 0.005028, 0.00116, 0.00101, 0.001005, 0.008848, 0.001124, 0.001038, 0.001018, 0.001022, 0.001024, 0.000979, 0.000999, 0.003911, 0.001022, 0.000977, 0.006836, 0.001088, 0.001008, 0.001046, 0.00102, 0.00103, 0.006136, 0.001067, 0.001001, 0.001015, 0.001037, 0.00098, 0.004932, 0.001034, 0.001, 0.001013, 0.00353, 0.00102, 0.000978, 0.001519, 0.008557, 0.001126, 0.001036, 0.001058, 0.001036, 0.001039, 0.000985, 0.001, 0.00098, 0.000973}"
