"model_name","layer_name","layer_index","kind","min_time","mean_time","max_time","add_flops","div_flops","cmp_flops","exp_flops","mad_flops","input_channel","input_height","input_width","output_channel","output_height","output_width","function","kernel_1","kernel_2","stride_1","stride_2","dilation_1","dilation_2","input_form","topology_hash","mad/min_time","mad/mean_time","mad/max_time","time"
"Single-Image Depth Perception Net Trained on NYU Depth V2 Data","4/1/1/4/1/1/4/1/1/1/2/1",97,"Convolution",0.000481,0.0004940999999999998,0.012073,0,0,0,0,39321600,256,60,80,32,60,80,"",1,1,1,1,1,1,"HoldForm[ConvolutionLayer[32, {1, 1}, ""Stride"" -> {1, 1}, ""PaddingSize"" -> {{0, 0}, {0, 0}}, ""Dilation"" -> {1, 1}, ""Input"" -> {256, 60, 80}]]","1kammgq0p8z6r",8.174968814968814e10,7.958227079538557e10,3.256986664457881e9,"{0.012073, 0.000668, 0.000515, 0.00049, 0.005833, 0.000535, 0.000506, 0.00049, 0.000487, 0.000539, 0.000497, 0.000531, 0.000489, 0.000486, 0.000483, 0.006943, 0.000529, 0.000493, 0.000517, 0.000482, 0.000483, 0.000481, 0.000482, 0.00051, 0.000483, 0.000482, 0.000483, 0.000483, 0.000484, 0.005396, 0.000525, 0.000491, 0.000484, 0.000484, 0.000482, 0.000485, 0.000482, 0.000499, 0.000488, 0.005613, 0.000528, 0.000486, 0.000484, 0.000501, 0.000488, 0.000482, 0.000487, 0.000485, 0.000483, 0.000484, 0.005169, 0.000515, 0.000484, 0.000483, 0.000483, 0.000482, 0.000483, 0.000482, 0.000505, 0.0061, 0.000528, 0.000489, 0.000508, 0.000488, 0.000533, 0.000493, 0.000485, 0.000481, 0.000483, 0.000482, 0.000559, 0.00452, 0.000523, 0.000488, 0.000488, 0.000485, 0.000485, 0.000484, 0.000503, 0.006604, 0.000528, 0.000486, 0.000501, 0.000487, 0.000516, 0.000485, 0.000485, 0.000484, 0.000483, 0.000484, 0.000566, 0.000497, 0.004039, 0.000519, 0.000485, 0.000484, 0.000485, 0.000485, 0.000483, 0.004813}"
