"model_name","layer_name","layer_index","kind","min_time","mean_time","max_time","add_flops","div_flops","cmp_flops","exp_flops","mad_flops","input_channel","input_height","input_width","output_channel","output_height","output_width","function","kernel_1","kernel_2","stride_1","stride_2","dilation_1","dilation_2","input_form","topology_hash","mad/min_time","mad/mean_time","mad/max_time","time"
"Wolfram ImageIdentify Net V1","5a/convdouble_3x3_reduce",193,"Convolution",0.000125,0.00012676666666666672,0.007194,0,0,0,0,8279040,1056,7,7,160,7,7,"",1,1,1,1,1,1,"HoldForm[ConvolutionLayer[160, {1, 1}, ""Stride"" -> {1, 1}, ""PaddingSize"" -> {{0, 0}, {0, 0}}, ""Dilation"" -> {1, 1}, ""Input"" -> {1056, 7, 7}]]","1fopn3d1rbhhn",6.623232e10,6.530928214567444e10,1.1508256880733945e9,"{0.007194, 0.003685, 0.00016, 0.000132, 0.00013, 0.000128, 0.000128, 0.000127, 0.000127, 0.000126, 0.006922, 0.000145, 0.000131, 0.000128, 0.000127, 0.000126, 0.000126, 0.000126, 0.000126, 0.000165, 0.000137, 0.000128, 0.000127, 0.000126, 0.000154, 0.000127, 0.000126, 0.000126, 0.000126, 0.000126, 0.000126, 0.000125, 0.000125, 0.000125, 0.000125, 0.000126, 0.000126, 0.000125, 0.000126, 0.000125, 0.000151, 0.000129, 0.000127, 0.000127, 0.000126, 0.000126, 0.000137, 0.00013, 0.000127, 0.000126, 0.000126, 0.000126, 0.000127, 0.000126, 0.000127, 0.000126, 0.000126, 0.000127, 0.000126, 0.000126, 0.000126, 0.000126, 0.005375, 0.000148, 0.000131, 0.000128, 0.000128, 0.000127, 0.000127, 0.000127, 0.000127, 0.000127, 0.000126, 0.000126, 0.000126, 0.000126, 0.000126, 0.000126, 0.000127, 0.000126, 0.000126, 0.000127, 0.000126, 0.000139, 0.00013, 0.000128, 0.000127, 0.000126, 0.000126, 0.000126, 0.000126, 0.000127, 0.000177, 0.000139, 0.000129, 0.000128, 0.000126, 0.000126, 0.000126, 0.000126}"
