"model_name","layer_name","layer_index","kind","min_time","mean_time","max_time","add_flops","div_flops","cmp_flops","exp_flops","mad_flops","input_channel","input_height","input_width","output_channel","output_height","output_width","function","kernel_1","kernel_2","stride_1","stride_2","dilation_1","dilation_2","input_form","topology_hash","mad/min_time","mad/mean_time","mad/max_time","time"
"ResNet-101 Trained on Augmented CASIA-WebFace Data","4b7/res4b7_branch2a",152,"Convolution",0.000426,0.0008473999999999999,0.013237,0,0,0,0,51380224,1024,14,14,256,14,14,"",1,1,1,1,1,1,"HoldForm[ConvolutionLayer[256, {1, 1}, ""Stride"" -> {1, 1}, ""PaddingSize"" -> {{0, 0}, {0, 0}}, ""Dilation"" -> {1, 1}, ""Input"" -> {1024, 14, 14}]]","0659yipuh34xm",1.206108544600939e11,6.063278734953978e10,3.881561078794288e9,"{0.013237, 0.000551, 0.000439, 0.000431, 0.000428, 0.000428, 0.000426, 0.000474, 0.000465, 0.004059, 0.000862, 0.000839, 0.000837, 0.000837, 0.000864, 0.000868, 0.000861, 0.000901, 0.000861, 0.00084, 0.000838, 0.000853, 0.000837, 0.000859, 0.00084, 0.000839, 0.000838, 0.000877, 0.000868, 0.000871, 0.000839, 0.000837, 0.00086, 0.000853, 0.00084, 0.000837, 0.000838, 0.000853, 0.00084, 0.00093, 0.000901, 0.00085, 0.000863, 0.00084, 0.00085, 0.00084, 0.000854, 0.000885, 0.000849, 0.000839, 0.000837, 0.000896, 0.000898, 0.000846, 0.000838, 0.000837, 0.000868, 0.000839, 0.000837, 0.000838, 0.000859, 0.00084, 0.000867, 0.000854, 0.000898, 0.000861, 0.000839, 0.000836, 0.00085, 0.000839, 0.00086, 0.000839, 0.000835, 0.000838, 0.000886, 0.000849, 0.000896, 0.000847, 0.000839, 0.000911, 0.000845, 0.000838, 0.000837, 0.000837, 0.000879, 0.00084, 0.000884, 0.000898, 0.000871, 0.000841, 0.000838, 0.00085, 0.00084, 0.000853, 0.000839, 0.000837, 0.000837, 0.000838, 0.000897, 0.000905}"
