"model_name","layer_name","layer_index","kind","min_time","mean_time","max_time","add_flops","div_flops","cmp_flops","exp_flops","mad_flops","input_channel","input_height","input_width","output_channel","output_height","output_width","function","kernel_1","kernel_2","stride_1","stride_2","dilation_1","dilation_2","input_form","topology_hash","mad/min_time","mad/mean_time","mad/max_time","time"
"Squeeze-and-Excitation Net Trained on ImageNet Competition Data","4f/conv4_6_1x1_increase",296,"Convolution",0.001564,0.002720066666666667,0.012255,0,0,0,0,205520896,1024,14,14,1024,14,14,"",1,1,1,1,1,1,"HoldForm[ConvolutionLayer[1024, {1, 1}, ""Stride"" -> {1, 1}, ""PaddingSize"" -> {{0, 0}, {0, 0}}, ""Dilation"" -> {1, 1}, ""Input"" -> {1024, 14, 14}]]","0edty1n2q1qxb",1.3140722250639386e11,7.555730104654297e10,1.6770370950632395e10,"{0.012255, 0.007247, 0.00168, 0.001609, 0.008662, 0.001631, 0.001592, 0.001593, 0.001577, 0.0066, 0.00165, 0.001586, 0.006858, 0.001642, 0.001599, 0.006767, 0.001649, 0.00159, 0.001649, 0.005204, 0.001617, 0.007195, 0.001671, 0.001588, 0.008051, 0.00161, 0.0016, 0.001637, 0.005242, 0.001642, 0.001586, 0.006823, 0.001615, 0.001633, 0.001648, 0.003585, 0.001571, 0.005245, 0.001573, 0.007689, 0.001576, 0.001586, 0.006041, 0.001681, 0.001568, 0.003431, 0.001564, 0.003426, 0.009129, 0.001611, 0.006684, 0.001691, 0.001571, 0.001604, 0.003161, 0.003124, 0.003057, 0.003108, 0.003065, 0.003038, 0.003096, 0.003102, 0.003057, 0.00304, 0.003091, 0.003073, 0.003055, 0.0031, 0.003052, 0.003055, 0.003104, 0.003072, 0.003101, 0.003118, 0.003063, 0.00308, 0.003039, 0.003104, 0.003086, 0.003057, 0.003104, 0.003056, 0.003057, 0.003128, 0.003073, 0.003041, 0.003116, 0.003111, 0.003059, 0.003038, 0.003093, 0.003071, 0.003053, 0.003101, 0.003089, 0.00307, 0.003107, 0.003069, 0.003039, 0.003056}"
