"model_name","layer_name","layer_index","kind","min_time","mean_time","max_time","add_flops","div_flops","cmp_flops","exp_flops","mad_flops","input_channel","input_height","input_width","output_channel","output_height","output_width","function","kernel_1","kernel_2","stride_1","stride_2","dilation_1","dilation_2","input_form","topology_hash","mad/min_time","mad/mean_time","mad/max_time","time"
"Wolfram ImageIdentify Net V1","3b/convdouble_3x3_reduce",44,"Convolution",0.000147,0.00014956666666666668,0.000361,0,0,0,0,11943936,256,27,27,64,27,27,"",1,1,1,1,1,1,"HoldForm[ConvolutionLayer[64, {1, 1}, ""Stride"" -> {1, 1}, ""PaddingSize"" -> {{0, 0}, {0, 0}}, ""Dilation"" -> {1, 1}, ""Input"" -> {256, 27, 27}]]","1emuy111zrgvl",8.125126530612245e10,7.985693782036995e10,3.3085695290858727e10,"{0.000361, 0.000165, 0.000153, 0.00015, 0.000151, 0.000149, 0.000151, 0.00015, 0.000189, 0.000162, 0.00015, 0.000151, 0.00015, 0.000149, 0.000187, 0.000174, 0.000153, 0.000152, 0.000151, 0.000148, 0.000164, 0.000151, 0.000149, 0.000148, 0.000149, 0.000147, 0.000148, 0.000148, 0.000147, 0.000148, 0.000147, 0.000148, 0.000149, 0.000149, 0.000163, 0.000185, 0.000149, 0.000148, 0.00015, 0.000147, 0.000149, 0.000148, 0.000147, 0.000147, 0.000149, 0.000148, 0.000149, 0.000147, 0.00015, 0.000149}"
