"model_name","layer_name","layer_index","kind","min_time","mean_time","max_time","add_flops","div_flops","cmp_flops","exp_flops","mad_flops","input_channel","input_height","input_width","output_channel","output_height","output_width","function","kernel_1","kernel_2","stride_1","stride_2","dilation_1","dilation_2","input_form","topology_hash","mad/min_time","mad/mean_time","mad/max_time","time"
"ResNet-152 Trained on ImageNet Competition Data","4a/res4a_branch1",120,"Convolution",0.000908,0.0009556666666666667,0.01031,0,0,0,0,102760448,512,28,28,1024,14,14,"",1,1,2,2,1,1,"HoldForm[ConvolutionLayer[1024, {1, 1}, ""Stride"" -> {2, 2}, ""PaddingSize"" -> {{0, 0}, {0, 0}}, ""Dilation"" -> {1, 1}, ""Input"" -> {512, 28, 28}]]","0vfoczts3p5eg",1.1317229955947137e11,1.0752750052319498e11,9.967065761396702e9,"{0.01031, 0.007372, 0.000986, 0.000924, 0.000922, 0.000933, 0.00093, 0.007256, 0.000941, 0.00091, 0.000923, 0.000935, 0.000912, 0.000955, 0.006076, 0.000952, 0.000911, 0.00091, 0.00093, 0.000913, 0.005425, 0.00095, 0.000934, 0.000914, 0.000912, 0.00636, 0.000963, 0.000912, 0.000912, 0.000936, 0.000912, 0.005403, 0.000938, 0.000948, 0.000912, 0.000908, 0.006372, 0.000942, 0.000914, 0.000909, 0.000928, 0.000912, 0.005446, 0.000944, 0.000931, 0.000912, 0.00091, 0.006312, 0.000941, 0.000978, 0.000916, 0.000936, 0.000912, 0.00537, 0.000947, 0.000932, 0.000914, 0.000909, 0.006241, 0.000942, 0.00091, 0.000908, 0.000951, 0.000913, 0.00095, 0.000964, 0.004997, 0.00096, 0.000913, 0.00091, 0.001303, 0.001545, 0.006885, 0.000944, 0.000916, 0.000969, 0.000938, 0.000914, 0.006294, 0.000979, 0.000976, 0.000919, 0.000959, 0.000988, 0.000919, 0.005212, 0.000965, 0.000939, 0.000913, 0.00164, 0.005575, 0.000968, 0.000918, 0.00091, 0.000938, 0.004259, 0.000914, 0.000951, 0.002196, 0.000922}"
