"model_name","layer_name","layer_index","kind","min_time","mean_time","max_time","add_flops","div_flops","cmp_flops","exp_flops","mad_flops","input_channel","input_height","input_width","output_channel","output_height","output_width","function","kernel_1","kernel_2","stride_1","stride_2","dilation_1","dilation_2","input_form","topology_hash","mad/min_time","mad/mean_time","mad/max_time","time"
"3D Face Alignment Net Trained on 300W Large Pose Data","15/1/2/3/1/1/1/1/1/3",88,"Convolution",0.004061,0.007820683333333333,0.020277,0,0,0,0,301989888,256,32,32,128,32,32,"",3,3,1,1,1,1,"HoldForm[ConvolutionLayer[128, {3, 3}, ""Stride"" -> {1, 1}, ""PaddingSize"" -> {{1, 1}, {1, 1}}, ""Dilation"" -> {1, 1}, ""Input"" -> {256, 32, 32}]]","08qm1fo4qkpj4",7.436342969711893e10,3.861425851534713e10,1.4893223257878386e10,"{0.020277, 0.011674, 0.004578, 0.007218, 0.010073, 0.004479, 0.005502, 0.006564, 0.006599, 0.008198, 0.007935, 0.008389, 0.009855, 0.008638, 0.008135, 0.00961, 0.008853, 0.00655, 0.016129, 0.004536, 0.011867, 0.00443, 0.012427, 0.00442, 0.009969, 0.010113, 0.010068, 0.010116, 0.010043, 0.006746, 0.008429, 0.007271, 0.010402, 0.007454, 0.010498, 0.008766, 0.006969, 0.010332, 0.008711, 0.00821, 0.012554, 0.004506, 0.007428, 0.010736, 0.004427, 0.005506, 0.007195, 0.004317, 0.008613, 0.004166, 0.005919, 0.009081, 0.004335, 0.006736, 0.006566, 0.006785, 0.008229, 0.008259, 0.008369, 0.006648, 0.00952, 0.008454, 0.009148, 0.009187, 0.007855, 0.007981, 0.013905, 0.011993, 0.00442, 0.011473, 0.010083, 0.004392, 0.010077, 0.010112, 0.004443, 0.013043, 0.004472, 0.005301, 0.007996, 0.004941, 0.010013, 0.004151, 0.004877, 0.004621, 0.004104, 0.007173, 0.005138, 0.010203, 0.004156, 0.004579, 0.007884, 0.004061, 0.004109, 0.00632, 0.006407, 0.008059, 0.008005, 0.010294, 0.012487, 0.018057}"
