"model_name","layer_name","layer_index","kind","min_time","mean_time","max_time","add_flops","div_flops","cmp_flops","exp_flops","mad_flops","input_channel","input_height","input_width","output_channel","output_height","output_width","function","kernel_1","kernel_2","stride_1","stride_2","dilation_1","dilation_2","input_form","topology_hash","mad/min_time","mad/mean_time","mad/max_time","time"
"Squeeze-and-Excitation Net Trained on ImageNet Competition Data","4x/conv4_24_1x1_increase",602,"Convolution",0.001604,0.0016588,0.002142,0,0,0,0,205520896,1024,14,14,1024,14,14,"",1,1,1,1,1,1,"HoldForm[ConvolutionLayer[1024, {1, 1}, ""Stride"" -> {1, 1}, ""PaddingSize"" -> {{0, 0}, {0, 0}}, ""Dilation"" -> {1, 1}, ""Input"" -> {1024, 14, 14}]]","0edty1n2q1qxb",1.2813023441396509e11,1.2389733301181577e11,9.594813071895425e10,"{0.002142, 0.001773, 0.001678, 0.001628, 0.001757, 0.001623, 0.001653, 0.001702, 0.00162, 0.001636, 0.001738, 0.00165, 0.001628, 0.001688, 0.001639, 0.00161, 0.00174, 0.001631, 0.001643, 0.001669, 0.001604, 0.001647, 0.001672, 0.001716, 0.001637, 0.001674, 0.001625, 0.001604, 0.001665, 0.001695, 0.001646, 0.001693, 0.001607, 0.001636, 0.001666, 0.001722, 0.001637, 0.001693, 0.001636, 0.001606, 0.001684, 0.001706, 0.001645, 0.001698, 0.001622, 0.00163, 0.001679, 0.001723, 0.001631, 0.001685}"
