"model_name","layer_name","layer_index","kind","min_time","mean_time","max_time","add_flops","div_flops","cmp_flops","exp_flops","mad_flops","input_channel","input_height","input_width","output_channel","output_height","output_width","function","kernel_1","kernel_2","stride_1","stride_2","dilation_1","dilation_2","input_form","topology_hash","mad/min_time","mad/mean_time","mad/max_time","time"
"Inception V1 Trained on Extended Salient Object Subitizing Data","inception_4a/3x3",47,"Convolution",0.000494,0.0005149499999999999,0.015779,0,0,0,0,35223552,96,14,14,208,14,14,"",3,3,1,1,1,1,"HoldForm[ConvolutionLayer[208, {3, 3}, ""Stride"" -> {1, 1}, ""PaddingSize"" -> {{1, 1}, {1, 1}}, ""Dilation"" -> {1, 1}, ""Input"" -> {96, 14, 14}]]","0tmkag19jlkrp",7.130273684210527e10,6.840188756189922e10,2.232305722796121e9,"{0.015779, 0.000611, 0.000528, 0.000531, 0.000501, 0.000499, 0.000499, 0.000561, 0.000508, 0.000498, 0.000569, 0.00638, 0.000531, 0.000504, 0.000497, 0.000547, 0.000506, 0.000496, 0.000575, 0.000507, 0.000498, 0.000495, 0.000496, 0.004382, 0.000524, 0.000501, 0.000517, 0.000541, 0.000502, 0.000495, 0.000554, 0.006301, 0.000521, 0.000502, 0.000498, 0.000559, 0.000506, 0.000496, 0.000555, 0.000543, 0.000498, 0.000496, 0.000496, 0.000496, 0.000496, 0.000495, 0.000518, 0.00434, 0.00052, 0.000499, 0.000496, 0.000565, 0.000507, 0.000498, 0.000513, 0.002099, 0.000507, 0.000513, 0.003173, 0.001954, 0.000544, 0.0005, 0.000498, 0.000496, 0.000497, 0.000495, 0.000494, 0.005086, 0.000507, 0.000498, 0.000561, 0.000506, 0.000496, 0.000532, 0.000504, 0.000496, 0.003496, 0.001932, 0.00052, 0.000497, 0.000521, 0.00056, 0.000506, 0.000496, 0.000495, 0.006436, 0.000515, 0.000499, 0.000498, 0.000549, 0.000505, 0.000497, 0.000551, 0.000504, 0.000498, 0.000497, 0.000497, 0.002324, 0.002132, 0.000541}"
