"model_name","layer_name","layer_index","kind","min_time","mean_time","max_time","add_flops","div_flops","cmp_flops","exp_flops","mad_flops","input_channel","input_height","input_width","output_channel","output_height","output_width","function","kernel_1","kernel_2","stride_1","stride_2","dilation_1","dilation_2","input_form","topology_hash","mad/min_time","mad/mean_time","mad/max_time","time"
"ResNet-152 Trained on ImageNet Competition Data","4b11/res4b11_branch2a",232,"Convolution",0.000822,0.0008301666666666668,0.001125,0,0,0,0,51380224,1024,14,14,256,14,14,"",1,1,1,1,1,1,"HoldForm[ConvolutionLayer[256, {1, 1}, ""Stride"" -> {1, 1}, ""PaddingSize"" -> {{0, 0}, {0, 0}}, ""Dilation"" -> {1, 1}, ""Input"" -> {1024, 14, 14}]]","0659yipuh34xm",6.250635523114355e10,6.1891456334069466e10,4.567131022222222e10,"{0.001125, 0.000863, 0.00083, 0.000826, 0.000851, 0.000828, 0.00084, 0.000824, 0.000824, 0.000823, 0.000845, 0.000829, 0.000825, 0.000825, 0.000824, 0.000838, 0.00085, 0.00083, 0.000824, 0.000823, 0.000841, 0.000824, 0.000826, 0.000832, 0.000832, 0.000838, 0.000824, 0.000823, 0.00084, 0.000831, 0.00084, 0.000824, 0.000822, 0.000823, 0.000827, 0.00084, 0.000825, 0.000826, 0.000824, 0.00085, 0.000858, 0.000842, 0.000824, 0.000824, 0.000838, 0.000836, 0.000826, 0.000831, 0.000826, 0.00084}"
