"model_name","layer_name","layer_index","kind","min_time","mean_time","max_time","add_flops","div_flops","cmp_flops","exp_flops","mad_flops","input_channel","input_height","input_width","output_channel","output_height","output_width","function","kernel_1","kernel_2","stride_1","stride_2","dilation_1","dilation_2","input_form","topology_hash","mad/min_time","mad/mean_time","mad/max_time","time"
"SqueezeNet V1.1 Trained on ImageNet Competition Data","fire9/squeeze1x1",57,"Convolution",0.000093,0.0000954333333333333,0.007826,0,0,0,0,6422528,512,14,14,64,14,14,"",1,1,1,1,1,1,"HoldForm[ConvolutionLayer[64, {1, 1}, ""Stride"" -> {1, 1}, ""PaddingSize"" -> {{0, 0}, {0, 0}}, ""Dilation"" -> {1, 1}, ""Input"" -> {512, 14, 14}]]","0iox26jy93tp1",6.905944086021506e10,6.729858190709049e10,8.20665474060823e8,"{0.006977, 0.007826, 0.000171, 0.000104, 0.000135, 0.000105, 0.000096, 0.000096, 0.000096, 0.000095, 0.000095, 0.000095, 0.000095, 0.000098, 0.000097, 0.000094, 0.000095, 0.000096, 0.000097, 0.000095, 0.000095, 0.000094, 0.000095, 0.000095, 0.000095, 0.000094, 0.000095, 0.000094, 0.000095, 0.000097, 0.000095, 0.000094, 0.000094, 0.000095, 0.000095, 0.000096, 0.000095, 0.000094, 0.000095, 0.000095, 0.000123, 0.000099, 0.000095, 0.000095, 0.000094, 0.000095, 0.000095, 0.000094, 0.000095, 0.000094, 0.000093, 0.000128, 0.00018, 0.000108, 0.000097, 0.000094, 0.006487, 0.000144, 0.000096, 0.000096, 0.000095, 0.000095, 0.000095, 0.000095, 0.000097, 0.000094, 0.000094, 0.000095, 0.000094, 0.000094, 0.000094, 0.000095, 0.000096, 0.000095, 0.000096, 0.000095, 0.000095, 0.000094, 0.000096, 0.000095, 0.000095, 0.000096, 0.000096, 0.000097, 0.000097, 0.000095, 0.000094, 0.000097, 0.000137, 0.000178, 0.000104, 0.000097, 0.000094, 0.000095, 0.000116, 0.000102, 0.000094, 0.000094, 0.000094, 0.000096}"
