"model_name","layer_name","layer_index","kind","min_time","mean_time","max_time","add_flops","div_flops","cmp_flops","exp_flops","mad_flops","input_channel","input_height","input_width","output_channel","output_height","output_width","function","kernel_1","kernel_2","stride_1","stride_2","dilation_1","dilation_2","input_form","topology_hash","mad/min_time","mad/mean_time","mad/max_time","time"
"ResNet-101 Trained on YFCC100m Geotagged Data","stage3_unit12/conv1",191,"Convolution",0.000427,0.0004331333333333334,0.000665,0,0,0,0,51380224,1024,14,14,256,14,14,"",1,1,1,1,1,1,"HoldForm[ConvolutionLayer[256, {1, 1}, ""Stride"" -> {1, 1}, ""PaddingSize"" -> {{0, 0}, {0, 0}}, ""Dilation"" -> {1, 1}, ""Input"" -> {1024, 14, 14}]]","0659yipuh34xm",1.2032839344262294e11,1.186244974603663e11,7.726349473684212e10,"{0.000665, 0.000457, 0.000441, 0.000544, 0.000438, 0.000432, 0.000432, 0.00043, 0.000428, 0.000429, 0.000429, 0.000428, 0.000451, 0.000433, 0.00043, 0.000428, 0.000449, 0.000432, 0.000428, 0.000429, 0.000482, 0.000458, 0.000434, 0.000428, 0.000428, 0.000428, 0.000494, 0.000428, 0.000429, 0.000427, 0.000427, 0.000453, 0.000458, 0.000429, 0.000429, 0.000428, 0.000429, 0.000428, 0.000429, 0.000445, 0.000462, 0.000431, 0.000431, 0.00048, 0.000428, 0.00043, 0.000429, 0.000428, 0.000429, 0.0005}"
