"model_name","layer_name","layer_index","kind","min_time","mean_time","max_time","add_flops","div_flops","cmp_flops","exp_flops","mad_flops","input_channel","input_height","input_width","output_channel","output_height","output_width","function","kernel_1","kernel_2","stride_1","stride_2","dilation_1","dilation_2","input_form","topology_hash","mad/min_time","mad/mean_time","mad/max_time","time"
"Multi-scale Context Aggregation Net Trained on Cityscapes Data","conv5_2",26,"Convolution",0.849699,0.9457898666666664,1.164895,0,0,0,0,159488409600,512,160,160,512,156,156,"",3,3,1,1,2,2,"HoldForm[ConvolutionLayer[512, {3, 3}, ""Stride"" -> {1, 1}, ""PaddingSize"" -> {{0, 0}, {0, 0}}, ""Dilation"" -> {2, 2}, ""Input"" -> {512, 160, 160}]]","0spumfddsfvii",1.8769989090254312e11,1.686298566108554e11,1.369122621352139e11,"{1.164895, 0.99973, 0.906296, 0.957934, 0.906059, 0.961815, 0.97824, 0.967125, 0.876849, 0.946582, 0.902817, 0.97808, 0.977743, 0.944526, 0.997174, 0.901791, 0.95833, 0.923163, 0.951566, 0.962155, 0.894139, 0.946827, 0.898458, 0.912652, 0.983728, 1.012387, 0.982889, 0.971302, 0.946006, 0.953855, 0.986417, 0.994352, 0.915785, 0.928136, 0.900869, 0.940603, 0.891145, 0.892566, 0.938026, 0.850733, 0.990518, 0.997226, 0.99885, 0.955398, 0.975356, 0.901709, 0.881211, 0.99536, 0.947025, 0.95099, 0.979175, 0.941954, 0.893669, 0.943116, 0.923284, 0.946841, 0.926066, 0.996824, 0.937918, 0.997471, 0.877292, 0.906012, 0.946872, 0.956779, 0.900348, 0.849699, 0.992198, 0.984169, 0.973496, 0.971699, 0.943225, 0.933647, 0.984214, 0.978057, 0.965984, 0.930959, 0.921814, 0.946202, 0.894624, 0.915997, 0.990362, 0.909578, 0.904766, 0.907388, 0.99912, 0.941523, 0.912791, 0.965237, 0.874999, 0.946677, 0.899699, 0.902855, 0.974521, 0.970434, 0.974054, 1.000253, 0.949385, 0.898742, 0.917477, 0.996374}"
