"model_name","layer_name","layer_index","kind","min_time","mean_time","max_time","add_flops","div_flops","cmp_flops","exp_flops","mad_flops","input_channel","input_height","input_width","output_channel","output_height","output_width","function","kernel_1","kernel_2","stride_1","stride_2","dilation_1","dilation_2","input_form","topology_hash","mad/min_time","mad/mean_time","mad/max_time","time"
"Squeeze-and-Excitation Net Trained on ImageNet Competition Data","z9/conv4_35_1x1_increase",789,"Convolution",0.001563,0.003047133333333333,0.014448,0,0,0,0,205520896,1024,14,14,1024,14,14,"",1,1,1,1,1,1,"HoldForm[ConvolutionLayer[1024, {1, 1}, ""Stride"" -> {1, 1}, ""PaddingSize"" -> {{0, 0}, {0, 0}}, ""Dilation"" -> {1, 1}, ""Input"" -> {1024, 14, 14}]]","0edty1n2q1qxb",1.3149129622520795e11,6.7447293412387596e10,1.4224868217054262e10,"{0.014448, 0.001829, 0.001677, 0.007689, 0.001715, 0.001598, 0.00157, 0.003095, 0.003986, 0.006871, 0.001675, 0.001628, 0.001611, 0.008268, 0.001576, 0.001584, 0.001563, 0.009629, 0.001655, 0.001599, 0.00168, 0.003204, 0.006095, 0.001687, 0.008049, 0.001677, 0.001625, 0.001591, 0.001569, 0.004021, 0.001643, 0.001571, 0.003926, 0.003962, 0.001888, 0.003626, 0.00315, 0.003077, 0.003083, 0.003111, 0.003096, 0.003104, 0.003116, 0.00312, 0.003057, 0.003092, 0.003156, 0.003082, 0.003058, 0.003152, 0.003091, 0.003083, 0.003126, 0.003074, 0.003083, 0.003112, 0.003149, 0.003109, 0.003167, 0.003157, 0.003077, 0.003052, 0.003124, 0.00308, 0.003093, 0.00315, 0.003066, 0.003077, 0.003069, 0.003174, 0.003059, 0.003066, 0.003154, 0.003128, 0.003076, 0.003115, 0.003067, 0.003066, 0.003129, 0.003052, 0.003071, 0.003066, 0.003139, 0.003065, 0.003049, 0.003117, 0.003064, 0.003065, 0.003113, 0.0031, 0.00306, 0.00312, 0.003063, 0.003066, 0.003075, 0.003109, 0.003083, 0.003041, 0.00312, 0.003061}"
