"model_name","layer_name","layer_index","kind","min_time","mean_time","max_time","add_flops","div_flops","cmp_flops","exp_flops","mad_flops","input_channel","input_height","input_width","output_channel","output_height","output_width","function","kernel_1","kernel_2","stride_1","stride_2","dilation_1","dilation_2","input_form","topology_hash","mad/min_time","mad/mean_time","mad/max_time","time"
"Wolfram ImageIdentify Net V1","4c/convproj",140,"Convolution",0.000177,0.00018101666666666668,0.011241,0,0,0,0,14450688,576,14,14,128,14,14,"",1,1,1,1,1,1,"HoldForm[ConvolutionLayer[128, {1, 1}, ""Stride"" -> {1, 1}, ""PaddingSize"" -> {{0, 0}, {0, 0}}, ""Dilation"" -> {1, 1}, ""Input"" -> {576, 14, 14}]]","0k9l645qz1f5p",8.164230508474577e10,7.983070435503175e10,1.2855340272217774e9,"{0.011241, 0.000274, 0.000191, 0.000182, 0.000217, 0.00019, 0.00018, 0.000179, 0.000178, 0.000179, 0.000179, 0.001826, 0.000201, 0.00018, 0.000178, 0.000178, 0.000178, 0.000178, 0.000178, 0.000179, 0.00653, 0.000241, 0.000182, 0.000179, 0.00018, 0.000179, 0.000178, 0.000177, 0.000178, 0.000177, 0.000179, 0.000177, 0.000178, 0.000177, 0.000178, 0.000177, 0.000177, 0.000177, 0.000177, 0.000177, 0.000178, 0.0002, 0.000226, 0.000193, 0.000179, 0.000178, 0.000179, 0.000223, 0.000193, 0.00018, 0.000179, 0.000178, 0.000179, 0.00018, 0.001855, 0.000226, 0.000179, 0.000179, 0.000179, 0.000178, 0.00021, 0.00019, 0.000179, 0.006466, 0.000238, 0.000182, 0.000182, 0.000178, 0.000193, 0.000181, 0.000179, 0.000178, 0.000177, 0.000178, 0.000178, 0.000177, 0.000179, 0.000178, 0.000178, 0.000178, 0.000207, 0.000196, 0.00018, 0.000178, 0.000213, 0.000189, 0.000181, 0.000178, 0.000179, 0.000178, 0.000179, 0.000178, 0.000177, 0.000178, 0.000178, 0.000217, 0.000191, 0.005836, 0.00024, 0.000182}"
