"model_name","layer_name","layer_index","kind","min_time","mean_time","max_time","add_flops","div_flops","cmp_flops","exp_flops","mad_flops","input_channel","input_height","input_width","output_channel","output_height","output_width","function","kernel_1","kernel_2","stride_1","stride_2","dilation_1","dilation_2","input_form","topology_hash","mad/min_time","mad/mean_time","mad/max_time","time"
"Squeeze-and-Excitation Net Trained on ImageNet Competition Data","z4/conv4_30_1x1_increase",704,"Convolution",0.001548,0.0015899333333333336,0.002021,0,0,0,0,205520896,1024,14,14,1024,14,14,"",1,1,1,1,1,1,"HoldForm[ConvolutionLayer[1024, {1, 1}, ""Stride"" -> {1, 1}, ""PaddingSize"" -> {{0, 0}, {0, 0}}, ""Dilation"" -> {1, 1}, ""Input"" -> {1024, 14, 14}]]","0edty1n2q1qxb",1.3276543669250645e11,1.2926384502494861e11,1.0169267491340921e11,"{0.002021, 0.001664, 0.001613, 0.00155, 0.001567, 0.00157, 0.001627, 0.001604, 0.001643, 0.001571, 0.001548, 0.001585, 0.001551, 0.001607, 0.001657, 0.001572, 0.001576, 0.001568, 0.001548, 0.001622, 0.001604, 0.001665, 0.00155, 0.001564, 0.001568, 0.001551, 0.001662, 0.001638, 0.001557, 0.001636, 0.001573, 0.001572, 0.001606, 0.001652, 0.001581, 0.001551, 0.001609, 0.001556, 0.001608, 0.001624, 0.001611, 0.00157, 0.001566, 0.001552, 0.001615, 0.001731, 0.001619, 0.001556, 0.001563, 0.001606}"
