"model_name","layer_name","layer_index","kind","min_time","mean_time","max_time","add_flops","div_flops","cmp_flops","exp_flops","mad_flops","input_channel","input_height","input_width","output_channel","output_height","output_width","function","kernel_1","kernel_2","stride_1","stride_2","dilation_1","dilation_2","input_form","topology_hash","mad/min_time","mad/mean_time","mad/max_time","time"
"Wolfram ImageIdentify Net V1","4e/conv3x3",170,"Convolution",0.000231,0.0002345666666666666,0.000459,0,0,0,0,10838016,128,14,14,192,7,7,"",3,3,2,2,1,1,"HoldForm[ConvolutionLayer[192, {3, 3}, ""Stride"" -> {2, 2}, ""PaddingSize"" -> {{1, 1}, {1, 1}}, ""Dilation"" -> {1, 1}, ""Input"" -> {128, 14, 14}]]","0s10dk3ylmr3m",4.691781818181818e10,4.620441665482451e10,2.3612235294117645e10,"{0.000459, 0.000281, 0.000246, 0.000239, 0.000235, 0.000235, 0.000234, 0.000235, 0.000235, 0.000235, 0.000307, 0.000246, 0.000237, 0.000235, 0.000235, 0.000233, 0.000233, 0.000233, 0.000254, 0.000234, 0.000233, 0.000232, 0.000273, 0.000233, 0.000232, 0.000251, 0.000234, 0.000234, 0.000236, 0.000232, 0.000274, 0.000247, 0.000234, 0.000233, 0.000252, 0.000235, 0.000232, 0.000234, 0.000233, 0.000231, 0.000233, 0.000232, 0.000231, 0.000231, 0.000232, 0.000233, 0.000232, 0.000232, 0.000232, 0.000234}"
