"model_name","layer_name","layer_index","kind","min_time","mean_time","max_time","add_flops","div_flops","cmp_flops","exp_flops","mad_flops","input_channel","input_height","input_width","output_channel","output_height","output_width","function","kernel_1","kernel_2","stride_1","stride_2","dilation_1","dilation_2","input_form","topology_hash","mad/min_time","mad/mean_time","mad/max_time","time"
"Squeeze-and-Excitation Net Trained on ImageNet Competition Data","4q/conv4_17_3x3",480,"Convolution",0.001317,0.0013608999999999997,0.003505,0,0,0,0,14450688,512,14,14,1024,14,14,"",3,3,1,1,1,1,"HoldForm[ConvolutionLayer[1024, {3, 3}, ""Stride"" -> {1, 1}, ""PaddingSize"" -> {{1, 1}, {1, 1}}, ""Dilation"" -> {1, 1}, ""ChannelGroups"" -> 64, ""Input"" -> {512, 14, 14}]]","0yuz6nnza0i6k",1.0972428246013666e10,1.0618478947755165e10,4.1228781740370903e9,"{0.003505, 0.001388, 0.001371, 0.001361, 0.001344, 0.001321, 0.001364, 0.001381, 0.001399, 0.001406, 0.001353, 0.001362, 0.001388, 0.001375, 0.001317, 0.0015, 0.001344, 0.001341, 0.001377, 0.001346, 0.001353, 0.001358, 0.001417, 0.00132, 0.001365, 0.001321, 0.001328, 0.001408, 0.001366, 0.00135, 0.001453, 0.001344, 0.001336, 0.001362, 0.001409, 0.001388, 0.00132, 0.001428, 0.001394, 0.001344, 0.001337, 0.001348, 0.001367, 0.001335, 0.001467, 0.001334, 0.001321, 0.001367, 0.001338, 0.001351}"
