"model_name","layer_name","layer_index","kind","min_time","mean_time","max_time","add_flops","div_flops","cmp_flops","exp_flops","mad_flops","input_channel","input_height","input_width","output_channel","output_height","output_width","function","kernel_1","kernel_2","stride_1","stride_2","dilation_1","dilation_2","input_form","topology_hash","mad/min_time","mad/mean_time","mad/max_time","time"
"Inception V1 Trained on Extended Salient Object Subitizing Data","inception_5a/pool_proj",126,"Convolution",0.000086,0.00008693333333333332,0.000231,0,0,0,0,5218304,832,7,7,128,7,7,"",1,1,1,1,1,1,"HoldForm[ConvolutionLayer[128, {1, 1}, ""Stride"" -> {1, 1}, ""PaddingSize"" -> {{0, 0}, {0, 0}}, ""Dilation"" -> {1, 1}, ""Input"" -> {832, 7, 7}]]","0n15yyahe410t",6.0677953488372086e10,6.002650306748467e10,2.2590060606060604e10,"{0.000231, 0.000103, 0.000091, 0.000087, 0.000088, 0.000087, 0.000086, 0.000087, 0.000087, 0.000086, 0.000087, 0.000086, 0.000086, 0.00009, 0.000086, 0.000087, 0.000086, 0.000087, 0.000087, 0.000087, 0.000087, 0.000086, 0.000087, 0.000086, 0.000087, 0.000086, 0.000086, 0.000087, 0.000086, 0.000087, 0.000087, 0.000088, 0.000088, 0.000086, 0.000086, 0.000087, 0.000087, 0.000086, 0.000106, 0.000094, 0.000087, 0.000087, 0.000087, 0.000087, 0.000086, 0.000087, 0.000138, 0.000107, 0.000089, 0.000088}"
