"model_name","layer_name","layer_index","kind","min_time","mean_time","max_time","add_flops","div_flops","cmp_flops","exp_flops","mad_flops","input_channel","input_height","input_width","output_channel","output_height","output_width","function","kernel_1","kernel_2","stride_1","stride_2","dilation_1","dilation_2","input_form","topology_hash","mad/min_time","mad/mean_time","mad/max_time","time"
"Inception V3 Trained on ImageNet Competition Data","Inception8/mixed_7_tower_1_conv_4_conv2d",221,"Convolution",0.000939,0.0025288833333333336,0.011916,0,0,0,0,74575872,192,17,17,192,17,17,"",1,7,1,1,1,1,"HoldForm[ConvolutionLayer[192, {1, 7}, ""Stride"" -> {1, 1}, ""PaddingSize"" -> {{0, 0}, {3, 3}}, ""Dilation"" -> {1, 1}, ""Input"" -> {192, 17, 17}]]","19071tgs8aw1z",7.942052396166133e10,2.9489645100274822e10,6.258465256797583e9,"{0.011916, 0.003499, 0.003399, 0.003448, 0.003413, 0.003376, 0.003578, 0.003639, 0.00349, 0.003275, 0.003376, 0.003414, 0.003559, 0.003486, 0.003019, 0.003543, 0.003501, 0.003622, 0.003734, 0.003744, 0.003507, 0.003599, 0.003756, 0.003816, 0.00377, 0.003678, 0.003464, 0.003338, 0.00359, 0.003727, 0.003556, 0.003552, 0.003703, 0.003396, 0.003499, 0.003594, 0.003505, 0.003506, 0.003741, 0.00372, 0.003799, 0.011361, 0.000973, 0.000954, 0.000945, 0.000985, 0.002324, 0.000954, 0.005768, 0.00096, 0.000947, 0.000981, 0.000969, 0.000942, 0.007182, 0.00098, 0.00096, 0.000942, 0.000958, 0.000941, 0.005282, 0.001, 0.000951, 0.000944, 0.006105, 0.000989, 0.000998, 0.000947, 0.00094, 0.007179, 0.001018, 0.000957, 0.000945, 0.000941, 0.000939, 0.005259, 0.000989, 0.000948, 0.000954, 0.00094, 0.007197, 0.000949, 0.000944, 0.000941, 0.00094, 0.005314, 0.001013, 0.000947, 0.001043, 0.000942, 0.00236, 0.000958, 0.003761, 0.000953, 0.00094, 0.005186, 0.003446, 0.003418, 0.003421, 0.003423}"
