"model_name","layer_name","layer_index","kind","min_time","mean_time","max_time","add_flops","div_flops","cmp_flops","exp_flops","mad_flops","input_channel","input_height","input_width","output_channel","output_height","output_width","function","kernel_1","kernel_2","stride_1","stride_2","dilation_1","dilation_2","input_form","topology_hash","mad/min_time","mad/mean_time","mad/max_time","time"
"Dilated ResNet-105 Trained on Cityscapes Data","convolution69",226,"Convolution",0.018356,0.018878633333333335,0.021601,0,0,0,0,2147483648,1024,64,128,256,64,128,"",1,1,1,1,1,1,"HoldForm[ConvolutionLayer[256, {1, 1}, ""Stride"" -> {1, 1}, ""PaddingSize"" -> {{0, 0}, {0, 0}}, ""Dilation"" -> {1, 1}, ""Input"" -> {1024, 64, 128}]]","0c0juxkkztzi6",1.1699082850294182e11,1.1375207145997502e11,9.941593666959863e10,"{0.021601, 0.019042, 0.019211, 0.019023, 0.019078, 0.019038, 0.019176, 0.019029, 0.019158, 0.01896, 0.01894, 0.01862, 0.018731, 0.018525, 0.018666, 0.018758, 0.018904, 0.0188, 0.018793, 0.018684, 0.018429, 0.018454, 0.018455, 0.018583, 0.018356, 0.018539, 0.018368, 0.018503, 0.018544, 0.01868, 0.018672, 0.018838, 0.018739, 0.018722, 0.018861, 0.018724, 0.018993, 0.018997, 0.018879, 0.01915, 0.019063, 0.019043, 0.019208, 0.019193, 0.019028, 0.019132, 0.019135, 0.018991, 0.01912, 0.019063}"
