"model_name","layer_name","layer_index","kind","min_time","mean_time","max_time","add_flops","div_flops","cmp_flops","exp_flops","mad_flops","input_channel","input_height","input_width","output_channel","output_height","output_width","function","kernel_1","kernel_2","stride_1","stride_2","dilation_1","dilation_2","input_form","topology_hash","mad/min_time","mad/mean_time","mad/max_time","time"
"SSD-VGG-512 Trained on PASCAL VOC2007, PASCAL VOC2012 and MS-COCO Data","1/1/multiboxLayer1/multiboxLocs/convloc/1",78,"Convolution",0.024673,0.044151116666666684,0.078484,0,0,0,0,301989888,512,64,64,16,64,64,"",3,3,1,1,1,1,"HoldForm[ConvolutionLayer[16, {3, 3}, ""Stride"" -> {1, 1}, ""PaddingSize"" -> {{1, 1}, {1, 1}}, ""Dilation"" -> {1, 1}, ""Input"" -> {512, 64, 64}]]","1a39p2i1xr14h",1.2239690674016132e10,6.839915064435891e9,3.8477892054431477e9,"{0.078484, 0.048091, 0.052138, 0.055526, 0.032296, 0.050735, 0.049076, 0.029582, 0.042874, 0.036929, 0.039585, 0.042316, 0.056974, 0.057261, 0.049054, 0.032054, 0.053631, 0.028084, 0.043898, 0.026405, 0.045555, 0.051614, 0.051117, 0.042519, 0.048707, 0.030265, 0.056778, 0.042524, 0.027517, 0.027165, 0.03201, 0.047335, 0.052691, 0.051459, 0.054577, 0.028457, 0.03557, 0.037674, 0.050647, 0.056189, 0.048618, 0.047686, 0.051747, 0.04983, 0.061404, 0.048397, 0.047722, 0.047231, 0.051918, 0.050438, 0.049615, 0.038697, 0.035047, 0.029191, 0.033876, 0.054477, 0.046466, 0.048416, 0.056025, 0.032073, 0.028153, 0.034744, 0.02813, 0.047031, 0.067996, 0.05009, 0.054114, 0.02686, 0.025986, 0.034928, 0.034941, 0.044817, 0.054965, 0.050555, 0.05126, 0.056276, 0.039589, 0.043729, 0.050713, 0.050876, 0.056072, 0.045553, 0.039125, 0.024673, 0.030157, 0.029074, 0.045591, 0.051812, 0.028905, 0.024728, 0.02919, 0.035518, 0.050701, 0.035278, 0.029331, 0.033497, 0.028839, 0.054953, 0.047771, 0.05145}"
