"model_name","layer_name","layer_index","kind","min_time","mean_time","max_time","add_flops","div_flops","cmp_flops","exp_flops","mad_flops","input_channel","input_height","input_width","output_channel","output_height","output_width","function","kernel_1","kernel_2","stride_1","stride_2","dilation_1","dilation_2","input_form","topology_hash","mad/min_time","mad/mean_time","mad/max_time","time"
"ResNet-152 Trained on ImageNet Competition Data","4b25/res4b25_branch2b",375,"Convolution",0.001332,0.0013706000000000002,0.005846,0,0,0,0,115605504,256,14,14,256,14,14,"",3,3,1,1,1,1,"HoldForm[ConvolutionLayer[256, {3, 3}, ""Stride"" -> {1, 1}, ""PaddingSize"" -> {{1, 1}, {1, 1}}, ""Dilation"" -> {1, 1}, ""Input"" -> {256, 14, 14}]]","0gg7sts7v315o",8.679091891891891e10,8.434663942798772e10,1.9775146082791653e10,"{0.005846, 0.001506, 0.001424, 0.001345, 0.001335, 0.001365, 0.001335, 0.00135, 0.001466, 0.001422, 0.001335, 0.00137, 0.001332, 0.001332, 0.001391, 0.001383, 0.001402, 0.001387, 0.001381, 0.00134, 0.001378, 0.001351, 0.001392, 0.00148, 0.001336, 0.001334, 0.001372, 0.001336, 0.001347, 0.001348, 0.001429, 0.001386, 0.001344, 0.00134, 0.001433, 0.001343, 0.001353, 0.001424, 0.001418, 0.00134, 0.001446, 0.001347, 0.001332, 0.001388, 0.00139, 0.001463, 0.001414, 0.001335, 0.001335, 0.001395}"
