"model_name","layer_name","layer_index","kind","min_time","mean_time","max_time","add_flops","div_flops","cmp_flops","exp_flops","mad_flops","input_channel","input_height","input_width","output_channel","output_height","output_width","function","kernel_1","kernel_2","stride_1","stride_2","dilation_1","dilation_2","input_form","topology_hash","mad/min_time","mad/mean_time","mad/max_time","time"
"ResNet-101 Trained on YFCC100m Geotagged Data","stage3_unit6/conv2",134,"Convolution",0.00133,0.0020494500000000004,0.031792,0,0,0,0,115605504,256,14,14,256,14,14,"",3,3,1,1,1,1,"HoldForm[ConvolutionLayer[256, {3, 3}, ""Stride"" -> {1, 1}, ""PaddingSize"" -> {{1, 1}, {1, 1}}, ""Dilation"" -> {1, 1}, ""Input"" -> {256, 14, 14}]]","0gg7sts7v315o",8.692143157894737e10,5.6408062650955124e10,3.636308002013085e9,"{0.017042, 0.007443, 0.001398, 0.00135, 0.001403, 0.00913, 0.001338, 0.001403, 0.001374, 0.001334, 0.005568, 0.001338, 0.00133, 0.002279, 0.005091, 0.001336, 0.001347, 0.007392, 0.001338, 0.001332, 0.002166, 0.002709, 0.004133, 0.011523, 0.020134, 0.012386, 0.031792, 0.001358, 0.001358, 0.001358, 0.001331, 0.007892, 0.001338, 0.001346, 0.001341, 0.001381, 0.002068, 0.003408, 0.009098, 0.001336, 0.001347, 0.00134, 0.001367, 0.001994, 0.003655, 0.008946, 0.001371, 0.001386, 0.001377, 0.001395, 0.005662, 0.001333, 0.001371, 0.007351, 0.001333, 0.001384, 0.001331, 0.001359, 0.004657, 0.001332, 0.003, 0.005725, 0.001351, 0.001371, 0.001346, 0.006014, 0.001336, 0.001397, 0.005741, 0.001346, 0.001359, 0.001366, 0.005637, 0.001349, 0.001374, 0.007558, 0.001335, 0.001374, 0.001369, 0.001345, 0.006567, 0.001349, 0.001391, 0.001369, 0.003888, 0.00133, 0.002476, 0.008185, 0.001336, 0.001391, 0.001354, 0.001355, 0.006535, 0.001381, 0.001398, 0.007938, 0.001332, 0.00139, 0.001352, 0.007355}"
