"model_name","layer_name","layer_index","kind","min_time","mean_time","max_time","add_flops","div_flops","cmp_flops","exp_flops","mad_flops","input_channel","input_height","input_width","output_channel","output_height","output_width","function","kernel_1","kernel_2","stride_1","stride_2","dilation_1","dilation_2","input_form","topology_hash","mad/min_time","mad/mean_time","mad/max_time","time"
"ResNet-101 Trained on ImageNet Competition Data","4b9/res4b9_branch2b",175,"Convolution",0.001328,0.0030831833333333346,0.021558,0,0,0,0,115605504,256,14,14,256,14,14,"",3,3,1,1,1,1,"HoldForm[ConvolutionLayer[256, {3, 3}, ""Stride"" -> {1, 1}, ""PaddingSize"" -> {{1, 1}, {1, 1}}, ""Dilation"" -> {1, 1}, ""Input"" -> {256, 14, 14}]]","0gg7sts7v315o",8.70523373493976e10,3.749550107843083e10,5.362533815752852e9,"{0.012623, 0.001564, 0.001484, 0.001374, 0.008395, 0.001366, 0.001368, 0.001338, 0.001418, 0.004769, 0.0014, 0.001341, 0.001371, 0.001396, 0.001338, 0.009397, 0.001358, 0.00134, 0.009319, 0.001415, 0.00136, 0.001386, 0.001332, 0.001382, 0.001381, 0.001328, 0.001329, 0.020108, 0.015248, 0.016724, 0.019992, 0.021558, 0.004317, 0.004187, 0.004182, 0.004238, 0.004214, 0.004221, 0.004156, 0.00421, 0.004152, 0.004538, 0.004616, 0.004655, 0.004375, 0.004163, 0.004211, 0.004194, 0.004413, 0.004396, 0.004428, 0.004053, 0.004462, 0.004374, 0.004452, 0.004615, 0.004438, 0.004526, 0.004758, 0.004685, 0.004049, 0.004317, 0.004283, 0.004506, 0.004614, 0.005943, 0.009533, 0.001388, 0.001355, 0.001397, 0.004527, 0.00137, 0.001379, 0.002494, 0.006184, 0.001382, 0.001377, 0.007315, 0.001413, 0.001362, 0.00138, 0.004559, 0.001422, 0.001354, 0.006448, 0.001386, 0.001409, 0.001351, 0.007906, 0.001385, 0.001379, 0.001378, 0.005405, 0.001458, 0.00373, 0.008813, 0.001385, 0.001359, 0.001382, 0.001346}"
