"model_name","layer_name","layer_index","kind","min_time","mean_time","max_time","add_flops","div_flops","cmp_flops","exp_flops","mad_flops","input_channel","input_height","input_width","output_channel","output_height","output_width","function","kernel_1","kernel_2","stride_1","stride_2","dilation_1","dilation_2","input_form","topology_hash","mad/min_time","mad/mean_time","mad/max_time","time"
"Inception V1 Trained on Extended Salient Object Subitizing Data","inception_5b/5x5_reduce",135,"Convolution",0.000051,0.000051500000000000005,0.000171,0,0,0,0,1956864,832,7,7,48,7,7,"",1,1,1,1,1,1,"HoldForm[ConvolutionLayer[48, {1, 1}, ""Stride"" -> {1, 1}, ""PaddingSize"" -> {{0, 0}, {0, 0}}, ""Dilation"" -> {1, 1}, ""Input"" -> {832, 7, 7}]]","0cu3d5t5jmkf7",3.836988235294118e10,3.799735922330097e10,1.1443649122807016e10,"{0.000171, 0.000061, 0.000055, 0.000052, 0.000053, 0.000051, 0.000053, 0.000051, 0.000052, 0.000051, 0.000051, 0.000051, 0.000052, 0.000052, 0.000052, 0.000052, 0.000051, 0.000052, 0.000051, 0.000051, 0.000051, 0.000051, 0.000051, 0.000051, 0.000052, 0.000051, 0.000052, 0.000051, 0.000051, 0.000051, 0.000052, 0.000052, 0.000051, 0.000052, 0.000051, 0.000075, 0.000055, 0.000052, 0.000052, 0.000051, 0.000051, 0.000052, 0.000051, 0.000051, 0.000051, 0.000053, 0.000052, 0.000051, 0.000051, 0.000053}"
