"model_name","layer_name","layer_index","kind","min_time","mean_time","max_time","add_flops","div_flops","cmp_flops","exp_flops","mad_flops","input_channel","input_height","input_width","output_channel","output_height","output_width","function","kernel_1","kernel_2","stride_1","stride_2","dilation_1","dilation_2","input_form","topology_hash","mad/min_time","mad/mean_time","mad/max_time","time"
"Single-Image Depth Perception Net Trained on NYU Depth V2 Data","4/1/1/4/1/1/4/1/2/4/1/1/2/4/1",220,"Convolution",0.000138,0.00013970000000000006,0.00781,0,0,0,0,9830400,256,30,40,32,30,40,"",1,1,1,1,1,1,"HoldForm[ConvolutionLayer[32, {1, 1}, ""Stride"" -> {1, 1}, ""PaddingSize"" -> {{0, 0}, {0, 0}}, ""Dilation"" -> {1, 1}, ""Input"" -> {256, 30, 40}]]","020eo88iz4wnl",7.123478260869565e10,7.036793128131708e10,1.2586939820742638e9,"{0.007655, 0.005976, 0.000239, 0.000151, 0.000143, 0.000141, 0.00014, 0.000139, 0.000139, 0.000176, 0.000156, 0.000141, 0.00014, 0.000138, 0.000138, 0.000139, 0.000139, 0.000138, 0.000138, 0.000138, 0.000139, 0.000139, 0.000139, 0.000139, 0.000139, 0.000138, 0.000138, 0.000195, 0.000145, 0.00014, 0.00781, 0.000219, 0.000147, 0.000141, 0.00014, 0.000139, 0.000139, 0.000139, 0.000139, 0.000187, 0.000151, 0.00014, 0.00014, 0.000141, 0.00014, 0.000139, 0.00014, 0.000139, 0.000139, 0.00014, 0.000139, 0.000139, 0.000139, 0.000138, 0.000138, 0.000139, 0.000162, 0.000148, 0.000141, 0.000187, 0.000168, 0.000143, 0.000141, 0.000139, 0.00014, 0.000139, 0.000138, 0.00014, 0.000139, 0.000138, 0.000138, 0.000139, 0.00014, 0.000139, 0.000139, 0.000139, 0.000139, 0.000139, 0.000139, 0.000139, 0.000139, 0.000138, 0.00014, 0.004445, 0.000201, 0.000144, 0.00014, 0.00014, 0.00014, 0.00014, 0.000139, 0.000138, 0.000139, 0.000139, 0.000139, 0.000138, 0.000139, 0.000139, 0.000139, 0.00015}"
