"model_name","layer_name","layer_index","kind","min_time","mean_time","max_time","add_flops","div_flops","cmp_flops","exp_flops","mad_flops","input_channel","input_height","input_width","output_channel","output_height","output_width","function","kernel_1","kernel_2","stride_1","stride_2","dilation_1","dilation_2","input_form","topology_hash","mad/min_time","mad/mean_time","mad/max_time","time"
"ResNet-152 Trained on ImageNet Competition Data","4b24/res4b24_branch2b",365,"Convolution",0.001327,0.0016757000000000002,0.010949,0,0,0,0,115605504,256,14,14,256,14,14,"",3,3,1,1,1,1,"HoldForm[ConvolutionLayer[256, {3, 3}, ""Stride"" -> {1, 1}, ""PaddingSize"" -> {{1, 1}, {1, 1}}, ""Dilation"" -> {1, 1}, ""Input"" -> {256, 14, 14}]]","0gg7sts7v315o",8.711793820648077e10,6.898937996061346e10,1.055854452461412e10,"{0.010949, 0.007407, 0.001377, 0.001339, 0.001364, 0.007929, 0.001349, 0.001378, 0.001356, 0.00133, 0.006518, 0.001373, 0.00133, 0.001402, 0.001393, 0.00133, 0.008773, 0.001346, 0.001334, 0.001348, 0.004681, 0.001358, 0.001348, 0.001333, 0.007349, 0.001371, 0.001374, 0.001357, 0.00464, 0.001356, 0.008731, 0.001479, 0.001364, 0.001339, 0.001363, 0.004506, 0.001366, 0.001388, 0.001335, 0.007336, 0.001343, 0.001331, 0.001363, 0.00468, 0.001399, 0.001354, 0.007326, 0.001368, 0.001338, 0.001331, 0.00341, 0.005639, 0.001335, 0.001342, 0.00138, 0.007954, 0.001336, 0.001328, 0.001352, 0.001453, 0.006552, 0.001333, 0.001327, 0.001439, 0.006497, 0.001348, 0.001369, 0.001363, 0.005276, 0.00133, 0.001329, 0.001423, 0.006701, 0.001361, 0.001369, 0.00136, 0.005169, 0.001333, 0.00133, 0.008209, 0.001355, 0.001371, 0.001414, 0.001371, 0.004569, 0.001333, 0.001427, 0.001356, 0.001329, 0.00861, 0.001346, 0.001342, 0.006028, 0.001354, 0.001338, 0.007382, 0.001452, 0.001351, 0.001353, 0.001352}"
