"model_name","layer_name","layer_index","kind","min_time","mean_time","max_time","add_flops","div_flops","cmp_flops","exp_flops","mad_flops","input_channel","input_height","input_width","output_channel","output_height","output_width","function","kernel_1","kernel_2","stride_1","stride_2","dilation_1","dilation_2","input_form","topology_hash","mad/min_time","mad/mean_time","mad/max_time","time"
"ResNet-152 Trained on ImageNet Competition Data","4b17/res4b17_branch2a",292,"Convolution",0.000421,0.0004270000000000001,0.000636,0,0,0,0,51380224,1024,14,14,256,14,14,"",1,1,1,1,1,1,"HoldForm[ConvolutionLayer[256, {1, 1}, ""Stride"" -> {1, 1}, ""PaddingSize"" -> {{0, 0}, {0, 0}}, ""Dilation"" -> {1, 1}, ""Input"" -> {1024, 14, 14}]]","0659yipuh34xm",1.2204328741092638e11,1.2032839344262294e11,8.078651572327045e10,"{0.000636, 0.000434, 0.000426, 0.000426, 0.000424, 0.000487, 0.000437, 0.000423, 0.000422, 0.000421, 0.00047, 0.000431, 0.000422, 0.000422, 0.000437, 0.000423, 0.000479, 0.000432, 0.000421, 0.000422, 0.000434, 0.000425, 0.000422, 0.000441, 0.000425, 0.000422, 0.000421, 0.000496, 0.000474, 0.000423, 0.000422, 0.000421, 0.000487, 0.000474, 0.000434, 0.000422, 0.000423, 0.000422, 0.000422, 0.000478, 0.000433, 0.000422, 0.000444, 0.000434, 0.000425, 0.000422, 0.000421, 0.000422, 0.000421, 0.000421}"
