"model_name","layer_name","layer_index","kind","min_time","mean_time","max_time","add_flops","div_flops","cmp_flops","exp_flops","mad_flops","input_channel","input_height","input_width","output_channel","output_height","output_width","function","kernel_1","kernel_2","stride_1","stride_2","dilation_1","dilation_2","input_form","topology_hash","mad/min_time","mad/mean_time","mad/max_time","time"
"Unguided Volumetric Regression Net for 3D Face Reconstruction","9/2/1/2/3/1/1/6",954,"Convolution",0.001345,0.0024965166666666666,0.02158,0,0,0,0,84934656,128,24,24,128,24,24,"",3,3,1,1,1,1,"HoldForm[ConvolutionLayer[128, {3, 3}, ""Stride"" -> {1, 1}, ""PaddingSize"" -> {{1, 1}, {1, 1}}, ""Dilation"" -> {1, 1}, ""Input"" -> {128, 24, 24}]]","0cc9ksdljjj2p",6.3148443122676575e10,3.4021265363072548e10,3.935804263206673e9,"{0.012405, 0.002351, 0.002128, 0.002108, 0.00209, 0.002807, 0.002749, 0.002632, 0.002615, 0.002676, 0.002661, 0.002647, 0.002684, 0.002162, 0.003123, 0.005631, 0.009408, 0.010717, 0.012026, 0.008102, 0.009497, 0.00972, 0.014282, 0.008983, 0.001401, 0.001436, 0.009006, 0.001386, 0.001455, 0.00142, 0.001388, 0.001494, 0.001429, 0.001401, 0.00955, 0.001359, 0.001491, 0.001406, 0.001394, 0.001511, 0.00142, 0.001403, 0.001409, 0.011975, 0.001431, 0.001404, 0.0015, 0.001399, 0.001401, 0.014933, 0.02158, 0.016549, 0.004655, 0.002121, 0.002128, 0.002112, 0.002186, 0.002138, 0.002153, 0.002206, 0.002752, 0.002498, 0.002865, 0.00262, 0.002612, 0.002133, 0.003137, 0.002239, 0.003015, 0.002697, 0.002629, 0.002596, 0.002652, 0.0026, 0.002628, 0.002633, 0.002738, 0.002608, 0.002607, 0.005946, 0.005295, 0.001434, 0.005272, 0.001365, 0.001487, 0.009128, 0.001425, 0.001415, 0.008627, 0.001418, 0.001467, 0.005622, 0.001345, 0.001424, 0.001416, 0.009197, 0.001538, 0.001442, 0.006572, 0.00204}"
