"model_name","layer_name","layer_index","kind","min_time","mean_time","max_time","add_flops","div_flops","cmp_flops","exp_flops","mad_flops","input_channel","input_height","input_width","output_channel","output_height","output_width","function","kernel_1","kernel_2","stride_1","stride_2","dilation_1","dilation_2","input_form","topology_hash","mad/min_time","mad/mean_time","mad/max_time","time"
"Ademxapp Model A1 Trained on PASCAL VOC2012 and MS-COCO Data","7a/res7a_branch1",125,"Convolution",0.331148,0.40279265000000003,0.444358,0,0,0,0,33294385152,2048,63,63,4096,63,63,"",1,1,1,1,1,1,"HoldForm[ConvolutionLayer[4096, {1, 1}, ""Stride"" -> {1, 1}, ""PaddingSize"" -> {{0, 0}, {0, 0}}, ""Dilation"" -> {1, 1}, ""Input"" -> {2048, 63, 63}]]","10mpthtxbwth2",1.0054231084590576e11,8.26588696491855e10,7.4926939881807e10,"{0.444358, 0.414361, 0.385924, 0.38532, 0.399716, 0.411138, 0.440114, 0.405669, 0.414157, 0.380149, 0.410893, 0.351431, 0.41901, 0.399974, 0.423122, 0.401658, 0.400221, 0.38368, 0.407641, 0.422398, 0.397952, 0.422825, 0.415793, 0.433331, 0.410934, 0.417093, 0.420367, 0.420038, 0.405772, 0.3899, 0.374722, 0.39566, 0.372863, 0.4061, 0.426777, 0.397653, 0.395104, 0.409869, 0.331148, 0.422982, 0.402643, 0.411409, 0.417735, 0.429114, 0.3725, 0.41957, 0.424064, 0.365788, 0.397261, 0.359058, 0.420588, 0.377542, 0.402348, 0.389375, 0.405236, 0.388545, 0.399536, 0.402666, 0.398445, 0.389484, 0.423763, 0.39747, 0.383475, 0.416347, 0.395067, 0.387451, 0.399656, 0.405008, 0.399399, 0.385672, 0.377491, 0.402254, 0.418286, 0.420018, 0.384498, 0.413887, 0.41887, 0.418812, 0.400673, 0.398446, 0.41006, 0.408943, 0.382633, 0.41104, 0.411573, 0.377092, 0.350138, 0.38014, 0.39387, 0.423544, 0.397978, 0.421615, 0.398945, 0.385374, 0.398026, 0.40023, 0.421139, 0.361122, 0.388524, 0.393207}"
