"model_name","layer_name","layer_index","kind","min_time","mean_time","max_time","add_flops","div_flops","cmp_flops","exp_flops","mad_flops","input_channel","input_height","input_width","output_channel","output_height","output_width","function","kernel_1","kernel_2","stride_1","stride_2","dilation_1","dilation_2","input_form","topology_hash","mad/min_time","mad/mean_time","mad/max_time","time"
"ResNet-101 Trained on YFCC100m Geotagged Data","stage1_unit1/conv3",14,"Convolution",0.000518,0.0005613333333333333,0.012976,0,0,0,0,51380224,64,56,56,256,56,56,"",1,1,1,1,1,1,"HoldForm[ConvolutionLayer[256, {1, 1}, ""Stride"" -> {1, 1}, ""PaddingSize"" -> {{0, 0}, {0, 0}}, ""Dilation"" -> {1, 1}, ""Input"" -> {64, 56, 56}]]","1davxjujnb164",9.918962162162161e10,9.153246555819478e10,3.959635018495684e9,"{0.012976, 0.000655, 0.000569, 0.005629, 0.000647, 0.000552, 0.00053, 0.000523, 0.000521, 0.000544, 0.000526, 0.001459, 0.000582, 0.006076, 0.000638, 0.000548, 0.000525, 0.000519, 0.000518, 0.000591, 0.00059, 0.000541, 0.007529, 0.000643, 0.00059, 0.000578, 0.000538, 0.000518, 0.000538, 0.00056, 0.000544, 0.000522, 0.000524, 0.000523, 0.005613, 0.000651, 0.000542, 0.000528, 0.00065, 0.000545, 0.000527, 0.000594, 0.000581, 0.005403, 0.000649, 0.00055, 0.000555, 0.000581, 0.000572, 0.000533, 0.000522, 0.006121, 0.000658, 0.000554, 0.000529, 0.000577, 0.000535, 0.000523, 0.000552, 0.000521, 0.000522, 0.005074, 0.000661, 0.000552, 0.000556, 0.000576, 0.000535, 0.000522, 0.006714, 0.000696, 0.000554, 0.000525, 0.000569, 0.000533, 0.000542, 0.000523, 0.000521, 0.000521, 0.000519, 0.00449, 0.00062, 0.000539, 0.00054, 0.000591, 0.000531, 0.007099, 0.000669, 0.000561, 0.00053, 0.000576, 0.000577, 0.000559, 0.000529, 0.000523, 0.000523, 0.000521, 0.000521, 0.00413, 0.000621, 0.000562}"
