"model_name","layer_name","layer_index","kind","min_time","mean_time","max_time","add_flops","div_flops","cmp_flops","exp_flops","mad_flops","input_channel","input_height","input_width","output_channel","output_height","output_width","function","kernel_1","kernel_2","stride_1","stride_2","dilation_1","dilation_2","input_form","topology_hash","mad/min_time","mad/mean_time","mad/max_time","time"
"ResNet-152 Trained on ImageNet Competition Data","4a/res4a_branch2c",128,"Convolution",0.000402,0.00040860000000000007,0.000805,0,0,0,0,51380224,256,14,14,1024,14,14,"",1,1,1,1,1,1,"HoldForm[ConvolutionLayer[1024, {1, 1}, ""Stride"" -> {1, 1}, ""PaddingSize"" -> {{0, 0}, {0, 0}}, ""Dilation"" -> {1, 1}, ""Input"" -> {256, 14, 14}]]","05922ucprscvp",1.278115024875622e11,1.2574699951052373e11,6.38263652173913e10,"{0.000805, 0.00043, 0.000444, 0.00045, 0.000411, 0.000407, 0.000404, 0.000405, 0.000404, 0.000404, 0.000404, 0.000403, 0.000402, 0.000447, 0.000407, 0.000404, 0.000456, 0.000421, 0.000406, 0.000404, 0.000404, 0.000404, 0.000429, 0.000407, 0.000472, 0.000417, 0.000405, 0.000404, 0.000406, 0.000405, 0.000404, 0.000404, 0.000426, 0.000407, 0.000406, 0.000404, 0.000404, 0.000405, 0.000405, 0.000404, 0.000404, 0.000478, 0.000433, 0.000408, 0.000408, 0.000404, 0.000407, 0.000405, 0.000474, 0.000423}"
