"model_name","layer_name","layer_index","kind","min_time","mean_time","max_time","add_flops","div_flops","cmp_flops","exp_flops","mad_flops","input_channel","input_height","input_width","output_channel","output_height","output_width","function","kernel_1","kernel_2","stride_1","stride_2","dilation_1","dilation_2","input_form","topology_hash","mad/min_time","mad/mean_time","mad/max_time","time"
"Yahoo Open NSFW Model V1","stage0_block0/conv_branch2b",11,"Convolution",0.001181,0.0019399166666666666,0.019334,0,0,0,0,28901376,32,56,56,32,56,56,"",3,3,1,1,1,1,"HoldForm[ConvolutionLayer[32, {3, 3}, ""Stride"" -> {1, 1}, ""PaddingSize"" -> {{1, 1}, {1, 1}}, ""Dilation"" -> {1, 1}, ""Input"" -> {32, 56, 56}]]","0pv0617aa1f89",2.4471952582557156e10,1.4898256454315046e10,1.4948472121650977e9,"{0.019334, 0.001202, 0.001206, 0.001181, 0.001181, 0.003003, 0.001363, 0.001336, 0.001355, 0.00214, 0.001971, 0.001926, 0.001918, 0.001926, 0.001904, 0.001992, 0.002022, 0.001938, 0.002007, 0.001911, 0.001768, 0.002244, 0.001939, 0.001922, 0.00199, 0.002042, 0.002145, 0.001915, 0.001918, 0.001952, 0.002019, 0.001912, 0.001914, 0.001941, 0.001927, 0.002123, 0.001913, 0.001939, 0.001888, 0.002057, 0.002083, 0.00194, 0.001923, 0.001952, 0.001911, 0.002177, 0.001924, 0.001939, 0.001891, 0.001971, 0.001957, 0.002069, 0.001902, 0.001946, 0.001914, 0.001929, 0.001892, 0.002205, 0.001903, 0.001958, 0.001909, 0.001973, 0.002036, 0.001928, 0.001908, 0.001914, 0.001893, 0.002157, 0.001948, 0.001922, 0.00195, 0.002002, 0.001927, 0.001928, 0.001909, 0.001951, 0.002174, 0.00192, 0.001918, 0.001915, 0.001967, 0.002125, 0.001903, 0.001914, 0.00193, 0.001885, 0.002225, 0.001918, 0.001919, 0.001914, 0.001942, 0.002013, 0.002054, 0.001859, 0.002177, 0.001926, 0.00194, 0.001989, 0.001955, 0.001902}"
