"model_name","layer_name","layer_index","kind","min_time","mean_time","max_time","add_flops","div_flops","cmp_flops","exp_flops","mad_flops","input_channel","input_height","input_width","output_channel","output_height","output_width","function","kernel_1","kernel_2","stride_1","stride_2","dilation_1","dilation_2","input_form","topology_hash","mad/min_time","mad/mean_time","mad/max_time","time"
"Wolfram AudioIdentify V1 Trained on AudioSet Data","1/Net/4_6/conv4_6_expand",80,"Convolution",0.000041,0.00004266666666666668,0.000159,0,0,0,0,921600,80,6,4,480,6,4,"",1,1,1,1,1,1,"HoldForm[ConvolutionLayer[480, {1, 1}, ""Stride"" -> {1, 1}, ""PaddingSize"" -> {{0, 0}, {0, 0}}, ""Dilation"" -> {1, 1}, ""Input"" -> {80, 6, 4}]]","0hcpdf3q7eucl",2.2478048780487804e10,2.1599999999999992e10,5.79622641509434e9,"{0.000159, 0.00005, 0.000045, 0.000044, 0.000042, 0.000043, 0.000043, 0.000043, 0.000043, 0.000065, 0.000042, 0.000043, 0.000043, 0.000042, 0.000043, 0.000042, 0.000042, 0.000042, 0.000042, 0.000043, 0.000043, 0.000043, 0.000062, 0.000045, 0.000043, 0.000043, 0.000043, 0.000043, 0.000041, 0.000042, 0.000044, 0.000042, 0.000043, 0.000042, 0.000043, 0.000042, 0.000043, 0.000042, 0.000042, 0.000043, 0.000042, 0.000042, 0.000042, 0.000042, 0.000043, 0.000042, 0.000043, 0.000043, 0.000042, 0.000043}"
