"model_name","layer_name","layer_index","kind","min_time","mean_time","max_time","add_flops","div_flops","cmp_flops","exp_flops","mad_flops","input_channel","input_height","input_width","output_channel","output_height","output_width","function","kernel_1","kernel_2","stride_1","stride_2","dilation_1","dilation_2","input_form","topology_hash","mad/min_time","mad/mean_time","mad/max_time","time"
"Squeeze-and-Excitation Net Trained on ImageNet Competition Data","2a/conv2_1_1x1_reduce",14,"Convolution",0.000388,0.00039790000000000013,0.010977,0,0,0,0,51380224,128,56,56,128,56,56,"",1,1,1,1,1,1,"HoldForm[ConvolutionLayer[128, {1, 1}, ""Stride"" -> {1, 1}, ""PaddingSize"" -> {{0, 0}, {0, 0}}, ""Dilation"" -> {1, 1}, ""Input"" -> {128, 56, 56}]]","08jz3ssn2jlbg",1.3242325773195876e11,1.291284845438552e11,4.6807164070328865e9,"{0.010977, 0.000487, 0.000404, 0.000392, 0.00636, 0.000425, 0.000394, 0.000391, 0.000438, 0.000401, 0.000438, 0.000399, 0.000391, 0.000406, 0.000392, 0.000447, 0.000398, 0.000391, 0.006658, 0.000481, 0.000402, 0.000392, 0.00039, 0.00039, 0.000448, 0.0004, 0.000392, 0.000412, 0.000409, 0.000392, 0.00039, 0.00039, 0.00039, 0.006295, 0.000492, 0.000402, 0.000392, 0.00039, 0.000405, 0.000391, 0.000391, 0.000389, 0.000407, 0.000393, 0.000389, 0.000391, 0.00039, 0.000392, 0.006389, 0.000437, 0.000391, 0.00039, 0.00039, 0.00039, 0.000391, 0.000389, 0.000389, 0.00041, 0.000392, 0.00039, 0.00039, 0.000389, 0.00039, 0.006417, 0.000444, 0.000394, 0.00039, 0.000389, 0.000389, 0.000388, 0.000389, 0.000389, 0.000406, 0.000439, 0.000445, 0.000399, 0.000391, 0.00039, 0.001795, 0.000466, 0.000408, 0.007662, 0.000425, 0.000451, 0.000398, 0.00039, 0.000403, 0.000392, 0.00039, 0.000389, 0.000407, 0.000392, 0.000391, 0.000391, 0.00039, 0.000391, 0.00039, 0.000389, 0.00039, 0.005192}"
