"model_name","layer_name","layer_index","kind","min_time","mean_time","max_time","add_flops","div_flops","cmp_flops","exp_flops","mad_flops","input_channel","input_height","input_width","output_channel","output_height","output_width","function","kernel_1","kernel_2","stride_1","stride_2","dilation_1","dilation_2","input_form","topology_hash","mad/min_time","mad/mean_time","mad/max_time","time"
"ResNet-152 Trained on ImageNet Competition Data","4b2/res4b2_branch2b",145,"Convolution",0.001318,0.0018966666666666667,0.014831,0,0,0,0,115605504,256,14,14,256,14,14,"",3,3,1,1,1,1,"HoldForm[ConvolutionLayer[256, {3, 3}, ""Stride"" -> {1, 1}, ""PaddingSize"" -> {{1, 1}, {1, 1}}, ""Dilation"" -> {1, 1}, ""Input"" -> {256, 14, 14}]]","0gg7sts7v315o",8.771282549317148e10,6.095193532513181e10,7.794855640213067e9,"{0.014831, 0.001434, 0.001448, 0.00673, 0.001357, 0.001329, 0.001381, 0.005711, 0.001333, 0.001327, 0.001397, 0.006305, 0.001384, 0.001331, 0.001402, 0.005515, 0.001332, 0.001327, 0.001407, 0.00643, 0.001355, 0.001331, 0.001383, 0.005407, 0.001331, 0.001326, 0.001396, 0.006609, 0.001356, 0.001333, 0.001384, 0.00525, 0.001335, 0.001328, 0.00815, 0.00136, 0.00133, 0.001385, 0.001359, 0.004614, 0.00133, 0.001379, 0.001386, 0.001348, 0.009062, 0.001349, 0.001331, 0.001344, 0.003594, 0.001379, 0.001348, 0.006561, 0.001375, 0.001405, 0.001349, 0.003037, 0.004795, 0.001318, 0.008742, 0.001368, 0.001338, 0.00133, 0.001347, 0.003272, 0.001322, 0.001404, 0.002983, 0.001336, 0.005773, 0.001349, 0.00133, 0.007327, 0.001414, 0.001381, 0.001332, 0.005919, 0.001335, 0.001328, 0.001343, 0.002917, 0.003114, 0.00634, 0.001331, 0.001392, 0.001349, 0.003908, 0.004502, 0.001319, 0.001352, 0.00133, 0.005908, 0.001439, 0.001376, 0.002075, 0.00467, 0.001396, 0.005436, 0.004077, 0.00407, 0.003865}"
