"model_name","layer_name","layer_index","kind","min_time","mean_time","max_time","add_flops","div_flops","cmp_flops","exp_flops","mad_flops","input_channel","input_height","input_width","output_channel","output_height","output_width","function","kernel_1","kernel_2","stride_1","stride_2","dilation_1","dilation_2","input_form","topology_hash","mad/min_time","mad/mean_time","mad/max_time","time"
"ResNet-152 Trained on ImageNet Competition Data","4b13/res4b13_branch2a",252,"Convolution",0.000421,0.00043180000000000014,0.007755,0,0,0,0,51380224,1024,14,14,256,14,14,"",1,1,1,1,1,1,"HoldForm[ConvolutionLayer[256, {1, 1}, ""Stride"" -> {1, 1}, ""PaddingSize"" -> {{0, 0}, {0, 0}}, ""Dilation"" -> {1, 1}, ""Input"" -> {1024, 14, 14}]]","0659yipuh34xm",1.2204328741092638e11,1.1899079203334872e11,6.625431850419085e9,"{0.007755, 0.00773, 0.000568, 0.000436, 0.000425, 0.000422, 0.000422, 0.000422, 0.000422, 0.000443, 0.000426, 0.000423, 0.000423, 0.007132, 0.000488, 0.000425, 0.000424, 0.000422, 0.000422, 0.000421, 0.000423, 0.000421, 0.000438, 0.000426, 0.000469, 0.000435, 0.000423, 0.000455, 0.005855, 0.000482, 0.000425, 0.000423, 0.000423, 0.000422, 0.000422, 0.000471, 0.000431, 0.000442, 0.000466, 0.000424, 0.000422, 0.006757, 0.000497, 0.000477, 0.000434, 0.000422, 0.000461, 0.000429, 0.000422, 0.000466, 0.000466, 0.000449, 0.000425, 0.000422, 0.000422, 0.006156, 0.000515, 0.000429, 0.000424, 0.000423, 0.00047, 0.000443, 0.000424, 0.000442, 0.000425, 0.000421, 0.000422, 0.000422, 0.006738, 0.000549, 0.000435, 0.000424, 0.000424, 0.000422, 0.000422, 0.000421, 0.000435, 0.000426, 0.000422, 0.000421, 0.000421, 0.000422, 0.00635, 0.000494, 0.000426, 0.000422, 0.000422, 0.000422, 0.000422, 0.000422, 0.000421, 0.000443, 0.000423, 0.000421, 0.000473, 0.006748, 0.000488, 0.000425, 0.000423, 0.000421}"
