"model_name","layer_name","layer_index","kind","min_time","mean_time","max_time","add_flops","div_flops","cmp_flops","exp_flops","mad_flops","input_channel","input_height","input_width","output_channel","output_height","output_width","function","kernel_1","kernel_2","stride_1","stride_2","dilation_1","dilation_2","input_form","topology_hash","mad/min_time","mad/mean_time","mad/max_time","time"
"Inception V1 Trained on ImageNet Competition Data","conv2_relu_3x3",9,"Elementwise",0.00025,0.00025181666666666667,0.00147,0,0,602112,0,602112,192,56,56,192,56,56,"Ramp","","","","","","","HoldForm[ElementwiseLayer[Ramp, ""Input"" -> {192, 56, 56}]]","1cgq3gbjnh5ew",2.408448e9,2.3910728704745517e9,4.0960000000000006e8,"{0.00147, 0.000312, 0.000294, 0.000254, 0.000252, 0.000252, 0.000252, 0.000251, 0.000251, 0.00025, 0.000251, 0.000251, 0.000252, 0.000269, 0.000252, 0.00025, 0.000253, 0.000253, 0.000253, 0.000253, 0.000253, 0.000253, 0.000252, 0.000254, 0.000253, 0.000253, 0.000254, 0.000254, 0.000253, 0.000281, 0.000278, 0.000252, 0.000253, 0.000253, 0.000253, 0.000251, 0.000251, 0.000251, 0.000251, 0.00025, 0.000263, 0.000251, 0.000285, 0.000253, 0.000265, 0.000251, 0.000252, 0.000251, 0.000251, 0.000252, 0.000251, 0.00025, 0.000251, 0.00025, 0.00025, 0.00025, 0.000251, 0.000251, 0.000251, 0.000251, 0.000266, 0.000252, 0.000251, 0.000251, 0.000252, 0.000251, 0.00025, 0.000251, 0.000251, 0.00025, 0.000272, 0.000252, 0.00025, 0.00025, 0.000251, 0.000252, 0.000263, 0.000252, 0.000251, 0.000264, 0.000251, 0.000283, 0.000253, 0.000251, 0.000251, 0.000281, 0.000252, 0.000252, 0.000252, 0.000251, 0.000251, 0.000267, 0.000252, 0.000251, 0.000251, 0.000251, 0.000251, 0.000279, 0.000251, 0.000251}"
