"model_name","layer_name","layer_index","kind","min_time","mean_time","max_time","add_flops","div_flops","cmp_flops","exp_flops","mad_flops","input_channel","input_height","input_width","output_channel","output_height","output_width","function","kernel_1","kernel_2","stride_1","stride_2","dilation_1","dilation_2","input_form","topology_hash","mad/min_time","mad/mean_time","mad/max_time","time"
"Single-Image Depth Perception Net Trained on NYU Depth V2 and Depth in the Wild Data","4/1/2/1/4/6",497,"Elementwise",0.000464,0.0004703666666666669,0.00315,0,0,1228800,0,1228800,16,240,320,16,240,320,"Ramp","","","","","","","HoldForm[ElementwiseLayer[Ramp, ""Input"" -> {16, 240, 320}]]","0akzi5qh3flqj",2.6482758620689654e9,2.6124300191340075e9,3.900952380952381e8,"{0.00315, 0.000814, 0.00066, 0.000577, 0.000489, 0.000479, 0.000473, 0.000471, 0.000471, 0.00047, 0.000498, 0.00047, 0.000483, 0.000467, 0.000468, 0.000466, 0.000467, 0.000466, 0.000467, 0.000467, 0.000513, 0.000508, 0.000468, 0.00048, 0.000469, 0.000466, 0.000466, 0.000467, 0.000465, 0.000478, 0.000468, 0.000495, 0.00047, 0.000469, 0.000469, 0.000467, 0.000468, 0.000515, 0.000468, 0.000467, 0.000467, 0.000469, 0.000507, 0.00047, 0.000484, 0.00048, 0.000469, 0.000467, 0.00047, 0.000467, 0.000468, 0.000467, 0.000496, 0.000468, 0.000488, 0.000469, 0.000468, 0.000468, 0.000469, 0.000469, 0.000468, 0.000467, 0.000481, 0.000506, 0.000471, 0.000483, 0.000469, 0.000469, 0.000468, 0.000468, 0.000467, 0.000483, 0.000466, 0.000465, 0.00052, 0.000467, 0.000465, 0.000465, 0.000464, 0.000483, 0.000467, 0.000464, 0.000465, 0.000466, 0.000505, 0.000467, 0.000479, 0.00048, 0.000468, 0.000466, 0.000467, 0.000465, 0.000466, 0.000465, 0.000465, 0.000491, 0.000486, 0.000467, 0.000465, 0.000465}"
