"model_name","layer_name","layer_index","kind","min_time","mean_time","max_time","add_flops","div_flops","cmp_flops","exp_flops","mad_flops","input_channel","input_height","input_width","output_channel","output_height","output_width","function","kernel_1","kernel_2","stride_1","stride_2","dilation_1","dilation_2","input_form","topology_hash","mad/min_time","mad/mean_time","mad/max_time","time"
"SSD-VGG-300 Trained on PASCAL VOC Data","1/1/blockNet8/conv8a/2",38,"Elementwise",0.00004,0.00004089999999999997,0.000352,0,0,92416,0,92416,256,19,19,256,19,19,"Ramp","","","","","","","HoldForm[ElementwiseLayer[Ramp, ""Input"" -> {256, 19, 19}]]","0n5phni1udutg",2.3103999999999995e9,2.2595599022004905e9,2.6254545454545456e8,"{0.000352, 0.000055, 0.000046, 0.000042, 0.000042, 0.000041, 0.000041, 0.000041, 0.000041, 0.00004, 0.000041, 0.000041, 0.000041, 0.000041, 0.000041, 0.000041, 0.00004, 0.000041, 0.000041, 0.000041, 0.000041, 0.00004, 0.000041, 0.000063, 0.000047, 0.000042, 0.000042, 0.00004, 0.000041, 0.000041, 0.00004, 0.000041, 0.000041, 0.00004, 0.000041, 0.00004, 0.00004, 0.000041, 0.000041, 0.00004, 0.000041, 0.000041, 0.000041, 0.00004, 0.000041, 0.000041, 0.00004, 0.000041, 0.00004, 0.000041, 0.000041, 0.00004, 0.000041, 0.00004, 0.000041, 0.000041, 0.000041, 0.000043, 0.000066, 0.000052, 0.000042, 0.000041, 0.000041, 0.000041, 0.00004, 0.000041, 0.000041, 0.000041, 0.00004, 0.000041, 0.000041, 0.000041, 0.000041, 0.00004, 0.000041, 0.00004, 0.000041, 0.00004, 0.000041, 0.00004, 0.000041, 0.00004, 0.00004, 0.000041, 0.000041, 0.00004, 0.000041, 0.000041, 0.000041, 0.000041, 0.000041, 0.000041, 0.00004, 0.000041, 0.000041, 0.000041, 0.00004, 0.00004, 0.000041, 0.000041}"
