"model_name","layer_name","layer_index","kind","min_time","mean_time","max_time","add_flops","div_flops","cmp_flops","exp_flops","mad_flops","input_channel","input_height","input_width","output_channel","output_height","output_width","function","kernel_1","kernel_2","stride_1","stride_2","dilation_1","dilation_2","input_form","topology_hash","mad/min_time","mad/mean_time","mad/max_time","time"
"Wide ResNet-50-2 Trained on ImageNet Competition Data","20/6",168,"Elementwise",0.000027,0.000027900000000000017,0.000256,0,0,50176,0,50176,1024,7,7,1024,7,7,"Ramp","","","","","","","HoldForm[ElementwiseLayer[Ramp, ""Input"" -> {1024, 7, 7}]]","0cwhss9ji1j6t",1.8583703703703704e9,1.7984229390680995e9,1.96e8,"{0.000256, 0.000038, 0.000031, 0.000029, 0.000029, 0.000029, 0.000028, 0.000028, 0.000028, 0.000028, 0.000028, 0.000027, 0.000027, 0.000028, 0.000028, 0.000027, 0.000028, 0.000028, 0.000027, 0.000028, 0.000028, 0.000028, 0.000028, 0.000028, 0.000028, 0.000027, 0.000028, 0.000028, 0.000027, 0.000028, 0.000028, 0.000028, 0.000027, 0.000027, 0.000028, 0.000028, 0.000028, 0.000028, 0.000028, 0.000028, 0.000028, 0.000028, 0.000027, 0.000028, 0.000028, 0.000027, 0.000027, 0.000027, 0.000028, 0.000028, 0.000027, 0.000027, 0.000027, 0.000028, 0.000028, 0.000028, 0.000027, 0.000028, 0.000028, 0.000028, 0.000027, 0.000028, 0.000028, 0.000028, 0.000028, 0.000028, 0.000028, 0.000028, 0.000028, 0.000028, 0.000027, 0.000028, 0.000028, 0.000028, 0.000027, 0.000028, 0.000028, 0.000028, 0.000027, 0.000028, 0.000028, 0.000027, 0.000027, 0.000028, 0.000028, 0.000028, 0.000028, 0.000028, 0.000027, 0.000028, 0.000028, 0.000028, 0.000027, 0.000028, 0.000028, 0.000028, 0.000027, 0.000027, 0.000028, 0.000028}"
