"model_name","layer_name","layer_index","kind","min_time","mean_time","max_time","add_flops","div_flops","cmp_flops","exp_flops","mad_flops","input_channel","input_height","input_width","output_channel","output_height","output_width","function","kernel_1","kernel_2","stride_1","stride_2","dilation_1","dilation_2","input_form","topology_hash","mad/min_time","mad/mean_time","mad/max_time","time"
"Unguided Volumetric Regression Net for 3D Face Reconstruction","9/2/1/1/4/1/1/2/1/1/5",580,"Elementwise",0.000122,0.0001241833333333334,0.000856,0,0,294912,0,294912,128,48,48,128,48,48,"Ramp","","","","","","","HoldForm[ElementwiseLayer[Ramp, ""Input"" -> {128, 48, 48}]]","0luaic76wbzvs",2.4173114754098363e9,2.37481143470675e9,3.4452336448598135e8,"{0.000856, 0.000159, 0.00013, 0.000125, 0.000123, 0.000124, 0.000123, 0.000123, 0.000123, 0.000122, 0.000123, 0.000123, 0.000122, 0.000123, 0.000146, 0.000123, 0.000123, 0.000123, 0.000122, 0.000123, 0.000122, 0.000122, 0.000123, 0.000123, 0.000122, 0.000123, 0.000122, 0.000123, 0.000123, 0.000122, 0.000123, 0.000123, 0.000136, 0.000123, 0.000124, 0.000123, 0.000123, 0.000123, 0.000123, 0.000124, 0.000124, 0.000123, 0.000124, 0.000123, 0.000125, 0.000126, 0.000138, 0.000127, 0.000125, 0.000125, 0.000125, 0.000125, 0.000124, 0.000125, 0.000125, 0.000156, 0.000131, 0.000126, 0.000126, 0.000125, 0.000125, 0.000125, 0.000125, 0.000125, 0.000125, 0.000125, 0.000124, 0.000124, 0.000124, 0.00017, 0.000132, 0.000127, 0.000125, 0.000126, 0.000125, 0.000125, 0.000125, 0.000152, 0.000126, 0.000126, 0.000125, 0.000125, 0.000125, 0.000124, 0.000125, 0.000125, 0.000125, 0.000125, 0.000125, 0.000125, 0.000124, 0.000125, 0.000125, 0.000124, 0.000124, 0.000123, 0.000123, 0.000123, 0.000123, 0.000123}"
