"model_name","layer_name","layer_index","kind","min_time","mean_time","max_time","add_flops","div_flops","cmp_flops","exp_flops","mad_flops","input_channel","input_height","input_width","output_channel","output_height","output_width","function","kernel_1","kernel_2","stride_1","stride_2","dilation_1","dilation_2","input_form","topology_hash","mad/min_time","mad/mean_time","mad/max_time","time"
"Wide ResNet-50-2 Trained on ImageNet Competition Data","15/10",120,"Elementwise",0.000096,0.00009718333333333331,0.000641,0,0,200704,0,200704,1024,14,14,1024,14,14,"Ramp","","","","","","","HoldForm[ElementwiseLayer[Ramp, ""Input"" -> {1024, 14, 14}]]","1k2x5pn4rbhw1",2.0906666666666665e9,2.0652100840336137e9,3.131107644305772e8,"{0.000641, 0.000119, 0.000099, 0.000098, 0.000098, 0.000097, 0.000097, 0.000096, 0.000097, 0.000097, 0.000096, 0.000097, 0.000096, 0.000096, 0.000096, 0.000097, 0.000096, 0.000096, 0.000096, 0.000096, 0.000097, 0.000097, 0.000096, 0.000096, 0.000097, 0.000096, 0.00014, 0.000098, 0.000097, 0.000097, 0.000097, 0.000096, 0.000098, 0.000097, 0.000097, 0.000096, 0.000097, 0.0001, 0.000097, 0.000097, 0.000097, 0.000096, 0.000097, 0.000096, 0.000096, 0.000096, 0.000096, 0.000096, 0.000096, 0.000097, 0.000097, 0.000097, 0.000097, 0.000097, 0.000096, 0.000096, 0.000097, 0.000097, 0.000097, 0.000096, 0.000096, 0.000096, 0.000096, 0.000097, 0.000097, 0.000096, 0.000097, 0.000097, 0.000097, 0.000096, 0.000097, 0.000097, 0.000096, 0.000098, 0.000099, 0.000131, 0.000105, 0.000117, 0.0001, 0.000112, 0.000099, 0.000099, 0.000099, 0.000099, 0.0001, 0.000099, 0.000098, 0.000099, 0.000099, 0.000098, 0.000098, 0.000098, 0.000098, 0.000099, 0.000099, 0.000099, 0.000099, 0.000099, 0.000099, 0.000098}"
