"model_name","layer_name","layer_index","kind","min_time","mean_time","max_time","add_flops","div_flops","cmp_flops","exp_flops","mad_flops","input_channel","input_height","input_width","output_channel","output_height","output_width","function","kernel_1","kernel_2","stride_1","stride_2","dilation_1","dilation_2","input_form","topology_hash","mad/min_time","mad/mean_time","mad/max_time","time"
"Squeeze-and-Excitation Net Trained on ImageNet Competition Data","4m/conv4_13_1x1_reduce_relu",411,"Elementwise",0.000043,0.00004444999999999999,0.00038,0,0,100352,0,100352,512,14,14,512,14,14,"Ramp","","","","","","","HoldForm[ElementwiseLayer[Ramp, ""Input"" -> {512, 14, 14}]]","051ljacqnis96",2.333767441860465e9,2.2576377952755914e9,2.6408421052631578e8,"{0.00038, 0.000062, 0.00005, 0.000047, 0.000046, 0.000067, 0.000082, 0.000052, 0.000047, 0.000045, 0.000045, 0.000045, 0.000045, 0.000045, 0.000045, 0.000045, 0.000044, 0.000045, 0.000044, 0.000045, 0.000043, 0.000045, 0.000044, 0.000045, 0.000044, 0.000044, 0.000045, 0.000045, 0.000044, 0.000044, 0.000044, 0.000045, 0.000044, 0.000044, 0.000044, 0.000044, 0.000045, 0.000045, 0.000045, 0.000045, 0.000044, 0.000044, 0.000044, 0.000044, 0.000044, 0.000044, 0.000044, 0.000044, 0.000044, 0.000044, 0.000044, 0.000045, 0.000044, 0.000045, 0.000045, 0.000044, 0.000044, 0.000045, 0.000044, 0.000043, 0.000044, 0.000045, 0.000044, 0.000044, 0.000044, 0.000044, 0.000044, 0.000044, 0.000044, 0.000044, 0.000044, 0.000044, 0.000044, 0.000044, 0.000045, 0.000044, 0.000045, 0.000044, 0.000044, 0.000044, 0.000044, 0.000044, 0.000045, 0.000044, 0.000044, 0.000044, 0.000045, 0.000044, 0.000044, 0.000058, 0.000046, 0.000045, 0.000053, 0.000047, 0.000046, 0.000045, 0.000046, 0.000045, 0.000045, 0.000045}"
