"model_name","layer_name","layer_index","kind","min_time","mean_time","max_time","add_flops","div_flops","cmp_flops","exp_flops","mad_flops","input_channel","input_height","input_width","output_channel","output_height","output_width","function","kernel_1","kernel_2","stride_1","stride_2","dilation_1","dilation_2","input_form","topology_hash","mad/min_time","mad/mean_time","mad/max_time","time"
"Dilated ResNet-105 Trained on Cityscapes Data","relu86",295,"Elementwise",0.005503,0.005740166666666668,0.019534,0,0,8388608,0,8388608,1024,64,128,1024,64,128,"Ramp","","","","","","","HoldForm[ElementwiseLayer[Ramp, ""Input"" -> {1024, 64, 128}]]","1vribs1xukkfc",1.5243699800109031e9,1.461387532301617e9,4.294362649738917e8,"{0.019534, 0.00635, 0.006174, 0.006189, 0.006175, 0.006149, 0.006043, 0.005952, 0.006037, 0.005918, 0.005946, 0.005897, 0.005861, 0.005811, 0.005817, 0.005782, 0.005797, 0.005726, 0.005745, 0.005724, 0.005667, 0.005674, 0.005688, 0.005663, 0.00564, 0.00568, 0.005681, 0.00567, 0.005696, 0.005699, 0.005649, 0.005688, 0.00566, 0.005697, 0.005664, 0.005631, 0.005573, 0.005527, 0.00557, 0.005558, 0.00551, 0.00555, 0.005503, 0.00558, 0.005546, 0.005909, 0.005802, 0.005863, 0.005715, 0.005722}"
