"model_name","layer_name","layer_index","kind","min_time","mean_time","max_time","add_flops","div_flops","cmp_flops","exp_flops","mad_flops","input_channel","input_height","input_width","output_channel","output_height","output_width","function","kernel_1","kernel_2","stride_1","stride_2","dilation_1","dilation_2","input_form","topology_hash","mad/min_time","mad/mean_time","mad/max_time","time"
"Dilated ResNet-105 Trained on Cityscapes Data","relu31",111,"Elementwise",0.000858,0.0008899,0.004835,0,0,2097152,0,2097152,256,64,128,256,64,128,"Ramp","","","","","","","HoldForm[ElementwiseLayer[Ramp, ""Input"" -> {256, 64, 128}]]","1dq53uhc5a1i5",2.4442331002331e9,2.3566153500393305e9,4.3374395036194414e8,"{0.004835, 0.001302, 0.001171, 0.001053, 0.001016, 0.000938, 0.000919, 0.000921, 0.000907, 0.000926, 0.00089, 0.000894, 0.000886, 0.000915, 0.000874, 0.000871, 0.000872, 0.000903, 0.000887, 0.000874, 0.000868, 0.000863, 0.0009, 0.000864, 0.000862, 0.000869, 0.000865, 0.000906, 0.000868, 0.000869, 0.000913, 0.000918, 0.000876, 0.000876, 0.000872, 0.000872, 0.000916, 0.000883, 0.000874, 0.000872, 0.000919, 0.00089, 0.000858, 0.000864, 0.000866, 0.000911, 0.000896, 0.000891, 0.000877, 0.000912}"
