"model_name","layer_name","layer_index","kind","min_time","mean_time","max_time","add_flops","div_flops","cmp_flops","exp_flops","mad_flops","input_channel","input_height","input_width","output_channel","output_height","output_width","function","kernel_1","kernel_2","stride_1","stride_2","dilation_1","dilation_2","input_form","topology_hash","mad/min_time","mad/mean_time","mad/max_time","time"
"Dilated ResNet-38 Trained on Cityscapes Data","relu16",62,"Elementwise",0.000407,0.0004167999999999999,0.002463,0,0,1048576,0,1048576,128,64,128,128,64,128,"Ramp","","","","","","","HoldForm[ElementwiseLayer[Ramp, ""Input"" -> {128, 64, 128}]]","0dx3x2h53rfm1",2.5763538083538084e9,2.5157773512476015e9,4.257312220868859e8,"{0.002463, 0.000597, 0.000503, 0.000417, 0.000423, 0.000409, 0.000417, 0.000417, 0.000418, 0.000421, 0.00042, 0.000453, 0.000415, 0.000417, 0.000419, 0.00043, 0.000426, 0.000417, 0.000423, 0.000418, 0.000415, 0.000447, 0.000415, 0.000423, 0.000419, 0.000413, 0.00041, 0.000417, 0.000428, 0.000412, 0.000443, 0.000412, 0.000407, 0.00041, 0.000409, 0.000409, 0.000411, 0.000409, 0.000409, 0.000411, 0.000446, 0.000415, 0.000418, 0.000419, 0.000413, 0.000411, 0.000416, 0.000416, 0.000415, 0.000413}"
