"model_name","layer_name","layer_index","kind","min_time","mean_time","max_time","add_flops","div_flops","cmp_flops","exp_flops","mad_flops","input_channel","input_height","input_width","output_channel","output_height","output_width","function","kernel_1","kernel_2","stride_1","stride_2","dilation_1","dilation_2","input_form","topology_hash","mad/min_time","mad/mean_time","mad/max_time","time"
"Ademxapp Model A1 Trained on PASCAL VOC2012 and MS-COCO Data","5b1/res5b1_branch2b1_relu",101,"Elementwise",0.000996,0.0010509666666666667,0.004802,0,0,2032128,0,2032128,512,63,63,512,63,63,"Ramp","","","","","","","HoldForm[ElementwiseLayer[Ramp, ""Input"" -> {512, 63, 63}]]","0bs40dqisfuvt",2.0402891566265063e9,1.9335798788417013e9,4.2318367346938777e8,"{0.004802, 0.001425, 0.001281, 0.001142, 0.001112, 0.0011, 0.001051, 0.001029, 0.001039, 0.001012, 0.001073, 0.000996, 0.001075, 0.001014, 0.001044, 0.001032, 0.001004, 0.001037, 0.001066, 0.00113, 0.001061, 0.001051, 0.00107, 0.001068, 0.001073, 0.001026, 0.00104, 0.001073, 0.001062, 0.001113, 0.001109, 0.001045, 0.001023, 0.001052, 0.001073, 0.00102, 0.001016, 0.001023, 0.001086, 0.001014, 0.001033, 0.001067, 0.001053, 0.001059, 0.001074, 0.001033, 0.001052, 0.001029, 0.001075, 0.001022, 0.001071, 0.001024, 0.001066, 0.001081, 0.001028, 0.001027, 0.001033, 0.001046, 0.001077, 0.001056, 0.001072, 0.001068, 0.00106, 0.001029, 0.001031, 0.001036, 0.001016, 0.001065, 0.001031, 0.001072, 0.001009, 0.001016, 0.001085, 0.001031, 0.001028, 0.001021, 0.001043, 0.001138, 0.001083, 0.001061, 0.001077, 0.001131, 0.001053, 0.001034, 0.001075, 0.00105, 0.00109, 0.001037, 0.001034, 0.001035, 0.001028, 0.001083, 0.001026, 0.001014, 0.001008, 0.001056, 0.00109, 0.001036, 0.001044, 0.00106}"
