"model_name","layer_name","layer_index","kind","min_time","mean_time","max_time","add_flops","div_flops","cmp_flops","exp_flops","mad_flops","input_channel","input_height","input_width","output_channel","output_height","output_width","function","kernel_1","kernel_2","stride_1","stride_2","dilation_1","dilation_2","input_form","topology_hash","mad/min_time","mad/mean_time","mad/max_time","time"
"Pix2pix Street-Map-to-Photo Translation","56",1,"Elementwise",0.00016,0.0001627666666666666,0.000706,196608,0,0,0,196608,3,256,256,3,256,256,"ScalarFunctionObject[{ScalarSymbol[1]}, ScalarSymbol[3], <|ScalarSymbol[2] -> {Times, 2., ScalarSymbol[1]}, ScalarSymbol[3] -> {Plus, -1., ScalarSymbol[2]}|>]","","","","","","","HoldForm[ElementwiseLayer[-1 + 2*#1 & , ""Input"" -> {3, 256, 256}]]","11ptpdv15gmia",1.2287999999999998e9,1.207913168134344e9,2.7848158640226626e8,"{0.000706, 0.000186, 0.000167, 0.000164, 0.000163, 0.000161, 0.00016, 0.00016, 0.000161, 0.00016, 0.000161, 0.000178, 0.000163, 0.000161, 0.000161, 0.000161, 0.000161, 0.000161, 0.000161, 0.00016, 0.000161, 0.00016, 0.000186, 0.000164, 0.000161, 0.000162, 0.000161, 0.000161, 0.000161, 0.00016, 0.000161, 0.0002, 0.000172, 0.000165, 0.000165, 0.000164, 0.000165, 0.000164, 0.000164, 0.000164, 0.000166, 0.000164, 0.000165, 0.000164, 0.000165, 0.000164, 0.000181, 0.000165, 0.000164, 0.000164, 0.000164, 0.000164, 0.000165, 0.000165, 0.000218, 0.000174, 0.000166, 0.000164, 0.000164, 0.000164, 0.000163, 0.000164, 0.000163, 0.000164, 0.000164, 0.000163, 0.000162, 0.000162, 0.000162, 0.000161, 0.000195, 0.000165, 0.000162, 0.000162, 0.000162, 0.000162, 0.000162, 0.000162, 0.000161, 0.000161, 0.000161, 0.000161, 0.000161, 0.000162, 0.000161, 0.00016, 0.000162, 0.000162, 0.000161, 0.000161, 0.000161, 0.000161, 0.0002, 0.000166, 0.000175, 0.000163, 0.000162, 0.000162, 0.000162, 0.000162}"
