"model_name","layer_name","layer_index","kind","min_time","mean_time","max_time","add_flops","div_flops","cmp_flops","exp_flops","mad_flops","input_channel","input_height","input_width","output_channel","output_height","output_width","function","kernel_1","kernel_2","stride_1","stride_2","dilation_1","dilation_2","input_form","topology_hash","mad/min_time","mad/mean_time","mad/max_time","time"
"ResNet-101 Trained on YFCC100m Geotagged Data","stage1_unit1/relu2",10,"Elementwise",0.000086,0.00008726666666666667,0.000137,0,0,200704,0,200704,64,56,56,64,56,56,"Ramp","","","","","","","HoldForm[ElementwiseLayer[Ramp, ""Input"" -> {64, 56, 56}]]","0055vgwv4hket",2.333767441860465e9,2.299893048128342e9,1.464992700729927e9,"{0.000137, 0.0001, 0.000087, 0.000087, 0.000087, 0.000086, 0.000088, 0.000087, 0.000087, 0.000087, 0.000087, 0.000087, 0.000087, 0.000087, 0.000087, 0.000087, 0.000087, 0.000087, 0.000103, 0.000091, 0.000087, 0.000087, 0.000087, 0.000087, 0.000087, 0.000087, 0.000088, 0.000088, 0.000087, 0.000104, 0.00009, 0.000087, 0.000087, 0.000087, 0.000087, 0.000088, 0.000088, 0.000087, 0.000087, 0.000115, 0.000088, 0.000088, 0.000087, 0.000088, 0.000087, 0.000087, 0.000088, 0.000088, 0.000088, 0.000087}"
