"model_name","layer_name","layer_index","kind","min_time","mean_time","max_time","add_flops","div_flops","cmp_flops","exp_flops","mad_flops","input_channel","input_height","input_width","output_channel","output_height","output_width","function","kernel_1","kernel_2","stride_1","stride_2","dilation_1","dilation_2","input_form","topology_hash","mad/min_time","mad/mean_time","mad/max_time","time"
"ResNet-101 Trained on YFCC100m Geotagged Data","stage2_unit2/relu1",49,"Elementwise",0.000157,0.00015883333333333336,0.000241,0,0,401408,0,401408,512,28,28,512,28,28,"Ramp","","","","","","","HoldForm[ElementwiseLayer[Ramp, ""Input"" -> {512, 28, 28}]]","1dnvsxrgaunmm",2.556738853503185e9,2.527227701993704e9,1.6655933609958506e9,"{0.000241, 0.000181, 0.000161, 0.00016, 0.000159, 0.000159, 0.000158, 0.000158, 0.000158, 0.000158, 0.000158, 0.000159, 0.000159, 0.000158, 0.000159, 0.000158, 0.000157, 0.000159, 0.000158, 0.000192, 0.000159, 0.000159, 0.000159, 0.000159, 0.000159, 0.000159, 0.000158, 0.000158, 0.000158, 0.000159, 0.00016, 0.000158, 0.000159, 0.000159, 0.00016, 0.000172, 0.000163, 0.000172, 0.000161, 0.00016, 0.000159, 0.000158, 0.000157, 0.000159, 0.000184, 0.000159, 0.000158, 0.000159, 0.000158, 0.000158}"
