"model_name","layer_name","layer_index","kind","min_time","mean_time","max_time","add_flops","div_flops","cmp_flops","exp_flops","mad_flops","input_channel","input_height","input_width","output_channel","output_height","output_width","function","kernel_1","kernel_2","stride_1","stride_2","dilation_1","dilation_2","input_form","topology_hash","mad/min_time","mad/mean_time","mad/max_time","time"
"Inception V1 Trained on ImageNet Competition Data","inception_3a/relu_3x3",18,"Elementwise",0.000042,0.00004330000000000005,0.000407,0,0,100352,0,100352,128,28,28,128,28,28,"Ramp","","","","","","","HoldForm[ElementwiseLayer[Ramp, ""Input"" -> {128, 28, 28}]]","124swtlye8de0",2.3893333333333335e9,2.3175981524249396e9,2.4656511056511056e8,"{0.000407, 0.000066, 0.000049, 0.000046, 0.000045, 0.000044, 0.000043, 0.000044, 0.000043, 0.000044, 0.000044, 0.000043, 0.000043, 0.000043, 0.000044, 0.000043, 0.000043, 0.000043, 0.000044, 0.000043, 0.000043, 0.000043, 0.000043, 0.000043, 0.000043, 0.000043, 0.000043, 0.000042, 0.000043, 0.000043, 0.000043, 0.000043, 0.000044, 0.000043, 0.000043, 0.000043, 0.000043, 0.000043, 0.000044, 0.000043, 0.000043, 0.000043, 0.000043, 0.000043, 0.000043, 0.000043, 0.000044, 0.000043, 0.000044, 0.000043, 0.000043, 0.000043, 0.000043, 0.000043, 0.000043, 0.000043, 0.000043, 0.000082, 0.000053, 0.000045, 0.000074, 0.00005, 0.000044, 0.000044, 0.000044, 0.000044, 0.000043, 0.000044, 0.000043, 0.000043, 0.000043, 0.000044, 0.000043, 0.000043, 0.000043, 0.000043, 0.000044, 0.000044, 0.000043, 0.000043, 0.000065, 0.000046, 0.000044, 0.000044, 0.000043, 0.000044, 0.000044, 0.000043, 0.000043, 0.000044, 0.000043, 0.000043, 0.000043, 0.000044, 0.000044, 0.000043, 0.000043, 0.000043, 0.000044, 0.000043}"
