"model_name","layer_name","layer_index","kind","min_time","mean_time","max_time","add_flops","div_flops","cmp_flops","exp_flops","mad_flops","input_channel","input_height","input_width","output_channel","output_height","output_width","function","kernel_1","kernel_2","stride_1","stride_2","dilation_1","dilation_2","input_form","topology_hash","mad/min_time","mad/mean_time","mad/max_time","time"
"Wide ResNet-50-2 Trained on ImageNet Competition Data","9/10",58,"Elementwise",0.000168,0.00017051666666666667,0.001044,0,0,401408,0,401408,512,28,28,512,28,28,"Ramp","","","","","","","HoldForm[ElementwiseLayer[Ramp, ""Input"" -> {512, 28, 28}]]","1dnvsxrgaunmm",2.3893333333333335e9,2.354069005962271e9,3.844904214559387e8,"{0.001044, 0.000228, 0.000176, 0.000172, 0.000169, 0.000169, 0.00017, 0.00017, 0.000169, 0.000169, 0.000169, 0.000169, 0.000169, 0.000202, 0.000174, 0.000182, 0.00017, 0.00017, 0.000169, 0.000169, 0.000169, 0.00017, 0.000169, 0.000169, 0.000191, 0.000171, 0.000169, 0.000169, 0.00017, 0.000217, 0.000177, 0.000173, 0.000172, 0.000171, 0.000171, 0.000171, 0.000172, 0.000171, 0.000171, 0.000171, 0.000171, 0.000172, 0.000171, 0.000172, 0.000171, 0.000171, 0.000171, 0.000188, 0.000172, 0.000171, 0.000171, 0.000171, 0.000172, 0.000172, 0.000171, 0.000171, 0.000171, 0.000171, 0.000171, 0.000171, 0.00017, 0.00017, 0.000169, 0.000169, 0.000203, 0.000174, 0.00017, 0.000169, 0.000169, 0.000169, 0.000191, 0.000201, 0.000185, 0.000171, 0.00017, 0.00017, 0.000169, 0.000169, 0.000169, 0.00017, 0.00017, 0.000169, 0.000169, 0.000169, 0.000169, 0.000169, 0.00017, 0.000213, 0.000174, 0.000171, 0.00017, 0.000169, 0.000183, 0.000171, 0.000169, 0.00017, 0.000204, 0.000172, 0.000169, 0.000168}"
