"model_name","layer_name","layer_index","kind","min_time","mean_time","max_time","add_flops","div_flops","cmp_flops","exp_flops","mad_flops","input_channel","input_height","input_width","output_channel","output_height","output_width","function","kernel_1","kernel_2","stride_1","stride_2","dilation_1","dilation_2","input_form","topology_hash","mad/min_time","mad/mean_time","mad/max_time","time"
"Squeeze-and-Excitation Net Trained on ImageNet Competition Data","4o/conv4_15_3x3_relu",448,"Elementwise",0.000088,0.0000891666666666667,0.000504,0,0,200704,0,200704,1024,14,14,1024,14,14,"Ramp","","","","","","","HoldForm[ElementwiseLayer[Ramp, ""Input"" -> {1024, 14, 14}]]","1k2x5pn4rbhw1",2.280727272727273e9,2.25088598130841e9,3.982222222222222e8,"{0.000504, 0.000106, 0.000092, 0.000122, 0.000091, 0.000089, 0.000088, 0.00009, 0.00009, 0.00009, 0.000089, 0.000089, 0.00009, 0.000089, 0.000089, 0.00009, 0.000089, 0.000089, 0.000089, 0.000089, 0.000089, 0.000089, 0.000089, 0.000089, 0.00009, 0.000088, 0.000088, 0.000088, 0.000088, 0.000114, 0.000095, 0.00009, 0.000089, 0.000089, 0.000088, 0.000089, 0.000089, 0.000089, 0.000089, 0.000089, 0.000089, 0.000088, 0.000089, 0.000089, 0.000088, 0.000088, 0.000088, 0.000121, 0.000089, 0.000089}"
