"model_name","layer_name","layer_index","kind","min_time","mean_time","max_time","add_flops","div_flops","cmp_flops","exp_flops","mad_flops","input_channel","input_height","input_width","output_channel","output_height","output_width","function","kernel_1","kernel_2","stride_1","stride_2","dilation_1","dilation_2","input_form","topology_hash","mad/min_time","mad/mean_time","mad/max_time","time"
"Ademxapp Model A1 Trained on PASCAL VOC2012 and MS-COCO Data","4b1/res4b1_branch2a_relu",55,"Elementwise",0.000844,0.0009092833333333335,0.004776,0,0,2032128,0,2032128,512,63,63,512,63,63,"Ramp","","","","","","","HoldForm[ElementwiseLayer[Ramp, ""Input"" -> {512, 63, 63}]]","0bs40dqisfuvt",2.407734597156398e9,2.2348677529922833e9,4.2548743718592966e8,"{0.004776, 0.001316, 0.001147, 0.001003, 0.000947, 0.000983, 0.000922, 0.000945, 0.000886, 0.000879, 0.000887, 0.000851, 0.000873, 0.000869, 0.00087, 0.000844, 0.000881, 0.000976, 0.000893, 0.000859, 0.000868, 0.000884, 0.000883, 0.000876, 0.000849, 0.00088, 0.000913, 0.00095, 0.001001, 0.00091, 0.000904, 0.000922, 0.000928, 0.000927, 0.000914, 0.000888, 0.000908, 0.000879, 0.000897, 0.000956, 0.000887, 0.000877, 0.000871, 0.00087, 0.000859, 0.00094, 0.000892, 0.000892, 0.000882, 0.000891, 0.000957, 0.000894, 0.000904, 0.000929, 0.0009, 0.000922, 0.000933, 0.000942, 0.000956, 0.000924, 0.000944, 0.001015, 0.000967, 0.000925, 0.000916, 0.000954, 0.000924, 0.000891, 0.000874, 0.000881, 0.000893, 0.000961, 0.000958, 0.000893, 0.000901, 0.00093, 0.000891, 0.000886, 0.000902, 0.000945, 0.000933, 0.000914, 0.000976, 0.001024, 0.000925, 0.000911, 0.000896, 0.000901, 0.000923, 0.000904, 0.000901, 0.0009, 0.000922, 0.00091, 0.000965, 0.000879, 0.000867, 0.000947, 0.00091, 0.000895}"
