"model_name","layer_name","layer_index","kind","min_time","mean_time","max_time","add_flops","div_flops","cmp_flops","exp_flops","mad_flops","input_channel","input_height","input_width","output_channel","output_height","output_width","function","kernel_1","kernel_2","stride_1","stride_2","dilation_1","dilation_2","input_form","topology_hash","mad/min_time","mad/mean_time","mad/max_time","time"
"Age Estimation VGG-16 Trained on IMDB-WIKI and Looking at People Data","relu2_2",9,"Elementwise",0.000652,0.0006799666666666666,0.003825,0,0,1605632,0,1605632,128,112,112,128,112,112,"Ramp","","","","","","","HoldForm[ElementwiseLayer[Ramp, ""Input"" -> {128, 112, 112}]]","1hf2patdt2law",2.4626257668711658e9,2.361339281337321e9,4.197730718954249e8,"{0.003825, 0.001004, 0.000937, 0.000755, 0.000732, 0.000677, 0.000669, 0.000673, 0.000664, 0.000702, 0.000663, 0.000652, 0.000715, 0.000668, 0.000662, 0.000679, 0.000665, 0.00073, 0.000665, 0.000661, 0.000662, 0.000674, 0.000665, 0.000681, 0.000666, 0.000661, 0.000655, 0.000676, 0.000656, 0.000663, 0.000672, 0.000678, 0.000738, 0.000694, 0.000687, 0.000684, 0.000682, 0.000672, 0.000715, 0.000669, 0.000672, 0.00067, 0.000667, 0.000661, 0.000675, 0.000664, 0.00071, 0.000691, 0.000661, 0.000669, 0.000721, 0.00067, 0.000666, 0.000679, 0.000672, 0.000678, 0.000703, 0.000686, 0.000688, 0.000692, 0.000696, 0.000776, 0.000739, 0.000681, 0.000682, 0.000676, 0.000673, 0.000711, 0.000668, 0.000674, 0.00067, 0.000666, 0.000673, 0.000702, 0.000697, 0.000687, 0.000769, 0.000698, 0.000734, 0.000721, 0.000703, 0.000706, 0.000688, 0.000682, 0.000678, 0.000717, 0.000684, 0.000684, 0.000687, 0.000695, 0.000778, 0.000678, 0.000665, 0.000658, 0.000659, 0.000662, 0.0007, 0.000664, 0.000661, 0.000662}"
