"model_name","layer_name","layer_index","kind","min_time","mean_time","max_time","add_flops","div_flops","cmp_flops","exp_flops","mad_flops","input_channel","input_height","input_width","output_channel","output_height","output_width","function","kernel_1","kernel_2","stride_1","stride_2","dilation_1","dilation_2","input_form","topology_hash","mad/min_time","mad/mean_time","mad/max_time","time"
"Dilated ResNet-105 Trained on Cityscapes Data","relu40",141,"Elementwise",0.00085,0.0008780666666666667,0.004764,0,0,2097152,0,2097152,256,64,128,256,64,128,"Ramp","","","","","","","HoldForm[ElementwiseLayer[Ramp, ""Input"" -> {256, 64, 128}]]","1dq53uhc5a1i5",2.4672376470588236e9,2.3883744590387974e9,4.40208228379513e8,"{0.004764, 0.001284, 0.001116, 0.000944, 0.000895, 0.000918, 0.000872, 0.000867, 0.000887, 0.000878, 0.000899, 0.000865, 0.000857, 0.000855, 0.00085, 0.000883, 0.000862, 0.000866, 0.000868, 0.000892, 0.000874, 0.000853, 0.000854, 0.000853, 0.0009, 0.000881, 0.000881, 0.000873, 0.000891, 0.000858, 0.00086, 0.000879, 0.000861, 0.000919, 0.000898, 0.000889, 0.000901, 0.000909, 0.000866, 0.000869, 0.000869, 0.000867, 0.000899, 0.000882, 0.000861, 0.000864, 0.000887, 0.000874, 0.000868, 0.000896}"
