"model_name","layer_name","layer_index","kind","min_time","mean_time","max_time","add_flops","div_flops","cmp_flops","exp_flops","mad_flops","input_channel","input_height","input_width","output_channel","output_height","output_width","function","kernel_1","kernel_2","stride_1","stride_2","dilation_1","dilation_2","input_form","topology_hash","mad/min_time","mad/mean_time","mad/max_time","time"
"3D Face Alignment Net Trained on 300W Large Pose Data","13/1/2/3/1/1/1/1/1/2",545,"Elementwise",0.000116,0.0001184000000000001,0.000778,0,0,262144,0,262144,256,32,32,256,32,32,"Ramp","","","","","","","HoldForm[ElementwiseLayer[Ramp, ""Input"" -> {256, 32, 32}]]","1052g0k2c9ny2",2.259862068965517e9,2.2140540540540524e9,3.3694601542416453e8,"{0.000778, 0.000142, 0.000122, 0.000118, 0.000117, 0.000117, 0.000116, 0.000117, 0.000117, 0.000116, 0.000116, 0.000116, 0.000116, 0.000116, 0.000117, 0.000116, 0.000116, 0.00013, 0.000117, 0.000117, 0.000117, 0.000117, 0.000117, 0.000117, 0.000116, 0.000117, 0.000117, 0.000178, 0.000121, 0.000117, 0.000117, 0.000117, 0.000118, 0.000117, 0.000117, 0.000117, 0.000116, 0.000116, 0.000116, 0.000116, 0.000116, 0.000116, 0.000117, 0.000116, 0.000116, 0.000117, 0.000117, 0.000117, 0.000116, 0.000117, 0.000137, 0.000119, 0.000119, 0.00015, 0.000124, 0.00012, 0.000119, 0.00012, 0.00012, 0.000144, 0.000124, 0.000121, 0.00012, 0.000119, 0.000119, 0.000121, 0.000119, 0.000119, 0.000119, 0.000119, 0.000119, 0.000118, 0.000119, 0.00012, 0.000119, 0.000119, 0.000119, 0.000119, 0.000129, 0.00012, 0.000119, 0.000119, 0.000119, 0.000133, 0.000121, 0.00012, 0.000119, 0.000119, 0.000119, 0.00012, 0.000119, 0.00012, 0.00012, 0.00012, 0.000119, 0.00012, 0.00012, 0.00012, 0.000119, 0.00012}"
