"model_name","layer_name","layer_index","kind","min_time","mean_time","max_time","add_flops","div_flops","cmp_flops","exp_flops","mad_flops","input_channel","input_height","input_width","output_channel","output_height","output_width","function","kernel_1","kernel_2","stride_1","stride_2","dilation_1","dilation_2","input_form","topology_hash","mad/min_time","mad/mean_time","mad/max_time","time"
"3D Face Alignment Net Trained on 300W Large Pose Data","18/1/1/2",492,"Elementwise",0.000422,0.00042593333333333335,0.002644,0,0,1048576,0,1048576,256,64,64,256,64,64,"Ramp","","","","","","","HoldForm[ElementwiseLayer[Ramp, ""Input"" -> {256, 64, 64}]]","11v1xlvm83ptf",2.484777251184834e9,2.4618312724996085e9,3.965869894099849e8,"{0.002644, 0.000594, 0.000483, 0.000429, 0.000425, 0.000451, 0.000426, 0.000426, 0.000425, 0.000425, 0.000426, 0.000426, 0.000426, 0.00044, 0.000426, 0.00044, 0.000425, 0.000424, 0.000423, 0.000456, 0.000451, 0.000424, 0.000423, 0.000465, 0.00045, 0.000424, 0.000424, 0.000423, 0.000422, 0.000424, 0.000422, 0.000422, 0.000423, 0.000435, 0.000422, 0.000422, 0.000423, 0.000435, 0.000423, 0.000422, 0.000422, 0.000422, 0.000444, 0.00045, 0.000422, 0.000422, 0.000422, 0.000464, 0.000423, 0.000423, 0.000423, 0.000423, 0.000436, 0.000424, 0.000423, 0.000424, 0.000423, 0.000423, 0.000423, 0.000423, 0.000437, 0.000448, 0.000423, 0.00046, 0.000424, 0.000424, 0.000449, 0.000424, 0.000424, 0.000424, 0.000481, 0.000426, 0.000423, 0.000424, 0.000424, 0.000424, 0.000422, 0.000424, 0.000422, 0.000443, 0.000422, 0.000424, 0.000424, 0.000439, 0.000423, 0.000423, 0.000425, 0.000424, 0.000458, 0.000437, 0.00045, 0.000423, 0.000424, 0.000468, 0.000424, 0.000424, 0.000424, 0.000423, 0.000447, 0.000424}"
