"model_name","layer_name","layer_index","kind","min_time","mean_time","max_time","add_flops","div_flops","cmp_flops","exp_flops","mad_flops","input_channel","input_height","input_width","output_channel","output_height","output_width","function","kernel_1","kernel_2","stride_1","stride_2","dilation_1","dilation_2","input_form","topology_hash","mad/min_time","mad/mean_time","mad/max_time","time"
"Ademxapp Model A1 Trained on Cityscapes Data","6a/res6a_branch2a_relu",112,"Elementwise",0.02541,0.02573288333333333,0.076938,0,0,33554432,0,33554432,1024,128,256,1024,128,256,"Ramp","","","","","","","HoldForm[ElementwiseLayer[Ramp, ""Input"" -> {1024, 128, 256}]]","07rs3nhd01ywy",1.3205207398661945e9,1.30395150692402e9,4.361230081364215e8,"{0.076938, 0.02573, 0.025837, 0.025896, 0.025854, 0.025797, 0.025833, 0.025739, 0.025681, 0.025671, 0.025764, 0.025834, 0.025764, 0.025842, 0.025804, 0.025661, 0.025798, 0.025575, 0.025879, 0.025493, 0.025667, 0.025661, 0.025777, 0.025767, 0.025805, 0.025891, 0.025702, 0.025816, 0.025868, 0.025769, 0.025765, 0.025677, 0.025841, 0.025758, 0.02584, 0.02586, 0.025897, 0.025709, 0.025631, 0.025588, 0.025867, 0.025757, 0.025689, 0.025784, 0.025693, 0.025783, 0.025689, 0.025774, 0.025592, 0.025533, 0.02541, 0.025504, 0.025439, 0.025487, 0.025445, 0.025507, 0.025518, 0.02561, 0.025738, 0.0259, 0.025833, 0.025877, 0.025829, 0.025916, 0.025766, 0.025928, 0.025664, 0.025772, 0.025616, 0.025671, 0.025691, 0.025809, 0.025822, 0.025761, 0.025763, 0.025628, 0.025841, 0.025736, 0.025725, 0.025771, 0.025839, 0.025783, 0.025711, 0.02577, 0.025778, 0.025597, 0.02554, 0.025438, 0.025551, 0.025596, 0.025637, 0.025537, 0.025688, 0.025546, 0.02557, 0.025597, 0.025798, 0.025634, 0.025879, 0.025623}"
