"model_name","layer_name","layer_index","kind","min_time","mean_time","max_time","add_flops","div_flops","cmp_flops","exp_flops","mad_flops","input_channel","input_height","input_width","output_channel","output_height","output_width","function","kernel_1","kernel_2","stride_1","stride_2","dilation_1","dilation_2","input_form","topology_hash","mad/min_time","mad/mean_time","mad/max_time","time"
"Pix2pix Street-Map-to-Photo Translation","3",23,"Elementwise",0.000016,0.000016149999999999983,0.000118,0,0,512,0,512,512,1,1,512,1,1,"Ramp","","","","","","","HoldForm[ElementwiseLayer[Ramp, ""Input"" -> {512, 1, 1}]]","0hvvs8njjlgjq",3.2e7,3.1702786377709012e7,4.338983050847458e6,"{0.000118, 0.000023, 0.000018, 0.000018, 0.000017, 0.000017, 0.000017, 0.000017, 0.000017, 0.000016, 0.000017, 0.000017, 0.000017, 0.000016, 0.000016, 0.000016, 0.000016, 0.000016, 0.000016, 0.000016, 0.000016, 0.000017, 0.000016, 0.000016, 0.000016, 0.000016, 0.000016, 0.000016, 0.000016, 0.000016, 0.000016, 0.000016, 0.000017, 0.000016, 0.000017, 0.000016, 0.000016, 0.000016, 0.000017, 0.000016, 0.000016, 0.000016, 0.000016, 0.000016, 0.000016, 0.000016, 0.000016, 0.000016, 0.000016, 0.000016, 0.000016, 0.000016, 0.000016, 0.000016, 0.000017, 0.000016, 0.000016, 0.000017, 0.000017, 0.000016, 0.000016, 0.000016, 0.000016, 0.000016, 0.000017, 0.000016, 0.000016, 0.000016, 0.000016, 0.000016, 0.000016, 0.000016, 0.000016, 0.000016, 0.000017, 0.000016, 0.000016, 0.000016, 0.000016, 0.000016, 0.000016, 0.000031, 0.000017, 0.000016, 0.000017, 0.000016, 0.000016, 0.000016, 0.000016, 0.000016, 0.000016, 0.000016, 0.000017, 0.000017, 0.000035, 0.000019, 0.000016, 0.000017, 0.000016, 0.000016}"
