"model_name","layer_name","layer_index","kind","min_time","mean_time","max_time","add_flops","div_flops","cmp_flops","exp_flops","mad_flops","input_channel","input_height","input_width","output_channel","output_height","output_width","function","kernel_1","kernel_2","stride_1","stride_2","dilation_1","dilation_2","input_form","topology_hash","mad/min_time","mad/mean_time","mad/max_time","time"
"CapsNet Trained on MNIST Data","ReLUConv1/2",2,"Elementwise",0.000048,0.00004893333333333332,0.000082,0,0,102400,0,102400,256,20,20,256,20,20,"Ramp","","","","","","","HoldForm[ElementwiseLayer[Ramp, ""Input"" -> {256, 20, 20}]]","16phnxskssu2y",2.1333333333333333e9,2.0926430517711177e9,1.248780487804878e9,"{0.000082, 0.00005, 0.00005, 0.000049, 0.000048, 0.000048, 0.000048, 0.000048, 0.000048, 0.000048, 0.000049, 0.000048, 0.000048, 0.000048, 0.000048, 0.000048, 0.000049, 0.000049, 0.000048, 0.000048, 0.000048, 0.000049, 0.000049, 0.000049, 0.000049, 0.000049, 0.000049, 0.000049, 0.000048, 0.000048, 0.000048, 0.000049, 0.000049, 0.00005, 0.00005, 0.000049, 0.00005, 0.000049, 0.000049, 0.00005, 0.000074, 0.000051, 0.00005, 0.00005, 0.000049, 0.000072, 0.000051, 0.00005, 0.000049, 0.00005}"
