"model_name","layer_name","layer_index","kind","min_time","mean_time","max_time","add_flops","div_flops","cmp_flops","exp_flops","mad_flops","input_channel","input_height","input_width","output_channel","output_height","output_width","function","kernel_1","kernel_2","stride_1","stride_2","dilation_1","dilation_2","input_form","topology_hash","mad/min_time","mad/mean_time","mad/max_time","time"
"SSD-VGG-512 Trained on PASCAL VOC2007, PASCAL VOC2012 and MS-COCO Data","1/1/blockNet7/conv5c/2",30,"Elementwise",0.00021,0.0002124000000000001,0.001297,0,0,524288,0,524288,512,32,32,512,32,32,"Ramp","","","","","","","HoldForm[ElementwiseLayer[Ramp, ""Input"" -> {512, 32, 32}]]","1i0gwbvgs9oju",2.4966095238095236e9,2.4683992467043304e9,4.042313030069391e8,"{0.001297, 0.000299, 0.000226, 0.000215, 0.000214, 0.000213, 0.000212, 0.000213, 0.000212, 0.000212, 0.000212, 0.000213, 0.000212, 0.000212, 0.000212, 0.000212, 0.000227, 0.000212, 0.000214, 0.000214, 0.000232, 0.000216, 0.000215, 0.000215, 0.000214, 0.000214, 0.000213, 0.000213, 0.000212, 0.000253, 0.000217, 0.000215, 0.000214, 0.000213, 0.000213, 0.000214, 0.000213, 0.000213, 0.000227, 0.000215, 0.000213, 0.000215, 0.000216, 0.000215, 0.000212, 0.000211, 0.000211, 0.000212, 0.000236, 0.000213, 0.000212, 0.000211, 0.000211, 0.00021, 0.000211, 0.00021, 0.000211, 0.000228, 0.000213, 0.000212, 0.00021, 0.00021, 0.000222, 0.000211, 0.000211, 0.000211, 0.00021, 0.000211, 0.000212, 0.000211, 0.00021, 0.000211, 0.00021, 0.000211, 0.00021, 0.000223, 0.000258, 0.000215, 0.000212, 0.000212, 0.000212, 0.000211, 0.000211, 0.000211, 0.000211, 0.000211, 0.000211, 0.00021, 0.000211, 0.000212, 0.000211, 0.00021, 0.000211, 0.000211, 0.00025, 0.000214, 0.000212, 0.000211, 0.000211, 0.000211}"
