"model_name","layer_name","layer_index","kind","min_time","mean_time","max_time","add_flops","div_flops","cmp_flops","exp_flops","mad_flops","input_channel","input_height","input_width","output_channel","output_height","output_width","function","kernel_1","kernel_2","stride_1","stride_2","dilation_1","dilation_2","input_form","topology_hash","mad/min_time","mad/mean_time","mad/max_time","time"
"SSD-VGG-512 Trained on PASCAL VOC2007, PASCAL VOC2012 and MS-COCO Data","1/1/blockNet7/conv5a/2",26,"Elementwise",0.000215,0.00021850000000000008,0.001355,0,0,524288,0,524288,512,32,32,512,32,32,"Ramp","","","","","","","HoldForm[ElementwiseLayer[Ramp, ""Input"" -> {512, 32, 32}]]","1i0gwbvgs9oju",2.4385488372093024e9,2.399487414187642e9,3.8692841328413284e8,"{0.001355, 0.00027, 0.000222, 0.000269, 0.00022, 0.000238, 0.000217, 0.000217, 0.000217, 0.000219, 0.000218, 0.000218, 0.000218, 0.000218, 0.000218, 0.000217, 0.000217, 0.000218, 0.000218, 0.000219, 0.000221, 0.00022, 0.000249, 0.000246, 0.000223, 0.000221, 0.00022, 0.00022, 0.000221, 0.000221, 0.00022, 0.00022, 0.00022, 0.00022, 0.00022, 0.00022, 0.00022, 0.000235, 0.000221, 0.00022, 0.000221, 0.000261, 0.000222, 0.000219, 0.00022, 0.000219, 0.000219, 0.000219, 0.000261, 0.000222, 0.000219, 0.000218, 0.000218, 0.000218, 0.000218, 0.000218, 0.000216, 0.000217, 0.000237, 0.000217, 0.000215, 0.000217, 0.000216, 0.000215, 0.000216, 0.000217, 0.000217, 0.000245, 0.000219, 0.000215, 0.000216, 0.000216, 0.000216, 0.000216, 0.000215, 0.000216, 0.000229, 0.000217, 0.000216, 0.000217, 0.000216, 0.000216, 0.000231, 0.000217, 0.000216, 0.000217, 0.000217, 0.000216, 0.000217, 0.000216, 0.000217, 0.000217, 0.000217, 0.000217, 0.000279, 0.000222, 0.000217, 0.000218, 0.000218, 0.000218}"
