"model_name","layer_name","layer_index","kind","min_time","mean_time","max_time","add_flops","div_flops","cmp_flops","exp_flops","mad_flops","input_channel","input_height","input_width","output_channel","output_height","output_width","function","kernel_1","kernel_2","stride_1","stride_2","dilation_1","dilation_2","input_form","topology_hash","mad/min_time","mad/mean_time","mad/max_time","time"
"Unguided Volumetric Regression Net for 3D Face Reconstruction","8/2/1/1/4/1/1/1/1/2",81,"Elementwise",0.000239,0.0002425999999999999,0.001487,0,0,0,0,0,256,48,48,256,48,48,"ScalarFunctionObject[{ScalarSymbol[1]}, ScalarSymbol[1], <||>]","","","","","","","HoldForm[ElementwiseLayer[#1 & , ""Input"" -> {256, 48, 48}]]","0dajgooj8x1zk",0.,0.,0.,"{0.001487, 0.000361, 0.000312, 0.000255, 0.000263, 0.000245, 0.000244, 0.000241, 0.000242, 0.00024, 0.000239, 0.000289, 0.000247, 0.000261, 0.000242, 0.000243, 0.000244, 0.000243, 0.000245, 0.000243, 0.000267, 0.000246, 0.000246, 0.000245, 0.000243, 0.000241, 0.000245, 0.000242, 0.000243, 0.000242, 0.000244, 0.000242, 0.000243, 0.000244, 0.000245, 0.000245, 0.000254, 0.000241, 0.000243, 0.00024, 0.000242, 0.000241, 0.000242, 0.000277, 0.000249, 0.000243, 0.00024, 0.000241, 0.00024, 0.00024, 0.000243, 0.000244, 0.000311, 0.000258, 0.000244, 0.000242, 0.000243, 0.000241, 0.000242, 0.000243, 0.000241, 0.00024, 0.00024, 0.00024, 0.00024, 0.000242, 0.00024, 0.000243, 0.000242, 0.000257, 0.000243, 0.00024, 0.00024, 0.00024, 0.000241, 0.000242, 0.000241, 0.000242, 0.000242, 0.000241, 0.00024, 0.00024, 0.00024, 0.000241, 0.000277, 0.000265, 0.000243, 0.000239, 0.000239, 0.00024, 0.000242, 0.000243, 0.000242, 0.0003, 0.000248, 0.000242, 0.000239, 0.000242, 0.000242, 0.000242}"
