"model_name","layer_name","layer_index","kind","min_time","mean_time","max_time","add_flops","div_flops","cmp_flops","exp_flops","mad_flops","input_channel","input_height","input_width","output_channel","output_height","output_width","function","kernel_1","kernel_2","stride_1","stride_2","dilation_1","dilation_2","input_form","topology_hash","mad/min_time","mad/mean_time","mad/max_time","time"
"Single-Image Depth Perception Net Trained on NYU Depth V2 and Depth in the Wild Data","4/1/2/1/1/3",479,"Elementwise",0.000471,0.0004791833333333334,0.002908,0,0,1228800,0,1228800,16,240,320,16,240,320,"Ramp","","","","","","","HoldForm[ElementwiseLayer[Ramp, ""Input"" -> {16, 240, 320}]]","0akzi5qh3flqj",2.6089171974522295e9,2.564362978679002e9,4.225584594222834e8,"{0.002908, 0.000718, 0.000613, 0.000538, 0.000508, 0.000516, 0.000532, 0.000481, 0.000477, 0.000479, 0.000478, 0.000477, 0.000497, 0.000476, 0.000475, 0.000474, 0.000476, 0.000475, 0.000475, 0.000475, 0.000486, 0.000473, 0.000475, 0.000511, 0.000475, 0.000474, 0.000498, 0.000513, 0.000475, 0.000477, 0.000474, 0.000474, 0.000474, 0.000474, 0.000476, 0.000474, 0.000474, 0.000487, 0.000506, 0.000474, 0.000474, 0.000471, 0.000477, 0.000475, 0.000487, 0.000496, 0.000498, 0.000474, 0.00051, 0.000474, 0.000474, 0.000479, 0.000478, 0.000489, 0.000475, 0.000475, 0.000477, 0.000477, 0.000476, 0.000477, 0.000476, 0.000476, 0.000496, 0.000476, 0.000475, 0.000485, 0.000475, 0.000499, 0.000486, 0.000501, 0.00049, 0.000478, 0.000476, 0.000478, 0.000477, 0.000476, 0.000476, 0.000477, 0.000495, 0.000476, 0.000476, 0.000473, 0.000476, 0.000476, 0.000508, 0.000489, 0.000489, 0.000475, 0.000498, 0.000512, 0.000482, 0.000476, 0.000479, 0.000477, 0.000476, 0.000496, 0.000478, 0.000475, 0.000475, 0.000475}"
