"model_name","layer_name","layer_index","kind","min_time","mean_time","max_time","add_flops","div_flops","cmp_flops","exp_flops","mad_flops","input_channel","input_height","input_width","output_channel","output_height","output_width","function","kernel_1","kernel_2","stride_1","stride_2","dilation_1","dilation_2","input_form","topology_hash","mad/min_time","mad/mean_time","mad/max_time","time"
"Dilated ResNet-105 Trained on Cityscapes Data","relu8",31,"Elementwise",0.005659,0.0058867,0.019255,0,0,8388608,0,8388608,256,128,256,256,128,256,"Ramp","","","","","","","HoldForm[ElementwiseLayer[Ramp, ""Input"" -> {256, 128, 256}]]","1n77za23j3fwb",1.4823481180420568e9,1.4250102774049978e9,4.3565868605556995e8,"{0.019255, 0.005975, 0.005945, 0.00582, 0.005787, 0.005766, 0.005741, 0.005741, 0.005746, 0.005731, 0.005723, 0.005664, 0.005659, 0.005723, 0.005672, 0.0057, 0.005691, 0.0057, 0.00566, 0.005734, 0.005782, 0.005755, 0.005705, 0.005715, 0.005697, 0.005709, 0.005782, 0.005758, 0.00578, 0.005782, 0.005932, 0.005983, 0.006029, 0.006045, 0.006069, 0.006113, 0.006212, 0.006243, 0.00625, 0.006198, 0.006277, 0.006216, 0.006316, 0.006247, 0.006238, 0.006211, 0.006157, 0.006082, 0.006042, 0.006165}"
