"model_name","layer_name","layer_index","kind","min_time","mean_time","max_time","add_flops","div_flops","cmp_flops","exp_flops","mad_flops","input_channel","input_height","input_width","output_channel","output_height","output_width","function","kernel_1","kernel_2","stride_1","stride_2","dilation_1","dilation_2","input_form","topology_hash","mad/min_time","mad/mean_time","mad/max_time","time"
"AdaIN-Style Trained on MS-COCO and Painter by Numbers Data","encoder_style/20",50,"Elementwise",0.002483,0.0026360666666666666,0.010009,0,0,4194304,0,4194304,256,128,128,256,128,128,"Ramp","","","","","","","HoldForm[ElementwiseLayer[Ramp, ""Input"" -> {256, 128, 128}]]","0ncvn3sejjvjr",1.6892082158679018e9,1.5911221264004452e9,4.190532520731342e8,"{0.010009, 0.003039, 0.002863, 0.002856, 0.002854, 0.002697, 0.002669, 0.002704, 0.002628, 0.002601, 0.002642, 0.002595, 0.002686, 0.002696, 0.002691, 0.00269, 0.002644, 0.002692, 0.002672, 0.002642, 0.002534, 0.002539, 0.002631, 0.0026, 0.002572, 0.00257, 0.002622, 0.00264, 0.002545, 0.002509, 0.002609, 0.002592, 0.002559, 0.002618, 0.002636, 0.002691, 0.002641, 0.002618, 0.002634, 0.002581, 0.00259, 0.00274, 0.002752, 0.002729, 0.002704, 0.002741, 0.002702, 0.002637, 0.002688, 0.002758, 0.002729, 0.002695, 0.002742, 0.002679, 0.002632, 0.002708, 0.002633, 0.002691, 0.002639, 0.002607, 0.002675, 0.002628, 0.002556, 0.002603, 0.002621, 0.00258, 0.002519, 0.002498, 0.002619, 0.002613, 0.002525, 0.002578, 0.002674, 0.002607, 0.002644, 0.002689, 0.002677, 0.002689, 0.002663, 0.00267, 0.002684, 0.002664, 0.002606, 0.002672, 0.002651, 0.00255, 0.002584, 0.002694, 0.002588, 0.002554, 0.00255, 0.002582, 0.002542, 0.002493, 0.002516, 0.002522, 0.002483, 0.002489, 0.002486, 0.002527}"
