"model_name","layer_name","layer_index","kind","min_time","mean_time","max_time","add_flops","div_flops","cmp_flops","exp_flops","mad_flops","input_channel","input_height","input_width","output_channel","output_height","output_width","function","kernel_1","kernel_2","stride_1","stride_2","dilation_1","dilation_2","input_form","topology_hash","mad/min_time","mad/mean_time","mad/max_time","time"
"ResNet-101 Trained on Augmented CASIA-WebFace Data","4b1/res4b1_relu",101,"Elementwise",0.0001,0.00010203333333333326,0.000588,0,0,200704,0,200704,1024,14,14,1024,14,14,"Ramp","","","","","","","HoldForm[ElementwiseLayer[Ramp, ""Input"" -> {1024, 14, 14}]]","1k2x5pn4rbhw1",2.00704e9,1.9670434498529909e9,3.413333333333334e8,"{0.000588, 0.000152, 0.000113, 0.000102, 0.000103, 0.000102, 0.000101, 0.000102, 0.000115, 0.000101, 0.000101, 0.000124, 0.000103, 0.000102, 0.000102, 0.000102, 0.000102, 0.000103, 0.000102, 0.000101, 0.000102, 0.000102, 0.000103, 0.000137, 0.000104, 0.000101, 0.000102, 0.000101, 0.000101, 0.000101, 0.000101, 0.000101, 0.000101, 0.000101, 0.000131, 0.000135, 0.000105, 0.000102, 0.000101, 0.0001, 0.000101, 0.000101, 0.000101, 0.000101, 0.000101, 0.0001, 0.000101, 0.000101, 0.000101, 0.000117, 0.000101, 0.000101, 0.000101, 0.000101, 0.0001, 0.0001, 0.000101, 0.000101, 0.000101, 0.000101, 0.000101, 0.0001, 0.000101, 0.000101, 0.000102, 0.000101, 0.000101, 0.000101, 0.000103, 0.000104, 0.000103, 0.000103, 0.000102, 0.000103, 0.000103, 0.000103, 0.000104, 0.000103, 0.000103, 0.000103, 0.000103, 0.000102, 0.000102, 0.000103, 0.000103, 0.000103, 0.000103, 0.000103, 0.000121, 0.000103, 0.000103, 0.000103, 0.000103, 0.000103, 0.000102, 0.000102, 0.000103, 0.000103, 0.000103, 0.000103}"
