"model_name","layer_name","layer_index","kind","min_time","mean_time","max_time","add_flops","div_flops","cmp_flops","exp_flops","mad_flops","input_channel","input_height","input_width","output_channel","output_height","output_width","function","kernel_1","kernel_2","stride_1","stride_2","dilation_1","dilation_2","input_form","topology_hash","mad/min_time","mad/mean_time","mad/max_time","time"
"ResNet-50 Trained on ImageNet Competition Data","2a/res2a_branch2b_relu",13,"Elementwise",0.000088,0.00008903333333333339,0.000129,0,0,200704,0,200704,64,56,56,64,56,56,"Ramp","","","","","","","HoldForm[ElementwiseLayer[Ramp, ""Input"" -> {64, 56, 56}]]","0055vgwv4hket",2.280727272727273e9,2.2542568326469474e9,1.5558449612403102e9,"{0.000127, 0.000095, 0.000089, 0.000122, 0.000129, 0.000088, 0.000088, 0.000089, 0.000089, 0.000089, 0.000089, 0.000089, 0.00009, 0.000089, 0.000089, 0.000089, 0.000089, 0.000088, 0.000089, 0.000089, 0.000089, 0.000089, 0.00009, 0.000089, 0.000089, 0.000089, 0.000089, 0.00009, 0.000089, 0.000089, 0.000089, 0.000089, 0.00009, 0.000089, 0.000089, 0.000089, 0.000089, 0.000089, 0.000089, 0.000089, 0.000089, 0.000089, 0.00009, 0.000089, 0.000089, 0.000089, 0.000089, 0.0001, 0.000108, 0.000089}"
