"model_name","layer_name","layer_index","kind","min_time","mean_time","max_time","add_flops","div_flops","cmp_flops","exp_flops","mad_flops","input_channel","input_height","input_width","output_channel","output_height","output_width","function","kernel_1","kernel_2","stride_1","stride_2","dilation_1","dilation_2","input_form","topology_hash","mad/min_time","mad/mean_time","mad/max_time","time"
"Inception V1 Trained on Extended Salient Object Subitizing Data","inception_3b/relu_5x5",36,"Elementwise",0.000033,0.000034033333333333305,0.000317,0,0,75264,0,75264,96,28,28,96,28,28,"Ramp","","","","","","","HoldForm[ElementwiseLayer[Ramp, ""Input"" -> {96, 28, 28}]]","0jcfflrm5myng",2.2807272727272725e9,2.211478942213518e9,2.3742586750788644e8,"{0.000317, 0.000049, 0.000039, 0.000035, 0.000035, 0.000034, 0.000035, 0.000034, 0.000034, 0.000074, 0.000049, 0.000036, 0.000035, 0.000035, 0.000035, 0.000034, 0.000034, 0.000034, 0.000034, 0.000034, 0.000051, 0.000036, 0.000035, 0.000035, 0.000034, 0.000034, 0.000035, 0.000034, 0.000034, 0.000034, 0.000034, 0.000034, 0.000034, 0.000034, 0.000034, 0.000034, 0.000034, 0.000034, 0.000034, 0.000034, 0.000034, 0.000034, 0.000034, 0.000034, 0.000034, 0.000034, 0.000034, 0.000034, 0.000034, 0.000034, 0.000046, 0.000037, 0.000034, 0.000034, 0.000034, 0.000033, 0.000034, 0.000035, 0.000034, 0.000034, 0.000033, 0.000034, 0.000033, 0.000034, 0.000034, 0.000034, 0.000034, 0.000034, 0.000034, 0.000034, 0.000034, 0.000034, 0.000034, 0.000034, 0.000034, 0.000034, 0.000034, 0.000034, 0.000034, 0.000034, 0.000034, 0.000035, 0.000034, 0.000034, 0.000034, 0.000034, 0.000034, 0.000034, 0.000034, 0.000035, 0.000034, 0.000034, 0.000034, 0.000034, 0.000034, 0.000033, 0.000034, 0.000033, 0.000034, 0.000033}"
