"model_name","layer_name","layer_index","kind","min_time","mean_time","max_time","add_flops","div_flops","cmp_flops","exp_flops","mad_flops","input_channel","input_height","input_width","output_channel","output_height","output_width","function","kernel_1","kernel_2","stride_1","stride_2","dilation_1","dilation_2","input_form","topology_hash","mad/min_time","mad/mean_time","mad/max_time","time"
"Unguided Volumetric Regression Net for 3D Face Reconstruction","9/2/1/1/4/1/1/4/1/1/3/1/1/5",624,"Elementwise",0.000125,0.00012723333333333322,0.000906,0,0,294912,0,294912,128,48,48,128,48,48,"Ramp","","","","","","","HoldForm[ElementwiseLayer[Ramp, ""Input"" -> {128, 48, 48}]]","0luaic76wbzvs",2.359296e9,2.3178831543096695e9,3.255099337748344e8,"{0.000906, 0.000171, 0.00014, 0.000128, 0.000127, 0.000126, 0.000125, 0.000126, 0.000126, 0.000125, 0.000126, 0.000126, 0.000125, 0.000126, 0.000125, 0.000126, 0.000126, 0.000164, 0.000144, 0.000128, 0.000126, 0.000126, 0.000126, 0.000126, 0.000126, 0.000125, 0.000183, 0.000133, 0.000127, 0.000126, 0.000125, 0.000126, 0.000125, 0.000126, 0.000125, 0.000125, 0.000125, 0.000126, 0.000125, 0.000126, 0.000125, 0.000126, 0.000127, 0.000128, 0.000128, 0.000127, 0.000127, 0.000128, 0.000145, 0.000145, 0.000131, 0.000129, 0.000128, 0.000129, 0.000128, 0.000128, 0.000128, 0.000128, 0.000127, 0.000127, 0.000128, 0.000128, 0.000128, 0.000128, 0.000127, 0.000129, 0.000127, 0.000128, 0.000127, 0.000128, 0.000128, 0.000128, 0.000128, 0.000128, 0.000127, 0.000128, 0.000128, 0.000128, 0.000129, 0.000177, 0.000132, 0.000129, 0.000128, 0.000129, 0.000128, 0.000128, 0.000128, 0.000128, 0.000128, 0.000129, 0.000126, 0.000125, 0.000125, 0.000126, 0.000159, 0.000133, 0.000127, 0.000126, 0.000126, 0.000127}"
