"model_name","layer_name","layer_index","kind","min_time","mean_time","max_time","add_flops","div_flops","cmp_flops","exp_flops","mad_flops","input_channel","input_height","input_width","output_channel","output_height","output_width","function","kernel_1","kernel_2","stride_1","stride_2","dilation_1","dilation_2","input_form","topology_hash","mad/min_time","mad/mean_time","mad/max_time","time"
"Yahoo Open NSFW Model V1","stage1_block1/relu_branch2a",52,"Elementwise",0.000033,0.00003393333333333332,0.000058,0,0,50176,0,50176,64,28,28,64,28,28,"Ramp","","","","","","","HoldForm[ElementwiseLayer[Ramp, ""Input"" -> {64, 28, 28}]]","1dqwg7f69q53u",1.5204848484848483e9,1.4786640471512775e9,8.65103448275862e8,"{0.000058, 0.000036, 0.000034, 0.000033, 0.000034, 0.000033, 0.000034, 0.000033, 0.000034, 0.000034, 0.000033, 0.000033, 0.000033, 0.000034, 0.000034, 0.000034, 0.000034, 0.000033, 0.000033, 0.000033, 0.000033, 0.000034, 0.000034, 0.000034, 0.000033, 0.000033, 0.000034, 0.000034, 0.000034, 0.000034, 0.000034, 0.000034, 0.000034, 0.000035, 0.000035, 0.000034, 0.000035, 0.000049, 0.000036, 0.000036, 0.000034, 0.000033, 0.000034, 0.000034, 0.000035, 0.000034, 0.000035, 0.000035, 0.000034, 0.000034}"
