"model_name","layer_name","layer_index","kind","min_time","mean_time","max_time","add_flops","div_flops","cmp_flops","exp_flops","mad_flops","input_channel","input_height","input_width","output_channel","output_height","output_width","function","kernel_1","kernel_2","stride_1","stride_2","dilation_1","dilation_2","input_form","topology_hash","mad/min_time","mad/mean_time","mad/max_time","time"
"Unguided Volumetric Regression Net for 3D Face Reconstruction","9/2/1/1/4/1/1/4/1/1/4/1/2/3/1/1/2",677,"Elementwise",0.000065,0.00006636666666666673,0.00205,0,0,147456,0,147456,256,24,24,256,24,24,"Ramp","","","","","","","HoldForm[ElementwiseLayer[Ramp, ""Input"" -> {256, 24, 24}]]","1ued627l60v1v",2.2685538461538463e9,2.2218382722250104e9,7.192975609756097e7,"{0.000498, 0.000087, 0.00007, 0.000068, 0.000068, 0.000067, 0.000067, 0.000067, 0.000067, 0.000066, 0.000066, 0.000066, 0.000067, 0.000067, 0.000067, 0.000066, 0.000067, 0.000066, 0.000067, 0.000093, 0.000067, 0.000067, 0.000068, 0.000066, 0.000067, 0.000066, 0.000067, 0.000066, 0.000068, 0.000067, 0.000068, 0.000066, 0.000067, 0.000067, 0.000068, 0.000066, 0.000066, 0.000066, 0.000066, 0.000066, 0.000066, 0.000066, 0.000066, 0.000066, 0.000066, 0.000066, 0.000066, 0.000066, 0.000066, 0.000066, 0.000066, 0.000066, 0.000066, 0.000081, 0.000069, 0.000068, 0.000067, 0.000066, 0.000066, 0.000067, 0.000066, 0.000066, 0.000066, 0.000067, 0.000067, 0.000066, 0.000066, 0.000066, 0.000066, 0.000066, 0.000066, 0.000066, 0.000066, 0.000066, 0.000067, 0.000066, 0.000066, 0.000066, 0.000066, 0.000067, 0.000067, 0.000067, 0.000067, 0.000066, 0.00205, 0.000084, 0.000066, 0.000066, 0.000066, 0.000066, 0.000066, 0.000065, 0.000065, 0.000065, 0.000066, 0.000066, 0.000065, 0.000066, 0.000105, 0.000067}"
