"model_name","layer_name","layer_index","kind","min_time","mean_time","max_time","add_flops","div_flops","cmp_flops","exp_flops","mad_flops","input_channel","input_height","input_width","output_channel","output_height","output_width","function","kernel_1","kernel_2","stride_1","stride_2","dilation_1","dilation_2","input_form","topology_hash","mad/min_time","mad/mean_time","mad/max_time","time"
"Deep Speech 2 Trained on Baidu English Data","10/BackwardNet/3/Net/Wms.(r[t] * s[t-1])",98,"Linear",0.000131,0.00013303333333333344,0.008268,0,0,0,0,1048576,1024,"","",1024,"","","","","","","","","","HoldForm[LinearLayer[{1024}, ""Input"" -> 1024]]","047b504ynyj1w",8.004396946564885e9,7.882054622901522e9,1.2682341557813257e8,"{0.008268, 0.0079, 0.000192, 0.000139, 0.000135, 0.000134, 0.000133, 0.000134, 0.000133, 0.000132, 0.000132, 0.000132, 0.000132, 0.000133, 0.000133, 0.000133, 0.000134, 0.000132, 0.000132, 0.000133, 0.000133, 0.000132, 0.000133, 0.000132, 0.000132, 0.000133, 0.000132, 0.000132, 0.000132, 0.000151, 0.000133, 0.000133, 0.000133, 0.000132, 0.000132, 0.000133, 0.000132, 0.000132, 0.000169, 0.000135, 0.000133, 0.000133, 0.000133, 0.000132, 0.000133, 0.000131, 0.000133, 0.000133, 0.000133, 0.000175, 0.000137, 0.005178, 0.000154, 0.000134, 0.000133, 0.000133, 0.000133, 0.000132, 0.000133, 0.000134, 0.000133, 0.000133, 0.000133, 0.000131, 0.000133, 0.000132, 0.000132, 0.000132, 0.000133, 0.000132, 0.000132, 0.000132, 0.000131, 0.000131, 0.000158, 0.000139, 0.000134, 0.000131, 0.000132, 0.000133, 0.000176, 0.000137, 0.000134, 0.000133, 0.000133, 0.000169, 0.00014, 0.000132, 0.000133, 0.000866, 0.000164, 0.000133, 0.000133, 0.000132, 0.000132, 0.001205, 0.000149, 0.000144, 0.000133, 0.000133}"
