"model_name","layer_name","layer_index","kind","min_time","mean_time","max_time","add_flops","div_flops","cmp_flops","exp_flops","mad_flops","input_channel","input_height","input_width","output_channel","output_height","output_width","function","kernel_1","kernel_2","stride_1","stride_2","dilation_1","dilation_2","input_form","topology_hash","mad/min_time","mad/mean_time","mad/max_time","time"
"ResNet-101 Trained on YFCC100m Geotagged Data","fc1",343,"Linear",0.005212,0.005344433333333332,0.0065,0,0,0,0,31799296,2048,"","",15527,"","","","","","","","","","HoldForm[LinearLayer[{15527}, ""Input"" -> 2048]]","10b2ct0sp12nu",6.10116960859555e9,5.949984594562568e9,4.892199384615384e9,"{0.0065, 0.005438, 0.005384, 0.005322, 0.005371, 0.005383, 0.005326, 0.005243, 0.005294, 0.005245, 0.005438, 0.005418, 0.005331, 0.005287, 0.006139, 0.005292, 0.005246, 0.00526, 0.005212, 0.005275, 0.005226, 0.005331, 0.00529, 0.005389, 0.005238, 0.005265, 0.005314, 0.005353, 0.005292, 0.005412, 0.005389, 0.00538, 0.005409, 0.005326, 0.00534, 0.005363, 0.005351, 0.005304, 0.005399, 0.00537, 0.005449, 0.005402, 0.005403, 0.005411, 0.005443, 0.005339, 0.005364, 0.005359, 0.005285, 0.005284}"
