"model_name","layer_name","layer_index","kind","min_time","mean_time","max_time","add_flops","div_flops","cmp_flops","exp_flops","mad_flops","input_channel","input_height","input_width","output_channel","output_height","output_width","function","kernel_1","kernel_2","stride_1","stride_2","dilation_1","dilation_2","input_form","topology_hash","mad/min_time","mad/mean_time","mad/max_time","time"
"VGG-16 Trained on ImageNet Competition Data","fc6",33,"Linear",0.017666,0.017934566666666665,0.01843,0,0,0,0,102760448,25088,"","",4096,"","","","","","","","","","HoldForm[LinearLayer[{4096}, ""Input"" -> 25088]]","14kgs3udxish3",5.816848635797577e9,5.729742452656602e9,5.575716115029843e9,"{0.017944, 0.017929, 0.017909, 0.017926, 0.017881, 0.017938, 0.017745, 0.017946, 0.018271, 0.018212, 0.017862, 0.018014, 0.017802, 0.017987, 0.017913, 0.017886, 0.01793, 0.017799, 0.01805, 0.018014, 0.017958, 0.017875, 0.018068, 0.017803, 0.01789, 0.017907, 0.017747, 0.017984, 0.018017, 0.017898, 0.017901, 0.017898, 0.018024, 0.018088, 0.017948, 0.017794, 0.01783, 0.017854, 0.018215, 0.018297, 0.017666, 0.017976, 0.018179, 0.018328, 0.017934, 0.017817, 0.017739, 0.018171, 0.01843, 0.017844}"
