"model_name","layer_name","layer_index","kind","min_time","mean_time","max_time","add_flops","div_flops","cmp_flops","exp_flops","mad_flops","input_channel","input_height","input_width","output_channel","output_height","output_width","function","kernel_1","kernel_2","stride_1","stride_2","dilation_1","dilation_2","input_form","topology_hash","mad/min_time","mad/mean_time","mad/max_time","time"
"CapsNet Trained on MNIST Data","Reconstruct/1",47,"Linear",0.000022,0.000025033333333333323,0.000057,0,0,0,0,8192,16,"","",512,"","","","","","","","","","HoldForm[LinearLayer[{512}, ""Input"" -> 16]]","0lwd6oa5rohq4",3.723636363636364e8,3.27243675099867e8,1.4371929824561402e8,"{0.000057, 0.000038, 0.000028, 0.000024, 0.000023, 0.000023, 0.000023, 0.000023, 0.000022, 0.000023, 0.000024, 0.000024, 0.000023, 0.000023, 0.000024, 0.000022, 0.000023, 0.000022, 0.000023, 0.000022, 0.000023, 0.000022, 0.000036, 0.000026, 0.000026, 0.000025, 0.000026, 0.000026, 0.000026, 0.000026, 0.000026, 0.000026, 0.000026, 0.000026, 0.000025, 0.000026, 0.000025, 0.000027, 0.000027, 0.000025, 0.000026, 0.000026, 0.000025, 0.000026, 0.000042, 0.000028, 0.000025, 0.000026, 0.000026, 0.000026}"
