"model_name","layer_name","layer_index","kind","min_time","mean_time","max_time","add_flops","div_flops","cmp_flops","exp_flops","mad_flops","input_channel","input_height","input_width","output_channel","output_height","output_width","function","kernel_1","kernel_2","stride_1","stride_2","dilation_1","dilation_2","input_form","topology_hash","mad/min_time","mad/mean_time","mad/max_time","time"
"VGG-19 Trained on ImageNet Competition Data","pool1",5,"Pooling",0.004149,0.004253033333333334,0.006161,0,0,3211264,0,0,64,224,224,64,112,112,"Max",2,2,2,2,"","","HoldForm[PoolingLayer[{2, 2}, {2, 2}, ""PaddingSize"" -> {{0, 0}, {0, 0}}, ""Input"" -> {64, 224, 224}]]","0a193p7zno4fi",0.,0.,0.,"{0.006161, 0.004463, 0.004305, 0.004218, 0.004258, 0.004172, 0.004221, 0.00418, 0.004172, 0.004256, 0.004198, 0.004292, 0.004244, 0.004257, 0.004219, 0.004206, 0.004321, 0.004202, 0.00422, 0.004187, 0.004216, 0.004174, 0.004161, 0.004237, 0.004185, 0.004243, 0.004238, 0.004246, 0.004358, 0.004238, 0.004299, 0.004242, 0.004312, 0.00428, 0.004252, 0.004322, 0.004252, 0.004335, 0.004254, 0.004306, 0.004269, 0.004237, 0.004357, 0.00425, 0.004343, 0.004249, 0.004319, 0.00428, 0.004262, 0.004314, 0.00423, 0.004322, 0.00424, 0.004242, 0.004291, 0.004217, 0.004323, 0.004249, 0.004336, 0.004244, 0.004287, 0.004347, 0.004267, 0.004381, 0.004278, 0.004333, 0.004241, 0.004224, 0.004295, 0.004225, 0.004311, 0.004229, 0.004326, 0.004291, 0.00424, 0.004323, 0.004208, 0.004266, 0.004162, 0.004214, 0.00419, 0.004177, 0.004225, 0.004149, 0.004241, 0.004175, 0.004155, 0.00422, 0.004191, 0.004273, 0.00421, 0.004285, 0.004225, 0.004203, 0.004285, 0.004235, 0.004335, 0.004236, 0.00425, 0.004286}"
