"model_name","layer_name","layer_index","kind","min_time","mean_time","max_time","add_flops","div_flops","cmp_flops","exp_flops","mad_flops","input_channel","input_height","input_width","output_channel","output_height","output_width","function","kernel_1","kernel_2","stride_1","stride_2","dilation_1","dilation_2","input_form","topology_hash","mad/min_time","mad/mean_time","mad/max_time","time"
"Multi-scale Context Aggregation Net Trained on Cityscapes Data","pool1",5,"Pooling",0.150427,0.15109750000000002,0.208524,0,0,124010496,0,0,64,1392,1392,64,696,696,"Max",2,2,2,2,"","","HoldForm[PoolingLayer[{2, 2}, {2, 2}, ""PaddingSize"" -> {{0, 0}, {0, 0}}, ""Input"" -> {64, 1392, 1392}]]","1qcr71os4nnaq",0.,0.,0.,"{0.208524, 0.15115, 0.151187, 0.151258, 0.151344, 0.15111, 0.151137, 0.151111, 0.15126, 0.151177, 0.151203, 0.151093, 0.151145, 0.151269, 0.15138, 0.151093, 0.150977, 0.150552, 0.151212, 0.151007, 0.151002, 0.150898, 0.150815, 0.150727, 0.150736, 0.150864, 0.150877, 0.150881, 0.151373, 0.151181, 0.151298, 0.151228, 0.151025, 0.150976, 0.151204, 0.151132, 0.151051, 0.151199, 0.151507, 0.151272, 0.151109, 0.151103, 0.151017, 0.151052, 0.150952, 0.151067, 0.151168, 0.150997, 0.15088, 0.151139, 0.15122, 0.151258, 0.151342, 0.151355, 0.151376, 0.151139, 0.151448, 0.151342, 0.151539, 0.151471, 0.151404, 0.151583, 0.151599, 0.151513, 0.151371, 0.151453, 0.151657, 0.151541, 0.151659, 0.158664, 0.150597, 0.150427, 0.150429, 0.150624, 0.151016, 0.150773, 0.150813, 0.150783, 0.150756, 0.150989, 0.151111, 0.150825, 0.155036, 0.151627, 0.150999, 0.151102, 0.151171, 0.150877, 0.150949, 0.15085, 0.150959, 0.150918, 0.150744, 0.150864, 0.150688, 0.150934, 0.150748, 0.150699, 0.150829, 0.150678}"
