"model_name","layer_name","layer_index","kind","min_time","mean_time","max_time","add_flops","div_flops","cmp_flops","exp_flops","mad_flops","input_channel","input_height","input_width","output_channel","output_height","output_width","function","kernel_1","kernel_2","stride_1","stride_2","dilation_1","dilation_2","input_form","topology_hash","mad/min_time","mad/mean_time","mad/max_time","time"
"Single-Image Depth Perception Net Trained on Depth in the Wild Data","4/1/1/4/1/1/4/1/2/1",138,"Pooling",0.001895,0.0019223666666666674,0.002748,1228800,0,0,0,0,256,60,80,256,30,40,"Mean",2,2,2,2,"","","HoldForm[PoolingLayer[{2, 2}, {2, 2}, ""PaddingSize"" -> {{0, 0}, {0, 0}}, ""Function"" -> Mean, ""Input"" -> {256, 60, 80}]]","1uakx3vsd48um",0.,0.,0.,"{0.002748, 0.001955, 0.001902, 0.001985, 0.001911, 0.001932, 0.001895, 0.001925, 0.001934, 0.001934, 0.001926, 0.001911, 0.001903, 0.001944, 0.001914, 0.001917, 0.001918, 0.001919, 0.001895, 0.001949, 0.001918, 0.001972, 0.001942, 0.001895, 0.001955, 0.001906, 0.001934, 0.001898, 0.001927, 0.00195, 0.001921, 0.001921, 0.001946, 0.001904, 0.001987, 0.001926, 0.001947, 0.001897, 0.001914, 0.001967, 0.001926, 0.001896, 0.001933, 0.001896, 0.001915, 0.001945, 0.001917, 0.001922, 0.001933, 0.00191, 0.001946, 0.001912, 0.00192, 0.001915, 0.001895, 0.001956, 0.001906, 0.001965, 0.001904, 0.001919, 0.001928, 0.001931, 0.001895, 0.00193, 0.001904, 0.001909, 0.00194, 0.001922, 0.001921, 0.001915, 0.001905, 0.00196, 0.001906, 0.001918, 0.001986, 0.001904, 0.00196, 0.001907, 0.001937, 0.001902, 0.001917, 0.001943, 0.001909, 0.001925, 0.001915, 0.001905, 0.001954, 0.001922, 0.001917, 0.00192, 0.001908, 0.001902, 0.001981, 0.001896, 0.001938, 0.001896, 0.001909, 0.001942, 0.001947, 0.001941}"
