"model_name","layer_name","layer_index","kind","min_time","mean_time","max_time","add_flops","div_flops","cmp_flops","exp_flops","mad_flops","input_channel","input_height","input_width","output_channel","output_height","output_width","function","kernel_1","kernel_2","stride_1","stride_2","dilation_1","dilation_2","input_form","topology_hash","mad/min_time","mad/mean_time","mad/max_time","time"
"Inception V3 Trained on ImageNet Competition Data","global_pool",307,"Pooling",0.000153,0.00015598333333333324,0.000317,131072,0,0,0,0,2048,8,8,2048,1,1,"Mean",8,8,1,1,"","","HoldForm[PoolingLayer[{8, 8}, {1, 1}, ""PaddingSize"" -> {{0, 0}, {0, 0}}, ""Function"" -> Mean, ""Input"" -> {2048, 8, 8}]]","0slswjuc75n3n",0.,0.,0.,"{0.000317, 0.000203, 0.000162, 0.000158, 0.000157, 0.000154, 0.000155, 0.000155, 0.000157, 0.000155, 0.000154, 0.000156, 0.00017, 0.000159, 0.000156, 0.000155, 0.000154, 0.000157, 0.000155, 0.000154, 0.000156, 0.000154, 0.000155, 0.000155, 0.000167, 0.000157, 0.000154, 0.000155, 0.000156, 0.000155, 0.000156, 0.000201, 0.000161, 0.000158, 0.000157, 0.000158, 0.000157, 0.000176, 0.000159, 0.000157, 0.000157, 0.000156, 0.000157, 0.000184, 0.000161, 0.000156, 0.000158, 0.000155, 0.000155, 0.000157, 0.000157, 0.000158, 0.000156, 0.000155, 0.000157, 0.000155, 0.000155, 0.000157, 0.000156, 0.000157, 0.000157, 0.000155, 0.000167, 0.000158, 0.000154, 0.000188, 0.000159, 0.000155, 0.000154, 0.000155, 0.000156, 0.000156, 0.000154, 0.000155, 0.000156, 0.000154, 0.000155, 0.000155, 0.000155, 0.000153, 0.000155, 0.000154, 0.000155, 0.000154, 0.000154, 0.000156, 0.000154, 0.000164, 0.00017, 0.000157, 0.000154, 0.000154, 0.000153, 0.000155, 0.000192, 0.000162, 0.000155, 0.000154, 0.000154, 0.000154}"
