"model_name","layer_name","layer_index","kind","min_time","mean_time","max_time","add_flops","div_flops","cmp_flops","exp_flops","mad_flops","input_channel","input_height","input_width","output_channel","output_height","output_width","function","kernel_1","kernel_2","stride_1","stride_2","dilation_1","dilation_2","input_form","topology_hash","mad/min_time","mad/mean_time","mad/max_time","time"
"Wolfram ImageIdentify Net V1","global_pool",230,"Pooling",0.00007,0.00007398333333333333,0.003707,50176,0,0,0,0,1024,7,7,1024,1,1,"Mean",7,7,1,1,"","","HoldForm[PoolingLayer[{7, 7}, {1, 1}, ""PaddingSize"" -> {{0, 0}, {0, 0}}, ""Function"" -> Mean, ""Input"" -> {1024, 7, 7}]]","0l0262y3cxoo0",0.,0.,0.,"{0.000228, 0.000079, 0.000075, 0.000086, 0.000078, 0.000073, 0.000074, 0.000081, 0.000074, 0.000074, 0.000073, 0.000073, 0.000074, 0.000074, 0.000074, 0.000073, 0.000074, 0.000073, 0.000074, 0.000074, 0.000074, 0.000073, 0.000073, 0.000101, 0.000074, 0.000073, 0.000073, 0.000073, 0.000074, 0.000075, 0.000093, 0.000076, 0.000074, 0.000074, 0.000074, 0.000074, 0.000075, 0.000075, 0.000075, 0.000075, 0.000075, 0.000075, 0.000074, 0.000076, 0.000075, 0.000074, 0.000074, 0.000074, 0.000073, 0.000074, 0.000074, 0.000075, 0.000074, 0.000074, 0.000074, 0.000074, 0.000073, 0.000074, 0.000074, 0.000074, 0.000073, 0.000073, 0.000073, 0.000074, 0.000074, 0.000074, 0.000074, 0.000076, 0.000076, 0.000073, 0.000074, 0.000074, 0.000073, 0.000074, 0.000075, 0.000089, 0.000076, 0.000075, 0.000074, 0.000075, 0.000073, 0.003707, 0.000078, 0.00007, 0.000071, 0.000071, 0.000071, 0.00007, 0.000096, 0.000076, 0.000071, 0.000079, 0.000073, 0.00007, 0.00007, 0.00007, 0.00007, 0.00007, 0.00007, 0.00007}"
