"model_name","layer_name","layer_index","kind","min_time","mean_time","max_time","add_flops","div_flops","cmp_flops","exp_flops","mad_flops","input_channel","input_height","input_width","output_channel","output_height","output_width","function","kernel_1","kernel_2","stride_1","stride_2","dilation_1","dilation_2","input_form","topology_hash","mad/min_time","mad/mean_time","mad/max_time","time"
"Multi-scale Context Aggregation Net Trained on Cityscapes Data","pool2",10,"Pooling",0.082067,0.08428655000000002,0.112171,0,0,61294592,0,0,128,692,692,128,346,346,"Max",2,2,2,2,"","","HoldForm[PoolingLayer[{2, 2}, {2, 2}, ""PaddingSize"" -> {{0, 0}, {0, 0}}, ""Input"" -> {128, 692, 692}]]","0de40hfno3nd2",0.,0.,0.,"{0.112171, 0.083025, 0.083003, 0.08296, 0.082557, 0.082263, 0.0846, 0.084684, 0.085262, 0.083892, 0.083217, 0.083504, 0.084342, 0.085243, 0.085133, 0.085161, 0.085322, 0.085063, 0.084642, 0.084814, 0.084393, 0.083711, 0.083364, 0.083121, 0.083356, 0.08373, 0.083273, 0.082956, 0.085148, 0.085566, 0.085605, 0.085148, 0.084965, 0.08487, 0.085107, 0.085374, 0.085339, 0.084626, 0.084273, 0.084035, 0.083157, 0.083735, 0.084767, 0.084715, 0.08452, 0.084257, 0.084288, 0.084308, 0.084418, 0.084349, 0.084258, 0.084111, 0.083588, 0.083225, 0.082731, 0.082067, 0.083027, 0.084536, 0.084804, 0.08467, 0.084724, 0.084579, 0.084665, 0.084633, 0.084735, 0.084506, 0.084409, 0.084244, 0.084321, 0.084377, 0.084492, 0.084357, 0.084484, 0.084423, 0.084074, 0.083815, 0.083708, 0.083631, 0.083189, 0.082466, 0.084366, 0.084717, 0.084584, 0.084952, 0.084201, 0.084134, 0.083533, 0.082878, 0.082685, 0.084102, 0.08478, 0.084754, 0.084852, 0.084193, 0.083139, 0.082458, 0.084554, 0.084358, 0.084577, 0.084491}"
