"model_name","layer_name","layer_index","kind","min_time","mean_time","max_time","add_flops","div_flops","cmp_flops","exp_flops","mad_flops","input_channel","input_height","input_width","output_channel","output_height","output_width","function","kernel_1","kernel_2","stride_1","stride_2","dilation_1","dilation_2","input_form","topology_hash","mad/min_time","mad/mean_time","mad/max_time","time"
"SSD-VGG-512 Trained on PASCAL VOC2007, PASCAL VOC2012 and MS-COCO Data","1/1/blockNet4/pool3",17,"Pooling",0.005022,0.005131349999999998,0.007349,0,0,4194304,0,0,256,128,128,256,64,64,"Max",2,2,2,2,"","","HoldForm[PoolingLayer[{2, 2}, {2, 2}, ""PaddingSize"" -> {{0, 0}, {0, 0}}, ""Input"" -> {256, 128, 128}]]","0m1td9h7vgqah",0.,0.,0.,"{0.007349, 0.005292, 0.00511, 0.005152, 0.005066, 0.005112, 0.005122, 0.005129, 0.005112, 0.005189, 0.005107, 0.005183, 0.005115, 0.005154, 0.005089, 0.005185, 0.005144, 0.005153, 0.005091, 0.005162, 0.005168, 0.005273, 0.005172, 0.00509, 0.005204, 0.005109, 0.005217, 0.005118, 0.005185, 0.00506, 0.005158, 0.005061, 0.005098, 0.00505, 0.005149, 0.005125, 0.005117, 0.005033, 0.005178, 0.005104, 0.005183, 0.005161, 0.005175, 0.005096, 0.005172, 0.005161, 0.005147, 0.005088, 0.00523, 0.005106, 0.005226, 0.005106, 0.005217, 0.005105, 0.005226, 0.005163, 0.005186, 0.005067, 0.005194, 0.005208, 0.005192, 0.005107, 0.005175, 0.005022, 0.005139, 0.00506, 0.005151, 0.005044, 0.005122, 0.005116, 0.005103, 0.005047, 0.005094, 0.005081, 0.005191, 0.005118, 0.005035, 0.005152, 0.005075, 0.005163, 0.005081, 0.005183, 0.005046, 0.005125, 0.005147, 0.005124, 0.005064, 0.005181, 0.005118, 0.005167, 0.005066, 0.005149, 0.005054, 0.005103, 0.005124, 0.005095, 0.005024, 0.005128, 0.005035, 0.005162}"
