"model_name","layer_name","layer_index","kind","min_time","mean_time","max_time","add_flops","div_flops","cmp_flops","exp_flops","mad_flops","input_channel","input_height","input_width","output_channel","output_height","output_width","function","kernel_1","kernel_2","stride_1","stride_2","dilation_1","dilation_2","input_form","topology_hash","mad/min_time","mad/mean_time","mad/max_time","time"
"LeNet Trained on MNIST Data","6",6,"Pooling",0.00002,0.00002021666666666669,0.000146,0,0,3200,0,0,50,8,8,50,4,4,"Max",2,2,2,2,"","","HoldForm[PoolingLayer[{2, 2}, {2, 2}, ""PaddingSize"" -> {{0, 0}, {0, 0}}, ""Input"" -> {50, 8, 8}]]","1vl3vi4bk85m7",0.,0.,0.,"{0.000146, 0.000028, 0.000023, 0.000022, 0.000021, 0.000021, 0.00002, 0.000021, 0.000021, 0.00002, 0.00002, 0.00002, 0.000021, 0.000021, 0.000021, 0.00002, 0.00002, 0.00002, 0.00002, 0.00002, 0.00002, 0.00002, 0.00002, 0.00002, 0.00002, 0.00002, 0.00002, 0.00002, 0.000021, 0.00002, 0.00002, 0.00002, 0.00002, 0.00002, 0.00002, 0.00002, 0.00002, 0.00002, 0.00002, 0.00002, 0.00002, 0.00002, 0.00002, 0.000055, 0.000025, 0.000021, 0.000021, 0.00002, 0.00002, 0.00002, 0.00002, 0.00002, 0.000021, 0.000021, 0.000021, 0.000021, 0.000021, 0.000021, 0.00002, 0.000021, 0.000021, 0.00002, 0.00002, 0.00002, 0.00002, 0.00002, 0.00002, 0.000021, 0.000021, 0.00002, 0.00002, 0.00002, 0.00002, 0.00002, 0.00002, 0.00002, 0.00002, 0.000021, 0.00002, 0.00002, 0.00002, 0.00002, 0.00002, 0.000021, 0.000021, 0.000021, 0.000021, 0.00002, 0.00002, 0.00002, 0.00002, 0.000021, 0.00002, 0.00002, 0.00002, 0.00002, 0.00002, 0.000021, 0.00002, 0.00002}"
