"model_name","layer_name","layer_index","kind","min_time","mean_time","max_time","add_flops","div_flops","cmp_flops","exp_flops","mad_flops","input_channel","input_height","input_width","output_channel","output_height","output_width","function","kernel_1","kernel_2","stride_1","stride_2","dilation_1","dilation_2","input_form","topology_hash","mad/min_time","mad/mean_time","mad/max_time","time"
"Squeeze-and-Excitation Net Trained on ImageNet Competition Data","3b/conv3_2_scale_expand1",97,"Replicate",0.011692,0.0117806,0.01267,0,0,0,0,0,512,"","",512,28,28,"","","","","","","","HoldForm[ReplicateLayer[{28, 28}, 2, ""Input"" -> 512]]","1cmc9s23dtcls",0.,0.,0.,"{0.01267, 0.011802, 0.011852, 0.011791, 0.011815, 0.011767, 0.011747, 0.011757, 0.011806, 0.011786, 0.011804, 0.011749, 0.011803, 0.011808, 0.011796, 0.011734, 0.01178, 0.011764, 0.011759, 0.011783, 0.011702, 0.011775, 0.011788, 0.011759, 0.01176, 0.011824, 0.011796, 0.01175, 0.011798, 0.011771, 0.011811, 0.011768, 0.01177, 0.011757, 0.011802, 0.011793, 0.011825, 0.011762, 0.01185, 0.011809, 0.011715, 0.011732, 0.011808, 0.011828, 0.011773, 0.011782, 0.011759, 0.011769, 0.011844, 0.011785, 0.011756, 0.011836, 0.011756, 0.011748, 0.011777, 0.011809, 0.011787, 0.011789, 0.011746, 0.011786, 0.011768, 0.011767, 0.011779, 0.011769, 0.01176, 0.011692, 0.011762, 0.011766, 0.011819, 0.011795, 0.011752, 0.011779, 0.01178, 0.011785, 0.011765, 0.011752, 0.011782, 0.011812, 0.011763, 0.011802, 0.011818, 0.011773, 0.011778, 0.011764, 0.011751, 0.011849, 0.011793, 0.011756, 0.011804, 0.011777, 0.011805, 0.011797, 0.011803, 0.011778, 0.011803, 0.011758, 0.011762, 0.011794, 0.011804, 0.011757}"
