"model_name","layer_name","layer_index","kind","min_time","mean_time","max_time","add_flops","div_flops","cmp_flops","exp_flops","mad_flops","input_channel","input_height","input_width","output_channel","output_height","output_width","function","kernel_1","kernel_2","stride_1","stride_2","dilation_1","dilation_2","input_form","topology_hash","mad/min_time","mad/mean_time","mad/max_time","time"
"Single-Image Depth Perception Net Trained on NYU Depth V2 Data","4/1/1/4/1/1/4/1/2/4/1/2/5",294,"Resize",0.002663,0.0027055,0.003391,0,0,0,0,0,256,15,20,256,30,40,"","","","","","","","HoldForm[ResizeLayer[{Scaled[2], Scaled[2]}, ""Resampling"" -> ""Nearest"", ""Input"" -> {256, 15, 20}]]","1swq7ljl5lhur",0.,0.,0.,"{0.003391, 0.002712, 0.002746, 0.002729, 0.002687, 0.00268, 0.00278, 0.002691, 0.002664, 0.002724, 0.00273, 0.002669, 0.002779, 0.002766, 0.002669, 0.002719, 0.002725, 0.002734, 0.002691, 0.002678, 0.0027, 0.002723, 0.002686, 0.002676, 0.002736, 0.002745, 0.002666, 0.002693, 0.002775, 0.002698, 0.002667, 0.002717, 0.002753, 0.00267, 0.002689, 0.002717, 0.002719, 0.002687, 0.002698, 0.002747, 0.002723, 0.002691, 0.002675, 0.002775, 0.002689, 0.002663, 0.002724, 0.00273, 0.002666, 0.002699, 0.002737, 0.002717, 0.002695, 0.00273, 0.002742, 0.00269, 0.002681, 0.002673, 0.00276, 0.002686, 0.002695, 0.002726, 0.002732, 0.00269, 0.002674, 0.002779, 0.002693, 0.002666, 0.002694, 0.002765, 0.002669, 0.002689, 0.002728, 0.002709, 0.002687, 0.00269, 0.002693, 0.002732, 0.00272, 0.002681, 0.002756, 0.002694, 0.002679, 0.002681, 0.002752, 0.002672, 0.002688, 0.002732, 0.002709, 0.002691, 0.002721, 0.002763, 0.002671, 0.002686, 0.002699, 0.00273, 0.002688, 0.002696, 0.002722, 0.002725}"
