"model_name","layer_name","layer_index","kind","min_time","mean_time","max_time","add_flops","div_flops","cmp_flops","exp_flops","mad_flops","input_channel","input_height","input_width","output_channel","output_height","output_width","function","kernel_1","kernel_2","stride_1","stride_2","dilation_1","dilation_2","input_form","topology_hash","mad/min_time","mad/mean_time","mad/max_time","time"
"SSD-VGG-512 Trained on PASCAL VOC2007, PASCAL VOC2012 and MS-COCO Data","1/1/multiboxLayer4/multiboxClasses/3",46,"Softmax",0.000161,0.0001633833333333333,0.0003,8064,8064,0,8064,0,6,21,8,6,21,8,"","","","","","","","HoldForm[SoftmaxLayer[2, ""Input"" -> {6, 21, 8, 8}]]","1ccqj9dn0lgly",0.,0.,0.,"{0.0003, 0.000171, 0.000202, 0.000164, 0.000163, 0.000162, 0.000162, 0.000163, 0.000163, 0.000162, 0.000163, 0.000162, 0.000162, 0.000162, 0.000162, 0.000162, 0.000162, 0.000162, 0.000163, 0.000162, 0.000163, 0.000174, 0.000162, 0.000162, 0.000162, 0.000162, 0.000179, 0.000164, 0.000162, 0.000164, 0.000166, 0.000165, 0.000166, 0.000165, 0.000166, 0.000165, 0.000165, 0.000188, 0.000168, 0.000164, 0.000164, 0.000165, 0.000164, 0.000164, 0.000164, 0.000164, 0.000165, 0.000165, 0.000165, 0.000164, 0.000173, 0.000166, 0.000203, 0.000169, 0.000165, 0.000166, 0.000165, 0.000165, 0.000165, 0.000165, 0.000163, 0.000163, 0.000163, 0.000163, 0.000163, 0.000162, 0.000161, 0.000163, 0.000163, 0.000163, 0.000162, 0.000162, 0.000162, 0.000187, 0.000178, 0.000163, 0.000163, 0.000163, 0.000162, 0.000162, 0.000162, 0.000171, 0.000163, 0.000162, 0.000162, 0.000163, 0.000163, 0.000162, 0.000162, 0.000163, 0.000162, 0.000162, 0.000162, 0.000162, 0.000162, 0.000163, 0.000163, 0.000178, 0.000178, 0.000163}"
