"model_name","layer_name","layer_index","kind","min_time","mean_time","max_time","add_flops","div_flops","cmp_flops","exp_flops","mad_flops","input_channel","input_height","input_width","output_channel","output_height","output_width","function","kernel_1","kernel_2","stride_1","stride_2","dilation_1","dilation_2","input_form","topology_hash","mad/min_time","mad/mean_time","mad/max_time","time"
"Squeeze-and-Excitation Net Trained on ImageNet Competition Data","4n/conv4_14_scale",440,"Threading",0.000117,0.00011823333333333338,0.00055,0,0,0,0,401408,1024,14,14,1024,14,14,"Times","","","","","","","HoldForm[ThreadingLayer[Times, ""Inputs"" -> {{1024, 14, 14}, {1024, 14, 14}}]]","0pjdpb3japuu1",3.430837606837607e9,3.3950493374682817e9,7.298327272727273e8,"{0.00055, 0.000151, 0.000119, 0.000118, 0.000118, 0.000117, 0.000146, 0.000127, 0.000126, 0.000118, 0.000118, 0.000118, 0.000118, 0.000118, 0.000118, 0.000117, 0.000167, 0.000123, 0.000118, 0.000118, 0.000118, 0.000118, 0.000118, 0.000118, 0.000118, 0.000118, 0.000118, 0.000118, 0.000119, 0.000118, 0.000119, 0.000118, 0.000118, 0.000118, 0.000129, 0.000117, 0.000118, 0.000119, 0.000146, 0.000118, 0.000118, 0.000118, 0.000119, 0.000118, 0.000118, 0.000118, 0.000119, 0.000119, 0.000118, 0.000119}"
