"model_name","layer_name","layer_index","kind","min_time","mean_time","max_time","add_flops","div_flops","cmp_flops","exp_flops","mad_flops","input_channel","input_height","input_width","output_channel","output_height","output_width","function","kernel_1","kernel_2","stride_1","stride_2","dilation_1","dilation_2","input_form","topology_hash","mad/min_time","mad/mean_time","mad/max_time","time"
"Ademxapp Model A1 Trained on Cityscapes Data","4a/4a_plus",53,"Threading",0.017674,0.017877333333333335,0.043198,33554432,0,0,0,0,512,128,256,512,128,256,"Plus","","","","","","","HoldForm[ThreadingLayer[Plus, ""Inputs"" -> {{512, 128, 256}, {512, 128, 256}}]]","0idlqdfusf6jq",0.,0.,0.,"{0.043198, 0.017843, 0.017692, 0.017886, 0.017742, 0.017886, 0.01781, 0.017674, 0.017724, 0.017877, 0.017826, 0.01785, 0.017793, 0.017813, 0.017942, 0.017861, 0.017881, 0.017966, 0.017897, 0.017914, 0.017863, 0.017731, 0.017874, 0.017804, 0.017891, 0.017938, 0.017878, 0.01781, 0.017847, 0.017841, 0.01797, 0.017877, 0.01784, 0.017866, 0.017925, 0.017791, 0.017807, 0.017853, 0.01779, 0.017745, 0.017899, 0.017791, 0.017812, 0.017864, 0.017748, 0.017825, 0.017909, 0.017895, 0.017844, 0.017867, 0.017788, 0.017861, 0.017764, 0.017935, 0.017934, 0.017924, 0.017999, 0.017953, 0.017819, 0.017868, 0.017939, 0.017815, 0.017857, 0.017813, 0.017817, 0.017838, 0.01793, 0.017937, 0.017886, 0.017826, 0.017895, 0.017903, 0.017882, 0.017977, 0.018122, 0.018033, 0.018006, 0.017858, 0.017988, 0.017983, 0.017977, 0.017962, 0.017875, 0.017939, 0.017916, 0.017982, 0.017832, 0.01798, 0.017879, 0.017933, 0.017916, 0.017903, 0.017942, 0.017962, 0.017851, 0.017822, 0.018024, 0.017921, 0.017856, 0.017895}"
