"model_name","layer_name","layer_index","kind","min_time","mean_time","max_time","add_flops","div_flops","cmp_flops","exp_flops","mad_flops","input_channel","input_height","input_width","output_channel","output_height","output_width","function","kernel_1","kernel_2","stride_1","stride_2","dilation_1","dilation_2","input_form","topology_hash","mad/min_time","mad/mean_time","mad/max_time","time"
"Ademxapp Model A1 Trained on PASCAL VOC2012 and MS-COCO Data","4b2/4b2_plus",67,"Threading",0.001244,0.0013349333333333327,0.005287,4064256,0,0,0,0,512,63,63,512,63,63,"Plus","","","","","","","HoldForm[ThreadingLayer[Plus, ""Inputs"" -> {{512, 63, 63}, {512, 63, 63}}]]","0ghszuj7hoh8o",0.,0.,0.,"{0.005287, 0.002011, 0.001788, 0.001611, 0.001415, 0.001409, 0.001385, 0.001313, 0.001321, 0.001371, 0.001295, 0.001319, 0.001374, 0.001324, 0.001297, 0.001335, 0.001309, 0.001305, 0.00131, 0.001299, 0.001362, 0.001354, 0.001271, 0.0013, 0.001336, 0.001281, 0.001317, 0.001316, 0.001398, 0.001303, 0.001293, 0.001312, 0.001289, 0.001301, 0.001281, 0.001367, 0.001364, 0.001319, 0.001328, 0.001351, 0.00131, 0.001289, 0.001281, 0.001337, 0.001322, 0.001296, 0.001274, 0.001324, 0.001299, 0.001307, 0.001251, 0.001352, 0.001289, 0.001244, 0.001288, 0.001268, 0.001316, 0.001355, 0.001402, 0.001384, 0.001354, 0.001328, 0.001312, 0.001338, 0.0013, 0.001313, 0.001382, 0.001345, 0.001335, 0.001359, 0.00134, 0.001327, 0.001329, 0.001345, 0.001317, 0.001334, 0.001329, 0.001383, 0.001364, 0.001345, 0.001355, 0.001497, 0.001399, 0.001416, 0.001426, 0.001372, 0.001386, 0.00136, 0.001373, 0.001357, 0.001354, 0.001323, 0.001322, 0.001357, 0.001337, 0.001387, 0.001397, 0.001329, 0.001331, 0.001352}"
