"model_name","layer_name","layer_index","kind","min_time","mean_time","max_time","add_flops","div_flops","cmp_flops","exp_flops","mad_flops","input_channel","input_height","input_width","output_channel","output_height","output_width","function","kernel_1","kernel_2","stride_1","stride_2","dilation_1","dilation_2","input_form","topology_hash","mad/min_time","mad/mean_time","mad/max_time","time"
"3D Face Alignment Net Trained on 300W Large Pose Data","11/7/1/3",54,"Total",0.000672,0.0006910333333333333,0.003048,1048576,0,0,0,0,256,64,64,256,64,64,"","","","","","","","HoldForm[TotalLayer[""Inputs"" -> {{256, 64, 64}, {256, 64, 64}}]]","1thh7crhnzso3",0.,0.,0.,"{0.003048, 0.001062, 0.000931, 0.000789, 0.000771, 0.00074, 0.000702, 0.0007, 0.000694, 0.000694, 0.00069, 0.000709, 0.000686, 0.000769, 0.000688, 0.000685, 0.000706, 0.000711, 0.000692, 0.00069, 0.000688, 0.000686, 0.000706, 0.000689, 0.000687, 0.000686, 0.000677, 0.000714, 0.000739, 0.000678, 0.000692, 0.000678, 0.00068, 0.000679, 0.000697, 0.000691, 0.000732, 0.000693, 0.000694, 0.000713, 0.000696, 0.000718, 0.000764, 0.000681, 0.000695, 0.000706, 0.000683, 0.000679, 0.000676, 0.000677, 0.000681, 0.000729, 0.000681, 0.000709, 0.000678, 0.000672, 0.000752, 0.000706, 0.000684, 0.0007, 0.000678, 0.000677, 0.00069, 0.000678, 0.000679, 0.000678, 0.000678, 0.000673, 0.000694, 0.00068, 0.000709, 0.000726, 0.000681, 0.000696, 0.000696, 0.00068, 0.000677, 0.000678, 0.000685, 0.000679, 0.000699, 0.000678, 0.000676, 0.00068, 0.000684, 0.000715, 0.000734, 0.000684, 0.000695, 0.000682, 0.000682, 0.000704, 0.000679, 0.000678, 0.000686, 0.000685, 0.000687, 0.000707, 0.000692, 0.000718}"
