"model_name","layer_name","layer_index","kind","min_time","mean_time","max_time","add_flops","div_flops","cmp_flops","exp_flops","mad_flops","input_channel","input_height","input_width","output_channel","output_height","output_width","function","kernel_1","kernel_2","stride_1","stride_2","dilation_1","dilation_2","input_form","topology_hash","mad/min_time","mad/mean_time","mad/max_time","time"
"3D Face Alignment Net Trained on 300W Large Pose Data","19/1/3",276,"Total",0.000825,0.0008475333333333331,0.003091,1048576,0,0,0,0,256,64,64,256,64,64,"","","","","","","","HoldForm[TotalLayer[""Inputs"" -> {{256, 64, 64}, {256, 64, 64}}]]","1thh7crhnzso3",0.,0.,0.,"{0.003091, 0.001131, 0.000981, 0.000888, 0.0009, 0.00085, 0.000848, 0.000841, 0.000889, 0.000832, 0.000832, 0.00083, 0.000879, 0.000855, 0.00083, 0.000831, 0.000905, 0.000837, 0.000847, 0.000855, 0.000826, 0.000828, 0.000827, 0.000846, 0.000899, 0.000829, 0.000827, 0.000844, 0.000843, 0.000826, 0.000825, 0.000855, 0.000851, 0.000828, 0.000827, 0.000861, 0.000878, 0.00085, 0.000828, 0.000827, 0.00084, 0.000853, 0.000837, 0.000868, 0.000834, 0.000832, 0.000851, 0.000877, 0.000835, 0.000832, 0.000832, 0.000871, 0.000833, 0.000832, 0.000834, 0.000865, 0.000847, 0.000864, 0.000833, 0.000876, 0.000862, 0.000841, 0.000842, 0.000855, 0.000839, 0.000854, 0.000838, 0.000873, 0.000839, 0.000836, 0.000859, 0.000878, 0.000838, 0.000835, 0.000852, 0.000854, 0.000837, 0.000835, 0.000834, 0.000895, 0.000847, 0.000843, 0.000841, 0.000915, 0.000857, 0.000916, 0.000841, 0.000848, 0.000869, 0.000843, 0.000873, 0.000836, 0.000838, 0.000852, 0.000876, 0.000896, 0.000875, 0.000841, 0.000921, 0.000852}"
