"model_name","layer_name","layer_index","kind","min_time","mean_time","max_time","add_flops","div_flops","cmp_flops","exp_flops","mad_flops","input_channel","input_height","input_width","output_channel","output_height","output_width","function","kernel_1","kernel_2","stride_1","stride_2","dilation_1","dilation_2","input_form","topology_hash","mad/min_time","mad/mean_time","mad/max_time","time"
"ResNet-152 Trained on ImageNet Competition Data","2c/res2c",36,"Total",0.000511,0.0005179000000000001,0.002213,802816,0,0,0,0,256,56,56,256,56,56,"","","","","","","","HoldForm[TotalLayer[""Inputs"" -> {{256, 56, 56}, {256, 56, 56}}]]","04vmlwc72gfq7",0.,0.,0.,"{0.002213, 0.000734, 0.000621, 0.000533, 0.000531, 0.000514, 0.00055, 0.000515, 0.000514, 0.000528, 0.000516, 0.000513, 0.000512, 0.000529, 0.000542, 0.000516, 0.000514, 0.000517, 0.000516, 0.000514, 0.000513, 0.000541, 0.000512, 0.000532, 0.000515, 0.000514, 0.000515, 0.000513, 0.000516, 0.000539, 0.000513, 0.000511, 0.000511, 0.000512, 0.000511, 0.000512, 0.000528, 0.000542, 0.000514, 0.000513, 0.000513, 0.000513, 0.000513, 0.000528, 0.000537, 0.000513, 0.000513, 0.000512, 0.000515, 0.000532}"
