"model_name","layer_name","layer_index","kind","min_time","mean_time","max_time","add_flops","div_flops","cmp_flops","exp_flops","mad_flops","input_channel","input_height","input_width","output_channel","output_height","output_width","function","kernel_1","kernel_2","stride_1","stride_2","dilation_1","dilation_2","input_form","topology_hash","mad/min_time","mad/mean_time","mad/max_time","time"
"Yahoo Open NSFW Model V1","stage2_block5/eltwise_stage2_block5",140,"Total",0.000087,0.00008871666666666658,0.00044,100352,0,0,0,0,512,14,14,512,14,14,"","","","","","","","HoldForm[TotalLayer[""Inputs"" -> {{512, 14, 14}, {512, 14, 14}}]]","1fhbzb29jfpiy",0.,0.,0.,"{0.00044, 0.000101, 0.000092, 0.000089, 0.000088, 0.000088, 0.000088, 0.000088, 0.000088, 0.000088, 0.000088, 0.000088, 0.000106, 0.000089, 0.000087, 0.000087, 0.000088, 0.000088, 0.000087, 0.000088, 0.000088, 0.000088, 0.000088, 0.000087, 0.000088, 0.000088, 0.000088, 0.000087, 0.000087, 0.000088, 0.000087, 0.000088, 0.000088, 0.000088, 0.000088, 0.000088, 0.000087, 0.000087, 0.000088, 0.000087, 0.000087, 0.000088, 0.000088, 0.000088, 0.000087, 0.000088, 0.000088, 0.000088, 0.00009, 0.00009, 0.00009, 0.00009, 0.00009, 0.000126, 0.000095, 0.00009, 0.000129, 0.000096, 0.00009, 0.000089, 0.000088, 0.000089, 0.00009, 0.000103, 0.00009, 0.000089, 0.000089, 0.000136, 0.000096, 0.000089, 0.000089, 0.00009, 0.000089, 0.000089, 0.00009, 0.000089, 0.00009, 0.00009, 0.000089, 0.000089, 0.000089, 0.00009, 0.000089, 0.000089, 0.000089, 0.000089, 0.000089, 0.000089, 0.000089, 0.000089, 0.000089, 0.000089, 0.000089, 0.000089, 0.000089, 0.000089, 0.000089, 0.000089, 0.000089, 0.000104}"
