"model_name","layer_name","layer_index","kind","min_time","mean_time","max_time","add_flops","div_flops","cmp_flops","exp_flops","mad_flops","input_channel","input_height","input_width","output_channel","output_height","output_width","function","kernel_1","kernel_2","stride_1","stride_2","dilation_1","dilation_2","input_form","topology_hash","mad/min_time","mad/mean_time","mad/max_time","time"
"Squeeze-and-Excitation Net Trained on ImageNet Competition Data","3f/conv3_6_eltwise",167,"Total",0.000288,0.0002933999999999999,0.001249,401408,0,0,0,0,512,28,28,512,28,28,"","","","","","","","HoldForm[TotalLayer[""Inputs"" -> {{512, 28, 28}, {512, 28, 28}}]]","0wp65i2cnvhy6",0.,0.,0.,"{0.001249, 0.00035, 0.000306, 0.000297, 0.000293, 0.00031, 0.000295, 0.000314, 0.000294, 0.000294, 0.000293, 0.000294, 0.000295, 0.000294, 0.000293, 0.000295, 0.000296, 0.000294, 0.000295, 0.000294, 0.000318, 0.000296, 0.000296, 0.000295, 0.000296, 0.000332, 0.00035, 0.000303, 0.000295, 0.000294, 0.000293, 0.000327, 0.000295, 0.000307, 0.000292, 0.000291, 0.000291, 0.000288, 0.000305, 0.00029, 0.00029, 0.00029, 0.00029, 0.000291, 0.000333, 0.000293, 0.000291, 0.000305, 0.00029, 0.000291, 0.000291, 0.00029, 0.000291, 0.000292, 0.000294, 0.000292, 0.00029, 0.000291, 0.000325, 0.000298, 0.000355, 0.000297, 0.000292, 0.000291, 0.000291, 0.000291, 0.000291, 0.00029, 0.000292, 0.000292, 0.000291, 0.000289, 0.000309, 0.000313, 0.000293, 0.000291, 0.000292, 0.000291, 0.000291, 0.00029, 0.000292, 0.000291, 0.000292, 0.000291, 0.000291, 0.000293, 0.000291, 0.000306, 0.000293, 0.000291, 0.000291, 0.000291, 0.000327, 0.000298, 0.000342, 0.000296, 0.000293, 0.000292, 0.000292, 0.000291}"
