"model_name","layer_name","layer_index","kind","min_time","mean_time","max_time","add_flops","div_flops","cmp_flops","exp_flops","mad_flops","input_channel","input_height","input_width","output_channel","output_height","output_width","function","kernel_1","kernel_2","stride_1","stride_2","dilation_1","dilation_2","input_form","topology_hash","mad/min_time","mad/mean_time","mad/max_time","time"
"SSD-VGG-512 Trained on MS-COCO Data","1/4/1",108,"Transpose",0.001114,0.0011358333333333335,0.00152,0,0,0,0,0,6,80,16,16,16,6,"","","","","","","","HoldForm[TransposeLayer[{2 <-> 4, 1 <-> 3}, ""Input"" -> {6, 80, 16, 16}]]","1cw2d19nixzxl",0.,0.,0.,"{0.00152, 0.001124, 0.001166, 0.001125, 0.001174, 0.001137, 0.001192, 0.00113, 0.001118, 0.001136, 0.001133, 0.001118, 0.001153, 0.001168, 0.001171, 0.001129, 0.001138, 0.001121, 0.001115, 0.001128, 0.001161, 0.00112, 0.001149, 0.001192, 0.001167, 0.001126, 0.001116, 0.001135, 0.001132, 0.001116, 0.001134, 0.001152, 0.001177, 0.001127, 0.001167, 0.001127, 0.001117, 0.001148, 0.001119, 0.001114, 0.001152, 0.001186, 0.001129, 0.001117, 0.001137, 0.001135, 0.001119, 0.001115, 0.00113, 0.001155, 0.001178, 0.001149, 0.001121, 0.001115, 0.001127, 0.001132, 0.001159, 0.001158, 0.001146, 0.001171, 0.001126, 0.001116, 0.001134, 0.001133, 0.001184, 0.00115, 0.001156, 0.001181, 0.001167, 0.001141, 0.001119, 0.001116, 0.001155, 0.001119, 0.001115, 0.00115, 0.00119, 0.001128, 0.001116, 0.001136, 0.001133, 0.001118, 0.001115, 0.001131, 0.001153, 0.001176, 0.001151, 0.001121, 0.001116, 0.001129, 0.001133, 0.00112, 0.001116, 0.001174, 0.001206, 0.00113, 0.001117, 0.001135, 0.001134, 0.001117}"
