"model_name","layer_name","layer_index","kind","min_time","mean_time","max_time","add_flops","div_flops","cmp_flops","exp_flops","mad_flops","input_channel","input_height","input_width","output_channel","output_height","output_width","function","kernel_1","kernel_2","stride_1","stride_2","dilation_1","dilation_2","input_form","topology_hash","mad/min_time","mad/mean_time","mad/max_time","time"
"ResNet-50 Trained on ImageNet Competition Data","2a/bn2a_branch1",7,"BatchNormalization",0.000277,0.00028041666666666677,0.00188,802816,802816,0,0,0,256,56,56,256,56,56,"","","","","","","","HoldForm[BatchNormalizationLayer[""Epsilon"" -> 0.0001, ""Input"" -> {256, 56, 56}]]","1ly0x3vgmk431",0.,0.,0.,"{0.00188, 0.000406, 0.00029, 0.000278, 0.000278, 0.000277, 0.000277, 0.000277, 0.000278, 0.000277, 0.000277, 0.000277, 0.000277, 0.000277, 0.000291, 0.000279, 0.000279, 0.000288, 0.00028, 0.000281, 0.000281, 0.00028, 0.000281, 0.000281, 0.000281, 0.000291, 0.000283, 0.000279, 0.000293, 0.000279, 0.000279, 0.00028, 0.00028, 0.000279, 0.00028, 0.000279, 0.000279, 0.000279, 0.000279, 0.000279, 0.000279, 0.000279, 0.00029, 0.000281, 0.000281, 0.000281, 0.000281, 0.000281, 0.000281, 0.000281, 0.00028, 0.00028, 0.000281, 0.000287, 0.000281, 0.00028, 0.00029, 0.00028, 0.000281, 0.000281, 0.000281, 0.000283, 0.000283, 0.00028, 0.00028, 0.00028, 0.00028, 0.00028, 0.000281, 0.00028, 0.00028, 0.000294, 0.00028, 0.00028, 0.000281, 0.000281, 0.00028, 0.000281, 0.000281, 0.00028, 0.00028, 0.00028, 0.00028, 0.00028, 0.00028, 0.000291, 0.000282, 0.000281, 0.000298, 0.00028, 0.000281, 0.000281, 0.000281, 0.00028, 0.000281, 0.000281, 0.000283, 0.000283, 0.000281, 0.000293}"
