"model_name","layer_name","layer_index","kind","min_time","mean_time","max_time","add_flops","div_flops","cmp_flops","exp_flops","mad_flops","input_channel","input_height","input_width","output_channel","output_height","output_width","function","kernel_1","kernel_2","stride_1","stride_2","dilation_1","dilation_2","input_form","topology_hash","mad/min_time","mad/mean_time","mad/max_time","time"
"Squeeze-and-Excitation Net Trained on ImageNet Competition Data","3h/conv3_8_3x3_bn",190,"BatchNormalization",0.000162,0.0001643333333333333,0.001019,401408,401408,0,0,0,512,28,28,512,28,28,"","","","","","","","HoldForm[BatchNormalizationLayer[""Epsilon"" -> 0.0001, ""Input"" -> {512, 28, 28}]]","04pb5s9ihghh3",0.,0.,0.,"{0.001019, 0.000194, 0.000167, 0.000165, 0.000165, 0.000165, 0.000179, 0.000166, 0.000164, 0.000164, 0.000165, 0.000164, 0.000165, 0.000165, 0.000165, 0.000165, 0.000165, 0.000164, 0.000164, 0.000164, 0.000164, 0.000164, 0.000164, 0.000165, 0.000165, 0.000165, 0.000166, 0.000178, 0.000167, 0.000164, 0.000178, 0.000164, 0.000165, 0.000164, 0.000163, 0.000165, 0.000165, 0.000163, 0.000165, 0.000165, 0.000165, 0.000165, 0.000164, 0.000165, 0.000165, 0.000164, 0.000164, 0.000165, 0.000164, 0.000165, 0.000165, 0.000165, 0.000164, 0.000162, 0.000176, 0.000162, 0.000171, 0.000163, 0.000163, 0.000163, 0.000164, 0.000163, 0.000163, 0.000163, 0.000163, 0.000163, 0.000162, 0.000163, 0.000163, 0.000162, 0.000163, 0.000163, 0.000163, 0.000162, 0.000163, 0.000162, 0.000163, 0.000163, 0.000175, 0.000164, 0.000164, 0.000164, 0.000164, 0.000164, 0.000164, 0.000164, 0.000165, 0.000166, 0.000167, 0.000164, 0.000165, 0.000165, 0.000165, 0.000164, 0.000164, 0.000165, 0.000164, 0.000164, 0.000164, 0.000164}"
