"model_name","layer_name","layer_index","kind","min_time","mean_time","max_time","add_flops","div_flops","cmp_flops","exp_flops","mad_flops","input_channel","input_height","input_width","output_channel","output_height","output_width","function","kernel_1","kernel_2","stride_1","stride_2","dilation_1","dilation_2","input_form","topology_hash","mad/min_time","mad/mean_time","mad/max_time","time"
"Single-Image Depth Perception Net Trained on NYU Depth V2 Data","4/1/1/4/1/1/4/1/2/4/1/1/2/3/5",218,"BatchNormalization",0.000044,0.00004521666666666665,0.000344,76800,76800,0,0,0,64,30,40,64,30,40,"","","","","","","","HoldForm[BatchNormalizationLayer[""Momentum"" -> 0.1, ""Epsilon"" -> 0.00001, ""Input"" -> {64, 30, 40}]]","0nlntm27olfpb",0.,0.,0.,"{0.000344, 0.000058, 0.000047, 0.000045, 0.000044, 0.000045, 0.000044, 0.000045, 0.000044, 0.000045, 0.000045, 0.000044, 0.000044, 0.000044, 0.000044, 0.000044, 0.000045, 0.000045, 0.000044, 0.000044, 0.000045, 0.000045, 0.000045, 0.000044, 0.000044, 0.000044, 0.000045, 0.000045, 0.000045, 0.000044, 0.000044, 0.000045, 0.000045, 0.000044, 0.000044, 0.000044, 0.000044, 0.000045, 0.000045, 0.000044, 0.000044, 0.000044, 0.000045, 0.000045, 0.000044, 0.000044, 0.000044, 0.000045, 0.000044, 0.000044, 0.000062, 0.000047, 0.000046, 0.000045, 0.000046, 0.000046, 0.000045, 0.000046, 0.000046, 0.000045, 0.000045, 0.000045, 0.000046, 0.000045, 0.000046, 0.000045, 0.000046, 0.000046, 0.000045, 0.000046, 0.000046, 0.000046, 0.000045, 0.000046, 0.000054, 0.000046, 0.000046, 0.000046, 0.000046, 0.000046, 0.000045, 0.000046, 0.000046, 0.000045, 0.000046, 0.000046, 0.000046, 0.000046, 0.000045, 0.000046, 0.000046, 0.000046, 0.000046, 0.000045, 0.000046, 0.000046, 0.000046, 0.000046, 0.000046, 0.000046}"
