"model_name","layer_name","layer_index","kind","min_time","mean_time","max_time","add_flops","div_flops","cmp_flops","exp_flops","mad_flops","input_channel","input_height","input_width","output_channel","output_height","output_width","function","kernel_1","kernel_2","stride_1","stride_2","dilation_1","dilation_2","input_form","topology_hash","mad/min_time","mad/mean_time","mad/max_time","time"
"Ademxapp Model A1 Trained on ADE20K Data","3b1/bn3b1_branch2a",32,"BatchNormalization",0.002063,0.0020908999999999997,0.008943,4064256,4064256,0,0,0,256,126,126,256,126,126,"","","","","","","","HoldForm[BatchNormalizationLayer[""Epsilon"" -> 0.00001001, ""Input"" -> {256, 126, 126}]]","0h7o1r96xg25c",0.,0.,0.,"{0.008943, 0.002596, 0.00238, 0.002192, 0.00215, 0.002127, 0.002099, 0.002106, 0.002099, 0.002115, 0.002094, 0.002103, 0.002067, 0.002088, 0.002082, 0.002089, 0.00207, 0.002088, 0.002074, 0.002075, 0.002065, 0.002075, 0.002064, 0.002082, 0.002071, 0.002075, 0.002093, 0.002063, 0.002102, 0.002069, 0.002086, 0.002077, 0.002121, 0.002099, 0.002095, 0.002111, 0.002126, 0.002089, 0.002126, 0.002077, 0.002096, 0.002065, 0.002096, 0.002094, 0.002093, 0.002091, 0.002081, 0.002105, 0.002075, 0.002087}"
