"model_name","layer_name","layer_index","kind","min_time","mean_time","max_time","add_flops","div_flops","cmp_flops","exp_flops","mad_flops","input_channel","input_height","input_width","output_channel","output_height","output_width","function","kernel_1","kernel_2","stride_1","stride_2","dilation_1","dilation_2","input_form","topology_hash","mad/min_time","mad/mean_time","mad/max_time","time"
"U-Net Trained on Glioblastoma-Astrocytoma U373 Cells on a Polyacrylamide Substrate Data","expand_4/join",33,"Catenate",0.001304,0.0013315999999999998,0.006961,0,0,0,0,0,512,56,56,1024,56,56,"","","","","","","","HoldForm[CatenateLayer[""Inputs"" -> {{512, 56, 56}, {512, 56, 56}}]]","11nwqpsg7uzqs",0.,0.,0.,"{0.006961, 0.001932, 0.001816, 0.001509, 0.001418, 0.001379, 0.001369, 0.001384, 0.001359, 0.001358, 0.001385, 0.001351, 0.001354, 0.001365, 0.001339, 0.001339, 0.001348, 0.001346, 0.001346, 0.001355, 0.001345, 0.001343, 0.001362, 0.001339, 0.001333, 0.001368, 0.001343, 0.001341, 0.001345, 0.001323, 0.001317, 0.001335, 0.001334, 0.001317, 0.001336, 0.001332, 0.001322, 0.001333, 0.001315, 0.001319, 0.001344, 0.001327, 0.001319, 0.001336, 0.001324, 0.001324, 0.001337, 0.001343, 0.001336, 0.001346, 0.001315, 0.00131, 0.00133, 0.001307, 0.00133, 0.001349, 0.00132, 0.001332, 0.001338, 0.001315, 0.001321, 0.001338, 0.001319, 0.001323, 0.001348, 0.001334, 0.001333, 0.001376, 0.001322, 0.001319, 0.001338, 0.00132, 0.001308, 0.001329, 0.001315, 0.001312, 0.001318, 0.001324, 0.001316, 0.001336, 0.001316, 0.00131, 0.001327, 0.001306, 0.001309, 0.001354, 0.001313, 0.001313, 0.001332, 0.00132, 0.001304, 0.001328, 0.001316, 0.001333, 0.001328, 0.001317, 0.001308, 0.001325, 0.00132, 0.001313}"
