"model_name","layer_name","layer_index","kind","min_time","mean_time","max_time","add_flops","div_flops","cmp_flops","exp_flops","mad_flops","input_channel","input_height","input_width","output_channel","output_height","output_width","function","kernel_1","kernel_2","stride_1","stride_2","dilation_1","dilation_2","input_form","topology_hash","mad/min_time","mad/mean_time","mad/max_time","time"
"Ademxapp Model A1 Trained on Cityscapes Data","2a/res2a_branch2b1",8,"Convolution",1.024094,1.1004716333333335,2.053865,0,0,0,0,77309411328,128,512,1024,128,512,1024,"",3,3,1,1,1,1,"HoldForm[ConvolutionLayer[128, {3, 3}, ""Stride"" -> {1, 1}, ""PaddingSize"" -> {{1, 1}, {1, 1}}, ""Dilation"" -> {1, 1}, ""Input"" -> {128, 512, 1024}]]","1m64n7yhyd9s0",7.54905422041336e10,7.025116230740945e10,3.764094101997941e10,"{2.053865, 1.132764, 1.053478, 1.186635, 1.124109, 1.028859, 1.156742, 1.128247, 1.12977, 1.131858, 1.148848, 1.067306, 1.061328, 1.132131, 1.066242, 1.109719, 1.10853, 1.123868, 1.047227, 1.065421, 1.15382, 1.134763, 1.043507, 1.126275, 1.087427, 1.121944, 1.07981, 1.087653, 1.068507, 1.094569, 1.170359, 1.09143, 1.070587, 1.024094, 1.160911, 1.107657, 1.084308, 1.095458, 1.117793, 1.036832, 1.071792, 1.079252, 1.073798, 1.095579, 1.18172, 1.110115, 1.031497, 1.040966, 1.095651, 1.190187}"
