"model_name","layer_name","layer_index","kind","min_time","mean_time","max_time","add_flops","div_flops","cmp_flops","exp_flops","mad_flops","input_channel","input_height","input_width","output_channel","output_height","output_width","function","kernel_1","kernel_2","stride_1","stride_2","dilation_1","dilation_2","input_form","topology_hash","mad/min_time","mad/mean_time","mad/max_time","time"
"Inception V1 Trained on Extended Salient Object Subitizing Data","inception_5b/1x1",129,"Convolution",0.000188,0.00019140000000000002,0.002918,0,0,0,0,15654912,832,7,7,384,7,7,"",1,1,1,1,1,1,"HoldForm[ConvolutionLayer[384, {1, 1}, ""Stride"" -> {1, 1}, ""PaddingSize"" -> {{0, 0}, {0, 0}}, ""Dilation"" -> {1, 1}, ""Input"" -> {832, 7, 7}]]","06dg39v1gyyvz",8.32708085106383e10,8.17915987460815e10,5.364945853324195e9,"{0.002918, 0.000219, 0.000194, 0.000191, 0.000189, 0.000189, 0.000188, 0.000188, 0.000189, 0.000216, 0.000215, 0.000214, 0.000228, 0.000214, 0.00022, 0.000188, 0.000189, 0.000191, 0.000191, 0.000192, 0.000191, 0.000191, 0.000191, 0.00019, 0.000192, 0.000191, 0.000191, 0.000191, 0.000191, 0.000191, 0.000192, 0.000191, 0.000202, 0.000192, 0.000191, 0.000191, 0.000191, 0.000191, 0.000191, 0.000191, 0.000191, 0.000191, 0.000191, 0.000192, 0.000192, 0.000192, 0.00019, 0.000192, 0.000191, 0.000192, 0.000191, 0.000191, 0.00022, 0.000203, 0.000192, 0.000191, 0.000191, 0.000191, 0.000191, 0.000191, 0.000229, 0.000221, 0.000218, 0.000216, 0.000216, 0.000231, 0.000191, 0.000192, 0.000191, 0.000191, 0.000191, 0.000191, 0.000191, 0.000201, 0.000193, 0.000192, 0.000192, 0.000191, 0.000191, 0.000192, 0.000191, 0.000191, 0.000192, 0.000191, 0.000191, 0.000192, 0.000193, 0.000191, 0.000191, 0.000191, 0.000191, 0.000192, 0.000192, 0.0002, 0.000193, 0.000191, 0.000191, 0.000191, 0.000191, 0.000191}"
