"model_name","layer_name","layer_index","kind","min_time","mean_time","max_time","add_flops","div_flops","cmp_flops","exp_flops","mad_flops","input_channel","input_height","input_width","output_channel","output_height","output_width","function","kernel_1","kernel_2","stride_1","stride_2","dilation_1","dilation_2","input_form","topology_hash","mad/min_time","mad/mean_time","mad/max_time","time"
"3D Face Alignment Net Trained on 300W Large Pose Data","13/1/2/3/1/2/3/1/1/1/1/1/4/2/1/3",581,"Convolution",0.002213,0.002484916666666668,0.005008,0,0,0,0,18874368,128,16,16,64,16,16,"",3,3,1,1,1,1,"HoldForm[ConvolutionLayer[64, {3, 3}, ""Stride"" -> {1, 1}, ""PaddingSize"" -> {{1, 1}, {1, 1}}, ""Dilation"" -> {1, 1}, ""Input"" -> {128, 16, 16}]]","02rpbnlh0jd82",8.528860370537731e9,7.59557382876689e9,3.768843450479233e9,"{0.005008, 0.002266, 0.002247, 0.002217, 0.002218, 0.00223, 0.002213, 0.002349, 0.002224, 0.002219, 0.002283, 0.002281, 0.002227, 0.002407, 0.002476, 0.002464, 0.002509, 0.002485, 0.002455, 0.002454, 0.002492, 0.002487, 0.002477, 0.00249, 0.002473, 0.00248, 0.00247, 0.002487, 0.00249, 0.002478, 0.002481, 0.0025, 0.002493, 0.002486, 0.002466, 0.002494, 0.002555, 0.002489, 0.002497, 0.002497, 0.002484, 0.002479, 0.002487, 0.002486, 0.002567, 0.002485, 0.002515, 0.002502, 0.002492, 0.002497, 0.002492, 0.002463, 0.002513, 0.002474, 0.002497, 0.002456, 0.002555, 0.002523, 0.002504, 0.002484, 0.002532, 0.002476, 0.002514, 0.00247, 0.002553, 0.002483, 0.002487, 0.002491, 0.002515, 0.002471, 0.002481, 0.002478, 0.002544, 0.002483, 0.002495, 0.002496, 0.002521, 0.002482, 0.00249, 0.002479, 0.002543, 0.002458, 0.002489, 0.002486, 0.002549, 0.002458, 0.002501, 0.002479, 0.002579, 0.002488, 0.002499, 0.002481, 0.002511, 0.002462, 0.002512, 0.002488, 0.002537, 0.002454, 0.002479, 0.002465}"
