"model_name","layer_name","layer_index","kind","min_time","mean_time","max_time","add_flops","div_flops","cmp_flops","exp_flops","mad_flops","input_channel","input_height","input_width","output_channel","output_height","output_width","function","kernel_1","kernel_2","stride_1","stride_2","dilation_1","dilation_2","input_form","topology_hash","mad/min_time","mad/mean_time","mad/max_time","time"
"Dilated ResNet-105 Trained on Cityscapes Data","convolution21",67,"Convolution",0.016116,0.02100236666666667,0.03738,0,0,0,0,1207959552,128,64,128,128,64,128,"",3,3,1,1,1,1,"HoldForm[ConvolutionLayer[128, {3, 3}, ""Stride"" -> {1, 1}, ""PaddingSize"" -> {{1, 1}, {1, 1}}, ""Dilation"" -> {1, 1}, ""Input"" -> {128, 64, 128}]]","1fnbq7md20zlw",7.495405510052122e10,5.751540153411281e10,3.2315664847512043e10,"{0.03738, 0.017447, 0.024861, 0.027751, 0.022818, 0.026869, 0.022564, 0.025973, 0.024254, 0.02163, 0.024671, 0.019477, 0.016952, 0.016894, 0.016914, 0.016982, 0.017452, 0.017808, 0.021665, 0.023818, 0.024073, 0.023928, 0.016711, 0.017127, 0.022205, 0.023862, 0.027011, 0.021295, 0.016319, 0.017118, 0.023275, 0.024291, 0.02556, 0.02396, 0.026459, 0.016116, 0.020366, 0.025976, 0.023212, 0.02284, 0.02576, 0.020441, 0.023961, 0.024178, 0.023793, 0.021253, 0.018145, 0.018225, 0.016958, 0.016967, 0.01704, 0.017084, 0.016798, 0.016742, 0.018643, 0.020081, 0.02009, 0.026352, 0.022209, 0.021346, 0.023986, 0.024153, 0.024124, 0.016881, 0.03721, 0.016311, 0.023799, 0.02135, 0.02711, 0.024863, 0.023096, 0.018382, 0.017009, 0.016827, 0.016948, 0.016882, 0.016869, 0.017056, 0.016916, 0.01687, 0.01691, 0.017014, 0.016963, 0.016971, 0.016943, 0.01916, 0.016791, 0.023326, 0.024347, 0.023133, 0.023238, 0.027187, 0.021914, 0.026836, 0.021537, 0.023165, 0.027709, 0.02011, 0.023906, 0.024118}"
