"model_name","layer_name","layer_index","kind","min_time","mean_time","max_time","add_flops","div_flops","cmp_flops","exp_flops","mad_flops","input_channel","input_height","input_width","output_channel","output_height","output_width","function","kernel_1","kernel_2","stride_1","stride_2","dilation_1","dilation_2","input_form","topology_hash","mad/min_time","mad/mean_time","mad/max_time","time"
"CycleGAN Monet-to-Photo Translation","17/1/2",53,"Convolution",0.005716,0.00811878333333333,0.020239,0,0,0,0,603979776,128,66,66,128,64,64,"",3,3,1,1,1,1,"HoldForm[ConvolutionLayer[128, {3, 3}, ""Stride"" -> {1, 1}, ""PaddingSize"" -> {{0, 0}, {0, 0}}, ""Dilation"" -> {1, 1}, ""Input"" -> {128, 66, 66}]]","1sehkke39v8fh",1.0566476137158853e11,7.439289253110588e10,2.984237244923168e10,"{0.020239, 0.009883, 0.012194, 0.0118, 0.011495, 0.011538, 0.011524, 0.011442, 0.009615, 0.013387, 0.015912, 0.013555, 0.018432, 0.005933, 0.018065, 0.005783, 0.018208, 0.005716, 0.018279, 0.005746, 0.006327, 0.009922, 0.007846, 0.007688, 0.007817, 0.007814, 0.007665, 0.007661, 0.007792, 0.007798, 0.007622, 0.007658, 0.007705, 0.007878, 0.007778, 0.007655, 0.007682, 0.007826, 0.007811, 0.007665, 0.007713, 0.007711, 0.007817, 0.007712, 0.007645, 0.007668, 0.00781, 0.007822, 0.007633, 0.00764, 0.007752, 0.007772, 0.007724, 0.007669, 0.007704, 0.007779, 0.007737, 0.007612, 0.007689, 0.007801, 0.007809, 0.007648, 0.007681, 0.007696, 0.007791, 0.007733, 0.007643, 0.007662, 0.007793, 0.007799, 0.007659, 0.009168, 0.011352, 0.011256, 0.01124, 0.011215, 0.011268, 0.01013, 0.012731, 0.011251, 0.011221, 0.011249, 0.007816, 0.007774, 0.007824, 0.007992, 0.007774, 0.00774, 0.007791, 0.007974, 0.007871, 0.007703, 0.007878, 0.007771, 0.007876, 0.007799, 0.007724, 0.007714, 0.007901, 0.007862}"
