"model_name","layer_name","layer_index","kind","min_time","mean_time","max_time","add_flops","div_flops","cmp_flops","exp_flops","mad_flops","input_channel","input_height","input_width","output_channel","output_height","output_width","function","kernel_1","kernel_2","stride_1","stride_2","dilation_1","dilation_2","input_form","topology_hash","mad/min_time","mad/mean_time","mad/max_time","time"
"3D Face Alignment Net Trained on 300W Large Pose Data","11/7/1/1/3",40,"Convolution",0.005436,0.00763825,0.020011,0,0,0,0,603979776,128,64,64,128,64,64,"",3,3,1,1,1,1,"HoldForm[ConvolutionLayer[128, {3, 3}, ""Stride"" -> {1, 1}, ""PaddingSize"" -> {{1, 1}, {1, 1}}, ""Dilation"" -> {1, 1}, ""Input"" -> {128, 64, 64}]]","0uu5uyi6zmhco",1.1110739072847682e11,7.90730567865676e10,3.0182388486332516e10,"{0.020011, 0.008027, 0.007818, 0.007689, 0.007736, 0.007634, 0.007438, 0.007524, 0.007593, 0.007592, 0.00744, 0.007466, 0.012787, 0.005482, 0.007249, 0.005472, 0.010042, 0.009964, 0.006168, 0.008351, 0.005618, 0.005536, 0.008978, 0.005624, 0.005532, 0.005453, 0.005498, 0.008112, 0.005604, 0.005541, 0.00566, 0.007959, 0.007583, 0.007576, 0.007835, 0.010876, 0.010861, 0.010851, 0.010809, 0.010833, 0.010853, 0.010909, 0.011114, 0.005959, 0.010054, 0.007442, 0.007407, 0.007471, 0.007554, 0.007427, 0.007405, 0.007437, 0.007559, 0.007388, 0.007438, 0.00747, 0.007677, 0.007434, 0.007431, 0.007463, 0.007558, 0.007397, 0.007434, 0.007479, 0.007546, 0.007402, 0.007434, 0.007488, 0.007625, 0.00738, 0.007383, 0.007491, 0.007557, 0.00737, 0.00747, 0.007473, 0.007548, 0.012199, 0.006529, 0.012059, 0.005436, 0.0113, 0.005463, 0.005787, 0.005486, 0.005604, 0.009046, 0.010089, 0.010025, 0.010133, 0.010036, 0.01008, 0.007418, 0.007447, 0.00756, 0.007549, 0.007417, 0.007397, 0.007576, 0.007532}"
