"model_name","layer_name","layer_index","kind","min_time","mean_time","max_time","add_flops","div_flops","cmp_flops","exp_flops","mad_flops","input_channel","input_height","input_width","output_channel","output_height","output_width","function","kernel_1","kernel_2","stride_1","stride_2","dilation_1","dilation_2","input_form","topology_hash","mad/min_time","mad/mean_time","mad/max_time","time"
"3D Face Alignment Net Trained on 300W Large Pose Data","14/1/2/3/1/2/3/1/2/4/1/1/4/2/2/2/3",450,"Convolution",0.000073,0.00007535,0.002848,0,0,0,0,2359296,64,8,8,64,8,8,"",3,3,1,1,1,1,"HoldForm[ConvolutionLayer[64, {3, 3}, ""Stride"" -> {1, 1}, ""PaddingSize"" -> {{1, 1}, {1, 1}}, ""Dilation"" -> {1, 1}, ""Input"" -> {64, 8, 8}]]","1w62v5todalnu",3.2319123287671234e10,3.1311161247511612e10,8.284044943820225e8,"{0.002848, 0.000113, 0.000089, 0.000103, 0.000085, 0.000085, 0.000093, 0.000075, 0.000074, 0.000074, 0.000075, 0.000074, 0.000075, 0.000075, 0.000075, 0.000095, 0.000075, 0.000076, 0.000075, 0.000074, 0.000077, 0.000074, 0.000073, 0.000074, 0.000074, 0.000075, 0.000075, 0.000075, 0.000074, 0.000074, 0.000074, 0.000074, 0.000074, 0.000076, 0.000074, 0.000074, 0.000074, 0.000074, 0.000074, 0.000074, 0.000076, 0.000075, 0.000075, 0.000073, 0.000075, 0.000074, 0.000077, 0.000075, 0.000074, 0.000075, 0.000074, 0.000074, 0.000075, 0.000074, 0.000075, 0.000082, 0.000075, 0.000075, 0.000075, 0.000074, 0.000075, 0.000075, 0.000075, 0.000074, 0.000075, 0.000075, 0.000075, 0.000075, 0.000075, 0.000075, 0.000077, 0.000077, 0.000076, 0.000076, 0.000076, 0.000076, 0.000076, 0.000076, 0.000076, 0.000077, 0.000075, 0.000077, 0.000076, 0.000077, 0.000076, 0.000076, 0.000077, 0.000145, 0.000078, 0.000077, 0.000077, 0.000077, 0.000076, 0.000076, 0.000078, 0.000075, 0.000104, 0.00008, 0.000076, 0.000077}"
