"model_name","layer_name","layer_index","kind","min_time","mean_time","max_time","add_flops","div_flops","cmp_flops","exp_flops","mad_flops","input_channel","input_height","input_width","output_channel","output_height","output_width","function","kernel_1","kernel_2","stride_1","stride_2","dilation_1","dilation_2","input_form","topology_hash","mad/min_time","mad/mean_time","mad/max_time","time"
"Ademxapp Model A Trained on ImageNet Competition Data","4a/res4a_branch1",51,"Convolution",0.000632,0.0016531499999999997,0.008791,0,0,0,0,209715200,256,40,40,512,40,40,"",1,1,1,1,1,1,"HoldForm[ConvolutionLayer[512, {1, 1}, ""Stride"" -> {1, 1}, ""PaddingSize"" -> {{0, 0}, {0, 0}}, ""Dilation"" -> {1, 1}, ""Input"" -> {256, 40, 40}]]","1mu6l77aaudiw",3.3182784810126587e11,1.2685793787617581e11,2.385567057217609e10,"{0.006185, 0.00227, 0.002181, 0.002236, 0.002243, 0.002183, 0.002175, 0.002152, 0.002311, 0.002163, 0.002192, 0.002164, 0.002201, 0.002238, 0.002189, 0.002173, 0.002156, 0.002354, 0.002162, 0.002182, 0.002174, 0.002186, 0.002269, 0.002153, 0.002207, 0.002152, 0.002333, 0.002162, 0.002196, 0.002179, 0.002152, 0.002313, 0.002153, 0.002207, 0.002154, 0.002314, 0.002148, 0.002254, 0.002162, 0.002163, 0.002337, 0.002157, 0.002201, 0.002154, 0.002295, 0.002192, 0.002193, 0.00217, 0.002165, 0.002312, 0.002152, 0.008424, 0.000675, 0.000646, 0.000633, 0.000633, 0.00319, 0.000637, 0.000633, 0.000694, 0.002371, 0.000635, 0.000633, 0.008791, 0.000635, 0.000649, 0.000636, 0.000632, 0.000668, 0.000632, 0.000633, 0.000644, 0.000635, 0.000633, 0.000633, 0.003016, 0.000635, 0.000634, 0.000632, 0.007702, 0.000652, 0.000644, 0.000636, 0.000632, 0.000655, 0.000646, 0.000632, 0.000632, 0.000647, 0.000635, 0.002007, 0.000677, 0.001387, 0.007494, 0.00073, 0.000634, 0.000652, 0.000648, 0.000645, 0.000634}"
