"model_name","layer_name","layer_index","kind","min_time","mean_time","max_time","add_flops","div_flops","cmp_flops","exp_flops","mad_flops","input_channel","input_height","input_width","output_channel","output_height","output_width","function","kernel_1","kernel_2","stride_1","stride_2","dilation_1","dilation_2","input_form","topology_hash","mad/min_time","mad/mean_time","mad/max_time","time"
"ResNet-101 Trained on Augmented CASIA-WebFace Data","4b9/res4b9_branch2a",172,"Convolution",0.000403,0.0004083500000000001,0.00344,0,0,0,0,51380224,1024,14,14,256,14,14,"",1,1,1,1,1,1,"HoldForm[ConvolutionLayer[256, {1, 1}, ""Stride"" -> {1, 1}, ""PaddingSize"" -> {{0, 0}, {0, 0}}, ""Dilation"" -> {1, 1}, ""Input"" -> {1024, 14, 14}]]","0659yipuh34xm",1.274943523573201e11,1.2582398432717029e11,1.4936111627906977e10,"{0.00344, 0.000504, 0.000483, 0.000425, 0.00041, 0.000409, 0.000408, 0.000408, 0.000408, 0.000407, 0.000408, 0.000421, 0.000409, 0.000407, 0.000407, 0.000405, 0.000405, 0.000405, 0.000405, 0.000405, 0.000405, 0.00045, 0.000431, 0.000407, 0.000452, 0.000456, 0.000464, 0.000404, 0.000404, 0.000404, 0.000419, 0.000406, 0.000404, 0.000405, 0.000405, 0.000404, 0.000404, 0.000405, 0.000405, 0.000404, 0.000417, 0.000405, 0.000405, 0.000404, 0.000404, 0.000404, 0.000454, 0.000411, 0.000448, 0.000455, 0.000468, 0.000416, 0.000405, 0.000405, 0.000403, 0.000404, 0.000403, 0.000404, 0.000405, 0.000417, 0.000406, 0.000404, 0.000403, 0.000405, 0.000404, 0.000405, 0.000404, 0.000404, 0.000404, 0.000415, 0.00045, 0.000411, 0.000445, 0.000454, 0.000453, 0.00043, 0.000404, 0.000404, 0.000421, 0.000405, 0.000404, 0.000403, 0.000404, 0.000405, 0.000404, 0.000404, 0.000404, 0.000404, 0.000415, 0.000406, 0.000403, 0.000404, 0.000404, 0.000403, 0.000453, 0.000411, 0.000443, 0.000455, 0.000466, 0.000419}"
