"model_name","layer_name","layer_index","kind","min_time","mean_time","max_time","add_flops","div_flops","cmp_flops","exp_flops","mad_flops","input_channel","input_height","input_width","output_channel","output_height","output_width","function","kernel_1","kernel_2","stride_1","stride_2","dilation_1","dilation_2","input_form","topology_hash","mad/min_time","mad/mean_time","mad/max_time","time"
"SSD-VGG-300 Trained on PASCAL VOC Data","1/1/blockNet4/conv3b/1",13,"Convolution",0.023013,0.03748614999999999,0.061356,0,0,0,0,3317760000,256,75,75,256,75,75,"",3,3,1,1,1,1,"HoldForm[ConvolutionLayer[256, {3, 3}, ""Stride"" -> {1, 1}, ""PaddingSize"" -> {{1, 1}, {1, 1}}, ""Dilation"" -> {1, 1}, ""Input"" -> {256, 75, 75}]]","0dse5jx82mw6x",1.44168947985921e11,8.850628832248714e10,5.407392920007824e10,"{0.061356, 0.052139, 0.041579, 0.047547, 0.049576, 0.023013, 0.023265, 0.023972, 0.02381, 0.024006, 0.023971, 0.034813, 0.025217, 0.034814, 0.025178, 0.030638, 0.034207, 0.034088, 0.043417, 0.031071, 0.034128, 0.039524, 0.043859, 0.034051, 0.033811, 0.033992, 0.032858, 0.034862, 0.042126, 0.041159, 0.044349, 0.042722, 0.043941, 0.054033, 0.045668, 0.048371, 0.044147, 0.038849, 0.029517, 0.040562, 0.045499, 0.044781, 0.044045, 0.04719, 0.048665, 0.029522, 0.036636, 0.040555, 0.025001, 0.028618, 0.037524, 0.044909, 0.034299, 0.034049, 0.034073, 0.032706, 0.024643, 0.034807, 0.047573, 0.040551, 0.03424, 0.034259, 0.034226, 0.034114, 0.034019, 0.034104, 0.032996, 0.03397, 0.03393, 0.033829, 0.034622, 0.042764, 0.044051, 0.041534, 0.030282, 0.038352, 0.045169, 0.040227, 0.049397, 0.046716, 0.035445, 0.032769, 0.032248, 0.025634, 0.03119, 0.037069, 0.045846, 0.027107, 0.032774, 0.048018, 0.032764, 0.030364, 0.04372, 0.054042, 0.039937, 0.048316, 0.038088, 0.0378, 0.04487, 0.043434}"
