"model_name","layer_name","layer_index","kind","min_time","mean_time","max_time","add_flops","div_flops","cmp_flops","exp_flops","mad_flops","input_channel","input_height","input_width","output_channel","output_height","output_width","function","kernel_1","kernel_2","stride_1","stride_2","dilation_1","dilation_2","input_form","topology_hash","mad/min_time","mad/mean_time","mad/max_time","time"
"CycleGAN Photo-to-Van Gogh Translation","15/1/2",23,"Convolution",0.00579,0.007947833333333333,0.020284,0,0,0,0,603979776,128,66,66,128,64,64,"",3,3,1,1,1,1,"HoldForm[ConvolutionLayer[128, {3, 3}, ""Stride"" -> {1, 1}, ""PaddingSize"" -> {{0, 0}, {0, 0}}, ""Dilation"" -> {1, 1}, ""Input"" -> {128, 66, 66}]]","1sehkke39v8fh",1.04314296373057e11,7.59930097510852e10,2.977616722539933e10,"{0.020284, 0.008425, 0.008118, 0.008121, 0.008061, 0.007891, 0.007923, 0.007943, 0.007953, 0.007934, 0.007781, 0.007873, 0.007815, 0.007974, 0.007897, 0.007812, 0.007824, 0.007824, 0.007854, 0.00789, 0.007789, 0.007785, 0.007861, 0.007881, 0.007735, 0.007904, 0.007746, 0.007917, 0.007899, 0.007805, 0.007695, 0.007886, 0.006545, 0.010058, 0.00956, 0.00579, 0.005896, 0.008957, 0.010066, 0.010041, 0.010076, 0.009362, 0.007809, 0.012359, 0.005808, 0.007029, 0.010989, 0.005852, 0.0103, 0.005891, 0.005819, 0.009303, 0.010057, 0.005794, 0.011017, 0.005811, 0.007541, 0.010071, 0.010014, 0.010055, 0.008551, 0.007653, 0.007712, 0.007843, 0.007872, 0.007743, 0.007701, 0.00772, 0.007911, 0.007923, 0.007724, 0.007713, 0.007863, 0.007905, 0.007929, 0.007698, 0.007717, 0.007903, 0.007901, 0.007718, 0.007741, 0.007801, 0.007908, 0.007784, 0.007747, 0.007692, 0.007916, 0.007937, 0.007708, 0.007679, 0.007781, 0.007929, 0.007838, 0.01024, 0.01093, 0.015545, 0.005848, 0.014257, 0.010041, 0.010109}"
