"model_name","layer_name","layer_index","kind","min_time","mean_time","max_time","add_flops","div_flops","cmp_flops","exp_flops","mad_flops","input_channel","input_height","input_width","output_channel","output_height","output_width","function","kernel_1","kernel_2","stride_1","stride_2","dilation_1","dilation_2","input_form","topology_hash","mad/min_time","mad/mean_time","mad/max_time","time"
"Pix2pix Street-Map-to-Photo Translation","6",19,"Convolution",0.000792,0.0008106166666666666,0.003843,0,0,0,0,16777216,512,4,4,512,2,2,"",4,4,2,2,1,1,"HoldForm[ConvolutionLayer[512, {4, 4}, ""Stride"" -> {2, 2}, ""PaddingSize"" -> {{1, 1}, {1, 1}}, ""Dilation"" -> {1, 1}, ""Input"" -> {512, 4, 4}]]","0uvys1wyh8rj4",2.118335353535354e10,2.0696855480395584e10,4.365655997918293e9,"{0.003843, 0.000994, 0.000827, 0.000853, 0.000806, 0.000795, 0.0008, 0.00086, 0.00089, 0.000827, 0.000797, 0.000799, 0.000794, 0.000817, 0.00084, 0.00083, 0.000797, 0.000795, 0.000819, 0.000844, 0.000896, 0.000803, 0.0008, 0.000808, 0.0008, 0.000796, 0.000826, 0.000792, 0.000844, 0.000801, 0.000798, 0.000839, 0.000897, 0.000824, 0.000803, 0.0008, 0.000803, 0.000808, 0.000833, 0.000798, 0.000829, 0.000794, 0.000806, 0.0008, 0.000899, 0.000835, 0.000798, 0.000815, 0.000799, 0.000802, 0.000799, 0.000829, 0.000839, 0.000798, 0.000799, 0.000793, 0.000875, 0.000869, 0.000799, 0.00085, 0.000799, 0.000797, 0.000805, 0.000833, 0.000795, 0.000793, 0.000795, 0.000812, 0.000867, 0.000882, 0.000822, 0.000817, 0.000798, 0.000797, 0.0008, 0.000832, 0.000816, 0.000831, 0.000793, 0.000796, 0.00085, 0.000899, 0.000801, 0.0008, 0.000797, 0.000797, 0.00081, 0.000799, 0.000797, 0.00083, 0.000798, 0.000807, 0.000832, 0.000883, 0.000815, 0.000795, 0.000812, 0.000796, 0.000793, 0.000795}"
