"model_name","layer_name","layer_index","kind","min_time","mean_time","max_time","add_flops","div_flops","cmp_flops","exp_flops","mad_flops","input_channel","input_height","input_width","output_channel","output_height","output_width","function","kernel_1","kernel_2","stride_1","stride_2","dilation_1","dilation_2","input_form","topology_hash","mad/min_time","mad/mean_time","mad/max_time","time"
"2D Face Alignment Net Trained on 300W Large Pose Data","15/1/2/3/1/1/1/1/1/3",88,"Convolution",0.003808,0.003919499999999999,0.011719,0,0,0,0,301989888,256,32,32,128,32,32,"",3,3,1,1,1,1,"HoldForm[ConvolutionLayer[128, {3, 3}, ""Stride"" -> {1, 1}, ""PaddingSize"" -> {{1, 1}, {1, 1}}, ""Dilation"" -> {1, 1}, ""Input"" -> {256, 32, 32}]]","08qm1fo4qkpj4",7.930406722689075e10,7.704806429391505e10,2.5769254031913986e10,"{0.011719, 0.004207, 0.004137, 0.004001, 0.003909, 0.00396, 0.003853, 0.004108, 0.003824, 0.003992, 0.003808, 0.003963, 0.004027, 0.003943, 0.003965, 0.003997, 0.003931, 0.004126, 0.003946, 0.003844, 0.003978, 0.003828, 0.004162, 0.003937, 0.003966, 0.004035, 0.003963, 0.004088, 0.003847, 0.003824, 0.003895, 0.003824, 0.003958, 0.003837, 0.00382, 0.003996, 0.003808, 0.003928, 0.003834, 0.003884, 0.004015, 0.003809, 0.00385, 0.00384, 0.003811, 0.004011, 0.003812, 0.003838, 0.003891, 0.003827}"
