"model_name","layer_name","layer_index","kind","min_time","mean_time","max_time","add_flops","div_flops","cmp_flops","exp_flops","mad_flops","input_channel","input_height","input_width","output_channel","output_height","output_width","function","kernel_1","kernel_2","stride_1","stride_2","dilation_1","dilation_2","input_form","topology_hash","mad/min_time","mad/mean_time","mad/max_time","time"
"ResNet-101 Trained on YFCC100m Geotagged Data","stage1_unit2/conv3",25,"Convolution",0.000405,0.0004231833333333332,0.003932,0,0,0,0,51380224,64,56,56,256,56,56,"",1,1,1,1,1,1,"HoldForm[ConvolutionLayer[256, {1, 1}, ""Stride"" -> {1, 1}, ""PaddingSize"" -> {{0, 0}, {0, 0}}, ""Dilation"" -> {1, 1}, ""Input"" -> {64, 56, 56}]]","1davxjujnb164",1.2686475061728395e11,1.2141362845102599e11,1.3067198372329603e10,"{0.003932, 0.000478, 0.00043, 0.000422, 0.000407, 0.000409, 0.000428, 0.000423, 0.000416, 0.000427, 0.000425, 0.000406, 0.000495, 0.00046, 0.00045, 0.000427, 0.000436, 0.000409, 0.000426, 0.000425, 0.000427, 0.000417, 0.000411, 0.000425, 0.000424, 0.000425, 0.000434, 0.000409, 0.00041, 0.000424, 0.000426, 0.00043, 0.000453, 0.000426, 0.000407, 0.000467, 0.000461, 0.000477, 0.000425, 0.000427, 0.000426, 0.000423, 0.000409, 0.000413, 0.000435, 0.000425, 0.000425, 0.000405, 0.00041, 0.000425, 0.000407, 0.000427, 0.000425, 0.000409, 0.000436, 0.000429, 0.000408, 0.000409, 0.000418, 0.000492, 0.00046, 0.000444, 0.000413, 0.000435, 0.000408, 0.000409, 0.000425, 0.000425, 0.00041, 0.000422, 0.000407, 0.000424, 0.000422, 0.000425, 0.000424, 0.000424, 0.000428, 0.000458, 0.000427, 0.000427, 0.000425, 0.000425, 0.000478, 0.000477, 0.000471, 0.000425, 0.000424, 0.000425, 0.000406, 0.000409, 0.000408, 0.000419, 0.000426, 0.000424, 0.000408, 0.000424, 0.000408, 0.000407, 0.000409, 0.000434}"
