"model_name","layer_name","layer_index","kind","min_time","mean_time","max_time","add_flops","div_flops","cmp_flops","exp_flops","mad_flops","input_channel","input_height","input_width","output_channel","output_height","output_width","function","kernel_1","kernel_2","stride_1","stride_2","dilation_1","dilation_2","input_form","topology_hash","mad/min_time","mad/mean_time","mad/max_time","time"
"Single-Image Depth Perception Net Trained on NYU Depth V2 and Depth in the Wild Data","4/1/1/4/1/2/1/3/1",396,"Convolution",0.000831,0.0008453666666666668,0.004753,0,0,0,0,78643200,128,120,160,32,120,160,"",1,1,1,1,1,1,"HoldForm[ConvolutionLayer[32, {1, 1}, ""Stride"" -> {1, 1}, ""PaddingSize"" -> {{0, 0}, {0, 0}}, ""Dilation"" -> {1, 1}, ""Input"" -> {128, 120, 160}]]","1gy9o2kt96g59",9.463682310469313e10,9.30285083395765e10,1.6546013044393015e10,"{0.004753, 0.001302, 0.000915, 0.000848, 0.000852, 0.000844, 0.000841, 0.00084, 0.000835, 0.000848, 0.000838, 0.000882, 0.000931, 0.000865, 0.000849, 0.000841, 0.000832, 0.000834, 0.000863, 0.000842, 0.00084, 0.000835, 0.000839, 0.000917, 0.000924, 0.000837, 0.000835, 0.000843, 0.000854, 0.000834, 0.000841, 0.000837, 0.000852, 0.000838, 0.000834, 0.000934, 0.000886, 0.000854, 0.000838, 0.000842, 0.000835, 0.000831, 0.000846, 0.000843, 0.000842, 0.00084, 0.000876, 0.000944, 0.000852, 0.000837, 0.00084, 0.000851, 0.000843, 0.000839, 0.000834, 0.000835, 0.000853, 0.00084, 0.000894, 0.000928, 0.000878, 0.000845, 0.000842, 0.000836, 0.000918, 0.000853, 0.000847, 0.000844, 0.000835, 0.000834, 0.000952, 0.000889, 0.000842, 0.000835, 0.00085, 0.000843, 0.000842, 0.000838, 0.000835, 0.000848, 0.000845, 0.000876, 0.000931, 0.000856, 0.000847, 0.000843, 0.000841, 0.00084, 0.00085, 0.000843, 0.000842, 0.000836, 0.000832, 0.000922, 0.000928, 0.000836, 0.000839, 0.00084, 0.000851, 0.00084}"
