"model_name","layer_name","layer_index","kind","min_time","mean_time","max_time","add_flops","div_flops","cmp_flops","exp_flops","mad_flops","input_channel","input_height","input_width","output_channel","output_height","output_width","function","kernel_1","kernel_2","stride_1","stride_2","dilation_1","dilation_2","input_form","topology_hash","mad/min_time","mad/mean_time","mad/max_time","time"
"Unguided Volumetric Regression Net for 3D Face Reconstruction","9/2/1/1/4/1/1/4/1/1/4/1/1/1/1/1/9",639,"Convolution",0.000661,0.0006746166666666667,0.004088,0,0,0,0,75497472,128,48,48,256,48,48,"",1,1,1,1,1,1,"HoldForm[ConvolutionLayer[256, {1, 1}, ""Stride"" -> {1, 1}, ""PaddingSize"" -> {{0, 0}, {0, 0}}, ""Dilation"" -> {1, 1}, ""Input"" -> {128, 48, 48}]]","1ult5ox50zm5p",1.1421705295007565e11,1.1191166143735947e11,1.8468070450097847e10,"{0.004088, 0.000792, 0.000719, 0.000686, 0.000672, 0.000665, 0.000666, 0.000672, 0.000674, 0.000693, 0.000682, 0.000681, 0.000668, 0.000673, 0.000669, 0.000759, 0.000757, 0.000671, 0.000673, 0.000673, 0.000679, 0.000678, 0.000671, 0.000667, 0.000673, 0.00067, 0.000664, 0.000681, 0.000669, 0.000702, 0.000752, 0.00071, 0.000685, 0.000685, 0.000669, 0.000672, 0.000664, 0.00067, 0.000683, 0.000672, 0.000671, 0.000673, 0.00067, 0.000669, 0.000737, 0.000769, 0.000673, 0.000673, 0.000661, 0.000667, 0.00068, 0.000673, 0.000673, 0.000662, 0.000668, 0.000667, 0.00068, 0.000673, 0.000664, 0.000763, 0.000724, 0.000673, 0.000688, 0.000667, 0.000669, 0.000674, 0.000667, 0.000687, 0.00067, 0.000672, 0.000672, 0.000674, 0.000679, 0.000733, 0.000748, 0.000707, 0.000674, 0.000677, 0.000679, 0.000676, 0.000672, 0.000666, 0.000673, 0.000673, 0.000674, 0.000685, 0.000668, 0.000668, 0.000739, 0.000741, 0.000671, 0.000679, 0.000665, 0.000671, 0.000669, 0.000673, 0.000662, 0.000678, 0.000674, 0.000674}"
