"model_name","layer_name","layer_index","kind","min_time","mean_time","max_time","add_flops","div_flops","cmp_flops","exp_flops","mad_flops","input_channel","input_height","input_width","output_channel","output_height","output_width","function","kernel_1","kernel_2","stride_1","stride_2","dilation_1","dilation_2","input_form","topology_hash","mad/min_time","mad/mean_time","mad/max_time","time"
"3D Face Alignment Net Trained on 300W Large Pose Data","18/1/1/3",493,"Convolution",0.011921,0.017844366666666663,0.037127,0,0,0,0,1207959552,256,64,64,128,64,64,"",3,3,1,1,1,1,"HoldForm[ConvolutionLayer[128, {3, 3}, ""Stride"" -> {1, 1}, ""PaddingSize"" -> {{1, 1}, {1, 1}}, ""Dilation"" -> {1, 1}, ""Input"" -> {256, 64, 64}]]","0jgyt6kxrsfco",1.013303877191511e11,6.7694167832611984e10,3.253587825571686e10,"{0.037127, 0.017765, 0.027246, 0.022215, 0.027129, 0.016722, 0.016582, 0.016615, 0.016536, 0.016504, 0.016625, 0.016639, 0.0166, 0.016821, 0.018288, 0.024331, 0.022439, 0.033565, 0.023979, 0.012237, 0.016575, 0.024109, 0.023996, 0.023959, 0.016115, 0.020802, 0.016539, 0.016591, 0.016566, 0.016592, 0.016621, 0.016649, 0.016576, 0.016796, 0.016625, 0.01664, 0.016591, 0.016604, 0.01651, 0.016692, 0.016658, 0.016617, 0.016563, 0.016609, 0.016566, 0.011921, 0.02301, 0.023912, 0.02086, 0.034979}"
