"model_name","layer_name","layer_index","kind","min_time","mean_time","max_time","add_flops","div_flops","cmp_flops","exp_flops","mad_flops","input_channel","input_height","input_width","output_channel","output_height","output_width","function","kernel_1","kernel_2","stride_1","stride_2","dilation_1","dilation_2","input_form","topology_hash","mad/min_time","mad/mean_time","mad/max_time","time"
"Single-Image Depth Perception Net Trained on NYU Depth V2 Data","4/1/1/4/1/2/2/3/4",421,"Convolution",0.061436,0.08000318333333331,0.184095,0,0,0,0,1926758400,64,120,160,32,120,160,"",7,7,1,1,1,1,"HoldForm[ConvolutionLayer[32, {7, 7}, ""Stride"" -> {1, 1}, ""PaddingSize"" -> {{3, 3}, {3, 3}}, ""Dilation"" -> {1, 1}, ""Input"" -> {64, 120, 160}]]","0r6nooez1x16h",3.136204179959633e10,2.4083521676533295e10,1.0466109345718243e10,"{0.184095, 0.116628, 0.113437, 0.101466, 0.0765, 0.084771, 0.12212, 0.115994, 0.082295, 0.095999, 0.063933, 0.077632, 0.075249, 0.120487, 0.070846, 0.073357, 0.076199, 0.076061, 0.069863, 0.07594, 0.068645, 0.073004, 0.077683, 0.072597, 0.09093, 0.121463, 0.091735, 0.071148, 0.078523, 0.069865, 0.077276, 0.075503, 0.078967, 0.090003, 0.101216, 0.079426, 0.085922, 0.079628, 0.071199, 0.096617, 0.100664, 0.077949, 0.121206, 0.124418, 0.115677, 0.071406, 0.110922, 0.066544, 0.069834, 0.068784, 0.07201, 0.076454, 0.076279, 0.124553, 0.103917, 0.061436, 0.072783, 0.079558, 0.078044, 0.11907, 0.075439, 0.076435, 0.074208, 0.078779, 0.083549, 0.110503, 0.062117, 0.075961, 0.075797, 0.075831, 0.084349, 0.074546, 0.076291, 0.076036, 0.075888, 0.085196, 0.067201, 0.086103, 0.075393, 0.075526, 0.077289, 0.066925, 0.111967, 0.085472, 0.068398, 0.086486, 0.071096, 0.076941, 0.072336, 0.070411, 0.078488, 0.073761, 0.10116, 0.072232, 0.112202, 0.075759, 0.075938, 0.067761, 0.118661, 0.095454}"
