"model_name","layer_name","layer_index","kind","min_time","mean_time","max_time","add_flops","div_flops","cmp_flops","exp_flops","mad_flops","input_channel","input_height","input_width","output_channel","output_height","output_width","function","kernel_1","kernel_2","stride_1","stride_2","dilation_1","dilation_2","input_form","topology_hash","mad/min_time","mad/mean_time","mad/max_time","time"
"Single-Image Depth Perception Net Trained on NYU Depth V2 and Depth in the Wild Data","4/1/1/2/2/4",11,"Convolution",0.005266,0.006318583333333333,0.023938,0,0,0,0,176947200,32,120,160,32,120,160,"",3,3,1,1,1,1,"HoldForm[ConvolutionLayer[32, {3, 3}, ""Stride"" -> {1, 1}, ""PaddingSize"" -> {{1, 1}, {1, 1}}, ""Dilation"" -> {1, 1}, ""Input"" -> {32, 120, 160}]]","13lv34ua8bf7v",3.3601823015571594e10,2.8004252007965923e10,7.39189573063748e9,"{0.023938, 0.006835, 0.006574, 0.006458, 0.006447, 0.006324, 0.006307, 0.006293, 0.006274, 0.006358, 0.0062, 0.006233, 0.00631, 0.006203, 0.006184, 0.006251, 0.006231, 0.006306, 0.006147, 0.006228, 0.006255, 0.006158, 0.006209, 0.00622, 0.006258, 0.006334, 0.006134, 0.00617, 0.006263, 0.00619, 0.006163, 0.006189, 0.006182, 0.006297, 0.00621, 0.006138, 0.006207, 0.006172, 0.006216, 0.006136, 0.006204, 0.006281, 0.006171, 0.006152, 0.006127, 0.006241, 0.008829, 0.016068, 0.011972, 0.011928, 0.012021, 0.016019, 0.005309, 0.005309, 0.008777, 0.010057, 0.010082, 0.010054, 0.010057, 0.010054, 0.010086, 0.010054, 0.010082, 0.010058, 0.009508, 0.016439, 0.005312, 0.009007, 0.009735, 0.005266, 0.00531, 0.00533, 0.005296, 0.005306, 0.005315, 0.005314, 0.005304, 0.008239, 0.005296, 0.005297, 0.005353, 0.005418, 0.00535, 0.005326, 0.006301, 0.006189, 0.006174, 0.006261, 0.006168, 0.006162, 0.006145, 0.006172, 0.006271, 0.006146, 0.006166, 0.006197, 0.006114, 0.006255, 0.006156, 0.006157}"
