"model_name","layer_name","layer_index","kind","min_time","mean_time","max_time","add_flops","div_flops","cmp_flops","exp_flops","mad_flops","input_channel","input_height","input_width","output_channel","output_height","output_width","function","kernel_1","kernel_2","stride_1","stride_2","dilation_1","dilation_2","input_form","topology_hash","mad/min_time","mad/mean_time","mad/max_time","time"
"Ademxapp Model A Trained on ImageNet Competition Data","2a/res2a_branch2b1",9,"Convolution",0.039541,0.05651546666666665,0.109766,0,0,0,0,3774873600,128,160,160,128,160,160,"",3,3,1,1,1,1,"HoldForm[ConvolutionLayer[128, {3, 3}, ""Stride"" -> {1, 1}, ""PaddingSize"" -> {{1, 1}, {1, 1}}, ""Dilation"" -> {1, 1}, ""Input"" -> {128, 160, 160}]]","1cfa4dqnriqtk",9.546732758402672e10,6.6793637611886795e10,3.439019004063189e10,"{0.109766, 0.054149, 0.056063, 0.050466, 0.039934, 0.055176, 0.082867, 0.055472, 0.07431, 0.054239, 0.054345, 0.052219, 0.039541, 0.051903, 0.056133, 0.065882, 0.064997, 0.054626, 0.051091, 0.053773, 0.065598, 0.046033, 0.061723, 0.055435, 0.069664, 0.055758, 0.073771, 0.047621, 0.061852, 0.067208, 0.054433, 0.054544, 0.04619, 0.072207, 0.045868, 0.070234, 0.060449, 0.052924, 0.055883, 0.055871, 0.044059, 0.054189, 0.054037, 0.054052, 0.061666, 0.066893, 0.049553, 0.069282, 0.0538, 0.054273}"
