"model_name","layer_name","layer_index","kind","min_time","mean_time","max_time","add_flops","div_flops","cmp_flops","exp_flops","mad_flops","input_channel","input_height","input_width","output_channel","output_height","output_width","function","kernel_1","kernel_2","stride_1","stride_2","dilation_1","dilation_2","input_form","topology_hash","mad/min_time","mad/mean_time","mad/max_time","time"
"Ademxapp Model A Trained on ImageNet Competition Data","7a/res7a_branch2b1",133,"Convolution",0.010549,0.017714533333333334,0.02979,0,0,0,0,1887436800,1024,10,10,2048,10,10,"",3,3,1,1,1,1,"HoldForm[ConvolutionLayer[2048, {3, 3}, ""Stride"" -> {1, 1}, ""PaddingSize"" -> {{1, 1}, {1, 1}}, ""Dilation"" -> {1, 1}, ""Input"" -> {1024, 10, 10}]]","0c0mvh11p45v1",1.7892092141435208e11,1.0654736224117297e11,6.33580664652568e10,"{0.022371, 0.017219, 0.017169, 0.016968, 0.017077, 0.017262, 0.017162, 0.014692, 0.017289, 0.02979, 0.024006, 0.023983, 0.02799, 0.023996, 0.024008, 0.023981, 0.024002, 0.018894, 0.014239, 0.01725, 0.017383, 0.017166, 0.017259, 0.017349, 0.017253, 0.017187, 0.017313, 0.017314, 0.017144, 0.017319, 0.017393, 0.017213, 0.01746, 0.016287, 0.019923, 0.018117, 0.018798, 0.017274, 0.017655, 0.018424, 0.020694, 0.016198, 0.013825, 0.016375, 0.01942, 0.010549, 0.020358, 0.01689, 0.017212, 0.017257}"
