"model_name","layer_name","layer_index","kind","min_time","mean_time","max_time","add_flops","div_flops","cmp_flops","exp_flops","mad_flops","input_channel","input_height","input_width","output_channel","output_height","output_width","function","kernel_1","kernel_2","stride_1","stride_2","dilation_1","dilation_2","input_form","topology_hash","mad/min_time","mad/mean_time","mad/max_time","time"
"Wolfram ImageIdentify Net V1","3b/convdouble_3x3_reduce",44,"Convolution",0.000135,0.00013828333333333335,0.0412,0,0,0,0,11943936,256,27,27,64,27,27,"",1,1,1,1,1,1,"HoldForm[ConvolutionLayer[64, {1, 1}, ""Stride"" -> {1, 1}, ""PaddingSize"" -> {{0, 0}, {0, 0}}, ""Dilation"" -> {1, 1}, ""Input"" -> {256, 27, 27}]]","1emuy111zrgvl",8.84736e10,8.637292515366998e10,2.8990135922330093e8,"{0.017931, 0.019971, 0.019995, 0.010433, 0.020111, 0.010057, 0.0412, 0.018205, 0.022037, 0.015664, 0.000187, 0.000139, 0.000138, 0.000138, 0.000137, 0.000138, 0.000138, 0.000138, 0.000137, 0.000154, 0.000148, 0.000138, 0.000138, 0.000137, 0.000137, 0.000145, 0.000139, 0.000137, 0.000137, 0.000137, 0.000137, 0.000137, 0.000137, 0.000137, 0.000137, 0.000138, 0.000137, 0.000136, 0.000137, 0.000137, 0.000138, 0.00017, 0.000141, 0.000138, 0.000137, 0.000137, 0.000137, 0.000138, 0.000138, 0.000135, 0.000138, 0.000137, 0.000137, 0.000137, 0.000147, 0.000138, 0.000138, 0.000137, 0.000161, 0.000183, 0.000166, 0.000154, 0.000154, 0.000153, 0.000154, 0.000156, 0.000136, 0.000136, 0.000137, 0.000135, 0.000136, 0.000137, 0.000137, 0.000136, 0.000136, 0.000136, 0.000137, 0.000137, 0.000137, 0.000137, 0.000137, 0.000136, 0.000146, 0.000137, 0.000137, 0.000137, 0.000137, 0.000136, 0.000137, 0.000136, 0.000136, 0.000137, 0.000136, 0.000137, 0.000137, 0.000136, 0.000136, 0.000137, 0.000137, 0.000136}"
