"model_name","layer_name","layer_index","kind","min_time","mean_time","max_time","add_flops","div_flops","cmp_flops","exp_flops","mad_flops","input_channel","input_height","input_width","output_channel","output_height","output_width","function","kernel_1","kernel_2","stride_1","stride_2","dilation_1","dilation_2","input_form","topology_hash","mad/min_time","mad/mean_time","mad/max_time","time"
"3D Face Alignment Net Trained on 300W Large Pose Data","12/1/2/3/1/2/3/1/1/1/1/1/4/2/1/3",810,"Convolution",0.001343,0.0013684333333333332,0.005043,0,0,0,0,18874368,128,16,16,64,16,16,"",3,3,1,1,1,1,"HoldForm[ConvolutionLayer[64, {3, 3}, ""Stride"" -> {1, 1}, ""PaddingSize"" -> {{1, 1}, {1, 1}}, ""Dilation"" -> {1, 1}, ""Input"" -> {128, 16, 16}]]","02rpbnlh0jd82",1.4053885331347729e10,1.3792683604121502e10,3.742686496133254e9,"{0.005043, 0.001419, 0.001361, 0.001353, 0.001382, 0.001346, 0.001384, 0.001496, 0.001357, 0.001365, 0.001374, 0.001343, 0.001372, 0.00135, 0.001452, 0.001437, 0.001395, 0.001362, 0.001365, 0.001385, 0.00135, 0.001523, 0.001367, 0.001371, 0.001353, 0.001345, 0.001364, 0.001366, 0.001459, 0.001364, 0.001377, 0.00135, 0.001374, 0.00135, 0.001347, 0.001373, 0.001512, 0.001358, 0.001394, 0.001348, 0.001349, 0.001359, 0.00135, 0.001567, 0.001391, 0.001378, 0.001377, 0.001364, 0.001361, 0.001352}"
