"model_name","layer_name","layer_index","kind","min_time","mean_time","max_time","add_flops","div_flops","cmp_flops","exp_flops","mad_flops","input_channel","input_height","input_width","output_channel","output_height","output_width","function","kernel_1","kernel_2","stride_1","stride_2","dilation_1","dilation_2","input_form","topology_hash","mad/min_time","mad/mean_time","mad/max_time","time"
"2D Face Alignment Net Trained on 300W Large Pose Data","22",506,"Convolution",0.001889,0.0019495666666666665,0.007885,0,0,0,0,268435456,256,64,64,256,64,64,"",1,1,1,1,1,1,"HoldForm[ConvolutionLayer[256, {1, 1}, ""Stride"" -> {1, 1}, ""PaddingSize"" -> {{0, 0}, {0, 0}}, ""Dilation"" -> {1, 1}, ""Input"" -> {256, 64, 64}]]","1vqan8sya62w9",1.4210452938062466e11,1.376898059397815e11,3.4043811794546608e10,"{0.007885, 0.00696, 0.002072, 0.001923, 0.001939, 0.001889, 0.001947, 0.002014, 0.001989, 0.001934, 0.001999, 0.001934, 0.002008, 0.001961, 0.001943, 0.001896, 0.001937, 0.001966, 0.001995, 0.00194, 0.001949, 0.001893, 0.001945, 0.002044, 0.001936, 0.001907, 0.001964, 0.001965, 0.002061, 0.001934, 0.001924, 0.00189, 0.00195, 0.002092, 0.001918, 0.001911, 0.001913, 0.001928, 0.002073, 0.001914, 0.001949, 0.001894, 0.001941, 0.002112, 0.001902, 0.00195, 0.001906, 0.001965, 0.002041, 0.00194}"
