"model_name","layer_name","layer_index","kind","min_time","mean_time","max_time","add_flops","div_flops","cmp_flops","exp_flops","mad_flops","input_channel","input_height","input_width","output_channel","output_height","output_width","function","kernel_1","kernel_2","stride_1","stride_2","dilation_1","dilation_2","input_form","topology_hash","mad/min_time","mad/mean_time","mad/max_time","time"
"Unguided Volumetric Regression Net for 3D Face Reconstruction","8/2/1/1/4/1/1/4/1/1/1/1/1/3",107,"Convolution",0.00058,0.000597433333333333,0.003837,0,0,0,0,75497472,256,48,48,128,48,48,"",1,1,1,1,1,1,"HoldForm[ConvolutionLayer[128, {1, 1}, ""Stride"" -> {1, 1}, ""PaddingSize"" -> {{0, 0}, {0, 0}}, ""Dilation"" -> {1, 1}, ""Input"" -> {256, 48, 48}]]","0qhidgmvlgzgt",1.3016805517241379e11,1.2636970150086488e11,1.967617200938233e10,"{0.003837, 0.000664, 0.000612, 0.0006, 0.000596, 0.000595, 0.00059, 0.000597, 0.000594, 0.000594, 0.000588, 0.000582, 0.000658, 0.00067, 0.000682, 0.00059, 0.000588, 0.000584, 0.000598, 0.000596, 0.000593, 0.000599, 0.000598, 0.000584, 0.000588, 0.000595, 0.000595, 0.000582, 0.000636, 0.000686, 0.000655, 0.000622, 0.000691, 0.000599, 0.000614, 0.000594, 0.000583, 0.000639, 0.000593, 0.000585, 0.000588, 0.00061, 0.000598, 0.000595, 0.000623, 0.000677, 0.000669, 0.000663, 0.000584, 0.00059, 0.000586, 0.000585, 0.000594, 0.000586, 0.000592, 0.000591, 0.00059, 0.000586, 0.000595, 0.000581, 0.000603, 0.000636, 0.000691, 0.000674, 0.000587, 0.000582, 0.000591, 0.000618, 0.0006, 0.000597, 0.000583, 0.000592, 0.000586, 0.000582, 0.0006, 0.000596, 0.000595, 0.000595, 0.000676, 0.000674, 0.000641, 0.000592, 0.000586, 0.000594, 0.000586, 0.000593, 0.00059, 0.000598, 0.000582, 0.00059, 0.000589, 0.000586, 0.00058, 0.0006, 0.000653, 0.000698, 0.00068, 0.000591, 0.000594, 0.000589}"
