"model_name","layer_name","layer_index","kind","min_time","mean_time","max_time","add_flops","div_flops","cmp_flops","exp_flops","mad_flops","input_channel","input_height","input_width","output_channel","output_height","output_width","function","kernel_1","kernel_2","stride_1","stride_2","dilation_1","dilation_2","input_form","topology_hash","mad/min_time","mad/mean_time","mad/max_time","time"
"3D Face Alignment Net Trained on 300W Large Pose Data","13/1/2/3/1/2/3/1/1/1/1/1/3",577,"Convolution",0.002792,0.003264133333333333,0.0063,0,0,0,0,75497472,256,16,16,128,16,16,"",3,3,1,1,1,1,"HoldForm[ConvolutionLayer[128, {3, 3}, ""Stride"" -> {1, 1}, ""PaddingSize"" -> {{1, 1}, {1, 1}}, ""Dilation"" -> {1, 1}, ""Input"" -> {256, 16, 16}]]","06h7uhubi6fko",2.7040641833810886e10,2.312940811241371e10,1.1983725714285715e10,"{0.0063, 0.002881, 0.002921, 0.002837, 0.002804, 0.002792, 0.002879, 0.002957, 0.003267, 0.003425, 0.003256, 0.003277, 0.003411, 0.003252, 0.003251, 0.003423, 0.003235, 0.003267, 0.003391, 0.00302, 0.00314, 0.003387, 0.003287, 0.003249, 0.003367, 0.003257, 0.00326, 0.003332, 0.003239, 0.003273, 0.003338, 0.003259, 0.003246, 0.003357, 0.003261, 0.003241, 0.003344, 0.003273, 0.003224, 0.003357, 0.003257, 0.00327, 0.003294, 0.003221, 0.003267, 0.003246, 0.003272, 0.003252, 0.003268, 0.003254}"
