"model_name","layer_name","layer_index","kind","min_time","mean_time","max_time","add_flops","div_flops","cmp_flops","exp_flops","mad_flops","input_channel","input_height","input_width","output_channel","output_height","output_width","function","kernel_1","kernel_2","stride_1","stride_2","dilation_1","dilation_2","input_form","topology_hash","mad/min_time","mad/mean_time","mad/max_time","time"
"Squeeze-and-Excitation Net Trained on ImageNet Competition Data","4d/conv4_4_1x1_reduce",256,"Convolution",0.000706,0.000716283333333333,0.003834,0,0,0,0,102760448,1024,14,14,512,14,14,"",1,1,1,1,1,1,"HoldForm[ConvolutionLayer[512, {1, 1}, ""Stride"" -> {1, 1}, ""PaddingSize"" -> {{0, 0}, {0, 0}}, ""Dilation"" -> {1, 1}, ""Input"" -> {1024, 14, 14}]]","0di9as52hamos",1.4555304249291785e11,1.434634078693255e11,2.6802412102243088e10,"{0.003834, 0.000748, 0.000782, 0.000801, 0.000799, 0.000709, 0.000714, 0.000727, 0.00071, 0.000708, 0.000714, 0.000714, 0.000707, 0.000718, 0.000744, 0.000715, 0.000745, 0.000822, 0.000781, 0.000708, 0.000707, 0.000712, 0.000706, 0.000706, 0.000716, 0.000714, 0.000707, 0.000706, 0.000707, 0.00072, 0.000786, 0.000801, 0.000743, 0.000706, 0.000707, 0.000726, 0.000715, 0.000715, 0.000707, 0.000708, 0.000717, 0.000709, 0.000707, 0.000712, 0.000808, 0.000825, 0.000723, 0.000707, 0.000713, 0.000713, 0.000706, 0.000717, 0.000707, 0.000707, 0.000707, 0.000727, 0.000713, 0.000723, 0.000856, 0.000787, 0.000712, 0.000733, 0.000739, 0.000718, 0.000715, 0.000715, 0.00071, 0.000713, 0.000717, 0.000714, 0.000713, 0.000773, 0.000817, 0.000754, 0.000708, 0.000714, 0.000714, 0.000713, 0.000708, 0.000724, 0.000715, 0.000713, 0.000706, 0.000713, 0.000721, 0.000806, 0.000815, 0.000714, 0.000706, 0.000707, 0.000726, 0.000714, 0.000707, 0.000706, 0.000707, 0.000716, 0.000708, 0.000713, 0.000713, 0.000818}"
