"model_name","layer_name","layer_index","kind","min_time","mean_time","max_time","add_flops","div_flops","cmp_flops","exp_flops","mad_flops","input_channel","input_height","input_width","output_channel","output_height","output_width","function","kernel_1","kernel_2","stride_1","stride_2","dilation_1","dilation_2","input_form","topology_hash","mad/min_time","mad/mean_time","mad/max_time","time"
"Single-Image Depth Perception Net Trained on NYU Depth V2 Data","4/1/1/4/1/1/4/1/1/1/3/4",106,"Convolution",0.0039,0.004722066666666665,0.019543,0,0,0,0,245760000,32,60,80,64,60,80,"",5,5,1,1,1,1,"HoldForm[ConvolutionLayer[64, {5, 5}, ""Stride"" -> {1, 1}, ""PaddingSize"" -> {{2, 2}, {2, 2}}, ""Dilation"" -> {1, 1}, ""Input"" -> {32, 60, 80}]]","097jie9dk6gdr",6.301538461538461e10,5.204500854145785e10,1.257534667144246e10,"{0.019543, 0.004987, 0.00485, 0.00486, 0.004771, 0.004737, 0.004725, 0.004718, 0.0047, 0.00477, 0.004706, 0.004871, 0.004716, 0.004822, 0.004708, 0.004776, 0.004708, 0.004751, 0.004717, 0.004675, 0.004717, 0.004653, 0.00468, 0.004668, 0.004712, 0.00473, 0.004706, 0.004682, 0.004817, 0.004717, 0.004845, 0.004782, 0.004885, 0.004728, 0.004802, 0.004686, 0.004755, 0.004706, 0.004642, 0.004666, 0.004678, 0.004721, 0.004667, 0.004686, 0.004673, 0.004722, 0.004782, 0.004821, 0.004699, 0.00484, 0.004714, 0.004854, 0.004706, 0.00735, 0.00769, 0.007859, 0.003907, 0.012088, 0.003931, 0.003959, 0.00824, 0.003924, 0.011941, 0.004016, 0.003979, 0.007991, 0.003924, 0.012055, 0.0039, 0.003995, 0.012135, 0.003925, 0.003948, 0.008099, 0.004647, 0.004685, 0.004692, 0.004661, 0.004742, 0.004674, 0.004728, 0.004781, 0.004715, 0.004807, 0.004688, 0.004807, 0.004648, 0.004778, 0.004675, 0.004733, 0.004635, 0.004669, 0.004681, 0.004682, 0.004653, 0.004715, 0.004673, 0.004707, 0.004734, 0.00469}"
