"model_name","layer_name","layer_index","kind","min_time","mean_time","max_time","add_flops","div_flops","cmp_flops","exp_flops","mad_flops","input_channel","input_height","input_width","output_channel","output_height","output_width","function","kernel_1","kernel_2","stride_1","stride_2","dilation_1","dilation_2","input_form","topology_hash","mad/min_time","mad/mean_time","mad/max_time","time"
"ColorNet Image Colorization Trained on Places Data","4/11",57,"Convolution",0.007157,0.010580266666666668,0.02495,0,0,0,0,231211008,64,112,112,32,112,112,"",3,3,1,1,1,1,"HoldForm[ConvolutionLayer[32, {3, 3}, ""Stride"" -> {1, 1}, ""PaddingSize"" -> {{1, 1}, {1, 1}}, ""Dilation"" -> {1, 1}, ""Input"" -> {64, 112, 112}]]","1t5scgms8tyqv",3.2305576079362858e10,2.1853041637261818e10,9.266974268537075e9,"{0.02495, 0.011264, 0.015176, 0.014465, 0.014151, 0.014634, 0.02383, 0.022541, 0.016067, 0.011985, 0.01199, 0.01207, 0.007401, 0.012653, 0.007178, 0.011223, 0.007186, 0.014295, 0.007164, 0.016776, 0.007201, 0.007269, 0.013639, 0.007872, 0.01553, 0.007291, 0.009283, 0.015869, 0.007192, 0.008794, 0.007276, 0.008704, 0.012174, 0.008523, 0.008447, 0.008516, 0.008524, 0.008472, 0.00858, 0.008617, 0.008476, 0.008503, 0.008476, 0.008414, 0.008454, 0.008627, 0.008545, 0.008489, 0.00875, 0.014171, 0.014177, 0.014189, 0.014053, 0.014109, 0.014077, 0.014112, 0.023137, 0.011245, 0.014313, 0.014196, 0.014203, 0.014372, 0.013153, 0.015635, 0.014203, 0.010053, 0.008516, 0.008448, 0.008486, 0.00849, 0.008427, 0.008617, 0.008565, 0.008448, 0.00852, 0.008508, 0.008399, 0.008512, 0.008559, 0.008568, 0.008406, 0.008506, 0.008442, 0.008416, 0.008547, 0.008627, 0.010676, 0.014191, 0.013979, 0.014525, 0.014148, 0.014346, 0.00773, 0.008166, 0.016003, 0.007157, 0.007182, 0.01447, 0.018146, 0.012035}"
