"model_name","layer_name","layer_index","kind","min_time","mean_time","max_time","add_flops","div_flops","cmp_flops","exp_flops","mad_flops","input_channel","input_height","input_width","output_channel","output_height","output_width","function","kernel_1","kernel_2","stride_1","stride_2","dilation_1","dilation_2","input_form","topology_hash","mad/min_time","mad/mean_time","mad/max_time","time"
"MobileNet V2 Trained on ImageNet Competition Data","6_4/conv6_4",147,"Convolution",0.000513,0.0005527333333333338,0.024001,0,0,0,0,39337984,448,7,7,1792,7,7,"",1,1,1,1,1,1,"HoldForm[ConvolutionLayer[1792, {1, 1}, ""Stride"" -> {1, 1}, ""PaddingSize"" -> {{0, 0}, {0, 0}}, ""Dilation"" -> {1, 1}, ""Input"" -> {448, 7, 7}]]","1ehgvw30u7rqf",7.668223001949318e10,7.1169914364974e10,1.6390143744010663e9,"{0.015877, 0.02366, 0.024001, 0.023987, 0.023999, 0.013008, 0.000568, 0.000516, 0.000516, 0.000515, 0.000516, 0.000525, 0.000518, 0.000515, 0.000516, 0.000514, 0.000514, 0.000514, 0.000513, 0.000526, 0.000516, 0.000513, 0.000514, 0.000587, 0.000583, 0.000543, 0.000524, 0.000515, 0.000515, 0.000514, 0.000514, 0.000525, 0.000551, 0.000552, 0.000572, 0.000553, 0.000552, 0.000551, 0.000554, 0.000552, 0.000552, 0.000616, 0.000589, 0.000637, 0.000552, 0.000553, 0.000552, 0.000551, 0.000571, 0.000552, 0.000552, 0.000552, 0.00055, 0.000554, 0.000553, 0.000561, 0.000545, 0.00055, 0.000553, 0.000638, 0.000644, 0.000581, 0.000572, 0.000555, 0.000554, 0.000553, 0.000555, 0.000553, 0.000553, 0.000563, 0.000545, 0.000553, 0.000553, 0.000555, 0.000555, 0.000554, 0.000591, 0.000629, 0.000617, 0.000549, 0.000553, 0.000552, 0.000552, 0.00056, 0.000545, 0.000552, 0.000553, 0.000552, 0.000552, 0.000552, 0.00056, 0.000544, 0.000553, 0.000552, 0.000603, 0.000584, 0.000624, 0.000562, 0.000544, 0.000552}"
