"model_name","layer_name","layer_index","kind","min_time","mean_time","max_time","add_flops","div_flops","cmp_flops","exp_flops","mad_flops","input_channel","input_height","input_width","output_channel","output_height","output_width","function","kernel_1","kernel_2","stride_1","stride_2","dilation_1","dilation_2","input_form","topology_hash","mad/min_time","mad/mean_time","mad/max_time","time"
"Squeeze-and-Excitation Net Trained on ImageNet Competition Data","4i/conv4_9_1x1_increase",347,"Convolution",0.001328,0.0013499166666666668,0.004826,0,0,0,0,205520896,1024,14,14,1024,14,14,"",1,1,1,1,1,1,"HoldForm[ConvolutionLayer[1024, {1, 1}, ""Stride"" -> {1, 1}, ""PaddingSize"" -> {{0, 0}, {0, 0}}, ""Dilation"" -> {1, 1}, ""Input"" -> {1024, 14, 14}]]","0edty1n2q1qxb",1.547597108433735e11,1.5224709870979688e11,4.2586178201409035e10,"{0.004826, 0.001397, 0.001377, 0.001391, 0.00136, 0.001509, 0.00134, 0.001329, 0.001347, 0.001421, 0.001338, 0.001355, 0.001463, 0.001383, 0.001352, 0.001329, 0.001337, 0.001347, 0.001334, 0.001422, 0.001437, 0.001343, 0.001336, 0.001351, 0.001328, 0.001341, 0.001371, 0.001523, 0.001338, 0.001339, 0.001346, 0.001337, 0.001337, 0.001333, 0.00148, 0.001346, 0.001338, 0.001343, 0.001337, 0.001336, 0.001386, 0.001441, 0.001411, 0.001346, 0.00134, 0.00133, 0.001349, 0.001334, 0.001371, 0.001493, 0.00134, 0.001335, 0.001361, 0.00134, 0.001346, 0.001359, 0.001503, 0.001337, 0.001338, 0.001339, 0.001336, 0.001352, 0.001342, 0.001448, 0.001418, 0.001328, 0.001337, 0.001346, 0.001338, 0.001336, 0.001431, 0.001453, 0.001346, 0.001338, 0.001337, 0.001348, 0.001357, 0.001346, 0.00151, 0.00133, 0.001337, 0.001348, 0.001338, 0.001345, 0.001355, 0.001448, 0.001417, 0.001361, 0.001338, 0.001329, 0.001346, 0.001337, 0.001387, 0.00146, 0.001335, 0.001336, 0.001347, 0.001339, 0.001339, 0.001359}"
