"model_name","layer_name","layer_index","kind","min_time","mean_time","max_time","add_flops","div_flops","cmp_flops","exp_flops","mad_flops","input_channel","input_height","input_width","output_channel","output_height","output_width","function","kernel_1","kernel_2","stride_1","stride_2","dilation_1","dilation_2","input_form","topology_hash","mad/min_time","mad/mean_time","mad/max_time","time"
"SSD-VGG-300 Trained on PASCAL VOC Data","1/1/blockNet4/conv2a/1",6,"Convolution",0.017381,0.0236946,0.051554,0,0,0,0,1658880000,64,150,150,128,150,150,"",3,3,1,1,1,1,"HoldForm[ConvolutionLayer[128, {3, 3}, ""Stride"" -> {1, 1}, ""PaddingSize"" -> {{1, 1}, {1, 1}}, ""Dilation"" -> {1, 1}, ""Input"" -> {64, 150, 150}]]","00f5czw910gfp",9.544214947356308e10,7.001088855688638e10,3.217752259766458e10,"{0.051554, 0.020972, 0.019221, 0.020101, 0.020984, 0.01761, 0.021366, 0.027444, 0.026476, 0.017642, 0.020183, 0.020185, 0.019993, 0.017579, 0.022487, 0.019892, 0.023652, 0.025797, 0.045718, 0.032389, 0.030525, 0.032931, 0.034075, 0.017466, 0.019339, 0.023907, 0.023668, 0.023641, 0.023734, 0.023759, 0.023702, 0.023633, 0.023705, 0.023817, 0.023686, 0.023653, 0.023756, 0.023616, 0.023625, 0.019982, 0.020131, 0.020056, 0.017542, 0.022794, 0.029485, 0.017582, 0.023358, 0.019, 0.020012, 0.017485, 0.027304, 0.035637, 0.041356, 0.029533, 0.017394, 0.023675, 0.017381, 0.022421, 0.019943, 0.020046, 0.023628, 0.023631, 0.023841, 0.027501, 0.027363, 0.029403, 0.046688, 0.043435, 0.029603, 0.023616, 0.023509, 0.023471, 0.023626, 0.023545, 0.023491, 0.023821, 0.023448, 0.023539, 0.023621, 0.023582, 0.023694, 0.023547, 0.023588, 0.023743, 0.023619, 0.017578, 0.029633, 0.033068, 0.033651, 0.027306, 0.023563, 0.023574, 0.023564, 0.023621, 0.023479, 0.023398, 0.028515, 0.035567, 0.036159, 0.036497}"
