"model_name","layer_name","layer_index","kind","min_time","mean_time","max_time","add_flops","div_flops","cmp_flops","exp_flops","mad_flops","input_channel","input_height","input_width","output_channel","output_height","output_width","function","kernel_1","kernel_2","stride_1","stride_2","dilation_1","dilation_2","input_form","topology_hash","mad/min_time","mad/mean_time","mad/max_time","time"
"Unguided Volumetric Regression Net for 3D Face Reconstruction","8/2/1/1/4/1/1/4/1/1/4/1/2/10/1/1/3",262,"Convolution",0.000175,0.00017998333333333334,0.003217,0,0,0,0,18874368,256,24,24,128,24,24,"",1,1,1,1,1,1,"HoldForm[ConvolutionLayer[128, {1, 1}, ""Stride"" -> {1, 1}, ""PaddingSize"" -> {{0, 0}, {0, 0}}, ""Dilation"" -> {1, 1}, ""Input"" -> {256, 24, 24}]]","0aq3fws45f1kh",1.0785353142857144e11,1.048673099361052e11,5.86707118433323e9,"{0.003217, 0.000213, 0.000184, 0.000181, 0.000193, 0.000179, 0.000176, 0.000177, 0.000176, 0.000177, 0.000175, 0.000176, 0.000175, 0.000176, 0.000176, 0.000213, 0.000198, 0.0002, 0.000199, 0.0002, 0.000209, 0.000179, 0.000179, 0.000179, 0.000179, 0.000183, 0.000186, 0.000179, 0.000179, 0.000179, 0.00018, 0.000179, 0.000179, 0.000179, 0.000179, 0.000179, 0.000179, 0.00018, 0.00018, 0.000179, 0.00018, 0.000179, 0.000197, 0.000183, 0.000179, 0.000179, 0.000179, 0.000179, 0.000192, 0.000211, 0.000183, 0.000179, 0.000178, 0.000179, 0.00018, 0.000179, 0.00018, 0.00018, 0.000179, 0.00018, 0.000179, 0.00018, 0.000179, 0.00018, 0.00018, 0.000179, 0.00018, 0.00018, 0.000179, 0.000216, 0.000202, 0.000199, 0.0002, 0.000199, 0.0002, 0.000193, 0.000179, 0.000178, 0.000178, 0.000179, 0.000183, 0.000183, 0.000181, 0.000179, 0.00018, 0.000179, 0.000179, 0.000179, 0.000178, 0.000179, 0.000178, 0.000378, 0.000187, 0.000179, 0.000179, 0.000179, 0.000179, 0.000179, 0.00018, 0.000179}"
