"model_name","layer_name","layer_index","kind","min_time","mean_time","max_time","add_flops","div_flops","cmp_flops","exp_flops","mad_flops","input_channel","input_height","input_width","output_channel","output_height","output_width","function","kernel_1","kernel_2","stride_1","stride_2","dilation_1","dilation_2","input_form","topology_hash","mad/min_time","mad/mean_time","mad/max_time","time"
"Multi-scale Context Aggregation Net Trained on CamVid Data","conv5_3",28,"Convolution",0.19115,0.44437963333333336,1.833798,0,0,0,0,67829760000,512,94,119,512,90,115,"",3,3,1,1,2,2,"HoldForm[ConvolutionLayer[512, {3, 3}, ""Stride"" -> {1, 1}, ""PaddingSize"" -> {{0, 0}, {0, 0}}, ""Dilation"" -> {2, 2}, ""Input"" -> {512, 94, 119}]]","0o07f28egou9y",3.548509547475805e11,1.5263921861405438e11,3.698867596103824e10,"{0.832182, 0.239891, 0.590189, 0.407612, 0.729477, 0.511109, 0.796671, 0.516619, 0.385716, 0.2971, 0.23611, 0.239687, 0.580469, 1.031753, 1.253072, 0.771871, 0.240124, 0.333042, 0.43907, 0.405377, 0.355794, 0.270326, 0.499354, 0.566561, 0.268927, 0.240303, 0.203638, 0.265226, 0.321214, 0.418925, 0.446141, 0.224516, 0.328007, 0.482347, 0.722696, 1.047078, 0.518593, 0.484168, 0.257106, 0.429707, 0.518063, 0.380098, 0.511891, 0.386835, 0.383535, 0.443957, 0.566803, 0.217716, 0.414611, 0.591207, 0.748495, 0.409074, 0.390413, 0.327407, 0.474809, 0.43348, 0.926593, 0.314674, 0.360116, 0.613143, 0.301139, 0.524146, 1.336378, 0.434443, 0.320981, 1.127336, 0.981161, 0.394467, 0.19115, 0.549437, 0.510686, 0.259279, 0.378067, 1.792284, 1.833798, 0.275577, 0.318855, 0.557019, 0.423095, 0.537548, 0.873957, 0.260602, 0.316514, 0.448321, 0.80207, 0.268919, 0.507413, 0.302357, 0.849797, 0.303824, 0.260942, 0.378864, 0.583916, 0.552637, 0.193793, 0.493276, 0.913032, 0.555409, 0.430234, 0.816825}"
