"model_name","layer_name","layer_index","kind","min_time","mean_time","max_time","add_flops","div_flops","cmp_flops","exp_flops","mad_flops","input_channel","input_height","input_width","output_channel","output_height","output_width","function","kernel_1","kernel_2","stride_1","stride_2","dilation_1","dilation_2","input_form","topology_hash","mad/min_time","mad/mean_time","mad/max_time","time"
"Dilated ResNet-38 Trained on Cityscapes Data","convolution38",126,"Convolution",0.153821,0.32131885,1.648211,0,0,0,0,173946175488,512,64,128,512,64,128,"",3,3,1,1,4,4,"HoldForm[ConvolutionLayer[512, {3, 3}, ""Stride"" -> {1, 1}, ""PaddingSize"" -> {{4, 4}, {4, 4}}, ""Dilation"" -> {4, 4}, ""Input"" -> {512, 64, 128}]]","171a575g6r6yq",1.1308350321997646e12,5.4135067235551227e11,1.0553635152780801e11,"{0.867094, 0.211333, 0.219019, 0.261369, 0.216951, 0.159904, 0.166467, 0.722767, 1.648211, 0.158551, 0.363029, 0.163046, 0.768695, 0.275644, 0.162164, 0.417258, 0.293743, 0.449717, 0.294661, 0.266119, 0.734289, 0.24572, 0.223158, 0.433444, 0.455792, 0.281577, 0.173083, 0.286829, 0.533464, 0.356523, 0.164832, 0.586507, 0.279691, 0.225445, 0.743747, 0.262708, 0.154631, 0.432989, 0.227624, 0.983643, 0.161946, 0.523699, 0.678745, 0.273106, 0.262912, 0.351814, 0.352988, 0.294665, 0.210772, 0.258805, 0.445165, 0.503764, 0.627109, 0.43372, 0.432829, 0.16558, 1.077726, 0.270839, 0.329561, 0.384295, 0.240115, 0.270552, 0.163338, 0.39594, 0.30712, 0.277061, 0.277411, 0.169472, 0.341118, 0.472408, 0.570462, 0.601503, 0.731092, 1.240361, 0.263474, 1.297801, 0.164788, 0.536323, 0.366176, 0.299251, 0.30054, 0.30391, 0.239828, 0.30131, 0.390956, 0.234216, 0.161206, 0.937276, 0.226217, 0.32507, 0.235344, 0.236966, 0.153821, 0.19464, 0.337616, 0.349428, 0.313472, 0.482627, 0.29664, 0.266862}"
