"model_name","layer_name","layer_index","kind","min_time","mean_time","max_time","add_flops","div_flops","cmp_flops","exp_flops","mad_flops","input_channel","input_height","input_width","output_channel","output_height","output_width","function","kernel_1","kernel_2","stride_1","stride_2","dilation_1","dilation_2","input_form","topology_hash","mad/min_time","mad/mean_time","mad/max_time","time"
"Multi-scale Context Aggregation Net Trained on Cityscapes Data","ctx_fc1",53,"Convolution",0.00288,0.0029384166666666664,0.011456,0,0,0,0,53231616,19,128,128,19,128,128,"",3,3,1,1,1,1,"HoldForm[ConvolutionLayer[19, {3, 3}, ""Stride"" -> {1, 1}, ""PaddingSize"" -> {{1, 1}, {1, 1}}, ""Dilation"" -> {1, 1}, ""Input"" -> {19, 128, 128}]]","1i838wvm9rju7",1.84832e10,1.8115748050253822e10,4.646614525139666e9,"{0.011456, 0.00324, 0.003103, 0.002986, 0.002954, 0.002938, 0.002943, 0.002934, 0.003006, 0.002941, 0.002939, 0.003016, 0.00292, 0.002951, 0.002926, 0.002921, 0.00292, 0.002921, 0.003022, 0.002958, 0.002949, 0.00288, 0.002959, 0.002916, 0.002917, 0.002972, 0.002937, 0.002933, 0.002988, 0.002942, 0.002942, 0.002926, 0.002909, 0.002936, 0.002937, 0.003027, 0.002921, 0.002966, 0.002936, 0.002948, 0.002917, 0.00291, 0.002987, 0.002936, 0.002925, 0.002996, 0.002942, 0.002914, 0.002938, 0.00291, 0.002942, 0.002896, 0.003033, 0.002939, 0.002942, 0.002901, 0.002969, 0.002932, 0.002917, 0.00297, 0.002886, 0.00296, 0.002967, 0.002926, 0.002939, 0.002934, 0.002908, 0.002948, 0.002933, 0.003052, 0.002905, 0.002931, 0.002962, 0.002926, 0.002893, 0.002937, 0.002943, 0.002905, 0.002954, 0.003008, 0.002946, 0.002917, 0.002923, 0.002944, 0.002923, 0.002939, 0.003032, 0.002902, 0.002931, 0.00293, 0.002931, 0.00297, 0.002926, 0.00295, 0.002929, 0.002924, 0.003, 0.002939, 0.00293, 0.002926}"
