"model_name","layer_name","layer_index","kind","min_time","mean_time","max_time","add_flops","div_flops","cmp_flops","exp_flops","mad_flops","input_channel","input_height","input_width","output_channel","output_height","output_width","function","kernel_1","kernel_2","stride_1","stride_2","dilation_1","dilation_2","input_form","topology_hash","mad/min_time","mad/mean_time","mad/max_time","time"
"Ademxapp Model A1 Trained on PASCAL VOC2012 and MS-COCO Data","7a/res7a_branch1",125,"Convolution",0.179191,0.45725309999999997,1.448892,0,0,0,0,33294385152,2048,63,63,4096,63,63,"",1,1,1,1,1,1,"HoldForm[ConvolutionLayer[4096, {1, 1}, ""Stride"" -> {1, 1}, ""PaddingSize"" -> {{0, 0}, {0, 0}}, ""Dilation"" -> {1, 1}, ""Input"" -> {2048, 63, 63}]]","10mpthtxbwth2",1.858038916686664e11,7.281390799100105e10,2.2979204213978683e10,"{0.453206, 0.670194, 0.440735, 0.314295, 0.188218, 0.187607, 0.825734, 0.209688, 0.3358, 0.2019, 0.201896, 0.201986, 0.446647, 0.532818, 0.490172, 0.454165, 0.934316, 0.262546, 0.392457, 0.620244, 0.179191, 0.335718, 0.259713, 0.551021, 0.288093, 1.448892, 1.095793, 0.235217, 0.575462, 0.902864, 0.431011, 0.458669, 0.661547, 0.195761, 0.48251, 0.318741, 0.578261, 0.724, 0.612813, 0.831055, 1.27303, 0.187279, 0.4788, 0.388476, 0.410608, 0.691212, 0.472102, 0.700473, 0.412225, 0.588544}"
