"model_name","layer_name","layer_index","kind","min_time","mean_time","max_time","add_flops","div_flops","cmp_flops","exp_flops","mad_flops","input_channel","input_height","input_width","output_channel","output_height","output_width","function","kernel_1","kernel_2","stride_1","stride_2","dilation_1","dilation_2","input_form","topology_hash","mad/min_time","mad/mean_time","mad/max_time","time"
"OpenFace Face Recognition Net Trained on CASIA-WebFace and FaceScrub Data","15/3/5",56,"Convolution",0.000027,0.00002768333333333333,0.002652,0,0,0,0,262144,256,4,4,64,4,4,"",1,1,1,1,1,1,"HoldForm[ConvolutionLayer[64, {1, 1}, ""Stride"" -> {1, 1}, ""PaddingSize"" -> {{0, 0}, {0, 0}}, ""Dilation"" -> {1, 1}, ""Input"" -> {256, 4, 4}]]","0x16igrggb6uh",9.709037037037037e9,9.469379891631548e9,9.88476621417798e7,"{0.002652, 0.000054, 0.000032, 0.00003, 0.00003, 0.000028, 0.000027, 0.000028, 0.000027, 0.000028, 0.000028, 0.000028, 0.000028, 0.000027, 0.000028, 0.000028, 0.000027, 0.000028, 0.000028, 0.000028, 0.000039, 0.000029, 0.000028, 0.000028, 0.000028, 0.000027, 0.000028, 0.000027, 0.000028, 0.000028, 0.000029, 0.000028, 0.000028, 0.000027, 0.000028, 0.000027, 0.000027, 0.000027, 0.000028, 0.000028, 0.000027, 0.000028, 0.000027, 0.000027, 0.000027, 0.000028, 0.000027, 0.000027, 0.000027, 0.000028, 0.000028, 0.000027, 0.000028, 0.000027, 0.000027, 0.000027, 0.000028, 0.000028, 0.000027, 0.000028, 0.000027, 0.000028, 0.000027, 0.000027, 0.000028, 0.000028, 0.000027, 0.000028, 0.000028, 0.000028, 0.000028, 0.000027, 0.000028, 0.000027, 0.000027, 0.000027, 0.000027, 0.000028, 0.000028, 0.000028, 0.000049, 0.000027, 0.000028, 0.000028, 0.000029, 0.000028, 0.000028, 0.000027, 0.000028, 0.000027, 0.000028, 0.000027, 0.000027, 0.000027, 0.000028, 0.000029, 0.000028, 0.000027, 0.000028, 0.000027}"
