"model_name","layer_name","layer_index","kind","min_time","mean_time","max_time","add_flops","div_flops","cmp_flops","exp_flops","mad_flops","input_channel","input_height","input_width","output_channel","output_height","output_width","function","kernel_1","kernel_2","stride_1","stride_2","dilation_1","dilation_2","input_form","topology_hash","mad/min_time","mad/mean_time","mad/max_time","time"
"3D Face Alignment Net Trained on 300W Large Pose Data","13/1/2/3/1/2/3/1/2/3/1/2/4/1/1/4/2/2/2/3",662,"Convolution",0.00004,0.00004126666666666668,0.002725,0,0,0,0,589824,64,4,4,64,4,4,"",3,3,1,1,1,1,"HoldForm[ConvolutionLayer[64, {3, 3}, ""Stride"" -> {1, 1}, ""PaddingSize"" -> {{1, 1}, {1, 1}}, ""Dilation"" -> {1, 1}, ""Input"" -> {64, 4, 4}]]","1q4duk73bmnra",1.4745599999999998e10,1.4292988691437798e10,2.164491743119266e8,"{0.002725, 0.000069, 0.000047, 0.000043, 0.000043, 0.000041, 0.000042, 0.000042, 0.000042, 0.000043, 0.000042, 0.000041, 0.000041, 0.00004, 0.000041, 0.000041, 0.000041, 0.000041, 0.000041, 0.000041, 0.00004, 0.000041, 0.000041, 0.000054, 0.00004, 0.000041, 0.000042, 0.00004, 0.000041, 0.000041, 0.000041, 0.000041, 0.000041, 0.00004, 0.000042, 0.00004, 0.000041, 0.000041, 0.000042, 0.000041, 0.000041, 0.00004, 0.00004, 0.00004, 0.000041, 0.000042, 0.000042, 0.000042, 0.000042, 0.000041}"
