"model_name","layer_name","layer_index","kind","min_time","mean_time","max_time","add_flops","div_flops","cmp_flops","exp_flops","mad_flops","input_channel","input_height","input_width","output_channel","output_height","output_width","function","kernel_1","kernel_2","stride_1","stride_2","dilation_1","dilation_2","input_form","topology_hash","mad/min_time","mad/mean_time","mad/max_time","time"
"Colorful Image Colorization Trained on ImageNet Competition Data","conv8_3",50,"Convolution",0.011803,0.018249883333333335,0.034817,0,0,0,0,1849688064,256,56,56,256,56,56,"",3,3,1,1,1,1,"HoldForm[ConvolutionLayer[256, {3, 3}, ""Stride"" -> {1, 1}, ""PaddingSize"" -> {{1, 1}, {1, 1}}, ""Dilation"" -> {1, 1}, ""Input"" -> {256, 56, 56}]]","1hr2n7680kppx",1.567133833771075e11,1.0135341855153412e11,5.3126003504035385e10,"{0.034817, 0.018068, 0.018002, 0.017753, 0.015247, 0.020108, 0.011966, 0.015015, 0.015469, 0.011814, 0.012074, 0.016302, 0.011803, 0.012169, 0.014161, 0.017831, 0.017918, 0.017735, 0.020593, 0.022048, 0.023846, 0.026133, 0.012656, 0.012072, 0.012465, 0.014036, 0.016207, 0.013986, 0.018181, 0.017772, 0.019228, 0.017698, 0.017807, 0.017709, 0.017682, 0.017807, 0.017951, 0.016605, 0.02861, 0.019984, 0.022636, 0.029936, 0.022338, 0.023875, 0.023128, 0.023476, 0.017414, 0.017753, 0.017988, 0.017758, 0.01782, 0.017641, 0.017643, 0.017755, 0.018012, 0.017815, 0.017753, 0.017682, 0.014237, 0.011873, 0.012311, 0.016182, 0.020723, 0.016921, 0.01748, 0.015882, 0.021898, 0.023348, 0.027504, 0.030269, 0.015912, 0.017963, 0.017858, 0.017757, 0.018029, 0.017836, 0.017854, 0.022561, 0.017916, 0.017805, 0.017808, 0.018057, 0.017954, 0.017855, 0.023735, 0.017824, 0.017868, 0.017922, 0.017818, 0.018017, 0.023385, 0.028874, 0.022943, 0.02236, 0.023615, 0.024484, 0.020175, 0.021515, 0.017919, 0.01786}"
