"model_name","layer_name","layer_index","kind","min_time","mean_time","max_time","add_flops","div_flops","cmp_flops","exp_flops","mad_flops","input_channel","input_height","input_width","output_channel","output_height","output_width","function","kernel_1","kernel_2","stride_1","stride_2","dilation_1","dilation_2","input_form","topology_hash","mad/min_time","mad/mean_time","mad/max_time","time"
"CycleGAN Apple-to-Orange Translation Trained on ImageNet Competition Data","18/1/6",65,"Convolution",0.005685,0.008693733333333334,0.020537,0,0,0,0,603979776,128,66,66,128,64,64,"",3,3,1,1,1,1,"HoldForm[ConvolutionLayer[128, {3, 3}, ""Stride"" -> {1, 1}, ""PaddingSize"" -> {{0, 0}, {0, 0}}, ""Dilation"" -> {1, 1}, ""Input"" -> {128, 66, 66}]]","1sehkke39v8fh",1.06240945646438e11,6.9473004616352e10,2.9409347811267467e10,"{0.020537, 0.008334, 0.008242, 0.008113, 0.008062, 0.007885, 0.00787, 0.007928, 0.007901, 0.007855, 0.007784, 0.007808, 0.007945, 0.011754, 0.013131, 0.005783, 0.017815, 0.005745, 0.01779, 0.005863, 0.017771, 0.005746, 0.017862, 0.005738, 0.005816, 0.01373, 0.008313, 0.005803, 0.017816, 0.005708, 0.01786, 0.016885, 0.005746, 0.010125, 0.005779, 0.010311, 0.005765, 0.010132, 0.00569, 0.010311, 0.005901, 0.016095, 0.008002, 0.015985, 0.005736, 0.018257, 0.005827, 0.018167, 0.005692, 0.018299, 0.005728, 0.009914, 0.010052, 0.005685, 0.007491, 0.006977, 0.010059, 0.010064, 0.010096, 0.010044, 0.010079, 0.010022, 0.010094, 0.01004, 0.007618, 0.007807, 0.00787, 0.007721, 0.007712, 0.007664, 0.007857, 0.007965, 0.007709, 0.007682, 0.007785, 0.007877, 0.007752, 0.007661, 0.007665, 0.007854, 0.007817, 0.007636, 0.007699, 0.010394, 0.01138, 0.011349, 0.011283, 0.011283, 0.011251, 0.011249, 0.011437, 0.011525, 0.011264, 0.007825, 0.00776, 0.007813, 0.007677, 0.007628, 0.007658, 0.007803}"
