"model_name","layer_name","layer_index","kind","min_time","mean_time","max_time","add_flops","div_flops","cmp_flops","exp_flops","mad_flops","input_channel","input_height","input_width","output_channel","output_height","output_width","function","kernel_1","kernel_2","stride_1","stride_2","dilation_1","dilation_2","input_form","topology_hash","mad/min_time","mad/mean_time","mad/max_time","time"
"Age Estimation VGG-16 Trained on IMDB-WIKI and Looking at People Data","relu4_2",21,"Elementwise",0.000151,0.0001524833333333334,0.000992,0,0,401408,0,401408,512,28,28,512,28,28,"Ramp","","","","","","","HoldForm[ElementwiseLayer[Ramp, ""Input"" -> {512, 28, 28}]]","1dnvsxrgaunmm",2.658331125827814e9,2.6324713083397083e9,4.0464516129032254e8,"{0.000992, 0.000183, 0.000176, 0.000156, 0.000153, 0.000154, 0.000153, 0.000153, 0.000153, 0.000153, 0.000154, 0.000153, 0.000153, 0.000153, 0.000152, 0.000165, 0.000151, 0.000152, 0.000152, 0.000152, 0.000152, 0.000151, 0.000169, 0.000153, 0.000152, 0.000152, 0.000152, 0.000153, 0.000153, 0.000153, 0.000152, 0.000153, 0.000153, 0.000152, 0.000152, 0.000153, 0.000152, 0.000153, 0.000153, 0.000153, 0.000152, 0.000168, 0.000153, 0.000153, 0.000153, 0.000152, 0.000153, 0.000153, 0.000152, 0.000152, 0.000153, 0.000152, 0.000152, 0.000153, 0.000152, 0.000152, 0.000153, 0.000152, 0.000152, 0.000152, 0.000163, 0.000155, 0.000152, 0.000152, 0.000162, 0.000153, 0.000154, 0.000164, 0.000152, 0.000152, 0.000151, 0.000152, 0.000152, 0.000152, 0.000151, 0.000151, 0.000152, 0.000152, 0.000152, 0.000152, 0.000152, 0.000152, 0.000152, 0.000151, 0.000152, 0.000152, 0.000152, 0.000171, 0.000155, 0.000153, 0.000152, 0.000152, 0.000152, 0.000166, 0.000153, 0.000153, 0.000153, 0.000153, 0.000152, 0.000152}"
