"model_name","layer_name","layer_index","kind","min_time","mean_time","max_time","add_flops","div_flops","cmp_flops","exp_flops","mad_flops","input_channel","input_height","input_width","output_channel","output_height","output_width","function","kernel_1","kernel_2","stride_1","stride_2","dilation_1","dilation_2","input_form","topology_hash","mad/min_time","mad/mean_time","mad/max_time","time"
"Multi-scale Context Aggregation Net Trained on Cityscapes Data","ctx_relu6_1",50,"Elementwise",0.000112,0.00011433333333333328,0.000814,0,0,311296,0,311296,19,128,128,19,128,128,"Ramp","","","","","","","HoldForm[ElementwiseLayer[Ramp, ""Input"" -> {19, 128, 128}]]","1nxmvglnpl46s",2.7794285714285717e9,2.7227055393586016e9,3.824275184275184e8,"{0.000814, 0.000143, 0.000115, 0.000114, 0.000113, 0.000113, 0.000113, 0.000125, 0.000116, 0.000115, 0.000114, 0.000114, 0.000114, 0.000114, 0.000114, 0.000123, 0.000116, 0.000115, 0.000115, 0.000115, 0.000115, 0.000115, 0.000114, 0.000124, 0.000116, 0.000115, 0.000115, 0.000115, 0.000115, 0.000115, 0.000115, 0.000115, 0.000114, 0.000115, 0.000116, 0.000115, 0.000115, 0.000115, 0.000114, 0.000115, 0.000113, 0.000113, 0.000113, 0.000113, 0.000113, 0.000113, 0.000114, 0.000114, 0.000113, 0.000114, 0.000113, 0.000114, 0.000114, 0.000113, 0.000114, 0.000114, 0.000114, 0.000126, 0.000113, 0.000114, 0.000114, 0.000114, 0.000113, 0.000114, 0.000114, 0.000139, 0.000114, 0.000114, 0.000115, 0.000114, 0.000114, 0.000115, 0.000115, 0.000115, 0.000115, 0.000115, 0.000115, 0.000116, 0.000115, 0.000115, 0.000115, 0.000115, 0.000115, 0.000115, 0.000113, 0.000113, 0.000113, 0.000112, 0.000113, 0.000113, 0.000112, 0.000113, 0.000124, 0.000112, 0.000115, 0.000116, 0.000113, 0.000112, 0.000113, 0.000112}"
