"model_name","layer_name","layer_index","kind","min_time","mean_time","max_time","add_flops","div_flops","cmp_flops","exp_flops","mad_flops","input_channel","input_height","input_width","output_channel","output_height","output_width","function","kernel_1","kernel_2","stride_1","stride_2","dilation_1","dilation_2","input_form","topology_hash","mad/min_time","mad/mean_time","mad/max_time","time"
"Inception V1 Trained on Places365 Data","inception_4b/relu_3x3",62,"Elementwise",0.00003,0.000031,0.000229,0,0,43904,0,43904,224,14,14,224,14,14,"Ramp","","","","","","","HoldForm[ElementwiseLayer[Ramp, ""Input"" -> {224, 14, 14}]]","0alzc3bltvy7i",1.4634666666666667e9,1.416258064516129e9,1.9172052401746726e8,"{0.000229, 0.000037, 0.000032, 0.000031, 0.000031, 0.000032, 0.000031, 0.000031, 0.000031, 0.000031, 0.000031, 0.000032, 0.000031, 0.000031, 0.000031, 0.000031, 0.000031, 0.000032, 0.000044, 0.000032, 0.000031, 0.000032, 0.000031, 0.00003, 0.000031, 0.000031, 0.000031, 0.000031, 0.000031, 0.000031, 0.000031, 0.000031, 0.000031, 0.000031, 0.000031, 0.000031, 0.000031, 0.000031, 0.000031, 0.00003, 0.000031, 0.000031, 0.00003, 0.000031, 0.000031, 0.000031, 0.000031, 0.000031, 0.000031, 0.000031, 0.00003, 0.000031, 0.000031, 0.000031, 0.000031, 0.000031, 0.000031, 0.000032, 0.000031, 0.00003, 0.000031, 0.000031, 0.000031, 0.000031, 0.000031, 0.000031, 0.000031, 0.000031, 0.000031, 0.000031, 0.000031, 0.000031, 0.000031, 0.000031, 0.000031, 0.000031, 0.000031, 0.000031, 0.00003, 0.000031, 0.00003, 0.000031, 0.000031, 0.000031, 0.000031, 0.000031, 0.000031, 0.00003, 0.000031, 0.00003, 0.000031, 0.000031, 0.000031, 0.000031, 0.000031, 0.000031, 0.000031, 0.000031, 0.000031, 0.000031}"
