"model_name","layer_name","layer_index","kind","min_time","mean_time","max_time","add_flops","div_flops","cmp_flops","exp_flops","mad_flops","input_channel","input_height","input_width","output_channel","output_height","output_width","function","kernel_1","kernel_2","stride_1","stride_2","dilation_1","dilation_2","input_form","topology_hash","mad/min_time","mad/mean_time","mad/max_time","time"
"Single-Image Depth Perception Net Trained on Depth in the Wild Data","4/1/1/2/4/3",22,"Elementwise",0.000208,0.00021046666666666675,0.00141,0,0,614400,0,614400,32,120,160,32,120,160,"Ramp","","","","","","","HoldForm[ElementwiseLayer[Ramp, ""Input"" -> {32, 120, 160}]]","1v51dnnow66w3",2.9538461538461537e9,2.9192271143490644e9,4.3574468085106385e8,"{0.00141, 0.000286, 0.000215, 0.000225, 0.00021, 0.00021, 0.000209, 0.000209, 0.000209, 0.000209, 0.00021, 0.00021, 0.000244, 0.00021, 0.000209, 0.000222, 0.000212, 0.000209, 0.000209, 0.000209, 0.000209, 0.000222, 0.000209, 0.00021, 0.000219, 0.00021, 0.000209, 0.00021, 0.00021, 0.000209, 0.000209, 0.000209, 0.000208, 0.000209, 0.000209, 0.000209, 0.000208, 0.000209, 0.000208, 0.000209, 0.000224, 0.000209, 0.000209, 0.000209, 0.000208, 0.000209, 0.000209, 0.000209, 0.000209, 0.000209, 0.000209, 0.000209, 0.000209, 0.000209, 0.000209, 0.00021, 0.000208, 0.000209, 0.000209, 0.000221, 0.000226, 0.000211, 0.000211, 0.000213, 0.000214, 0.000211, 0.000211, 0.00021, 0.000211, 0.000211, 0.000211, 0.000211, 0.000221, 0.000212, 0.000212, 0.000212, 0.000212, 0.000212, 0.000226, 0.000213, 0.000212, 0.000212, 0.000213, 0.000213, 0.000212, 0.000212, 0.000212, 0.000211, 0.000212, 0.000211, 0.000212, 0.000212, 0.000212, 0.000211, 0.000212, 0.000212, 0.000211, 0.000223, 0.000211, 0.000213}"
