"model_name","layer_name","layer_index","kind","min_time","mean_time","max_time","add_flops","div_flops","cmp_flops","exp_flops","mad_flops","input_channel","input_height","input_width","output_channel","output_height","output_width","function","kernel_1","kernel_2","stride_1","stride_2","dilation_1","dilation_2","input_form","topology_hash","mad/min_time","mad/mean_time","mad/max_time","time"
"CycleGAN Horse-to-Zebra Translation Trained on ImageNet Competition Data","13/1/4",23,"Elementwise",0.000177,0.00017860000000000009,0.001226,0,0,524288,0,524288,128,64,64,128,64,64,"Ramp","","","","","","","HoldForm[ElementwiseLayer[Ramp, ""Input"" -> {128, 64, 64}]]","1hgvs9hyt3yrr",2.962079096045198e9,2.9355431131019025e9,4.276411092985318e8,"{0.001226, 0.000245, 0.000188, 0.00018, 0.000179, 0.000178, 0.000178, 0.000178, 0.000194, 0.000179, 0.000178, 0.000179, 0.000183, 0.000179, 0.000178, 0.000179, 0.000179, 0.000178, 0.000179, 0.00018, 0.000179, 0.000178, 0.000179, 0.000179, 0.000178, 0.000179, 0.000179, 0.000179, 0.00018, 0.000179, 0.000191, 0.000179, 0.000178, 0.000178, 0.000178, 0.000179, 0.000187, 0.000179, 0.000178, 0.000179, 0.000178, 0.000178, 0.000178, 0.000178, 0.000178, 0.000177, 0.000178, 0.000177, 0.000177, 0.000178}"
