"model_name","layer_name","layer_index","kind","min_time","mean_time","max_time","add_flops","div_flops","cmp_flops","exp_flops","mad_flops","input_channel","input_height","input_width","output_channel","output_height","output_width","function","kernel_1","kernel_2","stride_1","stride_2","dilation_1","dilation_2","input_form","topology_hash","mad/min_time","mad/mean_time","mad/max_time","time"
"2D Face Alignment Net Trained on 300W Large Pose Data","17/1/1/2",721,"Elementwise",0.000356,0.0003566999999999999,0.002319,0,0,1048576,0,1048576,256,64,64,256,64,64,"Ramp","","","","","","","HoldForm[ElementwiseLayer[Ramp, ""Input"" -> {256, 64, 64}]]","11v1xlvm83ptf",2.945438202247191e9,2.939657975890105e9,4.521673134971971e8,"{0.002319, 0.000508, 0.000405, 0.000362, 0.000368, 0.000357, 0.000356, 0.000356, 0.000357, 0.000356, 0.000356, 0.000357, 0.000357, 0.00037, 0.000357, 0.000357, 0.000356, 0.000357, 0.000356, 0.000357, 0.000357, 0.000356, 0.000357, 0.000357, 0.000372, 0.000356, 0.000356, 0.000356, 0.000356, 0.000367, 0.000357, 0.000357, 0.000357, 0.000357, 0.000357, 0.00037, 0.000357, 0.000356, 0.000356, 0.000356, 0.000356, 0.000356, 0.000357, 0.000356, 0.000357, 0.000356, 0.000369, 0.000357, 0.000356, 0.000357}"
