"model_name","layer_name","layer_index","kind","min_time","mean_time","max_time","add_flops","div_flops","cmp_flops","exp_flops","mad_flops","input_channel","input_height","input_width","output_channel","output_height","output_width","function","kernel_1","kernel_2","stride_1","stride_2","dilation_1","dilation_2","input_form","topology_hash","mad/min_time","mad/mean_time","mad/max_time","time"
"2D Face Alignment Net Trained on 300W Large Pose Data","12/1/2/2/1/1/4/2/1/2",763,"Elementwise",0.000055,0.000056700000000000084,0.000424,0,0,131072,0,131072,128,32,32,128,32,32,"Ramp","","","","","","","HoldForm[ElementwiseLayer[Ramp, ""Input"" -> {128, 32, 32}]]","000x02zy99qpy",2.3831272727272725e9,2.311675485008815e9,3.091320754716981e8,"{0.000424, 0.000066, 0.000059, 0.000058, 0.000058, 0.000057, 0.000057, 0.000057, 0.000057, 0.000057, 0.000056, 0.000057, 0.000056, 0.000056, 0.000056, 0.000057, 0.000057, 0.000056, 0.000056, 0.000056, 0.000057, 0.000056, 0.000058, 0.000057, 0.000056, 0.000057, 0.000057, 0.000057, 0.000057, 0.000056, 0.000058, 0.000056, 0.000055, 0.000056, 0.000057, 0.000056, 0.000059, 0.000057, 0.000058, 0.000057, 0.000057, 0.000072, 0.000058, 0.000058, 0.000057, 0.000056, 0.000057, 0.000057, 0.000056, 0.000056, 0.000057, 0.000055, 0.000057, 0.000057, 0.000056, 0.000057, 0.000057, 0.000057, 0.000058, 0.000057, 0.000056, 0.000057, 0.000057, 0.000056, 0.000058, 0.000057, 0.000056, 0.000058, 0.000056, 0.000056, 0.000057, 0.000057, 0.000056, 0.000058, 0.000056, 0.000057, 0.000057, 0.000058, 0.000057, 0.000057, 0.000057, 0.000058, 0.000056, 0.000057, 0.000065, 0.000057, 0.000057, 0.000056, 0.000056, 0.000057, 0.000056, 0.000056, 0.000056, 0.000056, 0.000055, 0.000055, 0.000056, 0.000057, 0.000055, 0.000055}"
