"model_name","layer_name","layer_index","kind","min_time","mean_time","max_time","add_flops","div_flops","cmp_flops","exp_flops","mad_flops","input_channel","input_height","input_width","output_channel","output_height","output_width","function","kernel_1","kernel_2","stride_1","stride_2","dilation_1","dilation_2","input_form","topology_hash","mad/min_time","mad/mean_time","mad/max_time","time"
"VGG-16 Trained on ImageNet Competition Data","relu3_1",12,"Elementwise",0.000286,0.0002887999999999998,0.001807,0,0,802816,0,802816,256,56,56,256,56,56,"Ramp","","","","","","","HoldForm[ElementwiseLayer[Ramp, ""Input"" -> {256, 56, 56}]]","0tcc7oger2ac7",2.807048951048951e9,2.779833795013852e9,4.442811289429995e8,"{0.001807, 0.000404, 0.00031, 0.000292, 0.000288, 0.000288, 0.000287, 0.000288, 0.000287, 0.000302, 0.000291, 0.000289, 0.000287, 0.000288, 0.000288, 0.000296, 0.000287, 0.000287, 0.000299, 0.00029, 0.000289, 0.00029, 0.000289, 0.000301, 0.000287, 0.000289, 0.000288, 0.000288, 0.000288, 0.000288, 0.000289, 0.000289, 0.000288, 0.000288, 0.000288, 0.000288, 0.00029, 0.000305, 0.000289, 0.000289, 0.000288, 0.000289, 0.00029, 0.000288, 0.000289, 0.000289, 0.000289, 0.00029, 0.000288, 0.000299, 0.000301, 0.000289, 0.000292, 0.000293, 0.000288, 0.000288, 0.000288, 0.000287, 0.000289, 0.000288, 0.000288, 0.000287, 0.000288, 0.000288, 0.000301, 0.000288, 0.000288, 0.000287, 0.000288, 0.000288, 0.00029, 0.000292, 0.000288, 0.000289, 0.000289, 0.000289, 0.000288, 0.000288, 0.0003, 0.00029, 0.000289, 0.00029, 0.000289, 0.00029, 0.000299, 0.000289, 0.000291, 0.000292, 0.000294, 0.000291, 0.000289, 0.000287, 0.000296, 0.000287, 0.000286, 0.000287, 0.000287, 0.000288, 0.000286, 0.000286}"
