"model_name","layer_name","layer_index","kind","min_time","mean_time","max_time","add_flops","div_flops","cmp_flops","exp_flops","mad_flops","input_channel","input_height","input_width","output_channel","output_height","output_width","function","kernel_1","kernel_2","stride_1","stride_2","dilation_1","dilation_2","input_form","topology_hash","mad/min_time","mad/mean_time","mad/max_time","time"
"Ademxapp Model A1 Trained on Cityscapes Data","4b5/res4b5_branch2a_relu",83,"Elementwise",0.010806,0.0108754,0.035724,0,0,16777216,0,16777216,512,128,256,512,128,256,"Ramp","","","","","","","HoldForm[ElementwiseLayer[Ramp, ""Input"" -> {512, 128, 256}]]","0hc7drcc5ff33",1.5525833796039238e9,1.5426757636500726e9,4.696343074683686e8,"{0.035724, 0.011029, 0.010871, 0.010902, 0.010873, 0.010882, 0.010897, 0.010899, 0.010855, 0.010863, 0.010888, 0.010856, 0.010882, 0.0109, 0.010859, 0.010918, 0.010843, 0.010837, 0.010869, 0.01088, 0.0109, 0.010886, 0.010867, 0.010861, 0.010883, 0.010884, 0.010927, 0.010889, 0.010867, 0.010907, 0.010873, 0.010859, 0.010853, 0.010885, 0.01084, 0.010836, 0.010885, 0.010838, 0.010895, 0.010891, 0.010841, 0.010848, 0.010824, 0.010888, 0.010867, 0.010841, 0.010888, 0.010806, 0.010893, 0.01087}"
