"model_name","layer_name","layer_index","kind","min_time","mean_time","max_time","add_flops","div_flops","cmp_flops","exp_flops","mad_flops","input_channel","input_height","input_width","output_channel","output_height","output_width","function","kernel_1","kernel_2","stride_1","stride_2","dilation_1","dilation_2","input_form","topology_hash","mad/min_time","mad/mean_time","mad/max_time","time"
"Colorful Image Colorization Trained on ImageNet Competition Data","relu6_3",37,"Elementwise",0.000145,0.00014669999999999993,0.000962,0,0,401408,0,401408,512,28,28,512,28,28,"Ramp","","","","","","","HoldForm[ElementwiseLayer[Ramp, ""Input"" -> {512, 28, 28}]]","1dnvsxrgaunmm",2.7683310344827585e9,2.7362508520790744e9,4.1726403326403326e8,"{0.000962, 0.000179, 0.000148, 0.000146, 0.000166, 0.000146, 0.000145, 0.000145, 0.000147, 0.000147, 0.000146, 0.000145, 0.000146, 0.000146, 0.000146, 0.000147, 0.000146, 0.000146, 0.000145, 0.000146, 0.000145, 0.000147, 0.000147, 0.000146, 0.000147, 0.000147, 0.000146, 0.00015, 0.000149, 0.000147, 0.000158, 0.000161, 0.000147, 0.000149, 0.000149, 0.000147, 0.000147, 0.000147, 0.000147, 0.000147, 0.000147, 0.000147, 0.000157, 0.000146, 0.000147, 0.000146, 0.000146, 0.000147, 0.000147, 0.000145}"
