"model_name","layer_name","layer_index","kind","min_time","mean_time","max_time","add_flops","div_flops","cmp_flops","exp_flops","mad_flops","input_channel","input_height","input_width","output_channel","output_height","output_width","function","kernel_1","kernel_2","stride_1","stride_2","dilation_1","dilation_2","input_form","topology_hash","mad/min_time","mad/mean_time","mad/max_time","time"
"Single-Image Depth Perception Net Trained on NYU Depth V2 Data","4/1/1/4/1/1/3/2/3",77,"Elementwise",0.000061,0.00006346666666666669,0.000488,0,0,153600,0,153600,32,60,80,32,60,80,"Ramp","","","","","","","HoldForm[ElementwiseLayer[Ramp, ""Input"" -> {32, 60, 80}]]","0diyxaog6919w",2.5180327868852463e9,2.42016806722689e9,3.147540983606558e8,"{0.000488, 0.000079, 0.000068, 0.000068, 0.000067, 0.000066, 0.000068, 0.000067, 0.000066, 0.000066, 0.000067, 0.000067, 0.000067, 0.000067, 0.000066, 0.000067, 0.000067, 0.000065, 0.000066, 0.000066, 0.000067, 0.000067, 0.000067, 0.000066, 0.000066, 0.000066, 0.000066, 0.000067, 0.000067, 0.000066, 0.000066, 0.000066, 0.000067, 0.000066, 0.000066, 0.000066, 0.000066, 0.000067, 0.00009, 0.000068, 0.000062, 0.000062, 0.000062, 0.000062, 0.000062, 0.000062, 0.000061, 0.000062, 0.000061, 0.000061, 0.000061, 0.000062, 0.000062, 0.000061, 0.000062, 0.000063, 0.000062, 0.000062, 0.000062, 0.000061, 0.00007, 0.000063, 0.000062, 0.000062, 0.000062, 0.000061, 0.000062, 0.000062, 0.000061, 0.000061, 0.000062, 0.000062, 0.000061, 0.000061, 0.000062, 0.000062, 0.000062, 0.000062, 0.000061, 0.000062, 0.000062, 0.000062, 0.000062, 0.000062, 0.000061, 0.000062, 0.000062, 0.000062, 0.000061, 0.000062, 0.000062, 0.000062, 0.000062, 0.000061, 0.000061, 0.000062, 0.000062, 0.000062, 0.000062, 0.000061}"
