"model_name","layer_name","layer_index","kind","min_time","mean_time","max_time","add_flops","div_flops","cmp_flops","exp_flops","mad_flops","input_channel","input_height","input_width","output_channel","output_height","output_width","function","kernel_1","kernel_2","stride_1","stride_2","dilation_1","dilation_2","input_form","topology_hash","mad/min_time","mad/mean_time","mad/max_time","time"
"CycleGAN Photo-to-Van Gogh Translation","5",5,"Elementwise",0.000708,0.0007188166666666669,0.004587,0,0,2097152,0,2097152,32,256,256,32,256,256,"Ramp","","","","","","","HoldForm[ElementwiseLayer[Ramp, ""Input"" -> {32, 256, 256}]]","0qg73nby9trih",2.962079096045198e9,2.917506086391986e9,4.5719468061914104e8,"{0.004587, 0.001189, 0.001016, 0.000795, 0.000731, 0.000724, 0.000724, 0.000722, 0.000728, 0.000717, 0.000718, 0.000717, 0.000715, 0.00071, 0.000726, 0.000717, 0.000724, 0.00072, 0.000714, 0.000733, 0.000716, 0.000717, 0.000716, 0.000719, 0.00071, 0.000726, 0.000714, 0.000717, 0.000719, 0.000725, 0.000727, 0.000722, 0.000718, 0.000716, 0.000715, 0.000715, 0.00073, 0.000712, 0.000719, 0.000716, 0.000715, 0.000731, 0.00071, 0.000722, 0.000711, 0.000718, 0.00072, 0.000732, 0.000716, 0.000708, 0.000724, 0.000718, 0.000727, 0.000711, 0.000711, 0.000715, 0.000712, 0.000727, 0.00073, 0.00072, 0.000711, 0.000718, 0.000709, 0.000712, 0.000725, 0.000716, 0.000717, 0.000717, 0.000716, 0.00073, 0.000716, 0.000723, 0.000721, 0.000717, 0.000712, 0.000725, 0.000721, 0.000717, 0.000708, 0.000721, 0.000721, 0.000713, 0.000713, 0.000714, 0.000717, 0.000722, 0.000725, 0.000717, 0.000721, 0.000717, 0.00072, 0.00073, 0.000714, 0.000715, 0.000717, 0.00072, 0.000717, 0.000737, 0.000711, 0.000726}"
