"model_name","layer_name","layer_index","kind","min_time","mean_time","max_time","add_flops","div_flops","cmp_flops","exp_flops","mad_flops","input_channel","input_height","input_width","output_channel","output_height","output_width","function","kernel_1","kernel_2","stride_1","stride_2","dilation_1","dilation_2","input_form","topology_hash","mad/min_time","mad/mean_time","mad/max_time","time"
"Ademxapp Model A1 Trained on PASCAL VOC2012 and MS-COCO Data","4b1/res4b1_branch2b1_relu",58,"Elementwise",0.000743,0.0007576833333333334,0.004533,0,0,2032128,0,2032128,512,63,63,512,63,63,"Ramp","","","","","","","HoldForm[ElementwiseLayer[Ramp, ""Input"" -> {512, 63, 63}]]","0bs40dqisfuvt",2.7350309555854645e9,2.682028112008095e9,4.4829649238914627e8,"{0.004533, 0.001195, 0.001022, 0.000838, 0.000786, 0.000776, 0.000779, 0.00079, 0.000774, 0.000776, 0.000763, 0.000773, 0.000762, 0.000761, 0.000773, 0.000762, 0.000761, 0.000757, 0.000754, 0.000775, 0.000759, 0.000753, 0.000757, 0.000755, 0.000786, 0.000755, 0.000762, 0.000757, 0.000753, 0.000764, 0.000756, 0.000751, 0.000755, 0.000756, 0.000758, 0.000764, 0.000754, 0.000766, 0.000758, 0.000757, 0.000769, 0.000754, 0.000759, 0.000751, 0.00075, 0.000763, 0.000757, 0.000751, 0.000757, 0.000755, 0.000764, 0.000774, 0.000762, 0.000755, 0.000755, 0.000751, 0.000767, 0.000748, 0.000748, 0.000743, 0.000748, 0.000763, 0.000753, 0.000762, 0.000757, 0.000755, 0.000764, 0.000751, 0.000751, 0.000746, 0.000752, 0.000743, 0.000759, 0.000744, 0.00075, 0.000756, 0.000756, 0.000763, 0.000746, 0.000762, 0.000763, 0.000756, 0.000771, 0.000757, 0.000744, 0.000757, 0.000748, 0.000753, 0.000758, 0.000747, 0.000757, 0.000755, 0.00075, 0.000768, 0.000749, 0.000755, 0.000753, 0.000751, 0.000766, 0.000753}"
