"model_name","layer_name","layer_index","kind","min_time","mean_time","max_time","add_flops","div_flops","cmp_flops","exp_flops","mad_flops","input_channel","input_height","input_width","output_channel","output_height","output_width","function","kernel_1","kernel_2","stride_1","stride_2","dilation_1","dilation_2","input_form","topology_hash","mad/min_time","mad/mean_time","mad/max_time","time"
"ResNet-152 Trained on ImageNet Competition Data","4b6/res4b6_relu",191,"Elementwise",0.000077,0.00007804999999999996,0.000552,0,0,200704,0,200704,1024,14,14,1024,14,14,"Ramp","","","","","","","HoldForm[ElementwiseLayer[Ramp, ""Input"" -> {1024, 14, 14}]]","1k2x5pn4rbhw1",2.6065454545454545e9,2.571479820627804e9,3.6359420289855075e8,"{0.000552, 0.000094, 0.000078, 0.000093, 0.000079, 0.000079, 0.000079, 0.000078, 0.000078, 0.000078, 0.000078, 0.000078, 0.000078, 0.000078, 0.000078, 0.000078, 0.000078, 0.000078, 0.000079, 0.000078, 0.000078, 0.000078, 0.000078, 0.000078, 0.000079, 0.000078, 0.000078, 0.000078, 0.000078, 0.000078, 0.000078, 0.000078, 0.000078, 0.000078, 0.000078, 0.000078, 0.000078, 0.000078, 0.000079, 0.000078, 0.000078, 0.000078, 0.000079, 0.000079, 0.000079, 0.000079, 0.000078, 0.000078, 0.000078, 0.000078, 0.000078, 0.000078, 0.000079, 0.00009, 0.000078, 0.000078, 0.000078, 0.000078, 0.000077, 0.000078, 0.000078, 0.000077, 0.000078, 0.000078, 0.000078, 0.000078, 0.000078, 0.000078, 0.000078, 0.000078, 0.000078, 0.000078, 0.000087, 0.000079, 0.000078, 0.000079, 0.000078, 0.000079, 0.000079, 0.000078, 0.000079, 0.000079, 0.000079, 0.000078, 0.000078, 0.000078, 0.000078, 0.000078, 0.000078, 0.000078, 0.000078, 0.000078, 0.000078, 0.000078, 0.000078, 0.000078, 0.000078, 0.000078, 0.000078, 0.000078}"
