"model_name","layer_name","layer_index","kind","min_time","mean_time","max_time","add_flops","div_flops","cmp_flops","exp_flops","mad_flops","input_channel","input_height","input_width","output_channel","output_height","output_width","function","kernel_1","kernel_2","stride_1","stride_2","dilation_1","dilation_2","input_form","topology_hash","mad/min_time","mad/mean_time","mad/max_time","time"
"Ademxapp Model A1 Trained on Cityscapes Data","3b2/res3b2_branch2b1_relu",43,"Elementwise",0.0224,0.022503,0.071243,0,0,33554432,0,33554432,256,256,512,256,256,512,"Ramp","","","","","","","HoldForm[ElementwiseLayer[Ramp, ""Input"" -> {256, 256, 512}]]","0x5kbyswj5ym9",1.4979657142857144e9,1.4911092743189797e9,4.7098566876745784e8,"{0.071243, 0.022685, 0.022559, 0.022537, 0.022516, 0.022493, 0.022513, 0.022534, 0.022528, 0.022501, 0.022529, 0.022556, 0.022517, 0.022532, 0.022501, 0.022447, 0.022559, 0.022522, 0.022486, 0.022551, 0.022538, 0.022499, 0.022503, 0.022483, 0.022475, 0.022455, 0.022456, 0.022544, 0.022455, 0.022446, 0.022501, 0.0224, 0.022513, 0.022486, 0.022465, 0.022507, 0.022478, 0.022434, 0.022521, 0.022478, 0.02252, 0.022541, 0.022455, 0.022497, 0.022476, 0.022483, 0.022495, 0.022489, 0.022467, 0.022514}"
