"model_name","layer_name","layer_index","kind","min_time","mean_time","max_time","add_flops","div_flops","cmp_flops","exp_flops","mad_flops","input_channel","input_height","input_width","output_channel","output_height","output_width","function","kernel_1","kernel_2","stride_1","stride_2","dilation_1","dilation_2","input_form","topology_hash","mad/min_time","mad/mean_time","mad/max_time","time"
"2D Face Alignment Net Trained on 300W Large Pose Data","14/1/2/4/1/1/4/2/1/2",479,"Elementwise",0.000055,0.000055766666666666696,0.000429,0,0,131072,0,131072,128,32,32,128,32,32,"Ramp","","","","","","","HoldForm[ElementwiseLayer[Ramp, ""Input"" -> {128, 32, 32}]]","000x02zy99qpy",2.3831272727272725e9,2.3503646144650316e9,3.055291375291375e8,"{0.000429, 0.000069, 0.000059, 0.000056, 0.000056, 0.000056, 0.000056, 0.000055, 0.000056, 0.000055, 0.000056, 0.000055, 0.000056, 0.000056, 0.000056, 0.000055, 0.000056, 0.000056, 0.000056, 0.000055, 0.000056, 0.000056, 0.000056, 0.000056, 0.000056, 0.000055, 0.000056, 0.000056, 0.000056, 0.000055, 0.000055, 0.000055, 0.000055, 0.000055, 0.000055, 0.000055, 0.000056, 0.000055, 0.000056, 0.000056, 0.000056, 0.000055, 0.000056, 0.000056, 0.000056, 0.000056, 0.000056, 0.000055, 0.000056, 0.000055}"
