"model_name","layer_name","layer_index","kind","min_time","mean_time","max_time","add_flops","div_flops","cmp_flops","exp_flops","mad_flops","input_channel","input_height","input_width","output_channel","output_height","output_width","function","kernel_1","kernel_2","stride_1","stride_2","dilation_1","dilation_2","input_form","topology_hash","mad/min_time","mad/mean_time","mad/max_time","time"
"Wide ResNet-50-2 Trained on ImageNet Competition Data","15/6",116,"Elementwise",0.000045,0.00004551666666666665,0.000355,0,0,100352,0,100352,512,14,14,512,14,14,"Ramp","","","","","","","HoldForm[ElementwiseLayer[Ramp, ""Input"" -> {512, 14, 14}]]","051ljacqnis96",2.2300444444444447e9,2.204730867813988e9,2.8268169014084506e8,"{0.000355, 0.000057, 0.000051, 0.000049, 0.000046, 0.000045, 0.00006, 0.000046, 0.000045, 0.000045, 0.000071, 0.000048, 0.000046, 0.000045, 0.000046, 0.000045, 0.000046, 0.000045, 0.000045, 0.000045, 0.000045, 0.000045, 0.000046, 0.000045, 0.000045, 0.000045, 0.000046, 0.000046, 0.000046, 0.000046, 0.000045, 0.000045, 0.000046, 0.000045, 0.000046, 0.000045, 0.000045, 0.000045, 0.000045, 0.000045, 0.000045, 0.000045, 0.000045, 0.000045, 0.000045, 0.000045, 0.000046, 0.000045, 0.000046, 0.000046, 0.000045, 0.000045, 0.000045, 0.000045, 0.000045, 0.000046, 0.000045, 0.000045, 0.000046, 0.000046, 0.000045, 0.000045, 0.000045, 0.000045, 0.000046, 0.000045, 0.000046, 0.000046, 0.000046, 0.000054, 0.000047, 0.000047, 0.000046, 0.000046, 0.000046, 0.000045, 0.000046, 0.000046, 0.000046, 0.000046, 0.000046, 0.000045, 0.000045, 0.000045, 0.000046, 0.000046, 0.000045, 0.000045, 0.000046, 0.000045, 0.000046, 0.000046, 0.000056, 0.000046, 0.000046, 0.000045, 0.000046, 0.000046, 0.000046, 0.000045}"
