"model_name","layer_name","layer_index","kind","min_time","mean_time","max_time","add_flops","div_flops","cmp_flops","exp_flops","mad_flops","input_channel","input_height","input_width","output_channel","output_height","output_width","function","kernel_1","kernel_2","stride_1","stride_2","dilation_1","dilation_2","input_form","topology_hash","mad/min_time","mad/mean_time","mad/max_time","time"
"VGG-16 Trained on ImageNet Competition Data","relu3_3",16,"Elementwise",0.000278,0.00028164999999999977,0.001932,0,0,802816,0,802816,256,56,56,256,56,56,"Ramp","","","","","","","HoldForm[ElementwiseLayer[Ramp, ""Input"" -> {256, 56, 56}]]","0tcc7oger2ac7",2.8878273381294966e9,2.850402982424998e9,4.15536231884058e8,"{0.001932, 0.000417, 0.000321, 0.000283, 0.000282, 0.000281, 0.000281, 0.00028, 0.000282, 0.000281, 0.00028, 0.00028, 0.000292, 0.000283, 0.000282, 0.000281, 0.000292, 0.000281, 0.00028, 0.00028, 0.000281, 0.00028, 0.00028, 0.000282, 0.000281, 0.000281, 0.00028, 0.000281, 0.000281, 0.000289, 0.000295, 0.000281, 0.00028, 0.000281, 0.000281, 0.000282, 0.000294, 0.000283, 0.00028, 0.000281, 0.000282, 0.000282, 0.00028, 0.000281, 0.000292, 0.000281, 0.000279, 0.000283, 0.000284, 0.00028, 0.000281, 0.000281, 0.00028, 0.00028, 0.00028, 0.00028, 0.000281, 0.00028, 0.000295, 0.000283, 0.000281, 0.000282, 0.000284, 0.000281, 0.000292, 0.000282, 0.000283, 0.000283, 0.000283, 0.000283, 0.000283, 0.000282, 0.000298, 0.000283, 0.00028, 0.000281, 0.000282, 0.000281, 0.000294, 0.000285, 0.000283, 0.000282, 0.000282, 0.000284, 0.000285, 0.000281, 0.000294, 0.000283, 0.000282, 0.000282, 0.000282, 0.000282, 0.000282, 0.000279, 0.000279, 0.000279, 0.000278, 0.000281, 0.000282, 0.000279}"
