"model_name","layer_name","layer_index","kind","min_time","mean_time","max_time","add_flops","div_flops","cmp_flops","exp_flops","mad_flops","input_channel","input_height","input_width","output_channel","output_height","output_width","function","kernel_1","kernel_2","stride_1","stride_2","dilation_1","dilation_2","input_form","topology_hash","mad/min_time","mad/mean_time","mad/max_time","time"
"3D Face Alignment Net Trained on 300W Large Pose Data","11/4/1/1/4/2/2/2/2",14,"Elementwise",0.000178,0.00017993333333333325,0.001238,0,0,524288,0,524288,32,128,128,32,128,128,"Ramp","","","","","","","HoldForm[ElementwiseLayer[Ramp, ""Input"" -> {32, 128, 128}]]","1fwscrofbqf0h",2.945438202247191e9,2.9137902927010016e9,4.234959612277868e8,"{0.001238, 0.000229, 0.000185, 0.000179, 0.000179, 0.000178, 0.000179, 0.000179, 0.000179, 0.000178, 0.000179, 0.000179, 0.000178, 0.000178, 0.000179, 0.000179, 0.000179, 0.000178, 0.000191, 0.00018, 0.000199, 0.00018, 0.00018, 0.00018, 0.00018, 0.000181, 0.000183, 0.00018, 0.00018, 0.00018, 0.000179, 0.00018, 0.00018, 0.000179, 0.00018, 0.000181, 0.000189, 0.000181, 0.00018, 0.00018, 0.000196, 0.000181, 0.00018, 0.000181, 0.00018, 0.00018, 0.000181, 0.00018, 0.00018, 0.000181}"
