"model_name","layer_name","layer_index","kind","min_time","mean_time","max_time","add_flops","div_flops","cmp_flops","exp_flops","mad_flops","input_channel","input_height","input_width","output_channel","output_height","output_width","function","kernel_1","kernel_2","stride_1","stride_2","dilation_1","dilation_2","input_form","topology_hash","mad/min_time","mad/mean_time","mad/max_time","time"
"Ademxapp Model A Trained on ImageNet Competition Data","2a/res2a_branch2b1_relu",8,"Elementwise",0.001529,0.0015887666666666669,0.007078,0,0,3276800,0,3276800,128,160,160,128,160,160,"Ramp","","","","","","","HoldForm[ElementwiseLayer[Ramp, ""Input"" -> {128, 160, 160}]]","11vp1zwo92beq",2.1431000654022236e9,2.0624803306548052e9,4.6295563718564564e8,"{0.007078, 0.00203, 0.001813, 0.001691, 0.001664, 0.001632, 0.001643, 0.001619, 0.001621, 0.001632, 0.001597, 0.001619, 0.001594, 0.001587, 0.00163, 0.001589, 0.001603, 0.001565, 0.001583, 0.001598, 0.001582, 0.001618, 0.001583, 0.001579, 0.001593, 0.001575, 0.001594, 0.001585, 0.001574, 0.001585, 0.001574, 0.001591, 0.001566, 0.001592, 0.001594, 0.00157, 0.001592, 0.00155, 0.001576, 0.001601, 0.001572, 0.001578, 0.001553, 0.001529, 0.001542, 0.001537, 0.001535, 0.001549, 0.00153, 0.001536}"
