"model_name","layer_name","layer_index","kind","min_time","mean_time","max_time","add_flops","div_flops","cmp_flops","exp_flops","mad_flops","input_channel","input_height","input_width","output_channel","output_height","output_width","function","kernel_1","kernel_2","stride_1","stride_2","dilation_1","dilation_2","input_form","topology_hash","mad/min_time","mad/mean_time","mad/max_time","time"
"BERT Trained on BookCorpus and English Wikipedia Data","encoder/6/2/linear2/Net",433,"Linear",0.000209,0.00021156666666666672,0.008919,0,0,0,0,2359296,3072,"","",768,"","","","","","","","","","HoldForm[LinearLayer[{768}, ""Input"" -> 3072]]","1oigxn30muap1",1.1288497607655502e10,1.1151548763195208e10,2.645247225025227e8,"{0.008919, 0.000314, 0.00022, 0.000214, 0.000213, 0.000242, 0.000228, 0.000227, 0.000226, 0.000226, 0.00025, 0.000211, 0.000212, 0.000211, 0.000212, 0.000212, 0.000212, 0.000212, 0.000224, 0.000212, 0.00021, 0.00021, 0.00021, 0.00021, 0.000211, 0.00021, 0.000209, 0.000223, 0.000211, 0.00021, 0.00021, 0.00021, 0.00021, 0.000211, 0.00021, 0.00021, 0.00022, 0.000209, 0.00021, 0.000209, 0.00021, 0.00021, 0.000211, 0.00021, 0.00021, 0.000211, 0.000209, 0.000209, 0.00021, 0.000211}"
