"model_name","layer_name","layer_index","kind","min_time","mean_time","max_time","add_flops","div_flops","cmp_flops","exp_flops","mad_flops","input_channel","input_height","input_width","output_channel","output_height","output_width","function","kernel_1","kernel_2","stride_1","stride_2","dilation_1","dilation_2","input_form","topology_hash","mad/min_time","mad/mean_time","mad/max_time","time"
"BERT Trained on BookCorpus and English Wikipedia Data","encoder/4/1/attention/10/value/Net",272,"Linear",0.000026,0.00003223333333333333,0.015151,0,0,0,0,49152,768,"","",64,"","","","","","","","","","HoldForm[LinearLayer[{64}, ""Input"" -> 768]]","1ar66gqblf480",1.8904615384615383e9,1.5248810754912102e9,3.2441423008382283e6,"{0.015151, 0.00007, 0.000035, 0.000033, 0.000032, 0.000034, 0.000032, 0.000031, 0.000031, 0.000031, 0.000031, 0.000031, 0.000031, 0.000031, 0.000031, 0.000033, 0.000032, 0.00003, 0.000032, 0.000038, 0.000046, 0.000033, 0.000026, 0.000027, 0.000029, 0.000034, 0.000036, 0.000034, 0.000036, 0.000035, 0.000034, 0.000036, 0.000036, 0.000035, 0.000036, 0.000064, 0.000033, 0.000035, 0.000035, 0.000036, 0.000034, 0.000036, 0.000035, 0.000035, 0.000035, 0.000035, 0.000035, 0.000035, 0.000036, 0.000036, 0.000039, 0.000027, 0.000031, 0.000032, 0.000032, 0.000031, 0.000031, 0.000032, 0.000032, 0.000031, 0.000031, 0.000031, 0.000031, 0.000032, 0.000032, 0.000032, 0.000031, 0.000031, 0.000031, 0.00003, 0.000032, 0.000031, 0.000031, 0.000031, 0.000031, 0.000032, 0.000031, 0.000031, 0.000032, 0.000031, 0.000045, 0.00003, 0.000032, 0.000032, 0.000032, 0.000031, 0.000032, 0.000031, 0.000031, 0.000031, 0.000031, 0.000032, 0.000031, 0.000032, 0.000032, 0.000031, 0.000031, 0.000027, 0.000032, 0.000032}"
