"model_name","layer_name","layer_index","kind","min_time","mean_time","max_time","add_flops","div_flops","cmp_flops","exp_flops","mad_flops","input_channel","input_height","input_width","output_channel","output_height","output_width","function","kernel_1","kernel_2","stride_1","stride_2","dilation_1","dilation_2","input_form","topology_hash","mad/min_time","mad/mean_time","mad/max_time","time"
"GPT-2 Transformer Trained on WebText Data","decoder/12/2/linear1/Net",829,"Linear",0.000212,0.00022223333333333322,0.003,0,0,0,0,2359296,768,"","",3072,"","","","","","","","","","HoldForm[LinearLayer[{3072}, ""Input"" -> 768]]","12cu9og6003am",1.1128754716981133e10,1.0616301184940758e10,7.86432e8,"{0.003, 0.000324, 0.00024, 0.000249, 0.000221, 0.000224, 0.000221, 0.000221, 0.00022, 0.00022, 0.000221, 0.00022, 0.00022, 0.00022, 0.000221, 0.000273, 0.000224, 0.00022, 0.000212, 0.000221, 0.000243, 0.000223, 0.000222, 0.000222, 0.000249, 0.000221, 0.000223, 0.000222, 0.000222, 0.000222, 0.000221, 0.000222, 0.000221, 0.000235, 0.000224, 0.000222, 0.000222, 0.000223, 0.000223, 0.000223, 0.000222, 0.000222, 0.000254, 0.000322, 0.000237, 0.000235, 0.000253, 0.000263, 0.000239, 0.000223, 0.000234, 0.000223, 0.00022, 0.00022, 0.000221, 0.000221, 0.00022, 0.00022, 0.00022, 0.000248, 0.000221, 0.00022, 0.000221, 0.00022, 0.000219, 0.000221, 0.00022, 0.000234, 0.000221, 0.00022, 0.000221, 0.00022, 0.00022, 0.00022, 0.000221, 0.000219, 0.00022, 0.000219, 0.00022, 0.00022, 0.000219, 0.000221, 0.00022, 0.000221, 0.00022, 0.000232, 0.000253, 0.000232, 0.000232, 0.000231, 0.000251, 0.000219, 0.000219, 0.000237, 0.00022, 0.000219, 0.000219, 0.00022, 0.00022, 0.000221}"
