"model_name","layer_name","layer_index","kind","min_time","mean_time","max_time","add_flops","div_flops","cmp_flops","exp_flops","mad_flops","input_channel","input_height","input_width","output_channel","output_height","output_width","function","kernel_1","kernel_2","stride_1","stride_2","dilation_1","dilation_2","input_form","topology_hash","mad/min_time","mad/mean_time","mad/max_time","time"
"CycleGAN Photo-to-Monet Translation","23",86,"Normalization",0.051886,0.05204046666666667,0.053994,1048576,2097152,0,1048576,2097152,64,128,128,64,128,128,"","","","","","","","HoldForm[NormalizationLayer[""Epsilon"" -> 0.00001, ""Input"" -> {64, 128, 128}]]","11dj6d7luxeus",4.041845584550746e7,4.029848566564225e7,3.8840463755232066e7,"{0.053994, 0.051978, 0.052066, 0.05197, 0.052017, 0.052054, 0.052016, 0.052084, 0.051951, 0.05208, 0.052059, 0.052006, 0.052027, 0.052002, 0.052106, 0.051999, 0.052056, 0.052096, 0.051949, 0.052038, 0.052048, 0.052119, 0.051991, 0.052026, 0.052059, 0.052057, 0.052069, 0.052056, 0.052004, 0.052001, 0.052109, 0.052077, 0.052032, 0.052057, 0.052055, 0.052058, 0.052, 0.05209, 0.05193, 0.052079, 0.05206, 0.052014, 0.052043, 0.052074, 0.052058, 0.052105, 0.052016, 0.052112, 0.052004, 0.05211, 0.052015, 0.052007, 0.052038, 0.052005, 0.052058, 0.052116, 0.052039, 0.052055, 0.052068, 0.052018, 0.052006, 0.052041, 0.051985, 0.052061, 0.052061, 0.052067, 0.052062, 0.052109, 0.05206, 0.052068, 0.051962, 0.051886, 0.051922, 0.05206, 0.052058, 0.052016, 0.051994, 0.052081, 0.052026, 0.052061, 0.052073, 0.052074, 0.05201, 0.052021, 0.052011, 0.051955, 0.052098, 0.051977, 0.052064, 0.052081, 0.052065, 0.051943, 0.052015, 0.052073, 0.052009, 0.052006, 0.051991, 0.051973, 0.051969, 0.052098}"
