"model_name","layer_name","layer_index","kind","min_time","mean_time","max_time","add_flops","div_flops","cmp_flops","exp_flops","mad_flops","input_channel","input_height","input_width","output_channel","output_height","output_width","function","kernel_1","kernel_2","stride_1","stride_2","dilation_1","dilation_2","input_form","topology_hash","mad/min_time","mad/mean_time","mad/max_time","time"
"Pix2pix Street-Map-to-Photo Translation","32",40,"Normalization",0.006505,0.006542250000000001,0.006943,131072,262144,0,131072,262144,512,16,16,512,16,16,"","","","","","","","HoldForm[NormalizationLayer[""Input"" -> {512, 16, 16}]]","1o1xtbsy4u5rj",4.029884704073789e7,4.006939508578852e7,3.775658937058908e7,"{0.006943, 0.006512, 0.006572, 0.006556, 0.006539, 0.00655, 0.006528, 0.006508, 0.006549, 0.006541, 0.006543, 0.00655, 0.006541, 0.006556, 0.006549, 0.006547, 0.006546, 0.006544, 0.006548, 0.006545, 0.006523, 0.006518, 0.006511, 0.006533, 0.006549, 0.006542, 0.006528, 0.006512, 0.006544, 0.006539, 0.006514, 0.006545, 0.006551, 0.006544, 0.006544, 0.006551, 0.006537, 0.006551, 0.006551, 0.006537, 0.006551, 0.006542, 0.006508, 0.006557, 0.00655, 0.006505, 0.006541, 0.006535, 0.006515, 0.00654, 0.00654, 0.006513, 0.006521, 0.006505, 0.00655, 0.006554, 0.006539, 0.006551, 0.006545, 0.006544, 0.006554, 0.006531, 0.006513, 0.006547, 0.006543, 0.006544, 0.006551, 0.006543, 0.006542, 0.006546, 0.006554, 0.006543, 0.006545, 0.00655, 0.006544, 0.006545, 0.006549, 0.006544, 0.006545, 0.00655, 0.006506, 0.006536, 0.006546, 0.006544, 0.006552, 0.006544, 0.006543, 0.00654, 0.006518, 0.006542, 0.006553, 0.006537, 0.006524, 0.006529, 0.006538, 0.006529, 0.006523, 0.006507, 0.006542, 0.006544}"
