"model_name","layer_name","layer_index","kind","min_time","mean_time","max_time","add_flops","div_flops","cmp_flops","exp_flops","mad_flops","input_channel","input_height","input_width","output_channel","output_height","output_width","function","kernel_1","kernel_2","stride_1","stride_2","dilation_1","dilation_2","input_form","topology_hash","mad/min_time","mad/mean_time","mad/max_time","time"
"CycleGAN Photo-to-Monet Translation","10",10,"Normalization",0.025947,0.02602911666666666,0.027153,524288,1048576,0,524288,1048576,128,64,64,128,64,64,"","","","","","","","HoldForm[NormalizationLayer[""Epsilon"" -> 0.00001, ""Input"" -> {128, 64, 64}]]","0swr1e5sz4uqw",4.041222492002929e7,4.0284732418247014e7,3.861731668692225e7,"{0.027153, 0.026086, 0.025985, 0.026075, 0.02608, 0.026014, 0.026109, 0.026024, 0.025989, 0.026023, 0.02609, 0.026055, 0.025963, 0.025953, 0.026042, 0.026028, 0.026033, 0.026022, 0.026038, 0.026061, 0.026067, 0.026047, 0.026062, 0.025947, 0.026029, 0.026026, 0.026083, 0.026064, 0.026009, 0.026026, 0.025967, 0.026074, 0.025985, 0.026073, 0.026006, 0.026, 0.026051, 0.025968, 0.026021, 0.026003, 0.026007, 0.026083, 0.026078, 0.026025, 0.026025, 0.02608, 0.026035, 0.025984, 0.02602, 0.026031, 0.026018, 0.026045, 0.026011, 0.025958, 0.026025, 0.026032, 0.02608, 0.026038, 0.02602, 0.026083, 0.025971, 0.026085, 0.026058, 0.026012, 0.026053, 0.025969, 0.025984, 0.026031, 0.02602, 0.026115, 0.025977, 0.026026, 0.026024, 0.02608, 0.026077, 0.025983, 0.025987, 0.026015, 0.025951, 0.026039, 0.026075, 0.026026, 0.026025, 0.026027, 0.025999, 0.026022, 0.026019, 0.026031, 0.026028, 0.026003, 0.026015, 0.026082, 0.026029, 0.026024, 0.026001, 0.026011, 0.026042, 0.02601, 0.02595, 0.02608}"
