"model_name","layer_name","layer_index","kind","min_time","mean_time","max_time","add_flops","div_flops","cmp_flops","exp_flops","mad_flops","input_channel","input_height","input_width","output_channel","output_height","output_width","function","kernel_1","kernel_2","stride_1","stride_2","dilation_1","dilation_2","input_form","topology_hash","mad/min_time","mad/mean_time","mad/max_time","time"
"CycleGAN Summer-to-Winter Translation","17/1/3",54,"Normalization",0.025943,0.026042,0.027168,524288,1048576,0,524288,1048576,128,64,64,128,64,64,"","","","","","","","HoldForm[NormalizationLayer[""Epsilon"" -> 0.00001, ""Input"" -> {128, 64, 64}]]","0swr1e5sz4uqw",4.041845584550746e7,4.0264803010521464e7,3.859599528857479e7,"{0.027168, 0.026106, 0.026095, 0.026073, 0.026084, 0.026081, 0.026029, 0.026076, 0.026018, 0.026038, 0.025979, 0.026078, 0.026084, 0.026018, 0.02598, 0.02607, 0.025977, 0.026076, 0.025978, 0.026068, 0.02608, 0.026014, 0.026089, 0.026069, 0.025986, 0.026025, 0.026032, 0.026075, 0.026052, 0.026073, 0.026029, 0.026074, 0.02608, 0.026063, 0.026045, 0.026, 0.026062, 0.026026, 0.026027, 0.026024, 0.026024, 0.026074, 0.026078, 0.026027, 0.026027, 0.02608, 0.026065, 0.026055, 0.025954, 0.026013, 0.026025, 0.026082, 0.025986, 0.026014, 0.025948, 0.026006, 0.026059, 0.026082, 0.02606, 0.025958, 0.026034, 0.026079, 0.02603, 0.025974, 0.026071, 0.02603, 0.02597, 0.026029, 0.026059, 0.026054, 0.026052, 0.026065, 0.026032, 0.026028, 0.026064, 0.026028, 0.026068, 0.026043, 0.026018, 0.026028, 0.026075, 0.026029, 0.026066, 0.026026, 0.026026, 0.026027, 0.02597, 0.026077, 0.026003, 0.026004, 0.026051, 0.026007, 0.025943, 0.026025, 0.026072, 0.026024, 0.025964, 0.026002, 0.026058, 0.026011}"
