"model_name","layer_name","layer_index","kind","min_time","mean_time","max_time","add_flops","div_flops","cmp_flops","exp_flops","mad_flops","input_channel","input_height","input_width","output_channel","output_height","output_width","function","kernel_1","kernel_2","stride_1","stride_2","dilation_1","dilation_2","input_form","topology_hash","mad/min_time","mad/mean_time","mad/max_time","time"
"CycleGAN Apple-to-Orange Translation Trained on ImageNet Competition Data","17/1/7",58,"Normalization",0.025952,0.02603983333333333,0.027215,524288,1048576,0,524288,1048576,128,64,64,128,64,64,"","","","","","","","HoldForm[NormalizationLayer[""Epsilon"" -> 0.00001, ""Input"" -> {128, 64, 64}]]","0swr1e5sz4uqw",4.0404438964241676e7,4.026815327799077e7,3.852934043725886e7,"{0.027215, 0.026041, 0.026047, 0.026017, 0.026072, 0.026021, 0.026053, 0.026058, 0.025995, 0.026034, 0.025962, 0.026074, 0.026075, 0.02604, 0.025994, 0.026024, 0.02602, 0.026005, 0.026, 0.026075, 0.025952, 0.026009, 0.026021, 0.026034, 0.026073, 0.026079, 0.02602, 0.026073, 0.026066, 0.026, 0.026068, 0.026075, 0.026053, 0.026068, 0.026076, 0.025965, 0.026004, 0.026, 0.026009, 0.026024, 0.02607, 0.026081, 0.026022, 0.026078, 0.026017, 0.026061, 0.026008, 0.026085, 0.026031, 0.026041}"
