"model_name","layer_name","layer_index","kind","min_time","mean_time","max_time","add_flops","div_flops","cmp_flops","exp_flops","mad_flops","input_channel","input_height","input_width","output_channel","output_height","output_width","function","kernel_1","kernel_2","stride_1","stride_2","dilation_1","dilation_2","input_form","topology_hash","mad/min_time","mad/mean_time","mad/max_time","time"
"AdaIN-Style Trained on MS-COCO and Painter by Numbers Data","encoder_style/4",34,"Padding",0.02,0.0200237,0.048869,0,0,0,0,0,64,512,512,64,514,514,"","","","","","","","HoldForm[PaddingLayer[{{0, 0}, {1, 1}, {1, 1}}, ""Padding"" -> ""Reflected"", ""Input"" -> {64, 512, 512}]]","1kisfxm9k35zl",0.,0.,0.,"{0.048869, 0.020048, 0.02002, 0.020029, 0.020037, 0.020059, 0.020043, 0.020023, 0.020039, 0.020022, 0.020019, 0.020031, 0.020043, 0.020031, 0.02003, 0.020021, 0.02004, 0.020021, 0.02003, 0.020017, 0.020009, 0.020032, 0.02002, 0.020019, 0.020019, 0.020027, 0.020019, 0.020018, 0.020042, 0.020038, 0.020045, 0.020008, 0.020016, 0.020036, 0.020016, 0.020019, 0.020034, 0.020017, 0.020022, 0.020013, 0.02003, 0.020029, 0.020053, 0.02002, 0.020041, 0.020022, 0.020016, 0.020012, 0.02001, 0.020008, 0.020001, 0.020032, 0.020026, 0.020025, 0.020021, 0.020023, 0.02003, 0.020012, 0.020049, 0.020016, 0.020013, 0.02, 0.020013, 0.020007, 0.020034, 0.020021, 0.020012, 0.020018, 0.020014, 0.020019, 0.020013, 0.020023, 0.020021, 0.020036, 0.020022, 0.020028, 0.020029, 0.020024, 0.020026, 0.020011, 0.020041, 0.02003, 0.020022, 0.020025, 0.020025, 0.020016, 0.020019, 0.020017, 0.020025, 0.02002, 0.020013, 0.020032, 0.020046, 0.020046, 0.020062, 0.020039, 0.020024, 0.020015, 0.020009, 0.02002}"
