"model_name","layer_name","layer_index","kind","min_time","mean_time","max_time","add_flops","div_flops","cmp_flops","exp_flops","mad_flops","input_channel","input_height","input_width","output_channel","output_height","output_width","function","kernel_1","kernel_2","stride_1","stride_2","dilation_1","dilation_2","input_form","topology_hash","mad/min_time","mad/mean_time","mad/max_time","time"
"Dilated ResNet-105 Trained on Cityscapes Data","elemwise_add8",104,"Threading",0.007412,0.007465016666666668,0.02012,16777216,0,0,0,0,1024,64,128,1024,64,128,"Plus","","","","","","","HoldForm[ThreadingLayer[Plus, ""Inputs"" -> {{1024, 64, 128}, {1024, 64, 128}}]]","1oxucx98c8bg3",0.,0.,0.,"{0.02012, 0.007682, 0.007569, 0.007521, 0.00753, 0.007524, 0.007492, 0.007512, 0.007521, 0.007508, 0.007487, 0.007516, 0.00749, 0.007502, 0.007465, 0.007517, 0.007489, 0.007482, 0.007485, 0.007476, 0.007497, 0.007475, 0.00746, 0.007496, 0.007514, 0.007481, 0.007469, 0.007477, 0.007479, 0.007474, 0.007449, 0.007481, 0.007493, 0.00746, 0.007433, 0.007496, 0.007481, 0.007463, 0.007455, 0.007451, 0.00748, 0.007472, 0.00745, 0.007453, 0.007473, 0.007487, 0.007476, 0.00747, 0.007478, 0.007452, 0.007459, 0.00749, 0.007492, 0.007452, 0.007433, 0.007458, 0.007477, 0.00745, 0.007434, 0.007448, 0.007449, 0.007458, 0.007451, 0.007455, 0.007431, 0.007479, 0.007443, 0.007466, 0.007493, 0.007495, 0.007459, 0.007459, 0.007452, 0.007434, 0.007484, 0.007442, 0.007457, 0.007437, 0.007443, 0.007444, 0.007445, 0.007441, 0.007439, 0.007452, 0.007445, 0.007438, 0.007437, 0.007441, 0.007436, 0.007432, 0.007459, 0.007451, 0.007436, 0.007412, 0.007439, 0.007433, 0.007461, 0.00743, 0.007443, 0.007416}"
