"model_name","layer_name","layer_index","kind","min_time","mean_time","max_time","add_flops","div_flops","cmp_flops","exp_flops","mad_flops","input_channel","input_height","input_width","output_channel","output_height","output_width","function","kernel_1","kernel_2","stride_1","stride_2","dilation_1","dilation_2","input_form","topology_hash","mad/min_time","mad/mean_time","mad/max_time","time"
"CycleGAN Photo-to-Van Gogh Translation","20/2",69,"Total",0.000321,0.0003240666666666667,0.001447,524288,0,0,0,0,128,64,64,128,64,64,"","","","","","","","HoldForm[TotalLayer[""Inputs"" -> {{128, 64, 64}, {128, 64, 64}}]]","1u1wha1dgv2gf",0.,0.,0.,"{0.001447, 0.000433, 0.000344, 0.000323, 0.000323, 0.000321, 0.000322, 0.000332, 0.000321, 0.000322, 0.00033, 0.000322, 0.000321, 0.000321, 0.000322, 0.000321, 0.000321, 0.000321, 0.000321, 0.000321, 0.000332, 0.000321, 0.000321, 0.000321, 0.000321, 0.000321, 0.000322, 0.000322, 0.000321, 0.000321, 0.000322, 0.000322, 0.000344, 0.000324, 0.000324, 0.000324, 0.000324, 0.000325, 0.000335, 0.000324, 0.000324, 0.000334, 0.000325, 0.000325, 0.000338, 0.000323, 0.000324, 0.000323, 0.000324, 0.000323, 0.000324, 0.000324, 0.000323, 0.000323, 0.000324, 0.000324, 0.000338, 0.000326, 0.000327, 0.000325, 0.000326, 0.000326, 0.000327, 0.000326, 0.000327, 0.000325, 0.000326, 0.000327, 0.000327, 0.000336, 0.000324, 0.000323, 0.000332, 0.000323, 0.000323, 0.000324, 0.000323, 0.000322, 0.000323, 0.000323, 0.000323, 0.000336, 0.000326, 0.000325, 0.000326, 0.000326, 0.000325, 0.000326, 0.000326, 0.000325, 0.000326, 0.000326, 0.000325, 0.00034, 0.000322, 0.000323, 0.000324, 0.000324, 0.000323, 0.000323}"
