"model_name","layer_name","layer_index","kind","min_time","mean_time","max_time","add_flops","div_flops","cmp_flops","exp_flops","mad_flops","input_channel","input_height","input_width","output_channel","output_height","output_width","function","kernel_1","kernel_2","stride_1","stride_2","dilation_1","dilation_2","input_form","topology_hash","mad/min_time","mad/mean_time","mad/max_time","time"
"2D Face Alignment Net Trained on 300W Large Pose Data","13/1/2/3/1/2/2/1/3",574,"Total",0.000055,0.000055766666666666696,0.000313,65536,0,0,0,0,256,16,16,256,16,16,"","","","","","","","HoldForm[TotalLayer[""Inputs"" -> {{256, 16, 16}, {256, 16, 16}}]]","14wnvjzxhqyen",0.,0.,0.,"{0.000313, 0.000063, 0.000058, 0.000057, 0.000056, 0.000056, 0.000055, 0.000056, 0.000056, 0.000056, 0.000055, 0.000056, 0.000055, 0.000055, 0.000056, 0.000056, 0.000056, 0.000072, 0.000056, 0.000056, 0.000055, 0.000055, 0.000055, 0.000055, 0.000055, 0.000056, 0.000055, 0.000056, 0.000056, 0.000056, 0.000056, 0.000056, 0.000056, 0.000056, 0.000056, 0.000055, 0.000055, 0.000056, 0.000056, 0.000056, 0.000056, 0.000056, 0.000055, 0.000056, 0.000056, 0.000055, 0.000055, 0.000055, 0.000055, 0.000078}"
