"model_name","layer_name","layer_index","kind","min_time","mean_time","max_time","add_flops","div_flops","cmp_flops","exp_flops","mad_flops","input_channel","input_height","input_width","output_channel","output_height","output_width","function","kernel_1","kernel_2","stride_1","stride_2","dilation_1","dilation_2","input_form","topology_hash","mad/min_time","mad/mean_time","mad/max_time","time"
"Dilated ResNet-22 Trained on Cityscapes Data","transpose",85,"Transpose",0.101,0.10109378333333333,0.119535,0,0,0,0,0,19,512,1024,512,1024,19,"","","","","","","","HoldForm[TransposeLayer[{1 <-> 3, 1 <-> 2}, ""Input"" -> {19, 512, 1024}]]","13e72n8a288kb",0.,0.,0.,"{0.119535, 0.101776, 0.101364, 0.101242, 0.10126, 0.101219, 0.101209, 0.10117, 0.101082, 0.101087, 0.101076, 0.101118, 0.101146, 0.101157, 0.101138, 0.101135, 0.101106, 0.10111, 0.101149, 0.10115, 0.101094, 0.101156, 0.101112, 0.101093, 0.101082, 0.101143, 0.101101, 0.101104, 0.101075, 0.101112, 0.101097, 0.101068, 0.10108, 0.101083, 0.101059, 0.101033, 0.101065, 0.101047, 0.101011, 0.101044, 0.101087, 0.101045, 0.101033, 0.101066, 0.10111, 0.101103, 0.101082, 0.101085, 0.101053, 0.101048, 0.101063, 0.101115, 0.101127, 0.10105, 0.101141, 0.101151, 0.101111, 0.101101, 0.101127, 0.101109, 0.101103, 0.101109, 0.101115, 0.101092, 0.101106, 0.101163, 0.101082, 0.101081, 0.101103, 0.101157, 0.101186, 0.101139, 0.101114, 0.10107, 0.101035, 0.101032, 0.101072, 0.101057, 0.10107, 0.1011, 0.101081, 0.101035, 0.101037, 0.101032, 0.101094, 0.101035, 0.101044, 0.101057, 0.101081, 0.101, 0.101039, 0.101056, 0.101099, 0.101055, 0.101064, 0.101031, 0.10106, 0.101133, 0.101126, 0.101176}"
