"model_name","layer_name","layer_index","kind","min_time","mean_time","max_time","add_flops","div_flops","cmp_flops","exp_flops","mad_flops","input_channel","input_height","input_width","output_channel","output_height","output_width","function","kernel_1","kernel_2","stride_1","stride_2","dilation_1","dilation_2","input_form","topology_hash","mad/min_time","mad/mean_time","mad/max_time","time"
"Single-Image Depth Perception Net Trained on Depth in the Wild Data","4/1/2/1/4/2",493,"BatchNormalization",0.002599,0.0027429166666666674,0.010797,4915200,4915200,0,0,0,64,240,320,64,240,320,"","","","","","","","HoldForm[BatchNormalizationLayer[""Momentum"" -> 0.1, ""Epsilon"" -> 0.00001, ""Input"" -> {64, 240, 320}]]","0w153pn8tbf0f",0.,0.,0.,"{0.010797, 0.003096, 0.00296, 0.002857, 0.002808, 0.002802, 0.002804, 0.002802, 0.002787, 0.002884, 0.002842, 0.0028, 0.002877, 0.002855, 0.002813, 0.00278, 0.002765, 0.0028, 0.00279, 0.002854, 0.002862, 0.002789, 0.002781, 0.002783, 0.002729, 0.002756, 0.002761, 0.002769, 0.002746, 0.002779, 0.002849, 0.00272, 0.002725, 0.002743, 0.002734, 0.002837, 0.002816, 0.002768, 0.002825, 0.002719, 0.002736, 0.002697, 0.002722, 0.002708, 0.002665, 0.002716, 0.002706, 0.002679, 0.002697, 0.002717, 0.002599, 0.002656, 0.002647, 0.002625, 0.002643, 0.002641, 0.002632, 0.002655, 0.002694, 0.002656, 0.002707, 0.002704, 0.002643, 0.00266, 0.002686, 0.00265, 0.002673, 0.002681, 0.002728, 0.002777, 0.0027, 0.002644, 0.002687, 0.002703, 0.002678, 0.002733, 0.002751, 0.002698, 0.002735, 0.002813, 0.002754, 0.002818, 0.002821, 0.002814, 0.002743, 0.002745, 0.002785, 0.002726, 0.002753, 0.002731, 0.002712, 0.002722, 0.002727, 0.0027, 0.002735, 0.002731, 0.002761, 0.002781, 0.002721, 0.002687}"
