"model_name","layer_name","layer_index","kind","min_time","mean_time","max_time","add_flops","div_flops","cmp_flops","exp_flops","mad_flops","input_channel","input_height","input_width","output_channel","output_height","output_width","function","kernel_1","kernel_2","stride_1","stride_2","dilation_1","dilation_2","input_form","topology_hash","mad/min_time","mad/mean_time","mad/max_time","time"
"Inception V3 Trained on ImageNet Competition Data","Inception7/mixed_6_conv_batchnorm",166,"BatchNormalization",0.000059,0.000059516666666666706,0.000357,55488,55488,0,0,0,192,17,17,192,17,17,"","","","","","","","HoldForm[BatchNormalizationLayer[""Input"" -> {192, 17, 17}]]","1bka1zrnhprbu",0.,0.,0.,"{0.000357, 0.000068, 0.000062, 0.00006, 0.00006, 0.000059, 0.00006, 0.000059, 0.00006, 0.000059, 0.00006, 0.00006, 0.000059, 0.00006, 0.00006, 0.000059, 0.00006, 0.00006, 0.000059, 0.000059, 0.000059, 0.00006, 0.00006, 0.00006, 0.000059, 0.00006, 0.00006, 0.000059, 0.00006, 0.00006, 0.000059, 0.000059, 0.00006, 0.00006, 0.00006, 0.00006, 0.000059, 0.000059, 0.000059, 0.000059, 0.000059, 0.000059, 0.000059, 0.000059, 0.00006, 0.00006, 0.00006, 0.00006, 0.000059, 0.000059, 0.000061, 0.000059, 0.000059, 0.000061, 0.00006, 0.000063, 0.00006, 0.000059, 0.000059, 0.000059, 0.00006, 0.000059, 0.00006, 0.000059, 0.000059, 0.00006, 0.00006, 0.00006, 0.000059, 0.000059, 0.000059, 0.000059, 0.000074, 0.000063, 0.00006, 0.00006, 0.00006, 0.000059, 0.000059, 0.000059, 0.000059, 0.000059, 0.000059, 0.000059, 0.000059, 0.00006, 0.000059, 0.000059, 0.000059, 0.00006, 0.00006, 0.00006, 0.00006, 0.00006, 0.000059, 0.000059, 0.000059, 0.000059, 0.00006, 0.00006}"
