"model_name","layer_name","layer_index","kind","min_time","mean_time","max_time","add_flops","div_flops","cmp_flops","exp_flops","mad_flops","input_channel","input_height","input_width","output_channel","output_height","output_width","function","kernel_1","kernel_2","stride_1","stride_2","dilation_1","dilation_2","input_form","topology_hash","mad/min_time","mad/mean_time","mad/max_time","time"
"MobileNet V2 Trained on ImageNet Competition Data","6_1/2/conv6_1_dwise_bn",125,"BatchNormalization",0.000068,0.00006879999999999999,0.000343,65856,65856,0,0,0,1344,7,7,1344,7,7,"","","","","","","","HoldForm[BatchNormalizationLayer[""Input"" -> {1344, 7, 7}]]","11oblnhvqkokw",0.,0.,0.,"{0.000343, 0.000092, 0.000073, 0.00007, 0.00007, 0.00007, 0.00007, 0.00007, 0.00007, 0.000069, 0.000069, 0.000069, 0.000068, 0.000069, 0.000069, 0.000069, 0.000069, 0.000069, 0.00007, 0.000069, 0.000069, 0.000068, 0.000069, 0.000069, 0.000068, 0.000069, 0.000069, 0.000069, 0.000068, 0.000069, 0.000069, 0.000069, 0.000069, 0.000069, 0.000069, 0.000069, 0.000069, 0.000069, 0.000069, 0.000068, 0.000068, 0.000069, 0.000069, 0.000069, 0.000068, 0.000068, 0.000089, 0.000074, 0.000069, 0.000069, 0.000069, 0.000069, 0.000068, 0.000068, 0.000069, 0.000069, 0.000068, 0.000069, 0.000069, 0.000069, 0.000069, 0.000069, 0.000068, 0.000068, 0.000069, 0.000068, 0.000068, 0.000069, 0.000069, 0.000068, 0.000068, 0.000069, 0.000068, 0.000069, 0.000069, 0.000068, 0.000068, 0.000069, 0.000069, 0.000068, 0.000068, 0.000069, 0.000069, 0.000069, 0.000068, 0.000069, 0.000068, 0.000068, 0.000068, 0.000068, 0.000068, 0.000069, 0.000069, 0.000068, 0.000068, 0.000069, 0.000069, 0.000068, 0.000068, 0.000069}"
