"model_name","layer_name","layer_index","kind","min_time","mean_time","max_time","add_flops","div_flops","cmp_flops","exp_flops","mad_flops","input_channel","input_height","input_width","output_channel","output_height","output_width","function","kernel_1","kernel_2","stride_1","stride_2","dilation_1","dilation_2","input_form","topology_hash","mad/min_time","mad/mean_time","mad/max_time","time"
"ResNet-152 Trained on ImageNet Competition Data","3b5/bn3b5_branch2b",94,"BatchNormalization",0.000075,0.000076,0.000462,100352,100352,0,0,0,128,28,28,128,28,28,"","","","","","","","HoldForm[BatchNormalizationLayer[""Epsilon"" -> 0.0001, ""Input"" -> {128, 28, 28}]]","031vp334fnmj6",0.,0.,0.,"{0.000462, 0.000088, 0.000078, 0.000087, 0.000077, 0.000076, 0.000076, 0.000076, 0.000076, 0.000075, 0.000076, 0.000076, 0.000075, 0.000076, 0.000076, 0.000076, 0.000076, 0.000076, 0.000108, 0.000079, 0.000076, 0.000076, 0.000076, 0.000076, 0.000076, 0.000084, 0.000076, 0.000076, 0.000076, 0.000077, 0.000076, 0.000075, 0.000076, 0.000089, 0.000076, 0.000076, 0.000075, 0.000076, 0.000075, 0.000078, 0.000079, 0.000076, 0.000076, 0.000076, 0.000076, 0.000075, 0.000076, 0.000076, 0.000076, 0.000076, 0.000075, 0.000076, 0.000076, 0.000076, 0.000076, 0.000076, 0.000076, 0.000075, 0.000076, 0.000076, 0.000076, 0.000076, 0.000075, 0.000076, 0.000076, 0.000076, 0.000076, 0.000076, 0.000076, 0.000076, 0.000098, 0.000077, 0.000076, 0.000077, 0.000076, 0.000076, 0.000076, 0.000076, 0.000076, 0.000075, 0.000076, 0.000076, 0.000076, 0.000076, 0.000075, 0.000076, 0.000075, 0.000076, 0.000076, 0.000076, 0.000075, 0.000076, 0.000076, 0.000076, 0.000076, 0.000076, 0.000076, 0.000076, 0.000076, 0.000076}"
