"model_name","layer_name","layer_index","kind","min_time","mean_time","max_time","add_flops","div_flops","cmp_flops","exp_flops","mad_flops","input_channel","input_height","input_width","output_channel","output_height","output_width","function","kernel_1","kernel_2","stride_1","stride_2","dilation_1","dilation_2","input_form","topology_hash","mad/min_time","mad/mean_time","mad/max_time","time"
"Ademxapp Model A1 Trained on PASCAL VOC2012 and MS-COCO Data","2a/bn2a_branch2a",2,"BatchNormalization",0.01045,0.010547116666666667,0.039308,16257024,16257024,0,0,0,64,504,504,64,504,504,"","","","","","","","HoldForm[BatchNormalizationLayer[""Epsilon"" -> 0.00001001, ""Input"" -> {64, 504, 504}]]","0dcc70h5j2cmf",0.,0.,0.,"{0.039308, 0.01072, 0.010588, 0.010586, 0.010473, 0.010499, 0.010514, 0.010509, 0.010879, 0.010841, 0.010717, 0.010648, 0.010619, 0.01056, 0.010584, 0.010628, 0.010555, 0.010536, 0.010592, 0.010532, 0.010526, 0.01052, 0.010495, 0.010581, 0.010552, 0.010514, 0.010579, 0.010555, 0.010506, 0.010556, 0.01057, 0.010498, 0.010527, 0.01054, 0.010539, 0.01053, 0.010496, 0.010502, 0.010495, 0.010494, 0.010646, 0.010581, 0.010564, 0.010537, 0.010496, 0.010519, 0.010538, 0.010492, 0.01054, 0.01052, 0.010512, 0.010484, 0.010521, 0.01048, 0.01045, 0.010601, 0.01062, 0.010576, 0.010518, 0.010516, 0.010525, 0.010493, 0.010523, 0.010532, 0.010528, 0.010531, 0.010468, 0.010519, 0.01048, 0.010544, 0.010548, 0.010565, 0.010472, 0.010541, 0.010475, 0.010517, 0.010751, 0.010683, 0.01065, 0.010644, 0.010544, 0.010565, 0.010544, 0.010568, 0.010521, 0.010536, 0.010551, 0.010547, 0.010563, 0.010601, 0.010558, 0.010591, 0.010667, 0.010697, 0.010644, 0.010626, 0.010629, 0.010556, 0.010576, 0.010555}"
