"model_name","layer_name","layer_index","kind","min_time","mean_time","max_time","add_flops","div_flops","cmp_flops","exp_flops","mad_flops","input_channel","input_height","input_width","output_channel","output_height","output_width","function","kernel_1","kernel_2","stride_1","stride_2","dilation_1","dilation_2","input_form","topology_hash","mad/min_time","mad/mean_time","mad/max_time","time"
"Ademxapp Model A1 Trained on Cityscapes Data","4b1/bn4b1_branch2b1",57,"BatchNormalization",0.010798,0.010904150000000003,0.036938,16777216,16777216,0,0,0,512,128,256,512,128,256,"","","","","","","","HoldForm[BatchNormalizationLayer[""Epsilon"" -> 0.00001001, ""Input"" -> {512, 128, 256}]]","0chrz5nw048pt",0.,0.,0.,"{0.036938, 0.011102, 0.010991, 0.010979, 0.010899, 0.010901, 0.010916, 0.010938, 0.010931, 0.010899, 0.010842, 0.010942, 0.010968, 0.01091, 0.010927, 0.010891, 0.010931, 0.010894, 0.010924, 0.010924, 0.010874, 0.010984, 0.010912, 0.010963, 0.010891, 0.010914, 0.010917, 0.010891, 0.010877, 0.010916, 0.011159, 0.011035, 0.01093, 0.011019, 0.010966, 0.010942, 0.010881, 0.010934, 0.010926, 0.010965, 0.010981, 0.011028, 0.010952, 0.010926, 0.010908, 0.010949, 0.010884, 0.010938, 0.010994, 0.010923, 0.010901, 0.010873, 0.010879, 0.010905, 0.010928, 0.010907, 0.010933, 0.010881, 0.010879, 0.010894, 0.010904, 0.010883, 0.010825, 0.010884, 0.010874, 0.010995, 0.010935, 0.01091, 0.0109, 0.010838, 0.010886, 0.010892, 0.010902, 0.010836, 0.010849, 0.010872, 0.010812, 0.010856, 0.010903, 0.01088, 0.010834, 0.010889, 0.01083, 0.010848, 0.010836, 0.010838, 0.010877, 0.010823, 0.010918, 0.011024, 0.010871, 0.010905, 0.01086, 0.010877, 0.010854, 0.010876, 0.010862, 0.010892, 0.010886, 0.010798}"
