"model_name","layer_name","layer_index","kind","min_time","mean_time","max_time","add_flops","div_flops","cmp_flops","exp_flops","mad_flops","input_channel","input_height","input_width","output_channel","output_height","output_width","function","kernel_1","kernel_2","stride_1","stride_2","dilation_1","dilation_2","input_form","topology_hash","mad/min_time","mad/mean_time","mad/max_time","time"
"ResNet-101 Trained on Augmented CASIA-WebFace Data","4b16/bn4b16_branch2c",249,"BatchNormalization",0.000147,0.00015036666666666662,0.000761,200704,200704,0,0,0,1024,14,14,1024,14,14,"","","","","","","","HoldForm[BatchNormalizationLayer[""Epsilon"" -> 0.0001, ""Input"" -> {1024, 14, 14}]]","0ahx35973mdro",0.,0.,0.,"{0.000761, 0.000172, 0.000152, 0.000169, 0.000153, 0.00015, 0.000148, 0.000149, 0.000157, 0.000148, 0.000148, 0.000148, 0.000148, 0.000148, 0.000148, 0.000148, 0.000148, 0.000148, 0.000148, 0.000149, 0.000149, 0.000149, 0.000149, 0.000149, 0.000148, 0.000148, 0.000164, 0.000149, 0.000148, 0.000148, 0.000173, 0.00015, 0.000148, 0.000148, 0.000148, 0.000148, 0.000147, 0.000148, 0.000148, 0.000148, 0.000148, 0.000148, 0.00015, 0.000149, 0.000148, 0.000148, 0.000148, 0.000149, 0.000162, 0.000149, 0.000149, 0.000149, 0.000148, 0.000149, 0.000148, 0.000147, 0.000148, 0.000168, 0.000153, 0.000153, 0.000152, 0.000151, 0.000152, 0.000152, 0.000153, 0.000151, 0.000152, 0.000152, 0.000152, 0.000151, 0.000152, 0.000151, 0.000152, 0.000152, 0.00016, 0.000154, 0.000152, 0.000152, 0.000152, 0.000152, 0.000152, 0.000152, 0.000153, 0.000167, 0.000152, 0.000153, 0.000152, 0.000152, 0.000151, 0.000152, 0.000152, 0.000152, 0.000152, 0.000152, 0.000152, 0.000152, 0.000152, 0.000152, 0.000152, 0.000153}"
