"model_name","layer_name","layer_index","kind","min_time","mean_time","max_time","add_flops","div_flops","cmp_flops","exp_flops","mad_flops","input_channel","input_height","input_width","output_channel","output_height","output_width","function","kernel_1","kernel_2","stride_1","stride_2","dilation_1","dilation_2","input_form","topology_hash","mad/min_time","mad/mean_time","mad/max_time","time"
"Single-Image Depth Perception Net Trained on Depth in the Wild Data","4/1/1/5/3/2",442,"BatchNormalization",0.000441,0.0004896,0.003477,1228800,1228800,0,0,0,64,120,160,64,120,160,"","","","","","","","HoldForm[BatchNormalizationLayer[""Momentum"" -> 0.1, ""Epsilon"" -> 0.00001, ""Input"" -> {64, 120, 160}]]","0e4icb1olymil",0.,0.,0.,"{0.003477, 0.000856, 0.000716, 0.000626, 0.000625, 0.000625, 0.000654, 0.000609, 0.000622, 0.000606, 0.000601, 0.000601, 0.000602, 0.000629, 0.000607, 0.000607, 0.000609, 0.000608, 0.000606, 0.000604, 0.000634, 0.000614, 0.000608, 0.000608, 0.000606, 0.000604, 0.000629, 0.000605, 0.000601, 0.000602, 0.000606, 0.000605, 0.000604, 0.000512, 0.000465, 0.000458, 0.00045, 0.000465, 0.00046, 0.000449, 0.000448, 0.00049, 0.000451, 0.00047, 0.000446, 0.000443, 0.000443, 0.000442, 0.000444, 0.000443, 0.000477, 0.000446, 0.000447, 0.000451, 0.000446, 0.000444, 0.000443, 0.000445, 0.000446, 0.000467, 0.000469, 0.000452, 0.000451, 0.000462, 0.000447, 0.000442, 0.000457, 0.00045, 0.000475, 0.00045, 0.000469, 0.000448, 0.000443, 0.000443, 0.000444, 0.000444, 0.000441, 0.000468, 0.000448, 0.000451, 0.000447, 0.000448, 0.000462, 0.000464, 0.000451, 0.00047, 0.000453, 0.000452, 0.000462, 0.000449, 0.000449, 0.000451, 0.00045, 0.000449, 0.00047, 0.000449, 0.000448, 0.000445, 0.000448, 0.000446}"
