"model_name","layer_name","layer_index","kind","min_time","mean_time","max_time","add_flops","div_flops","cmp_flops","exp_flops","mad_flops","input_channel","input_height","input_width","output_channel","output_height","output_width","function","kernel_1","kernel_2","stride_1","stride_2","dilation_1","dilation_2","input_form","topology_hash","mad/min_time","mad/mean_time","mad/max_time","time"
"ResNet-101 Trained on ImageNet Competition Data","5a/bn5a_branch2a",315,"BatchNormalization",0.000039,0.00003914999999999999,0.000225,25088,25088,0,0,0,512,7,7,512,7,7,"","","","","","","","HoldForm[BatchNormalizationLayer[""Epsilon"" -> 0.0001, ""Input"" -> {512, 7, 7}]]","1k43yw5nijm17",0.,0.,0.,"{0.000225, 0.000049, 0.000043, 0.000041, 0.00004, 0.00004, 0.000039, 0.00004, 0.000039, 0.000039, 0.000039, 0.000039, 0.000039, 0.000039, 0.000039, 0.000039, 0.000039, 0.000039, 0.000039, 0.000039, 0.000039, 0.000039, 0.000039, 0.000039, 0.000039, 0.000039, 0.00004, 0.000039, 0.000039, 0.00004, 0.00004, 0.000039, 0.000039, 0.000039, 0.000039, 0.000039, 0.000039, 0.000039, 0.000039, 0.000039, 0.000039, 0.000039, 0.000039, 0.000039, 0.000039, 0.000039, 0.00004, 0.00004, 0.000039, 0.000039, 0.000039, 0.000039, 0.00004, 0.00004, 0.000039, 0.000039, 0.00004, 0.00004, 0.00004, 0.00004, 0.000039, 0.000039, 0.00004, 0.000039, 0.00004, 0.000039, 0.000039, 0.000039, 0.000055, 0.00004, 0.00004, 0.00004, 0.000039, 0.000039, 0.00006, 0.00004, 0.000039, 0.000039, 0.000039, 0.000039, 0.00004, 0.00004, 0.000039, 0.000039, 0.000039, 0.000039, 0.000039, 0.000039, 0.000039, 0.000039, 0.000039, 0.00004, 0.000039, 0.000039, 0.000039, 0.000039, 0.000039, 0.000039, 0.000039, 0.000039}"
