"model_name","layer_name","layer_index","kind","min_time","mean_time","max_time","add_flops","div_flops","cmp_flops","exp_flops","mad_flops","input_channel","input_height","input_width","output_channel","output_height","output_width","function","kernel_1","kernel_2","stride_1","stride_2","dilation_1","dilation_2","input_form","topology_hash","mad/min_time","mad/mean_time","mad/max_time","time"
"MobileNet V2 Trained on ImageNet Competition Data","2_2/1/conv2_2_expand_bn",10,"BatchNormalization",0.000935,0.0009534,0.005117,1806336,1806336,0,0,0,144,112,112,144,112,112,"","","","","","","","HoldForm[BatchNormalizationLayer[""Input"" -> {144, 112, 112}]]","1eogg707h3n0u",0.,0.,0.,"{0.005117, 0.001229, 0.001134, 0.001011, 0.001022, 0.000989, 0.000977, 0.000969, 0.000997, 0.000961, 0.000963, 0.000962, 0.000981, 0.000949, 0.000944, 0.00096, 0.000977, 0.000954, 0.000949, 0.000947, 0.000965, 0.000941, 0.00094, 0.000946, 0.000951, 0.000992, 0.000949, 0.000954, 0.000951, 0.000972, 0.000951, 0.000955, 0.000947, 0.000972, 0.000949, 0.000946, 0.000952, 0.000972, 0.000947, 0.000946, 0.000949, 0.000971, 0.000949, 0.000952, 0.000952, 0.000953, 0.000975, 0.000952, 0.000955, 0.000947, 0.000974, 0.000951, 0.000953, 0.000941, 0.00097, 0.000947, 0.000944, 0.000949, 0.000959, 0.000935, 0.000936, 0.000942, 0.000965, 0.000935, 0.00094, 0.000947, 0.000939, 0.000973, 0.000948, 0.000947, 0.000948, 0.000967, 0.000944, 0.000942, 0.000943, 0.000965, 0.000943, 0.000937, 0.000968, 0.000983, 0.00097, 0.000959, 0.000963, 0.000981, 0.00095, 0.00094, 0.000946, 0.000952, 0.000946, 0.00094, 0.00094, 0.000939, 0.000964, 0.000944, 0.00094, 0.000941, 0.000969, 0.000943, 0.000944, 0.000949}"
