"model_name","layer_name","layer_index","kind","min_time","mean_time","max_time","add_flops","div_flops","cmp_flops","exp_flops","mad_flops","input_channel","input_height","input_width","output_channel","output_height","output_width","function","kernel_1","kernel_2","stride_1","stride_2","dilation_1","dilation_2","input_form","topology_hash","mad/min_time","mad/mean_time","mad/max_time","time"
"Single-Image Depth Perception Net Trained on NYU Depth V2 and Depth in the Wild Data","4/1/1/5/2/5",439,"BatchNormalization",0.000227,0.0003221999999999999,0.001881,614400,614400,0,0,0,32,120,160,32,120,160,"","","","","","","","HoldForm[BatchNormalizationLayer[""Momentum"" -> 0.1, ""Epsilon"" -> 0.00001, ""Input"" -> {32, 120, 160}]]","0zk5bxwlgbbbg",0.,0.,0.,"{0.001881, 0.000397, 0.00034, 0.000321, 0.00032, 0.00032, 0.00032, 0.000319, 0.00032, 0.00032, 0.00032, 0.000319, 0.000351, 0.000321, 0.000335, 0.000319, 0.00032, 0.000319, 0.000319, 0.000327, 0.000319, 0.000335, 0.00032, 0.000319, 0.000345, 0.000326, 0.000326, 0.000324, 0.000326, 0.000325, 0.000326, 0.000325, 0.000326, 0.000325, 0.000326, 0.000325, 0.00035, 0.000323, 0.000322, 0.000321, 0.000322, 0.000321, 0.000322, 0.000321, 0.000322, 0.000322, 0.000321, 0.000321, 0.000343, 0.00034, 0.000334, 0.000323, 0.000325, 0.000322, 0.000322, 0.000321, 0.000322, 0.000322, 0.000322, 0.000321, 0.000322, 0.000346, 0.000323, 0.000321, 0.000323, 0.000321, 0.000322, 0.000321, 0.000321, 0.000322, 0.000322, 0.000321, 0.000322, 0.000347, 0.000324, 0.000322, 0.000324, 0.000324, 0.000323, 0.000322, 0.000323, 0.000331, 0.000327, 0.000325, 0.000323, 0.000345, 0.000238, 0.000233, 0.000228, 0.000227, 0.000228, 0.000227, 0.000228, 0.000227, 0.000227, 0.000228, 0.000227, 0.000227, 0.000228, 0.000227}"
