"model_name","layer_name","layer_index","kind","min_time","mean_time","max_time","add_flops","div_flops","cmp_flops","exp_flops","mad_flops","input_channel","input_height","input_width","output_channel","output_height","output_width","function","kernel_1","kernel_2","stride_1","stride_2","dilation_1","dilation_2","input_form","topology_hash","mad/min_time","mad/mean_time","mad/max_time","time"
"ResNet-101 Trained on YFCC100m Geotagged Data","stage3_unit6/bn1",129,"BatchNormalization",0.000147,0.0001487,0.000767,200704,200704,0,0,0,1024,14,14,1024,14,14,"","","","","","","","HoldForm[BatchNormalizationLayer[""Epsilon"" -> 0.00002, ""Input"" -> {1024, 14, 14}]]","1c4sa4eqfpj4z",0.,0.,0.,"{0.000767, 0.000174, 0.000152, 0.00015, 0.000149, 0.000148, 0.000148, 0.000148, 0.000149, 0.000149, 0.000158, 0.000148, 0.000148, 0.000148, 0.000148, 0.000147, 0.000149, 0.000148, 0.000148, 0.000147, 0.000147, 0.000177, 0.00015, 0.000148, 0.000148, 0.000148, 0.000149, 0.000147, 0.000148, 0.000148, 0.000148, 0.000148, 0.000147, 0.000148, 0.000148, 0.000148, 0.000148, 0.000148, 0.000148, 0.000147, 0.000148, 0.000148, 0.000148, 0.000148, 0.000149, 0.000148, 0.000148, 0.000148, 0.000172, 0.000149, 0.000148, 0.000148, 0.000148, 0.000148, 0.000204, 0.000156, 0.000149, 0.000148, 0.000148, 0.000147, 0.000147, 0.000148, 0.000148, 0.000147, 0.000147, 0.000149, 0.000147, 0.000148, 0.000148, 0.000148, 0.000148, 0.000148, 0.000149, 0.000148, 0.000169, 0.000152, 0.000161, 0.00015, 0.00015, 0.00015, 0.00015, 0.00015, 0.00015, 0.00015, 0.00015, 0.000151, 0.000151, 0.00015, 0.00015, 0.00015, 0.00015, 0.00015, 0.000151, 0.000151, 0.000151, 0.00015, 0.00015, 0.00015, 0.00015, 0.000151}"
