"model_name","layer_name","layer_index","kind","min_time","mean_time","max_time","add_flops","div_flops","cmp_flops","exp_flops","mad_flops","input_channel","input_height","input_width","output_channel","output_height","output_width","function","kernel_1","kernel_2","stride_1","stride_2","dilation_1","dilation_2","input_form","topology_hash","mad/min_time","mad/mean_time","mad/max_time","time"
"Ademxapp Model A1 Trained on Cityscapes Data","3b2/bn3b2_branch2a",39,"BatchNormalization",0.02211,0.022311683333333325,0.075353,33554432,33554432,0,0,0,256,256,512,256,256,512,"","","","","","","","HoldForm[BatchNormalizationLayer[""Epsilon"" -> 0.00001001, ""Input"" -> {256, 256, 512}]]","1q2vjf1kikv0i",0.,0.,0.,"{0.075353, 0.022549, 0.022461, 0.022331, 0.022347, 0.022373, 0.022432, 0.022317, 0.022352, 0.022287, 0.022185, 0.022488, 0.022225, 0.022179, 0.022181, 0.022123, 0.02226, 0.022191, 0.02222, 0.02232, 0.022409, 0.02244, 0.022249, 0.022266, 0.02217, 0.022208, 0.022167, 0.022217, 0.022207, 0.022232, 0.02222, 0.022193, 0.022198, 0.022144, 0.022189, 0.022234, 0.022358, 0.022361, 0.022264, 0.022243, 0.022199, 0.022126, 0.02211, 0.022293, 0.02234, 0.022392, 0.022451, 0.022473, 0.022721, 0.022706, 0.022671, 0.022607, 0.022382, 0.022383, 0.022321, 0.022295, 0.022231, 0.02219, 0.022205, 0.022143, 0.022257, 0.022183, 0.022254, 0.022273, 0.02224, 0.022335, 0.022547, 0.022469, 0.02237, 0.022288, 0.022442, 0.02254, 0.022339, 0.022273, 0.022231, 0.02256, 0.022389, 0.022272, 0.022319, 0.022386, 0.022353, 0.022523, 0.022546, 0.022496, 0.022343, 0.02237, 0.022344, 0.022355, 0.022399, 0.022382, 0.0224, 0.022326, 0.02236, 0.02231, 0.02237, 0.02234, 0.022204, 0.022225, 0.022382, 0.022286}"
