"model_name","layer_name","layer_index","kind","min_time","mean_time","max_time","add_flops","div_flops","cmp_flops","exp_flops","mad_flops","input_channel","input_height","input_width","output_channel","output_height","output_width","function","kernel_1","kernel_2","stride_1","stride_2","dilation_1","dilation_2","input_form","topology_hash","mad/min_time","mad/mean_time","mad/max_time","time"
"Unguided Volumetric Regression Net for 3D Face Reconstruction","8/2/1/1/4/1/1/4/1/1/3/1/1/4",130,"BatchNormalization",0.000154,0.0001690333333333334,0.000857,294912,294912,0,0,0,128,48,48,128,48,48,"","","","","","","","HoldForm[BatchNormalizationLayer[""Momentum"" -> 0.1, ""Epsilon"" -> 0.00001, ""Input"" -> {128, 48, 48}]]","1tq9sc1f3htji",0.,0.,0.,"{0.000857, 0.00019, 0.000166, 0.000163, 0.000162, 0.000161, 0.000162, 0.000162, 0.000162, 0.000161, 0.000162, 0.000162, 0.000161, 0.000162, 0.000161, 0.000161, 0.000162, 0.000161, 0.000161, 0.000161, 0.000162, 0.000162, 0.000185, 0.000166, 0.000161, 0.00016, 0.000161, 0.000161, 0.000161, 0.000161, 0.000157, 0.000157, 0.000157, 0.000157, 0.000157, 0.000158, 0.000157, 0.000157, 0.000158, 0.000157, 0.000157, 0.000157, 0.000156, 0.000156, 0.000158, 0.000157, 0.000157, 0.000179, 0.000158, 0.000155, 0.000156, 0.000156, 0.000155, 0.000156, 0.000155, 0.000155, 0.000167, 0.000156, 0.000155, 0.000155, 0.000155, 0.000155, 0.000155, 0.000155, 0.000155, 0.000154, 0.000155, 0.000155, 0.000155, 0.000155, 0.000155, 0.000243, 0.000242, 0.000228, 0.000212, 0.000208, 0.000208, 0.000208, 0.000208, 0.000209, 0.000212, 0.000208, 0.000208, 0.000208, 0.000222, 0.00021, 0.000207, 0.000207, 0.000208, 0.000207, 0.000207, 0.000232, 0.000209, 0.000207, 0.000207, 0.000207, 0.000207, 0.000208, 0.000207, 0.000206}"
