"model_name","layer_name","layer_index","kind","min_time","mean_time","max_time","add_flops","div_flops","cmp_flops","exp_flops","mad_flops","input_channel","input_height","input_width","output_channel","output_height","output_width","function","kernel_1","kernel_2","stride_1","stride_2","dilation_1","dilation_2","input_form","topology_hash","mad/min_time","mad/mean_time","mad/max_time","time"
"OpenFace Face Recognition Net Trained on CASIA-WebFace and FaceScrub Data","14/5",37,"Catenate",0.000038,0.00003921666666666665,0.000271,0,0,0,0,0,128,12,12,256,12,12,"","","","","","","","HoldForm[CatenateLayer[""Inputs"" -> {{128, 12, 12}, {32, 12, 12}, {32, 12, 12}, {64, 12, 12}}]]","0jjudmc4auj0x",0.,0.,0.,"{0.000271, 0.000046, 0.000041, 0.00004, 0.00004, 0.00004, 0.00004, 0.00004, 0.000039, 0.000039, 0.000039, 0.000039, 0.000039, 0.000039, 0.000039, 0.000039, 0.000039, 0.000039, 0.000039, 0.000039, 0.000039, 0.000039, 0.000039, 0.000039, 0.000039, 0.000039, 0.00004, 0.00004, 0.00004, 0.00004, 0.000039, 0.000039, 0.000039, 0.000039, 0.000039, 0.00004, 0.00004, 0.000039, 0.000039, 0.000039, 0.000039, 0.000039, 0.000049, 0.000041, 0.00004, 0.000049, 0.00004, 0.000039, 0.00004, 0.000039, 0.000039, 0.000039, 0.000039, 0.000039, 0.000039, 0.000039, 0.000039, 0.000039, 0.000044, 0.00004, 0.000039, 0.000039, 0.000039, 0.000039, 0.000039, 0.000039, 0.000039, 0.000039, 0.000039, 0.00004, 0.00004, 0.000041, 0.00004, 0.000062, 0.000042, 0.00004, 0.00004, 0.00004, 0.000039, 0.000039, 0.000039, 0.000039, 0.000039, 0.000039, 0.000039, 0.000039, 0.000039, 0.000048, 0.00004, 0.000039, 0.000039, 0.000039, 0.000039, 0.000039, 0.000039, 0.000039, 0.000039, 0.000039, 0.000038, 0.000039}"
