"model_name","layer_name","layer_index","kind","min_time","mean_time","max_time","add_flops","div_flops","cmp_flops","exp_flops","mad_flops","input_channel","input_height","input_width","output_channel","output_height","output_width","function","kernel_1","kernel_2","stride_1","stride_2","dilation_1","dilation_2","input_form","topology_hash","mad/min_time","mad/mean_time","mad/max_time","time"
"OpenFace Face Recognition Net Trained on CASIA-WebFace and FaceScrub Data","21/4",163,"Catenate",0.000032,0.000033,0.000161,0,0,0,0,0,384,3,3,736,3,3,"","","","","","","","HoldForm[CatenateLayer[""Inputs"" -> {{384, 3, 3}, {96, 3, 3}, {256, 3, 3}}]]","1827xkk18bamz",0.,0.,0.,"{0.000161, 0.00004, 0.000036, 0.000034, 0.000033, 0.000033, 0.000033, 0.000033, 0.000033, 0.000033, 0.000033, 0.000033, 0.000033, 0.000033, 0.000033, 0.000033, 0.000033, 0.000033, 0.000033, 0.000033, 0.000033, 0.000033, 0.000033, 0.000033, 0.000033, 0.000032, 0.000033, 0.000032, 0.000033, 0.000033, 0.000033, 0.000033, 0.000033, 0.000033, 0.000032, 0.000033, 0.000033, 0.000033, 0.000033, 0.000033, 0.000032, 0.000041, 0.000033, 0.000033, 0.000033, 0.000033, 0.000033, 0.000033, 0.000033, 0.000033, 0.000033, 0.000032, 0.000033, 0.000032, 0.000033, 0.000032, 0.000033, 0.000032, 0.000033, 0.000056, 0.000034, 0.000033, 0.000033, 0.000032, 0.000033, 0.000033, 0.000032, 0.000033, 0.000033, 0.000033, 0.000032, 0.000036, 0.000041, 0.000034, 0.000033, 0.000033, 0.000033, 0.000033, 0.000033, 0.000033, 0.000033, 0.000033, 0.000051, 0.000034, 0.000033, 0.000033, 0.000033, 0.000033, 0.000033, 0.000033, 0.000033, 0.000032, 0.000033, 0.000032, 0.000033, 0.000033, 0.000033, 0.000033, 0.000033, 0.000033}"
