"model_name","layer_name","layer_index","kind","min_time","mean_time","max_time","add_flops","div_flops","cmp_flops","exp_flops","mad_flops","input_channel","input_height","input_width","output_channel","output_height","output_width","function","kernel_1","kernel_2","stride_1","stride_2","dilation_1","dilation_2","input_form","topology_hash","mad/min_time","mad/mean_time","mad/max_time","time"
"Ademxapp Model A Trained on ImageNet Competition Data","7a/res7a_branch2b1",133,"Convolution",0.035576,0.03618494999999999,0.040439,0,0,0,0,1887436800,1024,10,10,2048,10,10,"",3,3,1,1,1,1,"HoldForm[ConvolutionLayer[2048, {3, 3}, ""Stride"" -> {1, 1}, ""PaddingSize"" -> {{1, 1}, {1, 1}}, ""Dilation"" -> {1, 1}, ""Input"" -> {1024, 10, 10}]]","0c0mvh11p45v1",5.30536541488644e10,5.216082376789247e10,4.667367640149361e10,"{0.040439, 0.036143, 0.036166, 0.036032, 0.036077, 0.036109, 0.036116, 0.036121, 0.036014, 0.036007, 0.036315, 0.036485, 0.036404, 0.03637, 0.036275, 0.036278, 0.036105, 0.03613, 0.036173, 0.036043, 0.036061, 0.036012, 0.035986, 0.036075, 0.036008, 0.036098, 0.036223, 0.036112, 0.036159, 0.036113, 0.036266, 0.036205, 0.036152, 0.036157, 0.036153, 0.036091, 0.036152, 0.03625, 0.036511, 0.036503, 0.036247, 0.036195, 0.035685, 0.035762, 0.035679, 0.035588, 0.035576, 0.035886, 0.035968, 0.035878, 0.035987, 0.035945, 0.035908, 0.035947, 0.035881, 0.035962, 0.036025, 0.035957, 0.03623, 0.036115, 0.036105, 0.036028, 0.036072, 0.036063, 0.035963, 0.036117, 0.036466, 0.036372, 0.036249, 0.036404, 0.03631, 0.036378, 0.036422, 0.036326, 0.036325, 0.036427, 0.036473, 0.036382, 0.036388, 0.036256, 0.036345, 0.036365, 0.036363, 0.036364, 0.036273, 0.036301, 0.036328, 0.03636, 0.036287, 0.036195, 0.036058, 0.036147, 0.036117, 0.036214, 0.036354, 0.036492, 0.036364, 0.036364, 0.036421, 0.036415}"
