"model_name","layer_name","layer_index","kind","min_time","mean_time","max_time","add_flops","div_flops","cmp_flops","exp_flops","mad_flops","input_channel","input_height","input_width","output_channel","output_height","output_width","function","kernel_1","kernel_2","stride_1","stride_2","dilation_1","dilation_2","input_form","topology_hash","mad/min_time","mad/mean_time","mad/max_time","time"
"ResNet-101 Trained on YFCC100m Geotagged Data","stage3_unit2/conv3",97,"Convolution",0.000403,0.00041079999999999996,0.000707,0,0,0,0,51380224,256,14,14,1024,14,14,"",1,1,1,1,1,1,"HoldForm[ConvolutionLayer[1024, {1, 1}, ""Stride"" -> {1, 1}, ""PaddingSize"" -> {{0, 0}, {0, 0}}, ""Dilation"" -> {1, 1}, ""Input"" -> {256, 14, 14}]]","05922ucprscvp",1.274943523573201e11,1.2507357351509251e11,7.267358415841585e10,"{0.000707, 0.000414, 0.000406, 0.000404, 0.000403, 0.00045, 0.000426, 0.000413, 0.000409, 0.000421, 0.00041, 0.000408, 0.000408, 0.000408, 0.000432, 0.000422, 0.000409, 0.000408, 0.000408, 0.000407, 0.000408, 0.000409, 0.000409, 0.000409, 0.000434, 0.000411, 0.00041, 0.000407, 0.000408, 0.000408, 0.000425, 0.000422, 0.000414, 0.000419, 0.000434, 0.00041, 0.00041, 0.000409, 0.000408, 0.000416, 0.000408, 0.000409, 0.000409, 0.000438, 0.000421, 0.000409, 0.000409, 0.000408, 0.000409, 0.000408}"
