"model_name","layer_name","layer_index","kind","min_time","mean_time","max_time","add_flops","div_flops","cmp_flops","exp_flops","mad_flops","input_channel","input_height","input_width","output_channel","output_height","output_width","function","kernel_1","kernel_2","stride_1","stride_2","dilation_1","dilation_2","input_form","topology_hash","mad/min_time","mad/mean_time","mad/max_time","time"
"Single-Image Depth Perception Net Trained on Depth in the Wild Data","4/1/2/1/2/4",483,"Convolution",0.087308,0.10156918333333335,0.15285,0,0,0,0,707788800,64,240,320,16,240,320,"",3,3,1,1,1,1,"HoldForm[ConvolutionLayer[16, {3, 3}, ""Stride"" -> {1, 1}, ""PaddingSize"" -> {{1, 1}, {1, 1}}, ""Dilation"" -> {1, 1}, ""Input"" -> {64, 240, 320}]]","0f6w65s8kpw4b",8.106803500251982e9,6.968538849792201e9,4.63061040235525e9,"{0.15285, 0.101399, 0.1015, 0.101418, 0.101292, 0.10311, 0.101227, 0.101411, 0.101483, 0.103285, 0.101648, 0.101506, 0.101553, 0.101446, 0.101456, 0.101564, 0.088874, 0.087321, 0.09365, 0.101642, 0.10142, 0.101529, 0.101547, 0.103242, 0.10156, 0.103403, 0.101646, 0.101588, 0.103369, 0.101628, 0.101622, 0.101602, 0.101478, 0.101635, 0.101411, 0.101541, 0.103487, 0.100721, 0.087402, 0.08756, 0.101715, 0.101764, 0.103411, 0.101659, 0.10221, 0.101679, 0.101735, 0.10187, 0.101518, 0.101598, 0.103389, 0.103159, 0.101183, 0.101324, 0.10132, 0.101506, 0.101502, 0.101608, 0.103307, 0.08788, 0.087308, 0.094963, 0.101636, 0.101416, 0.1032, 0.103193, 0.101544, 0.101313, 0.103119, 0.101571, 0.101421, 0.10153, 0.101495, 0.101541, 0.101489, 0.10166, 0.101743, 0.101798, 0.101783, 0.10166, 0.100002, 0.087436, 0.087481, 0.101669, 0.101472, 0.101475, 0.101496, 0.103376, 0.101651, 0.101586, 0.101659, 0.101439, 0.1016, 0.101535, 0.101566, 0.101548, 0.103284, 0.101704, 0.103333, 0.101555}"
