"model_name","layer_name","layer_index","kind","min_time","mean_time","max_time","add_flops","div_flops","cmp_flops","exp_flops","mad_flops","input_channel","input_height","input_width","output_channel","output_height","output_width","function","kernel_1","kernel_2","stride_1","stride_2","dilation_1","dilation_2","input_form","topology_hash","mad/min_time","mad/mean_time","mad/max_time","time"
"Multi-scale Context Aggregation Net Trained on CamVid Data","conv4_1",18,"Convolution",0.214103,0.21514701666666672,0.321865,0,0,0,0,16380592128,256,108,133,512,106,131,"",3,3,1,1,1,1,"HoldForm[ConvolutionLayer[512, {3, 3}, ""Stride"" -> {1, 1}, ""PaddingSize"" -> {{0, 0}, {0, 0}}, ""Dilation"" -> {1, 1}, ""Input"" -> {256, 108, 133}]]","03sgkrwzu08o7",7.650799908455276e10,7.613673841166438e10,5.08927411430258e10,"{0.321865, 0.274142, 0.27399, 0.27349, 0.263921, 0.274115, 0.274295, 0.273278, 0.274082, 0.220798, 0.215438, 0.215375, 0.216385, 0.215298, 0.215343, 0.215284, 0.215274, 0.215317, 0.216543, 0.215442, 0.21522, 0.215445, 0.215451, 0.215309, 0.215433, 0.21563, 0.215574, 0.215799, 0.215542, 0.215438, 0.214812, 0.214191, 0.21433, 0.215124, 0.21526, 0.215173, 0.215126, 0.215452, 0.215177, 0.215382, 0.215202, 0.215355, 0.215166, 0.215259, 0.21535, 0.215335, 0.215349, 0.215627, 0.215586, 0.216026, 0.215763, 0.21603, 0.215772, 0.215477, 0.215815, 0.215428, 0.215456, 0.215222, 0.215163, 0.215489, 0.215286, 0.215609, 0.21524, 0.214444, 0.214683, 0.214527, 0.214723, 0.214626, 0.214592, 0.214714, 0.214852, 0.214864, 0.214985, 0.214785, 0.214506, 0.21453, 0.214535, 0.214557, 0.214565, 0.214103, 0.21422, 0.214349, 0.214635, 0.214619, 0.214273, 0.214367, 0.214393, 0.214412, 0.21414, 0.214285, 0.214426, 0.214677, 0.214941, 0.214767, 0.214527, 0.214661, 0.214895, 0.214716, 0.214766, 0.214659}"
