"model_name","layer_name","layer_index","kind","min_time","mean_time","max_time","add_flops","div_flops","cmp_flops","exp_flops","mad_flops","input_channel","input_height","input_width","output_channel","output_height","output_width","function","kernel_1","kernel_2","stride_1","stride_2","dilation_1","dilation_2","input_form","topology_hash","mad/min_time","mad/mean_time","mad/max_time","time"
"SqueezeNet V1.1 Trained on ImageNet Competition Data","fire6/squeeze1x1",36,"Convolution",0.000075,0.00007630000000000005,0.000171,0,0,0,0,2408448,256,14,14,48,14,14,"",1,1,1,1,1,1,"HoldForm[ConvolutionLayer[48, {1, 1}, ""Stride"" -> {1, 1}, ""PaddingSize"" -> {{0, 0}, {0, 0}}, ""Dilation"" -> {1, 1}, ""Input"" -> {256, 14, 14}]]","0uxt856h1yb89",3.211264e10,3.156550458715594e10,1.4084491228070175e10,"{0.000171, 0.000081, 0.000077, 0.000077, 0.000076, 0.000076, 0.000075, 0.000077, 0.000077, 0.000077, 0.000077, 0.000077, 0.000076, 0.000075, 0.000076, 0.000075, 0.000076, 0.000076, 0.000095, 0.000079, 0.000076, 0.000076, 0.000077, 0.000076, 0.000077, 0.000077, 0.000076, 0.000077, 0.000076, 0.000076, 0.000077, 0.000089, 0.000081, 0.000076, 0.000075, 0.000076, 0.000076, 0.000076, 0.000075, 0.000076, 0.000076, 0.000077, 0.000076, 0.000076, 0.000076, 0.000076, 0.000076, 0.000076, 0.000076, 0.000076}"
