"model_name","layer_name","layer_index","kind","min_time","mean_time","max_time","add_flops","div_flops","cmp_flops","exp_flops","mad_flops","input_channel","input_height","input_width","output_channel","output_height","output_width","function","kernel_1","kernel_2","stride_1","stride_2","dilation_1","dilation_2","input_form","topology_hash","mad/min_time","mad/mean_time","mad/max_time","time"
"Single-Image Depth Perception Net Trained on NYU Depth V2 and Depth in the Wild Data","4/1/2/1/2/1",480,"Convolution",0.012627,0.012796650000000005,0.022094,0,0,0,0,629145600,128,240,320,64,240,320,"",1,1,1,1,1,1,"HoldForm[ConvolutionLayer[64, {1, 1}, ""Stride"" -> {1, 1}, ""PaddingSize"" -> {{0, 0}, {0, 0}}, ""Dilation"" -> {1, 1}, ""Input"" -> {128, 240, 320}]]","0r2azmzkll133",4.9825421715371826e10,4.9164867367631355e10,2.8475857698922787e10,"{0.022094, 0.012972, 0.012865, 0.012771, 0.012756, 0.01273, 0.012826, 0.01273, 0.012722, 0.012845, 0.012801, 0.012627, 0.012815, 0.012815, 0.012756, 0.012735, 0.012775, 0.012781, 0.012874, 0.012927, 0.012828, 0.012699, 0.012758, 0.012818, 0.012832, 0.01265, 0.012792, 0.012812, 0.012745, 0.012813, 0.012765, 0.012814, 0.012902, 0.012808, 0.01282, 0.012816, 0.012876, 0.012853, 0.012808, 0.012835, 0.012876, 0.012855, 0.012917, 0.012823, 0.013059, 0.013046, 0.012947, 0.012866, 0.012811, 0.012841, 0.013322, 0.012843, 0.012808, 0.012768, 0.012745, 0.012694, 0.012858, 0.012778, 0.012765, 0.012803, 0.012735, 0.01278, 0.012801, 0.012743, 0.012692, 0.012717, 0.012996, 0.012839, 0.012809, 0.012814, 0.012736, 0.0127, 0.012827, 0.01281, 0.012823, 0.012774, 0.012726, 0.01278, 0.012776, 0.012751, 0.012744, 0.012728, 0.012821, 0.012769, 0.012752, 0.012689, 0.012759, 0.012735, 0.012791, 0.012729, 0.012767, 0.012878, 0.012838, 0.012721, 0.012875, 0.012853, 0.012754, 0.012827, 0.012807, 0.012686}"
