"model_name","layer_name","layer_index","kind","min_time","mean_time","max_time","add_flops","div_flops","cmp_flops","exp_flops","mad_flops","input_channel","input_height","input_width","output_channel","output_height","output_width","function","kernel_1","kernel_2","stride_1","stride_2","dilation_1","dilation_2","input_form","topology_hash","mad/min_time","mad/mean_time","mad/max_time","time"
"3D Face Alignment Net Trained on 300W Large Pose Data","18/1/1/4/2/1/3",497,"Convolution",0.006381,0.006629566666666667,0.015644,0,0,0,0,301989888,128,64,64,64,64,64,"",3,3,1,1,1,1,"HoldForm[ConvolutionLayer[64, {3, 3}, ""Stride"" -> {1, 1}, ""PaddingSize"" -> {{1, 1}, {1, 1}}, ""Dilation"" -> {1, 1}, ""Input"" -> {128, 64, 64}]]","1tp9auck3jnm2",4.732642031029619e10,4.555197996852483e10,1.9303879314753258e10,"{0.015644, 0.007122, 0.006977, 0.006851, 0.006781, 0.006843, 0.00675, 0.006681, 0.00672, 0.006648, 0.006627, 0.00663, 0.006595, 0.006534, 0.006569, 0.006523, 0.00652, 0.00654, 0.006534, 0.006565, 0.006568, 0.006539, 0.006575, 0.006566, 0.006487, 0.006513, 0.006458, 0.006456, 0.006459, 0.006381, 0.006435, 0.00641, 0.006419, 0.006614, 0.006986, 0.007096, 0.006924, 0.006769, 0.006834, 0.006797, 0.006722, 0.006711, 0.006657, 0.006644, 0.006592, 0.006602, 0.00665, 0.006634, 0.006686, 0.006661}"
