"model_name","layer_name","layer_index","kind","min_time","mean_time","max_time","add_flops","div_flops","cmp_flops","exp_flops","mad_flops","input_channel","input_height","input_width","output_channel","output_height","output_width","function","kernel_1","kernel_2","stride_1","stride_2","dilation_1","dilation_2","input_form","topology_hash","mad/min_time","mad/mean_time","mad/max_time","time"
"Single-Image Depth Perception Net Trained on NYU Depth V2 Data","4/1/1/3/4/4",45,"Convolution",0.061479,0.07216183333333334,0.107058,0,0,0,0,963379200,32,120,160,32,120,160,"",7,7,1,1,1,1,"HoldForm[ConvolutionLayer[32, {7, 7}, ""Stride"" -> {1, 1}, ""PaddingSize"" -> {{3, 3}, {3, 3}}, ""Dilation"" -> {1, 1}, ""Input"" -> {32, 120, 160}]]","06c3ym5c275lj",1.5670053188893768e10,1.3350259486201153e10,8.99866614358572e9,"{0.107058, 0.070912, 0.072425, 0.063923, 0.062123, 0.061479, 0.066489, 0.071272, 0.072447, 0.072319, 0.071822, 0.072617, 0.07206, 0.072099, 0.07191, 0.071871, 0.072208, 0.071695, 0.072541, 0.073263, 0.07325, 0.072039, 0.073703, 0.071926, 0.071459, 0.071476, 0.072474, 0.072375, 0.071527, 0.072626, 0.072384, 0.073902, 0.072597, 0.070066, 0.062663, 0.062238, 0.061699, 0.071412, 0.07221, 0.070901, 0.071448, 0.072147, 0.071197, 0.070929, 0.072047, 0.072576, 0.072314, 0.072926, 0.072998, 0.071945, 0.072934, 0.072107, 0.070873, 0.071667, 0.071825, 0.072693, 0.071227, 0.071775, 0.072619, 0.071956, 0.071955, 0.073053, 0.072876, 0.072838, 0.063288, 0.063455, 0.063514, 0.073287, 0.072598, 0.073244, 0.072548, 0.07363, 0.072473, 0.072177, 0.07304, 0.072195, 0.073096, 0.072655, 0.072535, 0.073729, 0.072319, 0.07271, 0.072084, 0.073663, 0.072708, 0.074348, 0.072411, 0.07244, 0.07378, 0.071592, 0.072025, 0.072814, 0.071486, 0.071968, 0.062647, 0.062361, 0.062793, 0.072161, 0.072329, 0.072617}"
