"model_name","layer_name","layer_index","kind","min_time","mean_time","max_time","add_flops","div_flops","cmp_flops","exp_flops","mad_flops","input_channel","input_height","input_width","output_channel","output_height","output_width","function","kernel_1","kernel_2","stride_1","stride_2","dilation_1","dilation_2","input_form","topology_hash","mad/min_time","mad/mean_time","mad/max_time","time"
"Single-Image Depth Perception Net Trained on NYU Depth V2 and Depth in the Wild Data","4/1/1/6/3/1",463,"Convolution",0.001715,0.0017741999999999999,0.003282,0,0,0,0,78643200,128,120,160,32,120,160,"",1,1,1,1,1,1,"HoldForm[ConvolutionLayer[32, {1, 1}, ""Stride"" -> {1, 1}, ""PaddingSize"" -> {{0, 0}, {0, 0}}, ""Dilation"" -> {1, 1}, ""Input"" -> {128, 120, 160}]]","1gy9o2kt96g59",4.585609329446064e10,4.43260060872506e10,2.396197440585009e10,"{0.003282, 0.002306, 0.001915, 0.001794, 0.001767, 0.001774, 0.00178, 0.001764, 0.001776, 0.001736, 0.001786, 0.001746, 0.001764, 0.001788, 0.001743, 0.001744, 0.001727, 0.001778, 0.001764, 0.001775, 0.001738, 0.001715, 0.001752, 0.001773, 0.001805, 0.001782, 0.001777, 0.001766, 0.001781, 0.001788, 0.001779, 0.001801, 0.001771, 0.001792, 0.001763, 0.001791, 0.001749, 0.001772, 0.001741, 0.001806, 0.001785, 0.001776, 0.001785, 0.001777, 0.001783, 0.001751, 0.001793, 0.001757, 0.001772, 0.001771}"
