"model_name","layer_name","layer_index","kind","min_time","mean_time","max_time","add_flops","div_flops","cmp_flops","exp_flops","mad_flops","input_channel","input_height","input_width","output_channel","output_height","output_width","function","kernel_1","kernel_2","stride_1","stride_2","dilation_1","dilation_2","input_form","topology_hash","mad/min_time","mad/mean_time","mad/max_time","time"
"ResNet-50 Trained on ImageNet Competition Data","4f/res4f_branch2c",138,"Convolution",0.000642,0.0006541833333333335,0.004643,0,0,0,0,51380224,256,14,14,1024,14,14,"",1,1,1,1,1,1,"HoldForm[ConvolutionLayer[1024, {1, 1}, ""Stride"" -> {1, 1}, ""PaddingSize"" -> {{0, 0}, {0, 0}}, ""Dilation"" -> {1, 1}, ""Input"" -> {256, 14, 14}]]","05922ucprscvp",8.00315015576324e10,7.854101653461057e10,1.1066169287098858e10,"{0.004643, 0.000705, 0.000659, 0.000654, 0.000678, 0.000662, 0.000654, 0.00065, 0.000661, 0.000655, 0.000671, 0.000655, 0.000651, 0.000651, 0.000656, 0.000661, 0.000688, 0.000657, 0.000654, 0.000657, 0.000656, 0.000656, 0.000652, 0.000685, 0.000649, 0.000648, 0.000647, 0.000643, 0.000642, 0.000686, 0.000657, 0.000649, 0.000651, 0.000648, 0.000653, 0.000678, 0.000661, 0.000652, 0.000653, 0.000662, 0.000652, 0.000674, 0.000652, 0.000648, 0.000651, 0.000684, 0.000655, 0.000676, 0.000653, 0.000649, 0.000655, 0.000656, 0.000648, 0.000672, 0.000664, 0.000653, 0.00065, 0.000651, 0.000648, 0.000679, 0.000659, 0.00065, 0.000649, 0.000648, 0.00065, 0.000678, 0.000656, 0.000647, 0.000648, 0.000658, 0.000652, 0.00067, 0.000652, 0.000648, 0.000649, 0.000657, 0.000655, 0.000669, 0.000647, 0.000647, 0.000653, 0.000654, 0.00065, 0.000671, 0.00066, 0.000652, 0.000645, 0.00065, 0.000646, 0.00067, 0.000658, 0.000656, 0.000648, 0.000647, 0.000649, 0.000668, 0.000655, 0.000653, 0.000649, 0.000658}"
