"model_name","layer_name","layer_index","kind","min_time","mean_time","max_time","add_flops","div_flops","cmp_flops","exp_flops","mad_flops","input_channel","input_height","input_width","output_channel","output_height","output_width","function","kernel_1","kernel_2","stride_1","stride_2","dilation_1","dilation_2","input_form","topology_hash","mad/min_time","mad/mean_time","mad/max_time","time"
"2D Face Alignment Net Trained on 300W Large Pose Data","12/1/1/1/1/1/4/2/1/3",748,"Convolution",0.00636,0.0066,0.024708,0,0,0,0,301989888,128,64,64,64,64,64,"",3,3,1,1,1,1,"HoldForm[ConvolutionLayer[64, {3, 3}, ""Stride"" -> {1, 1}, ""PaddingSize"" -> {{1, 1}, {1, 1}}, ""Dilation"" -> {1, 1}, ""Input"" -> {128, 64, 64}]]","1tp9auck3jnm2",4.748268679245283e10,4.575604363636364e10,1.2222352598348713e10,"{0.024708, 0.01299, 0.007013, 0.00694, 0.00683, 0.006853, 0.006773, 0.006899, 0.006778, 0.006783, 0.006791, 0.006789, 0.006647, 0.006721, 0.00677, 0.006671, 0.006666, 0.006519, 0.006543, 0.006549, 0.006539, 0.006497, 0.006477, 0.00653, 0.006533, 0.00648, 0.006451, 0.006466, 0.00636, 0.006451, 0.006591, 0.00656, 0.006616, 0.00654, 0.006574, 0.006574, 0.006581, 0.006553, 0.006535, 0.006425, 0.006546, 0.006649, 0.006471, 0.006508, 0.006471, 0.006406, 0.006432, 0.006619, 0.006698, 0.00664}"
