"model_name","layer_name","layer_index","kind","min_time","mean_time","max_time","add_flops","div_flops","cmp_flops","exp_flops","mad_flops","input_channel","input_height","input_width","output_channel","output_height","output_width","function","kernel_1","kernel_2","stride_1","stride_2","dilation_1","dilation_2","input_form","topology_hash","mad/min_time","mad/mean_time","mad/max_time","time"
"ResNet-101 Trained on ImageNet Competition Data","5b/res5b_branch2b",327,"Convolution",0.001584,0.001599966666666667,0.002122,0,0,0,0,115605504,512,7,7,512,7,7,"",3,3,1,1,1,1,"HoldForm[ConvolutionLayer[512, {3, 3}, ""Stride"" -> {1, 1}, ""PaddingSize"" -> {{1, 1}, {1, 1}}, ""Dilation"" -> {1, 1}, ""Input"" -> {512, 7, 7}]]","183bhkhy3yvpo",7.298327272727274e10,7.225494531136064e10,5.447950235626767e10,"{0.002122, 0.00162, 0.001624, 0.00159, 0.001587, 0.001613, 0.001585, 0.001637, 0.001597, 0.001588, 0.001612, 0.001607, 0.00162, 0.001605, 0.001592, 0.001617, 0.001587, 0.001618, 0.001586, 0.001596, 0.001607, 0.001586, 0.001618, 0.001589, 0.001586, 0.001606, 0.001602, 0.00162, 0.001589, 0.001587, 0.001603, 0.001584, 0.001657, 0.001591, 0.001593, 0.001592, 0.001591, 0.001615, 0.001599, 0.001591, 0.001593, 0.001593, 0.001617, 0.001586, 0.001622, 0.001589, 0.001586, 0.001619, 0.001591, 0.001613}"
