"model_name","layer_name","layer_index","kind","min_time","mean_time","max_time","add_flops","div_flops","cmp_flops","exp_flops","mad_flops","input_channel","input_height","input_width","output_channel","output_height","output_width","function","kernel_1","kernel_2","stride_1","stride_2","dilation_1","dilation_2","input_form","topology_hash","mad/min_time","mad/mean_time","mad/max_time","time"
"Squeeze-and-Excitation Net Trained on ImageNet Competition Data","4i/conv4_9_1x1_reduce",341,"Convolution",0.000803,0.0009967,0.001755,0,0,0,0,102760448,1024,14,14,512,14,14,"",1,1,1,1,1,1,"HoldForm[ConvolutionLayer[512, {1, 1}, ""Stride"" -> {1, 1}, ""PaddingSize"" -> {{0, 0}, {0, 0}}, ""Dilation"" -> {1, 1}, ""Input"" -> {1024, 14, 14}]]","0di9as52hamos",1.2797066998754669e11,1.0310068024480785e11,5.855296182336182e10,"{0.001755, 0.001561, 0.001552, 0.001538, 0.00156, 0.001541, 0.001538, 0.001544, 0.001537, 0.00156, 0.001541, 0.001538, 0.001556, 0.001536, 0.001557, 0.001548, 0.001542, 0.001211, 0.000857, 0.000818, 0.000809, 0.000807, 0.000825, 0.000806, 0.000803, 0.000803, 0.000814, 0.00084, 0.000805, 0.000804, 0.000804, 0.000823, 0.000806, 0.000804, 0.000804, 0.000803, 0.000819, 0.000807, 0.000814, 0.000807, 0.000804, 0.000819, 0.000805, 0.000804, 0.000806, 0.000805, 0.000821, 0.000804, 0.000804, 0.000803}"
