"model_name","layer_name","layer_index","kind","min_time","mean_time","max_time","add_flops","div_flops","cmp_flops","exp_flops","mad_flops","input_channel","input_height","input_width","output_channel","output_height","output_width","function","kernel_1","kernel_2","stride_1","stride_2","dilation_1","dilation_2","input_form","topology_hash","mad/min_time","mad/mean_time","mad/max_time","time"
"2D Face Alignment Net Trained on 300W Large Pose Data","13/1/2/2/1/1/4/2/1/3",535,"Convolution",0.002943,0.0029976500000000014,0.008837,0,0,0,0,75497472,128,32,32,64,32,32,"",3,3,1,1,1,1,"HoldForm[ConvolutionLayer[64, {3, 3}, ""Stride"" -> {1, 1}, ""PaddingSize"" -> {{1, 1}, {1, 1}}, ""Dilation"" -> {1, 1}, ""Input"" -> {128, 32, 32}]]","1lamqwqsgikmq",2.5653235474006115e10,2.5185552682934956e10,8.543337331673645e9,"{0.008837, 0.003065, 0.003039, 0.003011, 0.003019, 0.002993, 0.002976, 0.002996, 0.003007, 0.00301, 0.002973, 0.002998, 0.003014, 0.002988, 0.00299, 0.002995, 0.003004, 0.003019, 0.002995, 0.003035, 0.003012, 0.002986, 0.002977, 0.002998, 0.003012, 0.002991, 0.003005, 0.003013, 0.003, 0.002999, 0.002979, 0.003001, 0.003001, 0.002991, 0.002979, 0.002993, 0.003009, 0.002996, 0.002984, 0.003008, 0.003005, 0.002988, 0.003003, 0.003009, 0.003005, 0.002986, 0.003008, 0.002998, 0.003002, 0.003001, 0.00299, 0.002994, 0.003023, 0.002992, 0.002971, 0.003011, 0.003024, 0.003, 0.002968, 0.003016, 0.003036, 0.002989, 0.003009, 0.003001, 0.003004, 0.002979, 0.003005, 0.003004, 0.003003, 0.002982, 0.002957, 0.003006, 0.002982, 0.002995, 0.002973, 0.002994, 0.002997, 0.002989, 0.002989, 0.003008, 0.003012, 0.002989, 0.002992, 0.003008, 0.002975, 0.002979, 0.003002, 0.00298, 0.003012, 0.002975, 0.002943, 0.003006, 0.002999, 0.00299, 0.002971, 0.002993, 0.003005, 0.00296, 0.002946, 0.002975}"
