"model_name","layer_name","layer_index","kind","min_time","mean_time","max_time","add_flops","div_flops","cmp_flops","exp_flops","mad_flops","input_channel","input_height","input_width","output_channel","output_height","output_width","function","kernel_1","kernel_2","stride_1","stride_2","dilation_1","dilation_2","input_form","topology_hash","mad/min_time","mad/mean_time","mad/max_time","time"
"Squeeze-and-Excitation Net Trained on ImageNet Competition Data","2a/conv2_1_3x3",17,"Convolution",0.006094,0.006147383333333334,0.013964,0,0,0,0,14450688,128,56,56,256,56,56,"",3,3,1,1,1,1,"HoldForm[ConvolutionLayer[256, {3, 3}, ""Stride"" -> {1, 1}, ""PaddingSize"" -> {{1, 1}, {1, 1}}, ""Dilation"" -> {1, 1}, ""ChannelGroups"" -> 64, ""Input"" -> {128, 56, 56}]]","0cs3q9ecbti18",2.371297669839186e9,2.3507055305373826e9,1.0348530507018046e9,"{0.013964, 0.006748, 0.006609, 0.006417, 0.006452, 0.006255, 0.006218, 0.006225, 0.006207, 0.006319, 0.006305, 0.006181, 0.006155, 0.006153, 0.006159, 0.006124, 0.006167, 0.006113, 0.006144, 0.006157, 0.00612, 0.006144, 0.006218, 0.006138, 0.006134, 0.006123, 0.006119, 0.006169, 0.006114, 0.006193, 0.006189, 0.006197, 0.006161, 0.00611, 0.006312, 0.006252, 0.006157, 0.006143, 0.006121, 0.006138, 0.006145, 0.006111, 0.00614, 0.006097, 0.00614, 0.006195, 0.006104, 0.006131, 0.006189, 0.006199, 0.006202, 0.006307, 0.006142, 0.006124, 0.006132, 0.006151, 0.006133, 0.006128, 0.006105, 0.006228, 0.006142, 0.006116, 0.006283, 0.006109, 0.006124, 0.006226, 0.006134, 0.006143, 0.006112, 0.006106, 0.006096, 0.006098, 0.006098, 0.006136, 0.006113, 0.006105, 0.006221, 0.006135, 0.006159, 0.006115, 0.006208, 0.006108, 0.006096, 0.006099, 0.00613, 0.006095, 0.006103, 0.006116, 0.006245, 0.006147, 0.006121, 0.006094, 0.006118, 0.006097, 0.006132, 0.006155, 0.006206, 0.006184, 0.00614, 0.006119}"
