"model_name","layer_name","layer_index","kind","min_time","mean_time","max_time","add_flops","div_flops","cmp_flops","exp_flops","mad_flops","input_channel","input_height","input_width","output_channel","output_height","output_width","function","kernel_1","kernel_2","stride_1","stride_2","dilation_1","dilation_2","input_form","topology_hash","mad/min_time","mad/mean_time","mad/max_time","time"
"Squeeze-and-Excitation Net Trained on ImageNet Competition Data","4q/conv4_17_1x1_increase",483,"Convolution",0.001537,0.0015514999999999997,0.001911,0,0,0,0,205520896,1024,14,14,1024,14,14,"",1,1,1,1,1,1,"HoldForm[ConvolutionLayer[1024, {1, 1}, ""Stride"" -> {1, 1}, ""PaddingSize"" -> {{0, 0}, {0, 0}}, ""Dilation"" -> {1, 1}, ""Input"" -> {1024, 14, 14}]]","0edty1n2q1qxb",1.3371561223162006e11,1.3246593361263295e11,1.0754625641025642e11,"{0.001911, 0.001552, 0.001584, 0.00154, 0.001537, 0.001565, 0.001538, 0.00156, 0.001553, 0.001538, 0.001566, 0.001544, 0.001562, 0.001543, 0.001538, 0.001576, 0.001544, 0.00154, 0.001567, 0.001541, 0.001563, 0.001552, 0.001541, 0.001567, 0.00154, 0.001566, 0.001541, 0.001549, 0.001564, 0.001542, 0.001554, 0.001545, 0.001538, 0.001567, 0.001553, 0.001541, 0.001577, 0.001542, 0.001567, 0.001539, 0.001553, 0.001566, 0.001541, 0.001568, 0.001545, 0.001543, 0.001569, 0.001554, 0.001558, 0.001543}"
