"model_name","layer_name","layer_index","kind","min_time","mean_time","max_time","add_flops","div_flops","cmp_flops","exp_flops","mad_flops","input_channel","input_height","input_width","output_channel","output_height","output_width","function","kernel_1","kernel_2","stride_1","stride_2","dilation_1","dilation_2","input_form","topology_hash","mad/min_time","mad/mean_time","mad/max_time","time"
"Inception V1 Trained on ImageNet Competition Data","inception_4a/5x5_reduce",49,"Convolution",0.000044,0.000045033333333333314,0.000131,0,0,0,0,1505280,480,14,14,16,14,14,"",1,1,1,1,1,1,"HoldForm[ConvolutionLayer[16, {1, 1}, ""Stride"" -> {1, 1}, ""PaddingSize"" -> {{0, 0}, {0, 0}}, ""Dilation"" -> {1, 1}, ""Input"" -> {480, 14, 14}]]","0we9rkgsfelb3",3.4210909090909092e10,3.3425906735751312e10,1.1490687022900763e10,"{0.000131, 0.000054, 0.000048, 0.000045, 0.000045, 0.000045, 0.000045, 0.000045, 0.000046, 0.000046, 0.000045, 0.000045, 0.000045, 0.000045, 0.000045, 0.000045, 0.000045, 0.000045, 0.000044, 0.000045, 0.000045, 0.000044, 0.000046, 0.000045, 0.000045, 0.000045, 0.000044, 0.000045, 0.000045, 0.000045, 0.000045, 0.000046, 0.000045, 0.000044, 0.000045, 0.000045, 0.000046, 0.000046, 0.000045, 0.000046, 0.000045, 0.000045, 0.000045, 0.000045, 0.000045, 0.000044, 0.000045, 0.000046, 0.000044, 0.000045}"
