"model_name","layer_name","layer_index","kind","min_time","mean_time","max_time","add_flops","div_flops","cmp_flops","exp_flops","mad_flops","input_channel","input_height","input_width","output_channel","output_height","output_width","function","kernel_1","kernel_2","stride_1","stride_2","dilation_1","dilation_2","input_form","topology_hash","mad/min_time","mad/mean_time","mad/max_time","time"
"Single-Image Depth Perception Net Trained on Depth in the Wild Data","4/1/1/4/1/1/4/1/1/1/4/4",112,"Convolution",0.01113,0.011284333333333334,0.025119,0,0,0,0,481689600,32,60,80,64,60,80,"",7,7,1,1,1,1,"HoldForm[ConvolutionLayer[64, {7, 7}, ""Stride"" -> {1, 1}, ""PaddingSize"" -> {{3, 3}, {3, 3}}, ""Dilation"" -> {1, 1}, ""Input"" -> {32, 60, 80}]]","0os0aoyz0la0f",4.3278490566037735e10,4.268658021445662e10,1.9176304789203392e10,"{0.025119, 0.011311, 0.011475, 0.011299, 0.011351, 0.011436, 0.011314, 0.011315, 0.011378, 0.011272, 0.011215, 0.011411, 0.011274, 0.011294, 0.011339, 0.011322, 0.011342, 0.011241, 0.011265, 0.011205, 0.011205, 0.01119, 0.011172, 0.011218, 0.011279, 0.011265, 0.01113, 0.0112, 0.011213, 0.01125, 0.011736, 0.011392, 0.011335, 0.011297, 0.011319, 0.011306, 0.011233, 0.011207, 0.01125, 0.011217, 0.01136, 0.011341, 0.011263, 0.01129, 0.011389, 0.011404, 0.0113, 0.011208, 0.011213, 0.011204}"
