"model_name","layer_name","layer_index","kind","min_time","mean_time","max_time","add_flops","div_flops","cmp_flops","exp_flops","mad_flops","input_channel","input_height","input_width","output_channel","output_height","output_width","function","kernel_1","kernel_2","stride_1","stride_2","dilation_1","dilation_2","input_form","topology_hash","mad/min_time","mad/mean_time","mad/max_time","time"
"Ademxapp Model A Trained on ImageNet Competition Data","4b5/res4b5_branch2a",87,"Convolution",0.057023,0.059739316666666674,0.073803,0,0,0,0,3774873600,512,40,40,512,40,40,"",3,3,1,1,1,1,"HoldForm[ConvolutionLayer[512, {3, 3}, ""Stride"" -> {1, 1}, ""PaddingSize"" -> {{1, 1}, {1, 1}}, ""Dilation"" -> {1, 1}, ""Input"" -> {512, 40, 40}]]","0nmcb6nej9990",6.619914069761325e10,6.318909908298806e10,5.1147969594731926e10,"{0.073803, 0.060168, 0.059704, 0.059653, 0.060156, 0.060276, 0.059565, 0.059767, 0.059939, 0.059575, 0.05987, 0.05976, 0.059662, 0.059739, 0.059582, 0.057097, 0.057579, 0.057023, 0.059769, 0.059483, 0.059842, 0.059706, 0.059552, 0.059683, 0.059645, 0.060251, 0.059646, 0.059839, 0.059943, 0.059583, 0.059864, 0.059523, 0.059972, 0.059948, 0.060346, 0.06015, 0.059694, 0.05959, 0.059606, 0.059633, 0.059584, 0.060113, 0.060808, 0.060031, 0.060032, 0.060008, 0.060223, 0.060154, 0.060128, 0.060104, 0.060119, 0.059635, 0.057646, 0.057219, 0.057287, 0.057456, 0.060232, 0.059562, 0.059555, 0.059963, 0.059703, 0.05947, 0.059516, 0.059656, 0.059819, 0.059793, 0.05973, 0.060385, 0.059792, 0.059896, 0.059749, 0.05973, 0.059763, 0.059829, 0.059386, 0.060338, 0.05969, 0.059529, 0.059826, 0.059436, 0.060312, 0.059318, 0.059705, 0.059994, 0.059694, 0.059367, 0.059788, 0.0598, 0.05974, 0.057648, 0.057062, 0.057634, 0.057303, 0.059356, 0.059707, 0.059782, 0.059889, 0.060113, 0.059444, 0.059563}"
