"model_name","layer_name","layer_index","kind","min_time","mean_time","max_time","add_flops","div_flops","cmp_flops","exp_flops","mad_flops","input_channel","input_height","input_width","output_channel","output_height","output_width","function","kernel_1","kernel_2","stride_1","stride_2","dilation_1","dilation_2","input_form","topology_hash","mad/min_time","mad/mean_time","mad/max_time","time"
"Inception V3 Trained on ImageNet Competition Data","Inception10/mixed_9_tower_1_mixed_conv_1_conv2d",270,"Convolution",0.000584,0.0005938333333333334,0.004346,0,0,0,0,28311552,384,8,8,384,8,8,"",3,1,1,1,1,1,"HoldForm[ConvolutionLayer[384, {3, 1}, ""Stride"" -> {1, 1}, ""PaddingSize"" -> {{1, 1}, {0, 0}}, ""Dilation"" -> {1, 1}, ""Input"" -> {384, 8, 8}]]","1hbg6h4qgk5vj",4.847868493150685e10,4.767592253718776e10,6.514393005062126e9,"{0.004346, 0.000668, 0.0006, 0.000592, 0.000591, 0.000593, 0.000592, 0.000623, 0.000596, 0.000588, 0.000588, 0.000593, 0.000602, 0.000609, 0.000621, 0.000596, 0.000588, 0.000589, 0.000588, 0.00059, 0.00059, 0.000614, 0.000595, 0.000596, 0.000599, 0.000597, 0.000591, 0.000611, 0.0006, 0.000593, 0.000594, 0.000595, 0.000591, 0.000588, 0.000614, 0.000592, 0.000589, 0.00059, 0.000589, 0.000601, 0.000598, 0.000616, 0.000594, 0.000587, 0.000585, 0.000597, 0.000589, 0.000617, 0.000597, 0.000589, 0.000586, 0.000586, 0.000588, 0.000585, 0.000608, 0.000609, 0.000606, 0.000594, 0.000588, 0.0006, 0.000588, 0.000611, 0.000595, 0.000588, 0.000591, 0.000591, 0.000584, 0.000607, 0.000593, 0.000592, 0.000595, 0.000593, 0.000589, 0.000592, 0.000613, 0.000614, 0.000588, 0.000587, 0.000587, 0.000599, 0.000592, 0.000618, 0.000599, 0.000591, 0.00059, 0.000589, 0.000586, 0.000608, 0.000591, 0.000588, 0.00059, 0.000608, 0.000596, 0.000588, 0.00061, 0.000602, 0.000591, 0.00059, 0.000596, 0.000595}"
