"model_name","layer_name","layer_index","kind","min_time","mean_time","max_time","add_flops","div_flops","cmp_flops","exp_flops","mad_flops","input_channel","input_height","input_width","output_channel","output_height","output_width","function","kernel_1","kernel_2","stride_1","stride_2","dilation_1","dilation_2","input_form","topology_hash","mad/min_time","mad/mean_time","mad/max_time","time"
"Single-Image Depth Perception Net Trained on Depth in the Wild Data","4/1/1/4/1/1/2/2/1",53,"Convolution",0.000385,0.00039168333333333325,0.007049,0,0,0,0,19660800,128,60,80,32,60,80,"",1,1,1,1,1,1,"HoldForm[ConvolutionLayer[32, {1, 1}, ""Stride"" -> {1, 1}, ""PaddingSize"" -> {{0, 0}, {0, 0}}, ""Dilation"" -> {1, 1}, ""Input"" -> {128, 60, 80}]]","0oo0b9z83902j",5.106701298701299e10,5.019565124888304e10,2.7891615832032914e9,"{0.007049, 0.000544, 0.00042, 0.00039, 0.00039, 0.000389, 0.00039, 0.000389, 0.000433, 0.000395, 0.000386, 0.000391, 0.000391, 0.000392, 0.000393, 0.000399, 0.000391, 0.000385, 0.000412, 0.000391, 0.00039, 0.000388, 0.000387, 0.000389, 0.000388, 0.000388, 0.000387, 0.000389, 0.000388, 0.000411, 0.000391, 0.00039, 0.000404, 0.000397, 0.00039, 0.000394, 0.000391, 0.000388, 0.00039, 0.00041, 0.000404, 0.00039, 0.000387, 0.000392, 0.000387, 0.000389, 0.000389, 0.000388, 0.000387, 0.000413, 0.000391, 0.00039, 0.000389, 0.000398, 0.00039, 0.000391, 0.000393, 0.000392, 0.000392, 0.000411, 0.000395, 0.000394, 0.000392, 0.00039, 0.000393, 0.000402, 0.000393, 0.000395, 0.000391, 0.000417, 0.000394, 0.000392, 0.000394, 0.00039, 0.000392, 0.000391, 0.00039, 0.000391, 0.000389, 0.000412, 0.000393, 0.000391, 0.000395, 0.000391, 0.000394, 0.000396, 0.000395, 0.000394, 0.000392, 0.000424, 0.000409, 0.000398, 0.000389, 0.000386, 0.000391, 0.00039, 0.000389, 0.000389, 0.000389, 0.000411}"
