"model_name","layer_name","layer_index","kind","min_time","mean_time","max_time","add_flops","div_flops","cmp_flops","exp_flops","mad_flops","input_channel","input_height","input_width","output_channel","output_height","output_width","function","kernel_1","kernel_2","stride_1","stride_2","dilation_1","dilation_2","input_form","topology_hash","mad/min_time","mad/mean_time","mad/max_time","time"
"ResNet-101 Trained on YFCC100m Geotagged Data","stage3_unit2/conv3",97,"Convolution",0.000775,0.0007859833333333333,0.004612,0,0,0,0,51380224,256,14,14,1024,14,14,"",1,1,1,1,1,1,"HoldForm[ConvolutionLayer[1024, {1, 1}, ""Stride"" -> {1, 1}, ""PaddingSize"" -> {{0, 0}, {0, 0}}, ""Dilation"" -> {1, 1}, ""Input"" -> {256, 14, 14}]]","05922ucprscvp",6.629706322580645e10,6.537062787590916e10,1.1140551604509975e10,"{0.004612, 0.000842, 0.000784, 0.00078, 0.000796, 0.000789, 0.000784, 0.000781, 0.000775, 0.000788, 0.000778, 0.000782, 0.00079, 0.000785, 0.000794, 0.000782, 0.000785, 0.000786, 0.00079, 0.000797, 0.000786, 0.000786, 0.000791, 0.000786, 0.000802, 0.000784, 0.000781, 0.00078, 0.000781, 0.000792, 0.000784, 0.00078, 0.000782, 0.000784, 0.000793, 0.000781, 0.000778, 0.000795, 0.000788, 0.000796, 0.000782, 0.000783, 0.000781, 0.000779, 0.000802, 0.000785, 0.000787, 0.000782, 0.000784, 0.000796, 0.000796, 0.000788, 0.000788, 0.000787, 0.000803, 0.000788, 0.000781, 0.00078, 0.000782, 0.000802, 0.000782, 0.000785, 0.000796, 0.000783, 0.00081, 0.000791, 0.000781, 0.000786, 0.000784, 0.000789, 0.000818, 0.000791, 0.000787, 0.000782, 0.000783, 0.0008, 0.000785, 0.000784, 0.00078, 0.000776, 0.000798, 0.000785, 0.000782, 0.000783, 0.000784, 0.000791, 0.000788, 0.000786, 0.000794, 0.000788, 0.000796, 0.000787, 0.000787, 0.000784, 0.000782, 0.000795, 0.000785, 0.000786, 0.000782, 0.000781}"
