"model_name","layer_name","layer_index","kind","min_time","mean_time","max_time","add_flops","div_flops","cmp_flops","exp_flops","mad_flops","input_channel","input_height","input_width","output_channel","output_height","output_width","function","kernel_1","kernel_2","stride_1","stride_2","dilation_1","dilation_2","input_form","topology_hash","mad/min_time","mad/mean_time","mad/max_time","time"
"MobileNet V2 Trained on ImageNet Competition Data","5_2/2/conv5_2_dwise",107,"Convolution",0.002788,0.002839083333333332,0.009689,0,0,0,0,1439424,816,14,14,816,14,14,"",3,3,1,1,1,1,"HoldForm[ConvolutionLayer[816, {3, 3}, ""Stride"" -> {1, 1}, ""PaddingSize"" -> {{1, 1}, {1, 1}}, ""Dilation"" -> {1, 1}, ""ChannelGroups"" -> 816, ""Input"" -> {816, 14, 14}]]","142hdab6z67bi",5.162926829268293e8,5.070030819806865e8,1.4856269996903706e8,"{0.009689, 0.002991, 0.002887, 0.002864, 0.002818, 0.002842, 0.002835, 0.002852, 0.002837, 0.00284, 0.002864, 0.00287, 0.002856, 0.002847, 0.002827, 0.002838, 0.002856, 0.002835, 0.002806, 0.002842, 0.002818, 0.002849, 0.002836, 0.002861, 0.002797, 0.002861, 0.002844, 0.002824, 0.002856, 0.002837, 0.002847, 0.002805, 0.002811, 0.002834, 0.002818, 0.002819, 0.002872, 0.002822, 0.002834, 0.002863, 0.002864, 0.002824, 0.002848, 0.00285, 0.002803, 0.002818, 0.002851, 0.002841, 0.002824, 0.002812, 0.002859, 0.002832, 0.002844, 0.002841, 0.00284, 0.00282, 0.002833, 0.002845, 0.002813, 0.002831, 0.002851, 0.002866, 0.002825, 0.002824, 0.002841, 0.002788, 0.002839, 0.002833, 0.002805, 0.002825, 0.002853, 0.002845, 0.002873, 0.002861, 0.002824, 0.002816, 0.002842, 0.002827, 0.002834, 0.002839, 0.002825, 0.002843, 0.00282, 0.00282, 0.002855, 0.002831, 0.002824, 0.002866, 0.002833, 0.002825, 0.002857, 0.002862, 0.00284, 0.002824, 0.00284, 0.002874, 0.002857, 0.002877, 0.002841, 0.00286}"
