"model_name","layer_name","layer_index","kind","min_time","mean_time","max_time","add_flops","div_flops","cmp_flops","exp_flops","mad_flops","input_channel","input_height","input_width","output_channel","output_height","output_width","function","kernel_1","kernel_2","stride_1","stride_2","dilation_1","dilation_2","input_form","topology_hash","mad/min_time","mad/mean_time","mad/max_time","time"
"Single-Image Depth Perception Net Trained on Depth in the Wild Data","4/1/1/2/3/4",17,"Convolution",0.019679,0.019994400000000006,0.046949,0,0,0,0,491520000,32,120,160,32,120,160,"",5,5,1,1,1,1,"HoldForm[ConvolutionLayer[32, {5, 5}, ""Stride"" -> {1, 1}, ""PaddingSize"" -> {{2, 2}, {2, 2}}, ""Dilation"" -> {1, 1}, ""Input"" -> {32, 120, 160}]]","0r98uxule58jx",2.4976878906448498e10,2.458288320729804e10,1.0469232571513771e10,"{0.046949, 0.019724, 0.019717, 0.019704, 0.019679, 0.019739, 0.019822, 0.019954, 0.019855, 0.019837, 0.019798, 0.019784, 0.019908, 0.020034, 0.020012, 0.019747, 0.019918, 0.019895, 0.020001, 0.020048, 0.020078, 0.020193, 0.020211, 0.020241, 0.020178, 0.02011, 0.020188, 0.020182, 0.020023, 0.020041, 0.020307, 0.020274, 0.019877, 0.020296, 0.020171, 0.020009, 0.019988, 0.019979, 0.019874, 0.019846, 0.019886, 0.019804, 0.020193, 0.020246, 0.020088, 0.019907, 0.019914, 0.020114, 0.020132, 0.019973}"
