"model_name","layer_name","layer_index","kind","min_time","mean_time","max_time","add_flops","div_flops","cmp_flops","exp_flops","mad_flops","input_channel","input_height","input_width","output_channel","output_height","output_width","function","kernel_1","kernel_2","stride_1","stride_2","dilation_1","dilation_2","input_form","topology_hash","mad/min_time","mad/mean_time","mad/max_time","time"
"ResNet-101 Trained on ImageNet Competition Data","4b8/res4b8_branch2c",168,"Convolution",0.000405,0.0004130000000000001,0.000711,0,0,0,0,51380224,256,14,14,1024,14,14,"",1,1,1,1,1,1,"HoldForm[ConvolutionLayer[1024, {1, 1}, ""Stride"" -> {1, 1}, ""PaddingSize"" -> {{0, 0}, {0, 0}}, ""Dilation"" -> {1, 1}, ""Input"" -> {256, 14, 14}]]","05922ucprscvp",1.2686475061728395e11,1.2440732203389828e11,7.226473136427567e10,"{0.000711, 0.00043, 0.00041, 0.000437, 0.00041, 0.000406, 0.000405, 0.000405, 0.000405, 0.000409, 0.000405, 0.000417, 0.000415, 0.000434, 0.000415, 0.000412, 0.00041, 0.00041, 0.00041, 0.00041, 0.000409, 0.00041, 0.000435, 0.000415, 0.000411, 0.000421, 0.000411, 0.00041, 0.000411, 0.000409, 0.000409, 0.000409, 0.000442, 0.00042, 0.000415, 0.000414, 0.000414, 0.000415, 0.000414, 0.000415, 0.000413, 0.000437, 0.000417, 0.000417, 0.000414, 0.000415, 0.000414, 0.000413, 0.000413, 0.000423}"
