"model_name","layer_name","layer_index","kind","min_time","mean_time","max_time","add_flops","div_flops","cmp_flops","exp_flops","mad_flops","input_channel","input_height","input_width","output_channel","output_height","output_width","function","kernel_1","kernel_2","stride_1","stride_2","dilation_1","dilation_2","input_form","topology_hash","mad/min_time","mad/mean_time","mad/max_time","time"
"Unguided Volumetric Regression Net for 3D Face Reconstruction","8/2/1/1/2/1/1/3",52,"Convolution",0.000669,0.0006759666666666666,0.001122,0,0,0,0,75497472,256,48,48,128,48,48,"",1,1,1,1,1,1,"HoldForm[ConvolutionLayer[128, {1, 1}, ""Stride"" -> {1, 1}, ""PaddingSize"" -> {{0, 0}, {0, 0}}, ""Dilation"" -> {1, 1}, ""Input"" -> {256, 48, 48}]]","0qhidgmvlgzgt",1.1285122869955156e11,1.116881581932048e11,6.728829946524064e10,"{0.001122, 0.00072, 0.000678, 0.000671, 0.00067, 0.000669, 0.000685, 0.000694, 0.000675, 0.00067, 0.000672, 0.00067, 0.00067, 0.000693, 0.000674, 0.000672, 0.000672, 0.00067, 0.000669, 0.000697, 0.000676, 0.00068, 0.000674, 0.000673, 0.000674, 0.000696, 0.000679, 0.000676, 0.000675, 0.000674, 0.000676, 0.000696, 0.000676, 0.000674, 0.000674, 0.000684, 0.000677, 0.000697, 0.000678, 0.000674, 0.000674, 0.000674, 0.000674, 0.000691, 0.000676, 0.000676, 0.000674, 0.000677, 0.000701, 0.000676}"
