"model_name","layer_name","layer_index","kind","min_time","mean_time","max_time","add_flops","div_flops","cmp_flops","exp_flops","mad_flops","input_channel","input_height","input_width","output_channel","output_height","output_width","function","kernel_1","kernel_2","stride_1","stride_2","dilation_1","dilation_2","input_form","topology_hash","mad/min_time","mad/mean_time","mad/max_time","time"
"Inception V1 Trained on ImageNet Competition Data","inception_3a/pool_proj",24,"Convolution",0.00012,0.00012109999999999983,0.004697,0,0,0,0,4816896,192,28,28,32,28,28,"",1,1,1,1,1,1,"HoldForm[ConvolutionLayer[32, {1, 1}, ""Stride"" -> {1, 1}, ""PaddingSize"" -> {{0, 0}, {0, 0}}, ""Dilation"" -> {1, 1}, ""Input"" -> {192, 28, 28}]]","0nve2q8lfbwgx",4.01408e10,3.977618497109833e10,1.0255260804769002e9,"{0.004697, 0.000171, 0.000128, 0.000125, 0.000123, 0.000122, 0.00013, 0.000123, 0.000122, 0.000123, 0.00012, 0.000121, 0.000121, 0.000121, 0.000121, 0.000121, 0.000121, 0.000121, 0.00012, 0.00012, 0.000121, 0.00012, 0.000121, 0.000121, 0.00012, 0.000121, 0.000128, 0.000121, 0.000131, 0.000124, 0.000121, 0.00012, 0.000121, 0.000123, 0.000121, 0.000122, 0.00012, 0.000121, 0.000146, 0.000126, 0.000122, 0.000121, 0.000121, 0.000121, 0.000121, 0.00012, 0.000121, 0.000121, 0.00012, 0.00012, 0.000122, 0.00012, 0.000121, 0.000121, 0.000121, 0.000121, 0.000121, 0.000121, 0.00012, 0.000121, 0.00012, 0.000121, 0.000121, 0.000121, 0.000121, 0.000127, 0.000124, 0.000121, 0.000121, 0.000121, 0.000122, 0.000143, 0.000122, 0.000121, 0.000122, 0.000121, 0.000121, 0.000121, 0.000121, 0.00012, 0.00012, 0.000121, 0.000121, 0.000121, 0.000121, 0.000121, 0.000121, 0.00012, 0.00012, 0.000122, 0.000121, 0.000121, 0.000121, 0.000121, 0.00012, 0.000121, 0.000121, 0.00012, 0.000121, 0.00012}"
