"model_name","layer_name","layer_index","kind","min_time","mean_time","max_time","add_flops","div_flops","cmp_flops","exp_flops","mad_flops","input_channel","input_height","input_width","output_channel","output_height","output_width","function","kernel_1","kernel_2","stride_1","stride_2","dilation_1","dilation_2","input_form","topology_hash","mad/min_time","mad/mean_time","mad/max_time","time"
"2D Face Alignment Net Trained on 300W Large Pose Data","13/1/2/3/1/2/3/1/2/2/1/1/4/2/2/2/3",601,"Convolution",0.00014,0.00014156666666666676,0.000306,0,0,0,0,2359296,64,8,8,64,8,8,"",3,3,1,1,1,1,"HoldForm[ConvolutionLayer[64, {3, 3}, ""Stride"" -> {1, 1}, ""PaddingSize"" -> {{1, 1}, {1, 1}}, ""Dilation"" -> {1, 1}, ""Input"" -> {64, 8, 8}]]","1w62v5todalnu",1.6852114285714287e10,1.6665618083352945e10,7.710117647058824e9,"{0.000306, 0.000147, 0.000143, 0.000141, 0.000141, 0.00014, 0.000167, 0.000143, 0.000142, 0.000141, 0.000141, 0.000141, 0.000141, 0.000142, 0.000142, 0.000141, 0.000141, 0.000141, 0.000141, 0.000141, 0.000142, 0.000142, 0.000141, 0.000141, 0.000142, 0.000141, 0.000141, 0.000141, 0.000141, 0.000142, 0.000145, 0.000142, 0.000142, 0.000142, 0.000163, 0.000142, 0.000145, 0.000144, 0.000141, 0.000153, 0.000142, 0.000142, 0.000142, 0.000142, 0.000141, 0.000141, 0.000142, 0.000141, 0.000141, 0.000142}"
