"model_name","layer_name","layer_index","kind","min_time","mean_time","max_time","add_flops","div_flops","cmp_flops","exp_flops","mad_flops","input_channel","input_height","input_width","output_channel","output_height","output_width","function","kernel_1","kernel_2","stride_1","stride_2","dilation_1","dilation_2","input_form","topology_hash","mad/min_time","mad/mean_time","mad/max_time","time"
"ResNet-101 Trained on YFCC100m Geotagged Data","stage3_unit7/conv1",141,"Convolution",0.000432,0.0004350000000000002,0.000611,0,0,0,0,51380224,1024,14,14,256,14,14,"",1,1,1,1,1,1,"HoldForm[ConvolutionLayer[256, {1, 1}, ""Stride"" -> {1, 1}, ""PaddingSize"" -> {{0, 0}, {0, 0}}, ""Dilation"" -> {1, 1}, ""Input"" -> {1024, 14, 14}]]","0659yipuh34xm",1.189357037037037e11,1.181154574712643e11,8.409201963993452e10,"{0.000611, 0.000488, 0.000444, 0.000436, 0.000434, 0.000434, 0.000434, 0.000434, 0.000433, 0.000434, 0.000453, 0.000442, 0.000434, 0.000434, 0.000434, 0.000433, 0.000434, 0.000433, 0.000432, 0.000434, 0.000459, 0.000446, 0.000435, 0.000433, 0.000446, 0.000436, 0.000433, 0.000434, 0.000432, 0.000458, 0.000436, 0.000433, 0.000433, 0.000441, 0.000434, 0.000433, 0.000433, 0.000433, 0.000459, 0.000438, 0.000434, 0.000433, 0.000433, 0.000433, 0.000433, 0.000432, 0.000432, 0.000473, 0.000442, 0.000438}"
