"model_name","layer_name","layer_index","kind","min_time","mean_time","max_time","add_flops","div_flops","cmp_flops","exp_flops","mad_flops","input_channel","input_height","input_width","output_channel","output_height","output_width","function","kernel_1","kernel_2","stride_1","stride_2","dilation_1","dilation_2","input_form","topology_hash","mad/min_time","mad/mean_time","mad/max_time","time"
"SSD-VGG-512 Trained on MS-COCO Data","1/1/blockNet9/conv9b/1",42,"Convolution",0.000305,0.00030993333333333346,0.000529,0,0,0,0,18874368,128,16,16,256,8,8,"",3,3,2,2,1,1,"HoldForm[ConvolutionLayer[256, {3, 3}, ""Stride"" -> {2, 2}, ""PaddingSize"" -> {{1, 1}, {1, 1}}, ""Dilation"" -> {1, 1}, ""Input"" -> {128, 16, 16}]]","1a8uf3eqpzy62",6.1883173770491806e10,6.0898154441815414e10,3.567933459357278e10,"{0.000529, 0.00032, 0.000311, 0.000322, 0.000309, 0.000338, 0.000312, 0.000308, 0.000308, 0.000306, 0.000307, 0.000305, 0.000306, 0.000306, 0.000331, 0.00031, 0.000305, 0.000305, 0.000337, 0.000314, 0.000311, 0.000309, 0.00031, 0.000309, 0.00031, 0.000309, 0.000308, 0.000309, 0.000309, 0.000309, 0.000309, 0.000334, 0.000309, 0.000307, 0.000325, 0.000324, 0.000308, 0.00034, 0.000313, 0.000309, 0.000309, 0.000308, 0.000308, 0.000336, 0.000312, 0.00031, 0.000308, 0.000307, 0.000309, 0.000309}"
