"model_name","layer_name","layer_index","kind","min_time","mean_time","max_time","add_flops","div_flops","cmp_flops","exp_flops","mad_flops","input_channel","input_height","input_width","output_channel","output_height","output_width","function","kernel_1","kernel_2","stride_1","stride_2","dilation_1","dilation_2","input_form","topology_hash","mad/min_time","mad/mean_time","mad/max_time","time"
"ResNet-152 Trained on ImageNet Competition Data","4b9/res4b9_branch2b",215,"Convolution",0.002485,0.0025522166666666663,0.008876,0,0,0,0,115605504,256,14,14,256,14,14,"",3,3,1,1,1,1,"HoldForm[ConvolutionLayer[256, {3, 3}, ""Stride"" -> {1, 1}, ""PaddingSize"" -> {{1, 1}, {1, 1}}, ""Dilation"" -> {1, 1}, ""Input"" -> {256, 14, 14}]]","0gg7sts7v315o",4.652132957746479e10,4.52961167090046e10,1.3024504731861198e10,"{0.008876, 0.002759, 0.002669, 0.002656, 0.002669, 0.002688, 0.002636, 0.002672, 0.002675, 0.002636, 0.002659, 0.002649, 0.002672, 0.002666, 0.002658, 0.00266, 0.002667, 0.002656, 0.002679, 0.002661, 0.002659, 0.002652, 0.002687, 0.002653, 0.002665, 0.002665, 0.002673, 0.002666, 0.002683, 0.002671, 0.002659, 0.002662, 0.002657, 0.002683, 0.002662, 0.002639, 0.002645, 0.002571, 0.002485, 0.002506, 0.002504, 0.002507, 0.002496, 0.002499, 0.002493, 0.002506, 0.002506, 0.002505, 0.002499, 0.002507, 0.002488, 0.002504, 0.002494, 0.002522, 0.002502, 0.002515, 0.002502, 0.002492, 0.002497, 0.002512, 0.0025, 0.002507, 0.002486, 0.002582, 0.002516, 0.002532, 0.002509, 0.002521, 0.002488, 0.002509, 0.002486, 0.002509, 0.0025, 0.002502, 0.002514, 0.002502, 0.002488, 0.002507, 0.002497, 0.002511, 0.002504, 0.002515, 0.002522, 0.002503, 0.00249, 0.002517, 0.002517, 0.002505, 0.002504, 0.002501, 0.002504, 0.002498, 0.002501, 0.002514, 0.002506, 0.002488, 0.002517, 0.0025, 0.002499, 0.002516}"
