"model_name","layer_name","layer_index","kind","min_time","mean_time","max_time","add_flops","div_flops","cmp_flops","exp_flops","mad_flops","input_channel","input_height","input_width","output_channel","output_height","output_width","function","kernel_1","kernel_2","stride_1","stride_2","dilation_1","dilation_2","input_form","topology_hash","mad/min_time","mad/mean_time","mad/max_time","time"
"Squeeze-and-Excitation Net Trained on ImageNet Competition Data","4s/conv4_19_3x3",514,"Convolution",0.001279,0.001301433333333333,0.00316,0,0,0,0,14450688,512,14,14,1024,14,14,"",3,3,1,1,1,1,"HoldForm[ConvolutionLayer[1024, {3, 3}, ""Stride"" -> {1, 1}, ""PaddingSize"" -> {{1, 1}, {1, 1}}, ""Dilation"" -> {1, 1}, ""ChannelGroups"" -> 64, ""Input"" -> {512, 14, 14}]]","0yuz6nnza0i6k",1.129842689601251e10,1.1103671336731298e10,4.573002531645569e9,"{0.00316, 0.001311, 0.00131, 0.001322, 0.001287, 0.001286, 0.00129, 0.001327, 0.001286, 0.001316, 0.001335, 0.001306, 0.001293, 0.001308, 0.001292, 0.001286, 0.001333, 0.001282, 0.001282, 0.001308, 0.001283, 0.001313, 0.001307, 0.001291, 0.001289, 0.001331, 0.001302, 0.001307, 0.001301, 0.001297, 0.001282, 0.001339, 0.001279, 0.001293, 0.001323, 0.001292, 0.001287, 0.001341, 0.001281, 0.00129, 0.001311, 0.001289, 0.001315, 0.001335, 0.001315, 0.001283, 0.001327, 0.001301, 0.001282, 0.001314}"
