"model_name","layer_name","layer_index","kind","min_time","mean_time","max_time","add_flops","div_flops","cmp_flops","exp_flops","mad_flops","input_channel","input_height","input_width","output_channel","output_height","output_width","function","kernel_1","kernel_2","stride_1","stride_2","dilation_1","dilation_2","input_form","topology_hash","mad/min_time","mad/mean_time","mad/max_time","time"
"Inception V1 Trained on ImageNet Competition Data","inception_5a/pool_proj",126,"Convolution",0.000094,0.00009506666666666671,0.000191,0,0,0,0,5218304,832,7,7,128,7,7,"",1,1,1,1,1,1,"HoldForm[ConvolutionLayer[128, {1, 1}, ""Stride"" -> {1, 1}, ""PaddingSize"" -> {{0, 0}, {0, 0}}, ""Dilation"" -> {1, 1}, ""Input"" -> {832, 7, 7}]]","0n15yyahe410t",5.551387234042554e10,5.489099579242634e10,2.732096335078534e10,"{0.000191, 0.000108, 0.000098, 0.000096, 0.000094, 0.000095, 0.000095, 0.000135, 0.000099, 0.000096, 0.000096, 0.000095, 0.000095, 0.000095, 0.000094, 0.000094, 0.000095, 0.000094, 0.000095, 0.000094, 0.000095, 0.000094, 0.000094, 0.000094, 0.000095, 0.000094, 0.000095, 0.000095, 0.000094, 0.000095, 0.000095, 0.000094, 0.000095, 0.000095, 0.00012, 0.000105, 0.000096, 0.000095, 0.000094, 0.000095, 0.000095, 0.000095, 0.000095, 0.000106, 0.000096, 0.000094, 0.000094, 0.000117, 0.000102, 0.000096}"
