"model_name","layer_name","layer_index","kind","min_time","mean_time","max_time","add_flops","div_flops","cmp_flops","exp_flops","mad_flops","input_channel","input_height","input_width","output_channel","output_height","output_width","function","kernel_1","kernel_2","stride_1","stride_2","dilation_1","dilation_2","input_form","topology_hash","mad/min_time","mad/mean_time","mad/max_time","time"
"Ademxapp Model A1 Trained on Cityscapes Data","3b2/res3b2_branch2a",41,"Convolution",0.865267,0.8666460666666668,1.3995,0,0,0,0,77309411328,256,256,512,256,256,512,"",3,3,1,1,1,1,"HoldForm[ConvolutionLayer[256, {3, 3}, ""Stride"" -> {1, 1}, ""PaddingSize"" -> {{1, 1}, {1, 1}}, ""Dilation"" -> {1, 1}, ""Input"" -> {256, 256, 512}]]","0i48d4ynp4hqi",8.934746306978076e10,8.920528725798175e10,5.524073692604502e10,"{1.3995, 0.866108, 0.865272, 0.866079, 0.866636, 0.865897, 0.86621, 0.868475, 0.868613, 0.866445, 0.865792, 0.865382, 0.866195, 0.866908, 0.867715, 0.86774, 0.867646, 0.866931, 0.866788, 0.867239, 0.867163, 0.866794, 0.866353, 0.867521, 0.867099, 0.865807, 0.866077, 0.866419, 0.865676, 0.867632, 0.866409, 0.865971, 0.865713, 0.865267, 0.866559, 0.866037, 0.866726, 0.867227, 0.866764, 0.866589, 0.868506, 0.866748, 0.868825, 0.868684, 0.868137, 0.865275, 0.865336, 0.866212, 0.865312, 0.867708}"
