"model_name","layer_name","layer_index","kind","min_time","mean_time","max_time","add_flops","div_flops","cmp_flops","exp_flops","mad_flops","input_channel","input_height","input_width","output_channel","output_height","output_width","function","kernel_1","kernel_2","stride_1","stride_2","dilation_1","dilation_2","input_form","topology_hash","mad/min_time","mad/mean_time","mad/max_time","time"
"3D Face Alignment Net Trained on 300W Large Pose Data","4",509,"Convolution",0.004101,0.00427545,0.012524,0,0,0,0,268435456,256,64,64,256,64,64,"",1,1,1,1,1,1,"HoldForm[ConvolutionLayer[256, {1, 1}, ""Stride"" -> {1, 1}, ""PaddingSize"" -> {{0, 0}, {0, 0}}, ""Dilation"" -> {1, 1}, ""Input"" -> {256, 64, 64}]]","1vqan8sya62w9",6.545609753718606e10,6.278531055210562e10,2.1433683807090385e10,"{0.012524, 0.004829, 0.004631, 0.004555, 0.004497, 0.004397, 0.004269, 0.004264, 0.004232, 0.004238, 0.004295, 0.004291, 0.004269, 0.004291, 0.004254, 0.004227, 0.004177, 0.004312, 0.004531, 0.004476, 0.004368, 0.004365, 0.004435, 0.004504, 0.004506, 0.004491, 0.004575, 0.004455, 0.00431, 0.004281, 0.004297, 0.004287, 0.004227, 0.004185, 0.00428, 0.004239, 0.004163, 0.004182, 0.004323, 0.004351, 0.004222, 0.004197, 0.004373, 0.004204, 0.004168, 0.00421, 0.004251, 0.004257, 0.004193, 0.004209, 0.004174, 0.004187, 0.00426, 0.004377, 0.004323, 0.004323, 0.004287, 0.004163, 0.004101, 0.004175, 0.004342, 0.004287, 0.004161, 0.004181, 0.004296, 0.004234, 0.004259, 0.004267, 0.004289, 0.004256, 0.004257, 0.004245, 0.004263, 0.00443, 0.004416, 0.004378, 0.004295, 0.004344, 0.004254, 0.004206, 0.004192, 0.00452, 0.004454, 0.004307, 0.004249, 0.004321, 0.004262, 0.004205, 0.004245, 0.004257, 0.004283, 0.004216, 0.004147, 0.004127, 0.004334, 0.004313, 0.004252, 0.004166, 0.004157, 0.004153}"
