"model_name","layer_name","layer_index","kind","min_time","mean_time","max_time","add_flops","div_flops","cmp_flops","exp_flops","mad_flops","input_channel","input_height","input_width","output_channel","output_height","output_width","function","kernel_1","kernel_2","stride_1","stride_2","dilation_1","dilation_2","input_form","topology_hash","mad/min_time","mad/mean_time","mad/max_time","time"
"SqueezeNet V1.1 Trained on ImageNet Competition Data","conv10",65,"Convolution",0.00084,0.0008557333333333334,0.001944,0,0,0,0,100352000,512,14,14,1000,14,14,"",1,1,1,1,1,1,"HoldForm[ConvolutionLayer[1000, {1, 1}, ""Stride"" -> {1, 1}, ""PaddingSize"" -> {{0, 0}, {0, 0}}, ""Dilation"" -> {1, 1}, ""Input"" -> {512, 14, 14}]]","0cfw6e3icrbnz",1.1946666666666666e11,1.1727017762542848e11,5.1621399176954735e10,"{0.001944, 0.001494, 0.000867, 0.000863, 0.000865, 0.000856, 0.000872, 0.000855, 0.000861, 0.000851, 0.000869, 0.00085, 0.000847, 0.000845, 0.000855, 0.000872, 0.000865, 0.000848, 0.000845, 0.000858, 0.000889, 0.000849, 0.000843, 0.000844, 0.00087, 0.000847, 0.000855, 0.000843, 0.000858, 0.000874, 0.000856, 0.000858, 0.000848, 0.000842, 0.000871, 0.000844, 0.000842, 0.00084, 0.000877, 0.000847, 0.00086, 0.00085, 0.000856, 0.000891, 0.000851, 0.000844, 0.000843, 0.000855, 0.000874, 0.000857}"
