"model_name","layer_name","layer_index","kind","min_time","mean_time","max_time","add_flops","div_flops","cmp_flops","exp_flops","mad_flops","input_channel","input_height","input_width","output_channel","output_height","output_width","function","kernel_1","kernel_2","stride_1","stride_2","dilation_1","dilation_2","input_form","topology_hash","mad/min_time","mad/mean_time","mad/max_time","time"
"2D Face Alignment Net Trained on 300W Large Pose Data","15/1/2/3/1/2/3/1/2/3/1/2/2/1/1/4/2/1/3",170,"Convolution",0.00011,0.0001134666666666667,0.003502,0,0,0,0,1179648,128,4,4,64,4,4,"",3,3,1,1,1,1,"HoldForm[ConvolutionLayer[64, {3, 3}, ""Stride"" -> {1, 1}, ""PaddingSize"" -> {{1, 1}, {1, 1}}, ""Dilation"" -> {1, 1}, ""Input"" -> {128, 4, 4}]]","1d09fabuswx0y",1.0724072727272726e10,1.0396427732079903e10,3.3684980011422044e8,"{0.003502, 0.000147, 0.000147, 0.000119, 0.000113, 0.000113, 0.000112, 0.000113, 0.000112, 0.000112, 0.000111, 0.000111, 0.000111, 0.000112, 0.00014, 0.000116, 0.000114, 0.000114, 0.000114, 0.000115, 0.000114, 0.000114, 0.000113, 0.000119, 0.000122, 0.000114, 0.000115, 0.000114, 0.000116, 0.000118, 0.000113, 0.000114, 0.000122, 0.000115, 0.000115, 0.000115, 0.000134, 0.000117, 0.000113, 0.000115, 0.000114, 0.000114, 0.000114, 0.000115, 0.000115, 0.000114, 0.000119, 0.000119, 0.000114, 0.000114, 0.000113, 0.000114, 0.000114, 0.000113, 0.000114, 0.000113, 0.000115, 0.000115, 0.000114, 0.000114, 0.000113, 0.000113, 0.000114, 0.000115, 0.000114, 0.000114, 0.000114, 0.000114, 0.000115, 0.000114, 0.00013, 0.000113, 0.000112, 0.000112, 0.000112, 0.00011, 0.000111, 0.000112, 0.000111, 0.000111, 0.000111, 0.000112, 0.000111, 0.00011, 0.000112, 0.000113, 0.000112, 0.000111, 0.000111, 0.000111, 0.000112, 0.000112, 0.000111, 0.000113, 0.000111, 0.000111, 0.00011, 0.000111, 0.000112, 0.000112}"
