"model_name","layer_name","layer_index","kind","min_time","mean_time","max_time","add_flops","div_flops","cmp_flops","exp_flops","mad_flops","input_channel","input_height","input_width","output_channel","output_height","output_width","function","kernel_1","kernel_2","stride_1","stride_2","dilation_1","dilation_2","input_form","topology_hash","mad/min_time","mad/mean_time","mad/max_time","time"
"Squeeze-and-Excitation Net Trained on ImageNet Competition Data","2a/conv2_1_1x1_reduce",14,"Convolution",0.000392,0.0006591333333333334,0.001328,0,0,0,0,51380224,128,56,56,128,56,56,"",1,1,1,1,1,1,"HoldForm[ConvolutionLayer[128, {1, 1}, ""Stride"" -> {1, 1}, ""PaddingSize"" -> {{0, 0}, {0, 0}}, ""Dilation"" -> {1, 1}, ""Input"" -> {128, 56, 56}]]","08jz3ssn2jlbg",1.3107200000000002e11,7.795118438353392e10,3.8689927710843376e10,"{0.001328, 0.00073, 0.000698, 0.000703, 0.0007, 0.000703, 0.000706, 0.00073, 0.000709, 0.000703, 0.000703, 0.000698, 0.000721, 0.000701, 0.000706, 0.000703, 0.000705, 0.000708, 0.000722, 0.000703, 0.000702, 0.00071, 0.000704, 0.000721, 0.000704, 0.000707, 0.000701, 0.000705, 0.000701, 0.000723, 0.000704, 0.000701, 0.000699, 0.000708, 0.000702, 0.000571, 0.000413, 0.000404, 0.000412, 0.000395, 0.000394, 0.000393, 0.000393, 0.000393, 0.000404, 0.000397, 0.000392, 0.000393, 0.000393, 0.000393}"
