"model_name","layer_name","layer_index","kind","min_time","mean_time","max_time","add_flops","div_flops","cmp_flops","exp_flops","mad_flops","input_channel","input_height","input_width","output_channel","output_height","output_width","function","kernel_1","kernel_2","stride_1","stride_2","dilation_1","dilation_2","input_form","topology_hash","mad/min_time","mad/mean_time","mad/max_time","time"
"Ademxapp Model A1 Trained on PASCAL VOC2012 and MS-COCO Data","3b1/res3b1_branch2a",34,"Convolution",0.100283,0.10072323333333334,0.166982,0,0,0,0,9364045824,256,126,126,256,126,126,"",3,3,1,1,1,1,"HoldForm[ConvolutionLayer[256, {3, 3}, ""Stride"" -> {1, 1}, ""PaddingSize"" -> {{1, 1}, {1, 1}}, ""Dilation"" -> {1, 1}, ""Input"" -> {256, 126, 126}]]","075u6iea5lz9k",9.337620358385768e10,9.29680820810293e10,5.607817503683032e10,"{0.166982, 0.100854, 0.100611, 0.100936, 0.101301, 0.100821, 0.100847, 0.100786, 0.100698, 0.10043, 0.100468, 0.100804, 0.100847, 0.101026, 0.101187, 0.101092, 0.100283, 0.100351, 0.10036, 0.100774, 0.10083, 0.100722, 0.100578, 0.100488, 0.10038, 0.100673, 0.100678, 0.100747, 0.100987, 0.100469, 0.100583, 0.100605, 0.100787, 0.10069, 0.100664, 0.100503, 0.100355, 0.100903, 0.100551, 0.10063, 0.101203, 0.101039, 0.100928, 0.101201, 0.100539, 0.100482, 0.100741, 0.100823, 0.100813, 0.100667}"
