"model_name","layer_name","layer_index","kind","min_time","mean_time","max_time","add_flops","div_flops","cmp_flops","exp_flops","mad_flops","input_channel","input_height","input_width","output_channel","output_height","output_width","function","kernel_1","kernel_2","stride_1","stride_2","dilation_1","dilation_2","input_form","topology_hash","mad/min_time","mad/mean_time","mad/max_time","time"
"Pix2pix Photo-to-Street-Map Translation","29",10,"Convolution",0.009228,0.009291933333333337,0.014085,0,0,0,0,536870912,256,32,32,512,16,16,"",4,4,2,2,1,1,"HoldForm[ConvolutionLayer[512, {4, 4}, ""Stride"" -> {2, 2}, ""PaddingSize"" -> {{1, 1}, {1, 1}}, ""Dilation"" -> {1, 1}, ""Input"" -> {256, 32, 32}]]","16yqguj36zpuw",5.817846900736887e10,5.777817088657543e10,3.8116500674476395e10,"{0.014085, 0.009564, 0.009415, 0.009351, 0.009261, 0.009263, 0.009295, 0.009254, 0.009272, 0.009296, 0.009419, 0.009401, 0.009346, 0.009325, 0.009417, 0.009529, 0.009408, 0.00943, 0.009427, 0.009356, 0.009355, 0.009344, 0.009302, 0.009305, 0.009313, 0.009381, 0.009406, 0.009466, 0.009465, 0.009524, 0.00938, 0.009359, 0.009394, 0.009297, 0.009292, 0.009307, 0.00927, 0.009281, 0.009304, 0.009262, 0.009263, 0.009292, 0.00932, 0.009324, 0.009308, 0.009295, 0.009292, 0.009311, 0.009301, 0.009299, 0.009307, 0.009271, 0.009285, 0.009311, 0.009301, 0.009278, 0.009242, 0.009308, 0.009253, 0.009251, 0.009271, 0.009234, 0.009308, 0.009446, 0.009369, 0.009342, 0.009324, 0.009282, 0.009255, 0.009294, 0.009259, 0.009249, 0.00927, 0.009232, 0.009242, 0.00925, 0.009279, 0.009261, 0.00926, 0.009259, 0.00924, 0.009237, 0.009243, 0.00929, 0.009265, 0.009249, 0.00923, 0.009228, 0.009268, 0.009267, 0.009235, 0.00926, 0.009258, 0.009232, 0.009247, 0.009255, 0.009236, 0.009236, 0.00925, 0.009272}"
