"model_name","layer_name","layer_index","kind","min_time","mean_time","max_time","add_flops","div_flops","cmp_flops","exp_flops","mad_flops","input_channel","input_height","input_width","output_channel","output_height","output_width","function","kernel_1","kernel_2","stride_1","stride_2","dilation_1","dilation_2","input_form","topology_hash","mad/min_time","mad/mean_time","mad/max_time","time"
"Wolfram AudioIdentify V1 Trained on AudioSet Data","1/Net/2_2/conv2_2_expand",11,"Convolution",0.000234,0.00023841666666666662,0.00457,0,0,0,0,5308416,24,48,32,144,48,32,"",1,1,1,1,1,1,"HoldForm[ConvolutionLayer[144, {1, 1}, ""Stride"" -> {1, 1}, ""PaddingSize"" -> {{0, 0}, {0, 0}}, ""Dilation"" -> {1, 1}, ""Input"" -> {24, 48, 32}]]","1afk74omww0e1",2.268553846153846e10,2.2265289059769318e10,1.1615789934354486e9,"{0.00457, 0.000291, 0.000245, 0.00024, 0.000244, 0.000243, 0.000242, 0.000242, 0.000242, 0.000241, 0.000242, 0.00024, 0.000241, 0.000239, 0.000257, 0.000264, 0.000248, 0.00024, 0.000236, 0.000236, 0.000236, 0.000237, 0.000235, 0.000236, 0.000236, 0.000236, 0.000238, 0.000255, 0.000236, 0.000237, 0.000236, 0.000282, 0.000242, 0.000251, 0.000237, 0.000238, 0.000237, 0.000237, 0.000237, 0.000236, 0.000235, 0.000238, 0.000235, 0.000236, 0.000236, 0.00024, 0.000239, 0.000236, 0.000257, 0.00024, 0.00024, 0.000237, 0.000239, 0.000236, 0.000237, 0.000239, 0.00024, 0.000238, 0.000246, 0.000237, 0.000237, 0.000237, 0.000237, 0.000237, 0.000263, 0.000241, 0.000251, 0.000237, 0.000279, 0.000241, 0.000237, 0.000235, 0.000236, 0.000237, 0.000236, 0.000235, 0.000236, 0.000236, 0.000234, 0.000237, 0.000235, 0.000257, 0.00024, 0.000237, 0.000238, 0.00024, 0.000241, 0.000239, 0.000238, 0.000237, 0.000238, 0.000236, 0.000238, 0.000237, 0.000237, 0.000237, 0.000237, 0.000266, 0.000243, 0.000246}"
