"model_name","layer_name","layer_index","kind","min_time","mean_time","max_time","add_flops","div_flops","cmp_flops","exp_flops","mad_flops","input_channel","input_height","input_width","output_channel","output_height","output_width","function","kernel_1","kernel_2","stride_1","stride_2","dilation_1","dilation_2","input_form","topology_hash","mad/min_time","mad/mean_time","mad/max_time","time"
"Unguided Volumetric Regression Net for 3D Face Reconstruction","9/2/1/2/5/1/1/6",976,"Convolution",0.001258,0.0013186333333333332,0.004145,0,0,0,0,84934656,128,24,24,128,24,24,"",3,3,1,1,1,1,"HoldForm[ConvolutionLayer[128, {3, 3}, ""Stride"" -> {1, 1}, ""PaddingSize"" -> {{1, 1}, {1, 1}}, ""Dilation"" -> {1, 1}, ""Input"" -> {128, 24, 24}]]","0cc9ksdljjj2p",6.751562480127186e10,6.441112464925808e10,2.049086996381182e10,"{0.004145, 0.002341, 0.002338, 0.001258, 0.001389, 0.001304, 0.00128, 0.00133, 0.001305, 0.001297, 0.0013, 0.001308, 0.001329, 0.001312, 0.001321, 0.001278, 0.001303, 0.001331, 0.001291, 0.00135, 0.001324, 0.001278, 0.001289, 0.00127, 0.001344, 0.001304, 0.001297, 0.001321, 0.001323, 0.001286, 0.001273, 0.0013, 0.001318, 0.001283, 0.001279, 0.00139, 0.001353, 0.001358, 0.001325, 0.001311, 0.001332, 0.001354, 0.001333, 0.00134, 0.001336, 0.001341, 0.001339, 0.001332, 0.001316, 0.001336}"
