"model_name","layer_name","layer_index","kind","min_time","mean_time","max_time","add_flops","div_flops","cmp_flops","exp_flops","mad_flops","input_channel","input_height","input_width","output_channel","output_height","output_width","function","kernel_1","kernel_2","stride_1","stride_2","dilation_1","dilation_2","input_form","topology_hash","mad/min_time","mad/mean_time","mad/max_time","time"
"Ademxapp Model A1 Trained on Cityscapes Data","4a/res4a_branch1",48,"Convolution",0.075963,0.08026331666666665,0.11384,0,0,0,0,4294967296,256,256,512,512,128,256,"",1,1,2,2,1,1,"HoldForm[ConvolutionLayer[512, {1, 1}, ""Stride"" -> {2, 2}, ""PaddingSize"" -> {{0, 0}, {0, 0}}, ""Dilation"" -> {1, 1}, ""Input"" -> {256, 256, 512}]]","0zevwb44jzptz",5.654025375511762e10,5.3510962097878265e10,3.7728103443429375e10,"{0.11384, 0.080417, 0.080291, 0.080371, 0.080409, 0.080209, 0.080416, 0.080399, 0.076347, 0.076233, 0.078865, 0.080313, 0.080379, 0.080302, 0.080377, 0.080094, 0.080067, 0.080398, 0.080297, 0.08008, 0.080366, 0.080238, 0.080406, 0.080049, 0.080148, 0.080342, 0.080387, 0.080598, 0.080297, 0.080343, 0.080499, 0.080171, 0.080101, 0.080099, 0.080116, 0.076461, 0.075963, 0.079152, 0.080523, 0.080288, 0.080237, 0.080382, 0.080075, 0.080098, 0.080028, 0.080277, 0.080811, 0.08032, 0.08034, 0.080226, 0.08051, 0.080332, 0.080206, 0.080432, 0.080352, 0.080189, 0.080256, 0.080429, 0.080243, 0.080337, 0.080031, 0.080184, 0.076547, 0.076563, 0.080108, 0.080514, 0.080661, 0.080704, 0.080453, 0.08064, 0.080924, 0.080819, 0.080655, 0.080209, 0.080185, 0.080062, 0.080001, 0.08041, 0.080662, 0.08014, 0.080227, 0.080453, 0.080271, 0.079982, 0.080158, 0.080196, 0.080293, 0.080145, 0.080191, 0.076113, 0.076349, 0.080583, 0.079993, 0.080371, 0.080033, 0.080122, 0.08074, 0.08036, 0.080239, 0.080141}"
