"model_name","layer_name","layer_index","kind","min_time","mean_time","max_time","add_flops","div_flops","cmp_flops","exp_flops","mad_flops","input_channel","input_height","input_width","output_channel","output_height","output_width","function","kernel_1","kernel_2","stride_1","stride_2","dilation_1","dilation_2","input_form","topology_hash","mad/min_time","mad/mean_time","mad/max_time","time"
"Single-Image Depth Perception Net Trained on NYU Depth V2 Data","4/1/1/4/1/1/4/1/2/4/1/2/4/4/1",287,"Convolution",0.000075,0.0000764833333333333,0.003474,0,0,0,0,2457600,256,15,20,32,15,20,"",1,1,1,1,1,1,"HoldForm[ConvolutionLayer[32, {1, 1}, ""Stride"" -> {1, 1}, ""PaddingSize"" -> {{0, 0}, {0, 0}}, ""Dilation"" -> {1, 1}, ""Input"" -> {256, 15, 20}]]","1ke4wyo7w890b",3.2768e10,3.2132490738723045e10,7.074265975820379e8,"{0.003474, 0.000153, 0.000095, 0.000082, 0.000079, 0.000077, 0.000077, 0.000077, 0.000077, 0.000077, 0.000077, 0.000077, 0.000076, 0.000077, 0.000076, 0.000077, 0.000076, 0.000076, 0.000076, 0.000076, 0.000076, 0.000076, 0.000076, 0.000079, 0.000078, 0.000077, 0.000076, 0.000077, 0.000077, 0.000076, 0.000076, 0.000077, 0.000076, 0.000076, 0.000076, 0.000076, 0.000075, 0.000077, 0.000076, 0.000077, 0.000077, 0.000077, 0.000077, 0.000077, 0.000076, 0.000076, 0.000077, 0.0001, 0.00008, 0.000077, 0.000077, 0.000076, 0.000075, 0.000086, 0.000077, 0.000076, 0.000076, 0.000076, 0.000078, 0.000075, 0.000077, 0.000076, 0.000076, 0.000076, 0.000077, 0.000076, 0.000075, 0.000077, 0.000076, 0.000076, 0.000077, 0.000077, 0.000077, 0.000077, 0.000076, 0.000076, 0.000076, 0.000076, 0.000076, 0.000076, 0.000077, 0.000076, 0.000077, 0.000076, 0.000076, 0.000077, 0.000075, 0.000076, 0.000076, 0.000077, 0.000076, 0.000076, 0.000076, 0.000077, 0.000077, 0.000075, 0.000076, 0.000076, 0.000091, 0.00008}"
