"model_name","layer_name","layer_index","kind","min_time","mean_time","max_time","add_flops","div_flops","cmp_flops","exp_flops","mad_flops","input_channel","input_height","input_width","output_channel","output_height","output_width","function","kernel_1","kernel_2","stride_1","stride_2","dilation_1","dilation_2","input_form","topology_hash","mad/min_time","mad/mean_time","mad/max_time","time"
"Unguided Volumetric Regression Net for 3D Face Reconstruction","10/2",1027,"Convolution",0.001792,0.0018086499999999993,0.007279,0,0,0,0,117964800,256,48,48,200,48,48,"",1,1,1,1,1,1,"HoldForm[ConvolutionLayer[200, {1, 1}, ""Stride"" -> {1, 1}, ""PaddingSize"" -> {{0, 0}, {0, 0}}, ""Dilation"" -> {1, 1}, ""Input"" -> {256, 48, 48}]]","02dvxis8hp7ol",6.5828571428571434e10,6.5222569319658325e10,1.6206182167880203e10,"{0.007279, 0.001999, 0.00182, 0.001817, 0.0018, 0.001816, 0.001812, 0.00182, 0.0018, 0.001799, 0.001814, 0.001798, 0.001825, 0.001799, 0.001818, 0.001798, 0.001815, 0.001809, 0.001827, 0.001798, 0.001798, 0.001809, 0.001799, 0.001829, 0.001801, 0.001817, 0.001799, 0.001817, 0.001819, 0.001837, 0.001799, 0.001798, 0.00181, 0.001796, 0.001851, 0.001797, 0.001816, 0.001795, 0.001811, 0.001809, 0.001843, 0.001798, 0.001796, 0.001813, 0.001802, 0.001848, 0.001795, 0.001813, 0.001794, 0.001815, 0.001807, 0.001839, 0.001797, 0.001797, 0.001809, 0.001792, 0.001839, 0.001797, 0.001847, 0.001796, 0.001812, 0.001807, 0.001844, 0.001796, 0.001796, 0.001811, 0.001794, 0.001866, 0.0018, 0.001827, 0.001798, 0.001815, 0.001807, 0.001816, 0.001811, 0.001797, 0.001817, 0.001802, 0.001825, 0.001812, 0.001821, 0.001797, 0.00182, 0.001806, 0.001818, 0.001809, 0.001796, 0.001813, 0.001793, 0.001826, 0.001816, 0.001813, 0.001798, 0.00182, 0.001807, 0.001816, 0.001809, 0.001796, 0.001814, 0.001793}"
