"model_name","layer_name","layer_index","kind","min_time","mean_time","max_time","add_flops","div_flops","cmp_flops","exp_flops","mad_flops","input_channel","input_height","input_width","output_channel","output_height","output_width","function","kernel_1","kernel_2","stride_1","stride_2","dilation_1","dilation_2","input_form","topology_hash","mad/min_time","mad/mean_time","mad/max_time","time"
"Dilated ResNet-38 Trained on Cityscapes Data","convolution1",4,"Convolution",0.096427,0.09691783333333334,0.230231,0,0,0,0,1207959552,16,512,1024,16,512,1024,"",3,3,1,1,1,1,"HoldForm[ConvolutionLayer[16, {3, 3}, ""Stride"" -> {1, 1}, ""PaddingSize"" -> {{1, 1}, {1, 1}}, ""Dilation"" -> {1, 1}, ""Input"" -> {16, 512, 1024}]]","0cxfpbtilupoc",1.2527192093500784e10,1.2463749038274689e10,5.24672851179902e9,"{0.230231, 0.096968, 0.096823, 0.097103, 0.096884, 0.097112, 0.09703, 0.097045, 0.097184, 0.097214, 0.096899, 0.096792, 0.096757, 0.096965, 0.097228, 0.096821, 0.096829, 0.096783, 0.097101, 0.097279, 0.096717, 0.09672, 0.096743, 0.096847, 0.096993, 0.096427, 0.096702, 0.096905, 0.096632, 0.096864, 0.098334, 0.097077, 0.096862, 0.097908, 0.103113, 0.096791, 0.096796, 0.097839, 0.097107, 0.096878, 0.096588, 0.096696, 0.096833, 0.096869, 0.096828, 0.09717, 0.097201, 0.096684, 0.096761, 0.096799}"
