"model_name","layer_name","layer_index","kind","min_time","mean_time","max_time","add_flops","div_flops","cmp_flops","exp_flops","mad_flops","input_channel","input_height","input_width","output_channel","output_height","output_width","function","kernel_1","kernel_2","stride_1","stride_2","dilation_1","dilation_2","input_form","topology_hash","mad/min_time","mad/mean_time","mad/max_time","time"
"Squeeze-and-Excitation Net Trained on ImageNet Competition Data","5c/conv5_3_1x1_increase",859,"Convolution",0.0048,0.00483245,0.009237,0,0,0,0,205520896,2048,7,7,2048,7,7,"",1,1,1,1,1,1,"HoldForm[ConvolutionLayer[2048, {1, 1}, ""Stride"" -> {1, 1}, ""PaddingSize"" -> {{0, 0}, {0, 0}}, ""Dilation"" -> {1, 1}, ""Input"" -> {2048, 7, 7}]]","16k9x517k4bht",4.2816853333333336e10,4.252933729267763e10,2.224974515535347e10,"{0.009237, 0.005129, 0.004999, 0.004942, 0.004903, 0.004852, 0.004853, 0.00481, 0.004854, 0.004805, 0.00482, 0.004817, 0.004818, 0.004812, 0.004815, 0.004808, 0.004809, 0.004824, 0.004816, 0.004804, 0.004804, 0.004802, 0.004829, 0.004802, 0.004804, 0.004814, 0.004809, 0.004829, 0.004815, 0.004835, 0.004835, 0.004854, 0.004853, 0.004826, 0.004817, 0.004813, 0.004816, 0.004833, 0.004849, 0.004865, 0.004827, 0.004811, 0.004811, 0.004806, 0.004823, 0.004826, 0.004807, 0.004827, 0.004803, 0.004805, 0.004808, 0.0048, 0.004871, 0.004884, 0.004871, 0.004833, 0.004849, 0.004813, 0.004823, 0.004816, 0.004822, 0.004831, 0.004817, 0.004808, 0.004821, 0.004812, 0.004841, 0.004808, 0.004821, 0.004841, 0.004843, 0.004834, 0.004925, 0.004973, 0.004974, 0.004996, 0.004994, 0.005047, 0.005101, 0.005114, 0.005037, 0.004969, 0.004962, 0.004949, 0.00489, 0.004867, 0.004847, 0.00485, 0.004829, 0.004819, 0.004825, 0.004852, 0.004872, 0.004846, 0.004843, 0.004826, 0.004821, 0.004843, 0.004814, 0.004839}"
