"model_name","layer_name","layer_index","kind","min_time","mean_time","max_time","add_flops","div_flops","cmp_flops","exp_flops","mad_flops","input_channel","input_height","input_width","output_channel","output_height","output_width","function","kernel_1","kernel_2","stride_1","stride_2","dilation_1","dilation_2","input_form","topology_hash","mad/min_time","mad/mean_time","mad/max_time","time"
"Unguided Volumetric Regression Net for 3D Face Reconstruction","9/2/1/1/4/1/1/3/1/1/9",595,"Convolution",0.000775,0.0007866666666666667,0.001505,0,0,0,0,75497472,128,48,48,256,48,48,"",1,1,1,1,1,1,"HoldForm[ConvolutionLayer[256, {1, 1}, ""Stride"" -> {1, 1}, ""PaddingSize"" -> {{0, 0}, {0, 0}}, ""Dilation"" -> {1, 1}, ""Input"" -> {128, 48, 48}]]","1ult5ox50zm5p",9.74160929032258e10,9.59713627118644e10,5.016443322259136e10,"{0.001505, 0.000801, 0.000788, 0.000814, 0.000783, 0.00079, 0.000784, 0.000789, 0.000808, 0.000783, 0.000783, 0.00078, 0.00078, 0.000813, 0.000789, 0.000785, 0.00078, 0.000781, 0.000804, 0.000789, 0.00079, 0.000777, 0.000779, 0.000777, 0.000809, 0.000775, 0.000779, 0.000783, 0.000781, 0.000794, 0.000796, 0.000786, 0.000797, 0.000789, 0.000813, 0.000783, 0.00078, 0.000795, 0.00078, 0.000814, 0.000789, 0.000777, 0.000778, 0.000781, 0.000808, 0.00079, 0.000777, 0.00078, 0.000781, 0.000804}"
