"model_name","layer_name","layer_index","kind","min_time","mean_time","max_time","add_flops","div_flops","cmp_flops","exp_flops","mad_flops","input_channel","input_height","input_width","output_channel","output_height","output_width","function","kernel_1","kernel_2","stride_1","stride_2","dilation_1","dilation_2","input_form","topology_hash","mad/min_time","mad/mean_time","mad/max_time","time"
"Single-Image Depth Perception Net Trained on NYU Depth V2 Data","4/1/1/4/1/1/4/1/2/5/1/1",296,"Convolution",0.000231,0.0003692666666666666,0.000615,0,0,0,0,19660800,256,30,40,64,30,40,"",1,1,1,1,1,1,"HoldForm[ConvolutionLayer[64, {1, 1}, ""Stride"" -> {1, 1}, ""PaddingSize"" -> {{0, 0}, {0, 0}}, ""Dilation"" -> {1, 1}, ""Input"" -> {256, 30, 40}]]","0vesw90eosy3n",8.511168831168831e10,5.3242823614370834e10,3.196878048780488e10,"{0.000615, 0.000394, 0.000388, 0.000374, 0.000376, 0.000375, 0.000392, 0.000384, 0.000383, 0.000379, 0.000378, 0.000382, 0.000375, 0.000378, 0.000382, 0.000379, 0.000399, 0.000388, 0.000377, 0.000377, 0.000378, 0.000375, 0.000377, 0.000375, 0.000374, 0.000379, 0.000378, 0.000393, 0.000381, 0.000377, 0.000383, 0.00038, 0.000378, 0.000377, 0.000376, 0.000379, 0.000378, 0.00045, 0.000257, 0.000237, 0.000233, 0.000232, 0.000232, 0.000231, 0.000231, 0.000244, 0.000243, 0.000234, 0.000232, 0.000232}"
