"model_name","layer_name","layer_index","kind","min_time","mean_time","max_time","add_flops","div_flops","cmp_flops","exp_flops","mad_flops","input_channel","input_height","input_width","output_channel","output_height","output_width","function","kernel_1","kernel_2","stride_1","stride_2","dilation_1","dilation_2","input_form","topology_hash","mad/min_time","mad/mean_time","mad/max_time","time"
"Single-Image Depth Perception Net Trained on Depth in the Wild Data","4/1/1/4/1/1/4/1/2/2/1/1",139,"Convolution",0.000365,0.00036926666666666684,0.000578,0,0,0,0,19660800,256,30,40,64,30,40,"",1,1,1,1,1,1,"HoldForm[ConvolutionLayer[64, {1, 1}, ""Stride"" -> {1, 1}, ""PaddingSize"" -> {{0, 0}, {0, 0}}, ""Dilation"" -> {1, 1}, ""Input"" -> {256, 30, 40}]]","0vesw90eosy3n",5.3865205479452065e10,5.32428236143708e10,3.4015224913494812e10,"{0.000578, 0.000382, 0.000365, 0.000366, 0.000394, 0.000372, 0.00037, 0.000367, 0.000369, 0.000378, 0.00037, 0.000366, 0.000368, 0.000366, 0.000368, 0.000379, 0.000371, 0.000369, 0.000368, 0.000367, 0.000368, 0.00037, 0.000368, 0.00037, 0.000368, 0.000396, 0.000372, 0.000369, 0.000371, 0.000369, 0.000369, 0.000369, 0.000369, 0.000371, 0.000368, 0.000376, 0.000388, 0.000369, 0.000367, 0.000366, 0.000368, 0.000367, 0.000369, 0.000367, 0.000368, 0.000368, 0.000369, 0.000386, 0.000371, 0.000372}"
