"model_name","layer_name","layer_index","kind","min_time","mean_time","max_time","add_flops","div_flops","cmp_flops","exp_flops","mad_flops","input_channel","input_height","input_width","output_channel","output_height","output_width","function","kernel_1","kernel_2","stride_1","stride_2","dilation_1","dilation_2","input_form","topology_hash","mad/min_time","mad/mean_time","mad/max_time","time"
"MobileNet V2 Trained on ImageNet Competition Data","5_1/3/conv5_1_linear",101,"Convolution",0.000432,0.00043703333333333324,0.005594,0,0,0,0,21751296,816,14,14,136,14,14,"",1,1,1,1,1,1,"HoldForm[ConvolutionLayer[136, {1, 1}, ""Stride"" -> {1, 1}, ""PaddingSize"" -> {{0, 0}, {0, 0}}, ""Dilation"" -> {1, 1}, ""Input"" -> {816, 14, 14}]]","0k649mgxdkspj",5.035022222222222e10,4.977033635878271e10,3.8883260636396136e9,"{0.005594, 0.000486, 0.00044, 0.000435, 0.000435, 0.000434, 0.000435, 0.000434, 0.000446, 0.000438, 0.000434, 0.000433, 0.000439, 0.000434, 0.000434, 0.000433, 0.000433, 0.000449, 0.000436, 0.000445, 0.000436, 0.000432, 0.000437, 0.000438, 0.000436, 0.000434, 0.000449, 0.000436, 0.000435, 0.000436, 0.000434, 0.000434, 0.000434, 0.000434, 0.000436, 0.000452, 0.000438, 0.000436, 0.000437, 0.000438, 0.000435, 0.000434, 0.00044, 0.000435, 0.000456, 0.000441, 0.000442, 0.000442, 0.000439, 0.000437, 0.000439, 0.000436, 0.000437, 0.000452, 0.000438, 0.000437, 0.000437, 0.000437, 0.000438, 0.000436, 0.000435, 0.000436, 0.000456, 0.000438, 0.000446, 0.000437, 0.00044, 0.000439, 0.00044, 0.000441, 0.000438, 0.000457, 0.000438, 0.000436, 0.000437, 0.000435, 0.000435, 0.000436, 0.000436, 0.000438, 0.000438, 0.000469, 0.000439, 0.000437, 0.000437, 0.000437, 0.000437, 0.000446, 0.000439, 0.000439, 0.00046, 0.000437, 0.000436, 0.000434, 0.000433, 0.000432, 0.000433, 0.000434, 0.000434, 0.000444}"
