"model_name","layer_name","layer_index","kind","min_time","mean_time","max_time","add_flops","div_flops","cmp_flops","exp_flops","mad_flops","input_channel","input_height","input_width","output_channel","output_height","output_width","function","kernel_1","kernel_2","stride_1","stride_2","dilation_1","dilation_2","input_form","topology_hash","mad/min_time","mad/mean_time","mad/max_time","time"
"Single-Image Depth Perception Net Trained on NYU Depth V2 Data","4/1/1/4/1/1/4/1/1/1/3/4",106,"Convolution",0.005375,0.005463666666666667,0.012845,0,0,0,0,245760000,32,60,80,64,60,80,"",5,5,1,1,1,1,"HoldForm[ConvolutionLayer[64, {5, 5}, ""Stride"" -> {1, 1}, ""PaddingSize"" -> {{2, 2}, {2, 2}}, ""Dilation"" -> {1, 1}, ""Input"" -> {32, 60, 80}]]","097jie9dk6gdr",4.572279069767442e10,4.4980782136538345e10,1.913273647333593e10,"{0.012845, 0.005659, 0.005607, 0.005579, 0.005452, 0.005525, 0.005542, 0.005517, 0.005518, 0.005461, 0.005446, 0.005456, 0.005411, 0.005466, 0.005456, 0.005471, 0.00541, 0.005444, 0.005439, 0.005526, 0.005434, 0.005491, 0.005502, 0.005484, 0.005471, 0.005504, 0.005463, 0.005466, 0.005406, 0.00545, 0.005497, 0.005453, 0.005567, 0.005499, 0.005409, 0.005375, 0.005412, 0.005415, 0.005405, 0.005384, 0.005386, 0.00547, 0.005424, 0.005464, 0.005465, 0.005424, 0.005407, 0.005472, 0.005454, 0.005549}"
