"model_name","layer_name","layer_index","kind","min_time","mean_time","max_time","add_flops","div_flops","cmp_flops","exp_flops","mad_flops","input_channel","input_height","input_width","output_channel","output_height","output_width","function","kernel_1","kernel_2","stride_1","stride_2","dilation_1","dilation_2","input_form","topology_hash","mad/min_time","mad/mean_time","mad/max_time","time"
"Squeeze-and-Excitation Net Trained on ImageNet Competition Data","5a/conv5_1_1x1_reduce",819,"Convolution",0.001525,0.0015468333333333332,0.001928,0,0,0,0,205520896,1024,14,14,1024,14,14,"",1,1,1,1,1,1,"HoldForm[ConvolutionLayer[1024, {1, 1}, ""Stride"" -> {1, 1}, ""PaddingSize"" -> {{0, 0}, {0, 0}}, ""Dilation"" -> {1, 1}, ""Input"" -> {1024, 14, 14}]]","0edty1n2q1qxb",1.3476780065573769e11,1.3286557224437022e11,1.0659797510373444e11,"{0.001928, 0.001544, 0.001569, 0.00153, 0.001552, 0.001567, 0.001529, 0.001577, 0.001531, 0.001525, 0.001558, 0.001555, 0.001581, 0.001532, 0.001529, 0.001556, 0.001532, 0.00156, 0.001564, 0.00153, 0.001557, 0.001529, 0.001528, 0.001553, 0.001538, 0.001595, 0.001534, 0.001529, 0.001564, 0.001548, 0.001563, 0.001568, 0.001533, 0.001556, 0.001532, 0.001558, 0.001533, 0.001535, 0.001571, 0.001533, 0.001531, 0.001559, 0.001533, 0.001557, 0.001578, 0.001548, 0.001559, 0.001532, 0.001559, 0.001532}"
