"model_name","layer_name","layer_index","kind","min_time","mean_time","max_time","add_flops","div_flops","cmp_flops","exp_flops","mad_flops","input_channel","input_height","input_width","output_channel","output_height","output_width","function","kernel_1","kernel_2","stride_1","stride_2","dilation_1","dilation_2","input_form","topology_hash","mad/min_time","mad/mean_time","mad/max_time","time"
"Wolfram ImageIdentify Net V1","5b/conv3x3_reduce",210,"Convolution",0.000159,0.00016053333333333338,0.000263,0,0,0,0,9633792,1024,7,7,192,7,7,"",1,1,1,1,1,1,"HoldForm[ConvolutionLayer[192, {1, 1}, ""Stride"" -> {1, 1}, ""PaddingSize"" -> {{0, 0}, {0, 0}}, ""Dilation"" -> {1, 1}, ""Input"" -> {1024, 7, 7}]]","0s8dd5a91dydz",6.0589886792452835e10,6.0011162790697655e10,3.663038783269962e10,"{0.000263, 0.000199, 0.000171, 0.000164, 0.000161, 0.000161, 0.00016, 0.000161, 0.000161, 0.000161, 0.000161, 0.000161, 0.000159, 0.00016, 0.00016, 0.00016, 0.000161, 0.00016, 0.00016, 0.000161, 0.00016, 0.00016, 0.00016, 0.000161, 0.000161, 0.000161, 0.000185, 0.000164, 0.000161, 0.000162, 0.000161, 0.00016, 0.000172, 0.000161, 0.00016, 0.000159, 0.00016, 0.00016, 0.00016, 0.000159, 0.00016, 0.00016, 0.00016, 0.00016, 0.00016, 0.00016, 0.00016, 0.000161, 0.000162, 0.000161}"
