"model_name","layer_name","layer_index","kind","min_time","mean_time","max_time","add_flops","div_flops","cmp_flops","exp_flops","mad_flops","input_channel","input_height","input_width","output_channel","output_height","output_width","function","kernel_1","kernel_2","stride_1","stride_2","dilation_1","dilation_2","input_form","topology_hash","mad/min_time","mad/mean_time","mad/max_time","time"
"2D Face Alignment Net Trained on 300W Large Pose Data","11/6/1/1/3",25,"Convolution",0.01189,0.012427633333333332,0.024865,0,0,0,0,301989888,128,64,64,64,64,64,"",3,3,1,1,1,1,"HoldForm[ConvolutionLayer[64, {3, 3}, ""Stride"" -> {1, 1}, ""PaddingSize"" -> {{1, 1}, {1, 1}}, ""Dilation"" -> {1, 1}, ""Input"" -> {128, 64, 64}]]","1tp9auck3jnm2",2.53986449116905e10,2.429987109371857e10,1.2145179489241905e10,"{0.024865, 0.01309, 0.012846, 0.012682, 0.012633, 0.012533, 0.012415, 0.012527, 0.012423, 0.012671, 0.012446, 0.012468, 0.012367, 0.012327, 0.012147, 0.012227, 0.012303, 0.012276, 0.012271, 0.012519, 0.012292, 0.012148, 0.01242, 0.012602, 0.012438, 0.012409, 0.012234, 0.012187, 0.012282, 0.012601, 0.012772, 0.012627, 0.012514, 0.012736, 0.012536, 0.01288, 0.013531, 0.012989, 0.012626, 0.012588, 0.012416, 0.012227, 0.012124, 0.012044, 0.012003, 0.01189, 0.011966, 0.012071, 0.012182, 0.012282}"
