"model_name","layer_name","layer_index","kind","min_time","mean_time","max_time","add_flops","div_flops","cmp_flops","exp_flops","mad_flops","input_channel","input_height","input_width","output_channel","output_height","output_width","function","kernel_1","kernel_2","stride_1","stride_2","dilation_1","dilation_2","input_form","topology_hash","mad/min_time","mad/mean_time","mad/max_time","time"
"SqueezeNet V1.1 Trained on ImageNet Competition Data","fire9/expand3x3",61,"Convolution",0.000706,0.0007126833333333335,0.003953,0,0,0,0,28901376,64,14,14,256,14,14,"",3,3,1,1,1,1,"HoldForm[ConvolutionLayer[256, {3, 3}, ""Stride"" -> {1, 1}, ""PaddingSize"" -> {{1, 1}, {1, 1}}, ""Dilation"" -> {1, 1}, ""Input"" -> {64, 14, 14}]]","1uswcnfj7k2zl",4.093679320113315e10,4.055290007249596e10,7.311251201619024e9,"{0.003953, 0.000817, 0.000725, 0.000716, 0.000713, 0.000745, 0.000715, 0.000711, 0.000711, 0.00071, 0.00074, 0.000757, 0.00071, 0.000706, 0.000707, 0.000711, 0.000741, 0.000711, 0.000708, 0.000707, 0.000706, 0.000729, 0.000729, 0.000711, 0.00071, 0.000723, 0.000711, 0.000717, 0.000709, 0.000712, 0.000713, 0.00071, 0.000708, 0.000732, 0.000711, 0.000709, 0.000709, 0.00071, 0.000737, 0.000716, 0.000713, 0.000709, 0.000712, 0.00071, 0.000736, 0.000712, 0.00071, 0.000712, 0.000708, 0.000729, 0.000714, 0.000709, 0.000719, 0.000714, 0.000712, 0.00072, 0.000711, 0.000727, 0.000714, 0.000711, 0.000733, 0.000712, 0.000711, 0.00071, 0.000709, 0.000709, 0.000729, 0.000712, 0.000712, 0.00071, 0.000712, 0.000711, 0.000737, 0.000714, 0.000709, 0.00071, 0.00071, 0.000725, 0.000711, 0.000709, 0.000717, 0.000712, 0.000714, 0.000734, 0.000711, 0.000711, 0.000712, 0.000712, 0.000745, 0.000713, 0.00071, 0.00071, 0.00071, 0.000711, 0.000733, 0.000711, 0.000712, 0.000707, 0.000719, 0.00071}"
