"model_name","layer_name","layer_index","kind","min_time","mean_time","max_time","add_flops","div_flops","cmp_flops","exp_flops","mad_flops","input_channel","input_height","input_width","output_channel","output_height","output_width","function","kernel_1","kernel_2","stride_1","stride_2","dilation_1","dilation_2","input_form","topology_hash","mad/min_time","mad/mean_time","mad/max_time","time"
"Dilated ResNet-38 Trained on Cityscapes Data","convolution23",75,"Convolution",0.054358,0.05505203333333335,0.089313,0,0,0,0,13421772800,256,64,128,256,64,128,"",3,3,1,1,2,2,"HoldForm[ConvolutionLayer[256, {3, 3}, ""Stride"" -> {1, 1}, ""PaddingSize"" -> {{2, 2}, {2, 2}}, ""Dilation"" -> {2, 2}, ""Input"" -> {256, 64, 128}]]","0rawpwhp9u3xx",2.469143971448545e11,2.4380158165517343e11,1.5027793042446228e11,"{0.089313, 0.054863, 0.055075, 0.054888, 0.055065, 0.055007, 0.055016, 0.055056, 0.054889, 0.054967, 0.054831, 0.055209, 0.054681, 0.055144, 0.054871, 0.055203, 0.054747, 0.055112, 0.05495, 0.055252, 0.055187, 0.055158, 0.05522, 0.055199, 0.055248, 0.055266, 0.055231, 0.054922, 0.054942, 0.054665, 0.054487, 0.054574, 0.054705, 0.054358, 0.054628, 0.054504, 0.055021, 0.055043, 0.054825, 0.054902, 0.055155, 0.055053, 0.055396, 0.055322, 0.055134, 0.055266, 0.055535, 0.055288, 0.055264, 0.055283}"
