"model_name","layer_name","layer_index","kind","min_time","mean_time","max_time","add_flops","div_flops","cmp_flops","exp_flops","mad_flops","input_channel","input_height","input_width","output_channel","output_height","output_width","function","kernel_1","kernel_2","stride_1","stride_2","dilation_1","dilation_2","input_form","topology_hash","mad/min_time","mad/mean_time","mad/max_time","time"
"Unguided Volumetric Regression Net for 3D Face Reconstruction","8/2/1/1/4/1/1/4/1/1/2/1/1/9",124,"Convolution",0.001186,0.0012269999999999998,0.005764,0,0,0,0,75497472,128,48,48,256,48,48,"",1,1,1,1,1,1,"HoldForm[ConvolutionLayer[256, {1, 1}, ""Stride"" -> {1, 1}, ""PaddingSize"" -> {{0, 0}, {0, 0}}, ""Dilation"" -> {1, 1}, ""Input"" -> {128, 48, 48}]]","1ult5ox50zm5p",6.365722765598651e10,6.153013202933986e10,1.3098104094378902e10,"{0.005764, 0.001285, 0.001248, 0.001227, 0.001228, 0.001221, 0.001227, 0.001224, 0.001211, 0.001241, 0.001221, 0.001294, 0.001235, 0.001218, 0.001219, 0.001336, 0.001218, 0.001217, 0.00124, 0.001246, 0.001209, 0.001189, 0.001263, 0.001206, 0.00121, 0.001243, 0.001206, 0.001233, 0.001235, 0.001194, 0.001209, 0.001246, 0.001217, 0.001217, 0.001186, 0.001261, 0.001239, 0.00121, 0.001243, 0.001229, 0.001219, 0.001224, 0.00122, 0.001237, 0.001295, 0.001208, 0.00123, 0.001219, 0.001243, 0.001216, 0.001205, 0.001255, 0.001236, 0.001226, 0.001249, 0.001215, 0.001275, 0.001211, 0.001208, 0.00124, 0.001233, 0.001241, 0.001213, 0.001222, 0.001233, 0.001188, 0.001205, 0.001274, 0.001243, 0.001214, 0.001234, 0.001229, 0.001204, 0.001209, 0.001256, 0.001216, 0.00124, 0.001235, 0.00121, 0.001211, 0.00124, 0.001229, 0.001218, 0.001221, 0.001246, 0.001237, 0.001212, 0.001241, 0.001228, 0.001219, 0.001237, 0.00122, 0.001238, 0.001303, 0.001302, 0.001217, 0.001235, 0.001219, 0.001211, 0.001214}"
