"model_name","layer_name","layer_index","kind","min_time","mean_time","max_time","add_flops","div_flops","cmp_flops","exp_flops","mad_flops","input_channel","input_height","input_width","output_channel","output_height","output_width","function","kernel_1","kernel_2","stride_1","stride_2","dilation_1","dilation_2","input_form","topology_hash","mad/min_time","mad/mean_time","mad/max_time","time"
"Ademxapp Model A1 Trained on ADE20K Data","3b2/res3b2_branch2a",41,"Convolution",0.184585,0.19694009999999998,0.246193,0,0,0,0,9364045824,256,126,126,256,126,126,"",3,3,1,1,1,1,"HoldForm[ConvolutionLayer[256, {3, 3}, ""Stride"" -> {1, 1}, ""PaddingSize"" -> {{1, 1}, {1, 1}}, ""Dilation"" -> {1, 1}, ""Input"" -> {256, 126, 126}]]","075u6iea5lz9k",5.0730264235988846e10,4.754768492551797e10,3.80353861563895e10,"{0.246193, 0.197112, 0.196837, 0.196723, 0.184585, 0.196286, 0.196451, 0.196943, 0.197051, 0.197404, 0.197627, 0.197422, 0.198023, 0.197532, 0.197394, 0.185717, 0.197544, 0.197367, 0.1972, 0.196726, 0.197878, 0.196737, 0.197177, 0.197162, 0.197274, 0.197403, 0.185764, 0.197438, 0.196794, 0.196803, 0.198319, 0.197014, 0.19683, 0.198555, 0.198802, 0.199239, 0.198709, 0.185214, 0.197083, 0.199173, 0.197083, 0.197004, 0.196958, 0.198206, 0.197326, 0.19725, 0.196962, 0.197401, 0.185169, 0.196794, 0.196608, 0.198609, 0.196784, 0.196829, 0.196556, 0.196176, 0.196955, 0.196522, 0.197373, 0.185314, 0.196282, 0.196646, 0.196899, 0.196587, 0.196939, 0.196739, 0.196292, 0.196164, 0.196531, 0.196449, 0.185338, 0.1966, 0.196197, 0.196466, 0.196211, 0.196848, 0.196288, 0.196756, 0.198352, 0.196275, 0.196161, 0.185393, 0.196617, 0.19641, 0.196147, 0.197346, 0.197015, 0.197111, 0.197798, 0.197082, 0.199455, 0.198293, 0.186208, 0.197918, 0.197592, 0.198936, 0.196586, 0.196749, 0.19683, 0.196918}"
