"model_name","layer_name","layer_index","kind","min_time","mean_time","max_time","add_flops","div_flops","cmp_flops","exp_flops","mad_flops","input_channel","input_height","input_width","output_channel","output_height","output_width","function","kernel_1","kernel_2","stride_1","stride_2","dilation_1","dilation_2","input_form","topology_hash","mad/min_time","mad/mean_time","mad/max_time","time"
"Unguided Volumetric Regression Net for 3D Face Reconstruction","9/2/1/1/4/1/1/4/1/1/4/1/2/10/1/1/6",758,"Convolution",0.002291,0.0023276666666666667,0.004142,0,0,0,0,84934656,128,24,24,128,24,24,"",3,3,1,1,1,1,"HoldForm[ConvolutionLayer[128, {3, 3}, ""Stride"" -> {1, 1}, ""PaddingSize"" -> {{1, 1}, {1, 1}}, ""Dilation"" -> {1, 1}, ""Input"" -> {128, 24, 24}]]","0cc9ksdljjj2p",3.707318027062418e10,3.648918344551052e10,2.0505711250603573e10,"{0.004142, 0.002351, 0.00233, 0.002353, 0.002314, 0.002339, 0.002316, 0.002329, 0.002336, 0.002296, 0.002325, 0.002319, 0.002357, 0.002321, 0.00231, 0.00233, 0.002307, 0.002359, 0.002296, 0.002345, 0.002339, 0.002302, 0.002322, 0.002305, 0.002369, 0.002345, 0.002294, 0.002316, 0.002337, 0.002366, 0.002308, 0.002351, 0.002338, 0.002326, 0.002321, 0.002308, 0.00235, 0.002357, 0.002301, 0.002329, 0.002308, 0.002364, 0.002301, 0.002345, 0.002315, 0.002319, 0.002339, 0.002291, 0.00236, 0.002303}"
