"model_name","layer_name","layer_index","kind","min_time","mean_time","max_time","add_flops","div_flops","cmp_flops","exp_flops","mad_flops","input_channel","input_height","input_width","output_channel","output_height","output_width","function","kernel_1","kernel_2","stride_1","stride_2","dilation_1","dilation_2","input_form","topology_hash","mad/min_time","mad/mean_time","mad/max_time","time"
"3D Face Alignment Net Trained on 300W Large Pose Data","14/1/2/3/1/2/3/1/2/2/1/1/3",364,"Convolution",0.000615,0.0006183333333333333,0.000937,0,0,0,0,18874368,256,8,8,128,8,8,"",3,3,1,1,1,1,"HoldForm[ConvolutionLayer[128, {3, 3}, ""Stride"" -> {1, 1}, ""PaddingSize"" -> {{1, 1}, {1, 1}}, ""Dilation"" -> {1, 1}, ""Input"" -> {256, 8, 8}]]","1ahm5bxmg08u0",3.0690029268292683e10,3.052458436657682e10,2.014340234791889e10,"{0.000937, 0.000623, 0.000616, 0.000636, 0.000621, 0.000616, 0.000621, 0.000621, 0.000627, 0.000617, 0.000647, 0.000616, 0.000616, 0.000616, 0.000617, 0.000615, 0.000628, 0.000618, 0.000617, 0.000632, 0.000617, 0.000616, 0.00062, 0.000649, 0.000628, 0.000618, 0.000615, 0.000615, 0.000616, 0.000623, 0.000618, 0.000616, 0.000616, 0.000616, 0.000616, 0.000615, 0.000644, 0.000617, 0.000619, 0.000619, 0.000618, 0.000623, 0.000621, 0.000617, 0.000616, 0.000616, 0.000615, 0.000617, 0.000633, 0.00062}"
