"model_name","layer_name","layer_index","kind","min_time","mean_time","max_time","add_flops","div_flops","cmp_flops","exp_flops","mad_flops","input_channel","input_height","input_width","output_channel","output_height","output_width","function","kernel_1","kernel_2","stride_1","stride_2","dilation_1","dilation_2","input_form","topology_hash","mad/min_time","mad/mean_time","mad/max_time","time"
"SSD-VGG-512 Trained on MS-COCO Data","1/1/multiboxLayer3/multiboxClasses/1",98,"Convolution",0.009599,0.01005628333333333,0.014602,0,0,0,0,573308928,512,16,16,486,16,16,"",3,3,1,1,1,1,"HoldForm[ConvolutionLayer[486, {3, 3}, ""Stride"" -> {1, 1}, ""PaddingSize"" -> {{1, 1}, {1, 1}}, ""Dilation"" -> {1, 1}, ""Input"" -> {512, 16, 16}]]","0kls8terfgeb3",5.9725901448067505e10,5.70100213962415e10,3.926235638953568e10,"{0.014602, 0.010251, 0.010143, 0.010126, 0.010192, 0.010136, 0.010121, 0.009714, 0.009727, 0.009705, 0.009628, 0.009662, 0.009642, 0.009687, 0.009599, 0.009647, 0.009692, 0.009634, 0.009696, 0.009737, 0.009652, 0.009663, 0.009655, 0.009705, 0.009672, 0.009678, 0.009616, 0.009645, 0.010056, 0.010004, 0.010077, 0.010012, 0.010099, 0.010108, 0.0101, 0.010036, 0.010079, 0.010012, 0.010022, 0.010014, 0.01002, 0.010097, 0.010023, 0.010289, 0.010206, 0.010123, 0.010189, 0.010095, 0.010054, 0.010082, 0.010039, 0.010063, 0.010031, 0.010086, 0.010041, 0.010066, 0.009996, 0.010123, 0.010094, 0.010071, 0.010058, 0.010075, 0.010053, 0.01, 0.01009, 0.010035, 0.010086, 0.010012, 0.010075, 0.010044, 0.010081, 0.010051, 0.010063, 0.010031, 0.010102, 0.010027, 0.010065, 0.010033, 0.010078, 0.010065, 0.010115, 0.01018, 0.010143, 0.010092, 0.01009, 0.010061, 0.010079, 0.010079, 0.010075, 0.010078, 0.010049, 0.010103, 0.010145, 0.010132, 0.01023, 0.010149, 0.010134, 0.010228, 0.010097, 0.01015}"
