"model_name","layer_name","layer_index","kind","min_time","mean_time","max_time","add_flops","div_flops","cmp_flops","exp_flops","mad_flops","input_channel","input_height","input_width","output_channel","output_height","output_width","function","kernel_1","kernel_2","stride_1","stride_2","dilation_1","dilation_2","input_form","topology_hash","mad/min_time","mad/mean_time","mad/max_time","time"
"Single-Image Depth Perception Net Trained on NYU Depth V2 and Depth in the Wild Data","4/1/1/3/4/1",42,"Convolution",0.00144,0.0014869166666666666,0.006359,0,0,0,0,78643200,128,120,160,32,120,160,"",1,1,1,1,1,1,"HoldForm[ConvolutionLayer[32, {1, 1}, ""Stride"" -> {1, 1}, ""PaddingSize"" -> {{0, 0}, {0, 0}}, ""Dilation"" -> {1, 1}, ""Input"" -> {128, 120, 160}]]","1gy9o2kt96g59",5.4613333333333336e10,5.289011937454465e10,1.2367227551501808e10,"{0.006359, 0.001974, 0.001625, 0.001547, 0.001489, 0.001542, 0.001473, 0.001502, 0.001499, 0.001452, 0.001503, 0.001491, 0.001473, 0.001494, 0.001471, 0.001548, 0.001459, 0.001476, 0.001494, 0.001483, 0.00145, 0.001492, 0.001453, 0.001454, 0.001514, 0.00148, 0.001486, 0.00148, 0.00148, 0.001484, 0.001485, 0.001476, 0.001498, 0.001471, 0.001505, 0.001457, 0.001467, 0.001511, 0.001456, 0.001452, 0.001513, 0.001447, 0.001509, 0.001466, 0.001472, 0.001518, 0.001446, 0.001456, 0.001523, 0.001507, 0.001467, 0.00149, 0.001465, 0.001485, 0.001485, 0.001489, 0.001523, 0.001452, 0.001469, 0.001509, 0.00144, 0.001484, 0.001464, 0.001528, 0.001499, 0.001467, 0.001487, 0.001508, 0.001485, 0.001485, 0.001511, 0.001521, 0.001484, 0.001456, 0.00147, 0.001486, 0.00151, 0.001497, 0.001528, 0.001448, 0.001491, 0.001454, 0.001466, 0.00153, 0.001477, 0.001613, 0.001481, 0.001467, 0.001499, 0.001447, 0.001522, 0.001511, 0.001464, 0.0015, 0.001447, 0.001454, 0.001514, 0.00151, 0.001527, 0.001516}"
