"model_name","layer_name","layer_index","kind","min_time","mean_time","max_time","add_flops","div_flops","cmp_flops","exp_flops","mad_flops","input_channel","input_height","input_width","output_channel","output_height","output_width","function","kernel_1","kernel_2","stride_1","stride_2","dilation_1","dilation_2","input_form","topology_hash","mad/min_time","mad/mean_time","mad/max_time","time"
"ResNet-152 Trained on ImageNet Competition Data","4b30/res4b30_branch2b",425,"Convolution",0.001319,0.0013376333333333336,0.003776,0,0,0,0,115605504,256,14,14,256,14,14,"",3,3,1,1,1,1,"HoldForm[ConvolutionLayer[256, {3, 3}, ""Stride"" -> {1, 1}, ""PaddingSize"" -> {{1, 1}, {1, 1}}, ""Dilation"" -> {1, 1}, ""Input"" -> {256, 14, 14}]]","0gg7sts7v315o",8.76463260045489e10,8.642540606543895e10,3.0615864406779663e10,"{0.003776, 0.002685, 0.002675, 0.00271, 0.002706, 0.00268, 0.00257, 0.001351, 0.001337, 0.001377, 0.00135, 0.001322, 0.00135, 0.00132, 0.001331, 0.001343, 0.001331, 0.001335, 0.001347, 0.001322, 0.001321, 0.001349, 0.001322, 0.001334, 0.001345, 0.001339, 0.001322, 0.001346, 0.001322, 0.001319, 0.00134, 0.00133, 0.00134, 0.001351, 0.001321, 0.001334, 0.001348, 0.001321, 0.001333, 0.001346, 0.001335, 0.001324, 0.001345, 0.001323, 0.001321, 0.001345, 0.001331, 0.00132, 0.001358, 0.001323}"
