"model_name","layer_name","layer_index","kind","min_time","mean_time","max_time","add_flops","div_flops","cmp_flops","exp_flops","mad_flops","input_channel","input_height","input_width","output_channel","output_height","output_width","function","kernel_1","kernel_2","stride_1","stride_2","dilation_1","dilation_2","input_form","topology_hash","mad/min_time","mad/mean_time","mad/max_time","time"
"ResNet-152 Trained on ImageNet Competition Data","4b25/res4b25_branch2b",375,"Convolution",0.00248,0.002503133333333333,0.006332,0,0,0,0,115605504,256,14,14,256,14,14,"",3,3,1,1,1,1,"HoldForm[ConvolutionLayer[256, {3, 3}, ""Stride"" -> {1, 1}, ""PaddingSize"" -> {{1, 1}, {1, 1}}, ""Dilation"" -> {1, 1}, ""Input"" -> {256, 14, 14}]]","0gg7sts7v315o",4.6615122580645164e10,4.6184317255706184e10,1.825734428300695e10,"{0.006332, 0.002767, 0.002688, 0.002658, 0.002676, 0.002663, 0.002639, 0.002655, 0.002645, 0.002678, 0.002574, 0.002487, 0.002499, 0.0025, 0.002491, 0.002503, 0.002513, 0.002496, 0.002503, 0.00249, 0.002507, 0.002508, 0.0025, 0.00249, 0.002507, 0.002492, 0.002499, 0.002504, 0.002494, 0.002508, 0.002501, 0.002505, 0.002528, 0.002481, 0.002492, 0.002494, 0.002525, 0.002497, 0.002501, 0.002485, 0.002509, 0.002483, 0.00251, 0.002488, 0.00251, 0.002495, 0.002494, 0.002485, 0.002522, 0.002489, 0.002501, 0.002487, 0.002524, 0.002496, 0.002481, 0.002487, 0.002522, 0.002485, 0.002496, 0.00248, 0.002501, 0.002507, 0.002484, 0.002483, 0.002502, 0.002491, 0.002493, 0.002503, 0.002512, 0.002503, 0.002496, 0.002493, 0.002508, 0.002485, 0.002493, 0.002499, 0.002504, 0.002512, 0.002484, 0.00249, 0.002507, 0.002494, 0.002507, 0.002492, 0.002515, 0.002511, 0.002495, 0.002484, 0.002501, 0.002492, 0.002511, 0.002641, 0.002673, 0.002668, 0.002651, 0.002664, 0.002654, 0.002639, 0.002657, 0.002657}"
