"model_name","layer_name","layer_index","kind","min_time","mean_time","max_time","add_flops","div_flops","cmp_flops","exp_flops","mad_flops","input_channel","input_height","input_width","output_channel","output_height","output_width","function","kernel_1","kernel_2","stride_1","stride_2","dilation_1","dilation_2","input_form","topology_hash","mad/min_time","mad/mean_time","mad/max_time","time"
"Squeeze-and-Excitation Net Trained on ImageNet Competition Data","3e/conv3_5_1x1_reduce",135,"Convolution",0.00139,0.001412250000000001,0.005655,0,0,0,0,102760448,512,28,28,256,28,28,"",1,1,1,1,1,1,"HoldForm[ConvolutionLayer[256, {1, 1}, ""Stride"" -> {1, 1}, ""PaddingSize"" -> {{0, 0}, {0, 0}}, ""Dilation"" -> {1, 1}, ""Input"" -> {512, 28, 28}]]","1csw2v0q1x6s6",7.392837985611511e10,7.276363816604703e10,1.817160884173298e10,"{0.005655, 0.001482, 0.001435, 0.001409, 0.001405, 0.001422, 0.001398, 0.00141, 0.001414, 0.001405, 0.001395, 0.001413, 0.001398, 0.001401, 0.00142, 0.001405, 0.001405, 0.001417, 0.00139, 0.001419, 0.001399, 0.00141, 0.001419, 0.0014, 0.001408, 0.001412, 0.001396, 0.001405, 0.001427, 0.001409, 0.001415, 0.001412, 0.0014, 0.001404, 0.001409, 0.001415, 0.001427, 0.001421, 0.001407, 0.001441, 0.001403, 0.001399, 0.001432, 0.001404, 0.001406, 0.001435, 0.001409, 0.0014, 0.001417, 0.001417, 0.001426, 0.001404, 0.001405, 0.001427, 0.0014, 0.001406, 0.001435, 0.001415, 0.001411, 0.001417, 0.001407, 0.00141, 0.001418, 0.001425, 0.001414, 0.001415, 0.001407, 0.001431, 0.001427, 0.001406, 0.001428, 0.001405, 0.001404, 0.001416, 0.001409, 0.001408, 0.001419, 0.00142, 0.00141, 0.001422, 0.001401, 0.001406, 0.001416, 0.001404, 0.001426, 0.001412, 0.001409, 0.001424, 0.001408, 0.001412, 0.001422, 0.001415, 0.001427, 0.00142, 0.001411, 0.001405, 0.001421, 0.001408, 0.001433, 0.001435}"
