"model_name","layer_name","layer_index","kind","min_time","mean_time","max_time","add_flops","div_flops","cmp_flops","exp_flops","mad_flops","input_channel","input_height","input_width","output_channel","output_height","output_width","function","kernel_1","kernel_2","stride_1","stride_2","dilation_1","dilation_2","input_form","topology_hash","mad/min_time","mad/mean_time","mad/max_time","time"
"Inception V1 Trained on Extended Salient Object Subitizing Data","inception_5b/5x5_reduce",135,"Convolution",0.000067,0.00006816666666666663,0.003842,0,0,0,0,1956864,832,7,7,48,7,7,"",1,1,1,1,1,1,"HoldForm[ConvolutionLayer[48, {1, 1}, ""Stride"" -> {1, 1}, ""PaddingSize"" -> {{0, 0}, {0, 0}}, ""Dilation"" -> {1, 1}, ""Input"" -> {832, 7, 7}]]","0cu3d5t5jmkf7",2.9206925373134327e10,2.8707051344743294e10,5.093347214992192e8,"{0.003842, 0.000103, 0.000075, 0.00007, 0.00007, 0.00007, 0.000068, 0.000069, 0.000069, 0.000069, 0.000067, 0.000069, 0.000068, 0.000067, 0.000068, 0.000068, 0.000086, 0.000071, 0.000068, 0.000068, 0.000069, 0.000069, 0.000068, 0.000068, 0.000068, 0.000067, 0.000068, 0.000068, 0.000068, 0.000087, 0.000074, 0.00007, 0.000068, 0.000068, 0.000068, 0.000084, 0.000074, 0.000069, 0.000068, 0.000077, 0.00007, 0.000068, 0.000068, 0.000068, 0.000067, 0.000068, 0.000068, 0.000068, 0.000067, 0.000068, 0.000068, 0.000068, 0.000097, 0.000069, 0.000068, 0.000068, 0.000067, 0.000068, 0.000068, 0.000068, 0.000068, 0.000068, 0.000067, 0.000068, 0.000068, 0.000067, 0.000068, 0.000068, 0.000068, 0.000068, 0.000068, 0.000067, 0.000068, 0.000084, 0.000073, 0.000069, 0.000068, 0.000068, 0.000067, 0.000068, 0.000069, 0.000068, 0.000068, 0.000067, 0.000068, 0.000083, 0.000072, 0.000068, 0.000068, 0.000068, 0.000068, 0.000068, 0.000068, 0.000067, 0.000068, 0.000067, 0.000068, 0.000067, 0.000068, 0.000067}"
