"model_name","layer_name","layer_index","kind","min_time","mean_time","max_time","add_flops","div_flops","cmp_flops","exp_flops","mad_flops","input_channel","input_height","input_width","output_channel","output_height","output_width","function","kernel_1","kernel_2","stride_1","stride_2","dilation_1","dilation_2","input_form","topology_hash","mad/min_time","mad/mean_time","mad/max_time","time"
"ResNet-101 Trained on YFCC100m Geotagged Data","stage3_unit17/conv3",247,"Convolution",0.000416,0.0006999333333333333,0.001101,0,0,0,0,51380224,256,14,14,1024,14,14,"",1,1,1,1,1,1,"HoldForm[ConvolutionLayer[1024, {1, 1}, ""Stride"" -> {1, 1}, ""PaddingSize"" -> {{0, 0}, {0, 0}}, ""Dilation"" -> {1, 1}, ""Input"" -> {256, 14, 14}]]","05922ucprscvp",1.2351015384615384e11,7.340731117249261e10,4.666687011807448e10,"{0.001101, 0.000777, 0.000782, 0.00077, 0.000774, 0.000766, 0.000769, 0.000779, 0.000768, 0.000765, 0.000776, 0.000764, 0.000793, 0.00077, 0.000766, 0.000767, 0.000768, 0.000779, 0.000772, 0.000764, 0.000779, 0.00077, 0.000768, 0.000784, 0.000776, 0.00077, 0.000772, 0.000771, 0.000778, 0.000771, 0.000769, 0.000767, 0.000769, 0.000712, 0.000452, 0.000425, 0.00042, 0.000418, 0.000429, 0.00042, 0.000423, 0.000417, 0.000443, 0.000424, 0.000418, 0.000416, 0.000416, 0.000416, 0.000427, 0.000417}"
