"model_name","layer_name","layer_index","kind","min_time","mean_time","max_time","add_flops","div_flops","cmp_flops","exp_flops","mad_flops","input_channel","input_height","input_width","output_channel","output_height","output_width","function","kernel_1","kernel_2","stride_1","stride_2","dilation_1","dilation_2","input_form","topology_hash","mad/min_time","mad/mean_time","mad/max_time","time"
"Ademxapp Model A1 Trained on PASCAL VOC2012 and MS-COCO Data","3b1/res3b1_branch2a",34,"Convolution",0.182095,0.1949535,0.24481,0,0,0,0,9364045824,256,126,126,256,126,126,"",3,3,1,1,1,1,"HoldForm[ConvolutionLayer[256, {3, 3}, ""Stride"" -> {1, 1}, ""PaddingSize"" -> {{1, 1}, {1, 1}}, ""Dilation"" -> {1, 1}, ""Input"" -> {256, 126, 126}]]","075u6iea5lz9k",5.142395905433977e10,4.803220164808531e10,3.825025866590417e10,"{0.24481, 0.195091, 0.195431, 0.183456, 0.196634, 0.196054, 0.195745, 0.195704, 0.196912, 0.19445, 0.194712, 0.195827, 0.19546, 0.19505, 0.18248, 0.194671, 0.195811, 0.195181, 0.196586, 0.194686, 0.194455, 0.194747, 0.194848, 0.195908, 0.194629, 0.182473, 0.194949, 0.194521, 0.19472, 0.195052, 0.19489, 0.194363, 0.195916, 0.19426, 0.195045, 0.195925, 0.182371, 0.194445, 0.194993, 0.195125, 0.194777, 0.194281, 0.195544, 0.194895, 0.196441, 0.19611, 0.194351, 0.182095, 0.194905, 0.194379, 0.196002, 0.196526, 0.194746, 0.194892, 0.196059, 0.194182, 0.193897, 0.193655, 0.182371, 0.192067, 0.195838, 0.194225, 0.195601, 0.194255, 0.193814, 0.19493, 0.194249, 0.194396, 0.195246, 0.188825, 0.18413, 0.194552, 0.194897, 0.196172, 0.194825, 0.195886, 0.19446, 0.195206, 0.197612, 0.194929, 0.194337, 0.182179, 0.194135, 0.194377, 0.193979, 0.194327, 0.194525, 0.196301, 0.195831, 0.195845, 0.195896, 0.194954, 0.184132, 0.196281, 0.197055, 0.196597, 0.196188, 0.196134, 0.194243, 0.194558}"
