"model_name","layer_name","layer_index","kind","min_time","mean_time","max_time","add_flops","div_flops","cmp_flops","exp_flops","mad_flops","input_channel","input_height","input_width","output_channel","output_height","output_width","function","kernel_1","kernel_2","stride_1","stride_2","dilation_1","dilation_2","input_form","topology_hash","mad/min_time","mad/mean_time","mad/max_time","time"
"MobileNet V2 Trained on ImageNet Competition Data","6_3/2/conv6_3_dwise",142,"Convolution",0.000932,0.0011076333333333336,0.006258,0,0,0,0,592704,1344,7,7,1344,7,7,"",3,3,1,1,1,1,"HoldForm[ConvolutionLayer[1344, {3, 3}, ""Stride"" -> {1, 1}, ""PaddingSize"" -> {{1, 1}, {1, 1}}, ""Dilation"" -> {1, 1}, ""ChannelGroups"" -> 1344, ""Input"" -> {1344, 7, 7}]]","0g5z47h69qzrt",6.359484978540773e8,5.3510848957236135e8,9.471140939597315e7,"{0.006258, 0.001699, 0.001626, 0.001633, 0.001644, 0.001627, 0.001646, 0.001624, 0.001633, 0.001635, 0.001642, 0.001641, 0.001611, 0.00162, 0.001642, 0.001646, 0.001656, 0.00163, 0.001666, 0.001629, 0.001623, 0.001642, 0.00162, 0.001661, 0.001636, 0.001633, 0.001665, 0.001603, 0.001656, 0.00163, 0.001627, 0.001632, 0.00162, 0.001443, 0.000952, 0.000947, 0.000944, 0.000976, 0.000946, 0.000972, 0.000965, 0.000975, 0.000965, 0.000937, 0.000948, 0.000933, 0.000959, 0.000936, 0.000934, 0.000935, 0.000963, 0.000959, 0.000949, 0.000962, 0.000977, 0.000935, 0.000934, 0.000959, 0.000955, 0.000936, 0.000934, 0.000935, 0.000967, 0.000958, 0.000949, 0.000948, 0.000936, 0.00096, 0.000949, 0.000935, 0.000934, 0.00096, 0.000942, 0.000936, 0.000947, 0.000961, 0.000947, 0.000933, 0.000932, 0.000976, 0.000936, 0.000935, 0.000934, 0.000943, 0.000993, 0.000939, 0.00095, 0.000936, 0.000961, 0.000935, 0.000935, 0.000934, 0.000972, 0.000946, 0.000935, 0.000958, 0.00096, 0.000949, 0.000935, 0.000936}"
