"model_name","layer_name","layer_index","kind","min_time","mean_time","max_time","add_flops","div_flops","cmp_flops","exp_flops","mad_flops","input_channel","input_height","input_width","output_channel","output_height","output_width","function","kernel_1","kernel_2","stride_1","stride_2","dilation_1","dilation_2","input_form","topology_hash","mad/min_time","mad/mean_time","mad/max_time","time"
"Single-Image Depth Perception Net Trained on NYU Depth V2 Data","4/1/1/2/2/4",11,"Convolution",0.006774,0.006894366666666667,0.017416,0,0,0,0,176947200,32,120,160,32,120,160,"",3,3,1,1,1,1,"HoldForm[ConvolutionLayer[32, {3, 3}, ""Stride"" -> {1, 1}, ""PaddingSize"" -> {{1, 1}, {1, 1}}, ""Dilation"" -> {1, 1}, ""Input"" -> {32, 120, 160}]]","13lv34ua8bf7v",2.61215234720992e10,2.566547567821071e10,1.0160036747818098e10,"{0.017416, 0.007127, 0.007138, 0.006991, 0.006945, 0.006894, 0.006819, 0.0068, 0.006845, 0.00697, 0.006956, 0.006976, 0.006977, 0.006901, 0.006886, 0.006924, 0.006888, 0.006909, 0.006882, 0.007, 0.006989, 0.006954, 0.006918, 0.006877, 0.00689, 0.006929, 0.006921, 0.006992, 0.006971, 0.006939, 0.006882, 0.006884, 0.00696, 0.006884, 0.006854, 0.006813, 0.006831, 0.006919, 0.006889, 0.006859, 0.006786, 0.006807, 0.006806, 0.006774, 0.006801, 0.006783, 0.006809, 0.006799, 0.006779, 0.006787}"
