"model_name","layer_name","layer_index","kind","min_time","mean_time","max_time","add_flops","div_flops","cmp_flops","exp_flops","mad_flops","input_channel","input_height","input_width","output_channel","output_height","output_width","function","kernel_1","kernel_2","stride_1","stride_2","dilation_1","dilation_2","input_form","topology_hash","mad/min_time","mad/mean_time","mad/max_time","time"
"ResNet-152 Trained on ImageNet Competition Data","4b31/res4b31_branch2a",432,"Convolution",0.000424,0.0006957,0.000934,0,0,0,0,51380224,1024,14,14,256,14,14,"",1,1,1,1,1,1,"HoldForm[ConvolutionLayer[256, {1, 1}, ""Stride"" -> {1, 1}, ""PaddingSize"" -> {{0, 0}, {0, 0}}, ""Dilation"" -> {1, 1}, ""Input"" -> {1024, 14, 14}]]","0659yipuh34xm",1.2117977358490565e11,7.385399453787552e10,5.501094646680942e10,"{0.000934, 0.000788, 0.000799, 0.000792, 0.000784, 0.000785, 0.000792, 0.000801, 0.000787, 0.000784, 0.000783, 0.000784, 0.000804, 0.000788, 0.000785, 0.000785, 0.000785, 0.000804, 0.000797, 0.000786, 0.000783, 0.000782, 0.000804, 0.000792, 0.000787, 0.000787, 0.000785, 0.000808, 0.000788, 0.000785, 0.000885, 0.000679, 0.000574, 0.000466, 0.000435, 0.000428, 0.000439, 0.000432, 0.000426, 0.000427, 0.000426, 0.000451, 0.000461, 0.000429, 0.000425, 0.000424, 0.000425, 0.000425, 0.000424, 0.000425}"
