"model_name","layer_name","layer_index","kind","min_time","mean_time","max_time","add_flops","div_flops","cmp_flops","exp_flops","mad_flops","input_channel","input_height","input_width","output_channel","output_height","output_width","function","kernel_1","kernel_2","stride_1","stride_2","dilation_1","dilation_2","input_form","topology_hash","mad/min_time","mad/mean_time","mad/max_time","time"
"Single-Image Depth Perception Net Trained on Depth in the Wild Data","4/1/1/4/1/1/4/1/2/2/3/4",151,"Convolution",0.002292,0.002325416666666666,0.008043,0,0,0,0,61440000,32,30,40,64,30,40,"",5,5,1,1,1,1,"HoldForm[ConvolutionLayer[64, {5, 5}, ""Stride"" -> {1, 1}, ""PaddingSize"" -> {{2, 2}, {2, 2}}, ""Dilation"" -> {1, 1}, ""Input"" -> {32, 30, 40}]]","1sh5ene7i46ap",2.680628272251309e10,2.6421071492564064e10,7.638940693770982e9,"{0.008043, 0.002396, 0.002351, 0.002327, 0.002343, 0.002325, 0.002308, 0.002339, 0.002326, 0.002322, 0.002313, 0.002339, 0.002335, 0.002301, 0.002335, 0.002314, 0.00233, 0.002365, 0.002309, 0.002327, 0.002308, 0.002335, 0.002303, 0.002333, 0.002332, 0.002314, 0.002336, 0.002306, 0.002333, 0.002328, 0.002311, 0.00233, 0.00231, 0.002333, 0.002312, 0.002333, 0.002334, 0.002293, 0.002349, 0.00231, 0.002333, 0.002307, 0.002346, 0.002352, 0.002297, 0.00232, 0.002298, 0.002342, 0.002368, 0.0023, 0.002327, 0.00232, 0.002344, 0.002311, 0.00233, 0.002331, 0.002317, 0.002327, 0.002292, 0.002362, 0.002356, 0.002301, 0.002333, 0.002316, 0.00235, 0.002314, 0.002319, 0.002334, 0.002316, 0.002333, 0.002311, 0.002325, 0.002326, 0.002333, 0.002325, 0.002312, 0.002336, 0.002314, 0.002333, 0.00233, 0.002323, 0.002357, 0.002314, 0.002327, 0.002328, 0.002313, 0.002339, 0.002306, 0.002329, 0.002303, 0.002328, 0.002343, 0.002316, 0.002337, 0.002315, 0.002337, 0.002328, 0.002312, 0.002333, 0.0023}"
