"model_name","layer_name","layer_index","kind","min_time","mean_time","max_time","add_flops","div_flops","cmp_flops","exp_flops","mad_flops","input_channel","input_height","input_width","output_channel","output_height","output_width","function","kernel_1","kernel_2","stride_1","stride_2","dilation_1","dilation_2","input_form","topology_hash","mad/min_time","mad/mean_time","mad/max_time","time"
"Inception V1 Trained on ImageNet Competition Data","inception_5a/3x3",119,"Convolution",0.000747,0.0007549333333333331,0.004922,0,0,0,0,22579200,160,7,7,320,7,7,"",3,3,1,1,1,1,"HoldForm[ConvolutionLayer[320, {3, 3}, ""Stride"" -> {1, 1}, ""PaddingSize"" -> {{1, 1}, {1, 1}}, ""Dilation"" -> {1, 1}, ""Input"" -> {160, 7, 7}]]","1qk1k5nf5iwjz",3.0226506024096386e10,2.9908866125044163e10,4.587403494514425e9,"{0.004922, 0.000813, 0.000754, 0.000753, 0.000751, 0.000773, 0.000763, 0.000749, 0.000749, 0.000751, 0.000767, 0.000752, 0.000754, 0.000754, 0.000793, 0.000752, 0.000774, 0.000752, 0.00075, 0.000776, 0.000752, 0.000766, 0.000754, 0.000754, 0.000753, 0.000755, 0.000776, 0.000753, 0.000748, 0.000749, 0.000747, 0.000751, 0.000774, 0.000761, 0.000752, 0.000751, 0.000752, 0.000765, 0.000753, 0.000763, 0.000756, 0.000752, 0.000766, 0.000752, 0.000752, 0.000752, 0.00076, 0.000771, 0.000754, 0.000753, 0.000752, 0.000751, 0.000754, 0.00078, 0.000756, 0.000752, 0.000753, 0.000752, 0.000766, 0.000764, 0.000752, 0.000751, 0.000752, 0.000769, 0.000763, 0.000752, 0.000752, 0.000757, 0.000776, 0.000751, 0.000752, 0.000751, 0.000762, 0.000752, 0.000778, 0.000752, 0.000753, 0.000752, 0.000754, 0.00079, 0.000789, 0.000753, 0.000751, 0.000752, 0.000772, 0.000763, 0.000753, 0.000752, 0.000752, 0.000775, 0.00075, 0.000749, 0.000751, 0.00076, 0.000752, 0.00076, 0.000754, 0.000752, 0.000753, 0.000758}"
