"model_name","layer_name","layer_index","kind","min_time","mean_time","max_time","add_flops","div_flops","cmp_flops","exp_flops","mad_flops","input_channel","input_height","input_width","output_channel","output_height","output_width","function","kernel_1","kernel_2","stride_1","stride_2","dilation_1","dilation_2","input_form","topology_hash","mad/min_time","mad/mean_time","mad/max_time","time"
"Ademxapp Model A Trained on ImageNet Competition Data","3a/res3a_branch2b1",32,"Convolution",0.062351,0.07798643333333331,0.102076,0,0,0,0,3774873600,256,80,80,256,80,80,"",3,3,1,1,1,1,"HoldForm[ConvolutionLayer[256, {3, 3}, ""Stride"" -> {1, 1}, ""PaddingSize"" -> {{1, 1}, {1, 1}}, ""Dilation"" -> {1, 1}, ""Input"" -> {256, 80, 80}]]","04awb576lp8fw",6.054231046815608e10,4.84042344117118e10,3.69810102276735e10,"{0.102076, 0.062644, 0.062628, 0.06242, 0.062438, 0.062351, 0.073261, 0.077929, 0.078729, 0.078264, 0.072423, 0.072481, 0.076194, 0.078507, 0.077875, 0.077952, 0.077888, 0.078899, 0.079046, 0.078396, 0.078048, 0.078303, 0.078014, 0.078079, 0.077848, 0.078691, 0.078554, 0.077864, 0.07816, 0.077766, 0.079677, 0.078475, 0.07802, 0.079086, 0.078836, 0.078446, 0.078525, 0.078573, 0.072746, 0.07294, 0.072732, 0.078813, 0.078146, 0.078715, 0.078928, 0.078818, 0.078379, 0.078701, 0.078959, 0.078818, 0.07814, 0.078988, 0.078438, 0.078125, 0.078288, 0.077889, 0.078076, 0.077845, 0.077886, 0.077878, 0.077875, 0.077376, 0.077926, 0.077577, 0.078118, 0.077912, 0.077471, 0.072017, 0.072246, 0.072078, 0.077371, 0.077426, 0.077572, 0.078018, 0.077506, 0.077474, 0.077462, 0.077649, 0.077457, 0.078051, 0.077494, 0.077806, 0.078495, 0.078714, 0.079098, 0.07812, 0.078196, 0.078223, 0.078246, 0.078215, 0.078572, 0.077594, 0.077924, 0.078103, 0.077923, 0.076022, 0.072355, 0.071998, 0.077529, 0.077821}"
