"model_name","layer_name","layer_index","kind","min_time","mean_time","max_time","add_flops","div_flops","cmp_flops","exp_flops","mad_flops","input_channel","input_height","input_width","output_channel","output_height","output_width","function","kernel_1","kernel_2","stride_1","stride_2","dilation_1","dilation_2","input_form","topology_hash","mad/min_time","mad/mean_time","mad/max_time","time"
"ResNet-101 Trained on ImageNet Competition Data","5a/res5a_branch2b",317,"Convolution",0.001581,0.0016142999999999995,0.002101,0,0,0,0,115605504,512,7,7,512,7,7,"",3,3,1,1,1,1,"HoldForm[ConvolutionLayer[512, {3, 3}, ""Stride"" -> {1, 1}, ""PaddingSize"" -> {{1, 1}, {1, 1}}, ""Dilation"" -> {1, 1}, ""Input"" -> {512, 7, 7}]]","183bhkhy3yvpo",7.312176091081593e10,7.16133952796878e10,5.502403807710614e10,"{0.002101, 0.001604, 0.00162, 0.00159, 0.001613, 0.001627, 0.001587, 0.001611, 0.001581, 0.001613, 0.001606, 0.001602, 0.001655, 0.001589, 0.001626, 0.001587, 0.001585, 0.001616, 0.001624, 0.001625, 0.001594, 0.001592, 0.001619, 0.001595, 0.001653, 0.001598, 0.001742, 0.0017, 0.001613, 0.001637, 0.001631, 0.001638, 0.001596, 0.001598, 0.001645, 0.0016, 0.001657, 0.001603, 0.001597, 0.001628, 0.001589, 0.001643, 0.001614, 0.00163, 0.001636, 0.001598, 0.001627, 0.001609, 0.001608, 0.001647}"
