"model_name","layer_name","layer_index","kind","min_time","mean_time","max_time","add_flops","div_flops","cmp_flops","exp_flops","mad_flops","input_channel","input_height","input_width","output_channel","output_height","output_width","function","kernel_1","kernel_2","stride_1","stride_2","dilation_1","dilation_2","input_form","topology_hash","mad/min_time","mad/mean_time","mad/max_time","time"
"ResNet-152 Trained on ImageNet Competition Data","4b17/res4b17_branch2a",292,"Convolution",0.000668,0.0006782666666666665,0.00432,0,0,0,0,51380224,1024,14,14,256,14,14,"",1,1,1,1,1,1,"HoldForm[ConvolutionLayer[256, {1, 1}, ""Stride"" -> {1, 1}, ""PaddingSize"" -> {{0, 0}, {0, 0}}, ""Dilation"" -> {1, 1}, ""Input"" -> {1024, 14, 14}]]","0659yipuh34xm",7.691650299401198e10,7.575224690387263e10,1.1893570370370369e10,"{0.00432, 0.000717, 0.00068, 0.000699, 0.000678, 0.000676, 0.000674, 0.000684, 0.000675, 0.000698, 0.00068, 0.000671, 0.000676, 0.000677, 0.000673, 0.000694, 0.000677, 0.000675, 0.000674, 0.000674, 0.000675, 0.000706, 0.000682, 0.000681, 0.000677, 0.000679, 0.000677, 0.000705, 0.00068, 0.000674, 0.000675, 0.000676, 0.000676, 0.0007, 0.000682, 0.000674, 0.000684, 0.000675, 0.000674, 0.000708, 0.000678, 0.000679, 0.000687, 0.000681, 0.000695, 0.000676, 0.000675, 0.000672, 0.000674, 0.000673, 0.000702, 0.000685, 0.000676, 0.000675, 0.00068, 0.000679, 0.000723, 0.000687, 0.000672, 0.000672, 0.000668, 0.000671, 0.000699, 0.000674, 0.000672, 0.00068, 0.000671, 0.000671, 0.000695, 0.000679, 0.00067, 0.000691, 0.000678, 0.000671, 0.000707, 0.000675, 0.00067, 0.000671, 0.000669, 0.000671, 0.00072, 0.000675, 0.000722, 0.000686, 0.000677, 0.000693, 0.000682, 0.000677, 0.000668, 0.00067, 0.000671, 0.000701, 0.000675, 0.000673, 0.000672, 0.000684, 0.000682, 0.000706, 0.000683, 0.000679}"
