"model_name","layer_name","layer_index","kind","min_time","mean_time","max_time","add_flops","div_flops","cmp_flops","exp_flops","mad_flops","input_channel","input_height","input_width","output_channel","output_height","output_width","function","kernel_1","kernel_2","stride_1","stride_2","dilation_1","dilation_2","input_form","topology_hash","mad/min_time","mad/mean_time","mad/max_time","time"
"ResNet-101 Trained on ImageNet Competition Data","3b3/res3b3_branch2b",73,"Convolution",0.002768,0.003060216666666666,0.00705,0,0,0,0,115605504,128,28,28,128,28,28,"",3,3,1,1,1,1,"HoldForm[ConvolutionLayer[128, {3, 3}, ""Stride"" -> {1, 1}, ""PaddingSize"" -> {{1, 1}, {1, 1}}, ""Dilation"" -> {1, 1}, ""Input"" -> {128, 28, 28}]]","0c4tt4orzdexg",4.1764994219653175e10,3.777690163550512e10,1.6397943829787233e10,"{0.00705, 0.003162, 0.003096, 0.003047, 0.00309, 0.003054, 0.003058, 0.003046, 0.0031, 0.00306, 0.003063, 0.003061, 0.003077, 0.003072, 0.003051, 0.003073, 0.003043, 0.00309, 0.003054, 0.003056, 0.003034, 0.003108, 0.003039, 0.003054, 0.003062, 0.003076, 0.003069, 0.003055, 0.003046, 0.003081, 0.003071, 0.003053, 0.003063, 0.003047, 0.003074, 0.003047, 0.003064, 0.003055, 0.003091, 0.003042, 0.00307, 0.003048, 0.00308, 0.003055, 0.003062, 0.003043, 0.003078, 0.00307, 0.00305, 0.003075, 0.003076, 0.003078, 0.003033, 0.003055, 0.003045, 0.003059, 0.003036, 0.003058, 0.003045, 0.003096, 0.003074, 0.003058, 0.003026, 0.00309, 0.003083, 0.00305, 0.003058, 0.003067, 0.003068, 0.003042, 0.003055, 0.003049, 0.003067, 0.003093, 0.003051, 0.003037, 0.00307, 0.003088, 0.003052, 0.003067, 0.003069, 0.003087, 0.003032, 0.003066, 0.003045, 0.003072, 0.003044, 0.003045, 0.003044, 0.003099, 0.003097, 0.003049, 0.00302, 0.003072, 0.00308, 0.00304, 0.002846, 0.002768, 0.002771, 0.002782}"
