"model_name","layer_name","layer_index","kind","min_time","mean_time","max_time","add_flops","div_flops","cmp_flops","exp_flops","mad_flops","input_channel","input_height","input_width","output_channel","output_height","output_width","function","kernel_1","kernel_2","stride_1","stride_2","dilation_1","dilation_2","input_form","topology_hash","mad/min_time","mad/mean_time","mad/max_time","time"
"VGG-16 Trained on ImageNet Competition Data","conv1_1",1,"Convolution",0.003717,0.0037802999999999995,0.00713,0,0,0,0,86704128,3,224,224,64,224,224,"",3,3,1,1,1,1,"HoldForm[ConvolutionLayer[64, {3, 3}, ""Stride"" -> {1, 1}, ""PaddingSize"" -> {{1, 1}, {1, 1}}, ""Dilation"" -> {1, 1}, ""Input"" -> {3, 224, 224}]]","1i876macjjebj",2.3326372881355934e10,2.293577970002381e10,1.2160466760168304e10,"{0.00713, 0.003971, 0.003849, 0.003847, 0.003796, 0.003783, 0.003792, 0.003788, 0.003789, 0.003788, 0.003819, 0.003792, 0.003802, 0.003744, 0.003767, 0.003816, 0.003779, 0.003783, 0.003737, 0.003735, 0.003754, 0.003733, 0.003733, 0.003786, 0.003753, 0.003751, 0.003769, 0.003795, 0.003802, 0.003745, 0.003745, 0.003785, 0.003717, 0.00377, 0.003718, 0.003763, 0.003802, 0.00376, 0.003785, 0.003753, 0.003801, 0.0038, 0.003768, 0.003749, 0.003824, 0.00383, 0.003876, 0.00381, 0.003763, 0.00379}"
