"model_name","layer_name","layer_index","kind","min_time","mean_time","max_time","add_flops","div_flops","cmp_flops","exp_flops","mad_flops","input_channel","input_height","input_width","output_channel","output_height","output_width","function","kernel_1","kernel_2","stride_1","stride_2","dilation_1","dilation_2","input_form","topology_hash","mad/min_time","mad/mean_time","mad/max_time","time"
"Single-Image Depth Perception Net Trained on NYU Depth V2 and Depth in the Wild Data","4/1/1/4/1/1/4/1/2/4/1/1/2/1/1",205,"Convolution",0.000332,0.0003399166666666668,0.004041,0,0,0,0,19660800,256,30,40,64,30,40,"",1,1,1,1,1,1,"HoldForm[ConvolutionLayer[64, {1, 1}, ""Stride"" -> {1, 1}, ""PaddingSize"" -> {{0, 0}, {0, 0}}, ""Dilation"" -> {1, 1}, ""Input"" -> {256, 30, 40}]]","0vesw90eosy3n",5.921927710843374e10,5.784005883795045e10,4.865330363771343e9,"{0.004041, 0.000393, 0.000359, 0.000345, 0.000342, 0.000341, 0.000374, 0.000347, 0.000339, 0.000339, 0.000339, 0.000335, 0.000346, 0.000347, 0.000338, 0.000339, 0.000335, 0.000364, 0.000348, 0.000338, 0.000338, 0.000336, 0.000336, 0.000337, 0.00039, 0.000341, 0.000339, 0.000337, 0.000339, 0.000366, 0.000352, 0.000343, 0.000337, 0.000337, 0.000338, 0.000339, 0.00034, 0.000336, 0.000338, 0.000339, 0.000342, 0.000371, 0.000346, 0.000338, 0.000337, 0.000336, 0.000335, 0.000336, 0.000335, 0.000336, 0.000336, 0.000334, 0.000361, 0.000389, 0.000347, 0.000339, 0.000337, 0.000337, 0.000336, 0.000348, 0.000339, 0.000333, 0.000336, 0.000336, 0.000363, 0.00038, 0.000343, 0.000338, 0.000337, 0.000335, 0.000347, 0.000346, 0.000336, 0.000339, 0.000338, 0.000359, 0.000344, 0.000337, 0.000338, 0.000335, 0.000341, 0.000345, 0.000384, 0.000343, 0.000334, 0.000337, 0.000334, 0.000365, 0.000356, 0.000341, 0.000336, 0.000335, 0.000334, 0.000332, 0.000337, 0.000338, 0.000336, 0.000338, 0.000356, 0.00035}"
