"model_name","layer_name","layer_index","kind","min_time","mean_time","max_time","add_flops","div_flops","cmp_flops","exp_flops","mad_flops","input_channel","input_height","input_width","output_channel","output_height","output_width","function","kernel_1","kernel_2","stride_1","stride_2","dilation_1","dilation_2","input_form","topology_hash","mad/min_time","mad/mean_time","mad/max_time","time"
"Unguided Volumetric Regression Net for 3D Face Reconstruction","9/2/1/1/4/1/1/4/1/2/7/1/1/6",838,"Convolution",0.001268,0.0013205666666666663,0.002641,0,0,0,0,84934656,128,24,24,128,24,24,"",3,3,1,1,1,1,"HoldForm[ConvolutionLayer[128, {3, 3}, ""Stride"" -> {1, 1}, ""PaddingSize"" -> {{1, 1}, {1, 1}}, ""Dilation"" -> {1, 1}, ""Input"" -> {128, 24, 24}]]","0cc9ksdljjj2p",6.698316719242902e10,6.431682560516951e10,3.2160036349867474e10,"{0.002641, 0.001308, 0.001362, 0.001351, 0.001311, 0.001339, 0.00129, 0.001275, 0.001339, 0.001323, 0.001324, 0.001363, 0.001325, 0.001288, 0.001337, 0.001322, 0.001289, 0.001335, 0.001313, 0.001292, 0.001318, 0.001281, 0.001274, 0.001348, 0.001321, 0.001307, 0.001357, 0.001279, 0.00127, 0.002373, 0.002332, 0.002331, 0.002326, 0.002285, 0.001728, 0.001282, 0.001329, 0.001382, 0.001268, 0.001269, 0.001367, 0.001286, 0.001275, 0.001286, 0.001322, 0.001352, 0.001332, 0.001287, 0.001273, 0.001324}"
