"model_name","layer_name","layer_index","kind","min_time","mean_time","max_time","add_flops","div_flops","cmp_flops","exp_flops","mad_flops","input_channel","input_height","input_width","output_channel","output_height","output_width","function","kernel_1","kernel_2","stride_1","stride_2","dilation_1","dilation_2","input_form","topology_hash","mad/min_time","mad/mean_time","mad/max_time","time"
"Ademxapp Model A1 Trained on ADE20K Data","4a/res4a_branch2a",49,"Convolution",0.060582,0.06091383333333335,0.093269,0,0,0,0,4682022912,256,126,126,512,63,63,"",3,3,2,2,1,1,"HoldForm[ConvolutionLayer[512, {3, 3}, ""Stride"" -> {2, 2}, ""PaddingSize"" -> {{1, 1}, {1, 1}}, ""Dilation"" -> {1, 1}, ""Input"" -> {256, 126, 126}]]","0x1xuuqny08h7",7.728405981974844e10,7.686304827310709e10,5.019913274507071e10,"{0.093269, 0.074202, 0.073907, 0.077796, 0.077574, 0.077294, 0.077392, 0.077794, 0.07739, 0.077707, 0.077235, 0.077184, 0.077426, 0.077257, 0.077155, 0.07751, 0.077619, 0.07793, 0.072712, 0.060883, 0.060966, 0.060961, 0.061113, 0.061178, 0.060893, 0.060898, 0.061079, 0.06085, 0.06082, 0.06089, 0.060767, 0.060691, 0.060757, 0.060788, 0.06078, 0.060821, 0.060761, 0.061121, 0.060924, 0.060847, 0.060889, 0.060754, 0.06101, 0.0611, 0.060804, 0.06067, 0.060776, 0.060793, 0.061186, 0.060677, 0.061358, 0.060902, 0.060814, 0.061549, 0.061035, 0.060794, 0.060785, 0.061053, 0.06075, 0.060708, 0.060877, 0.060735, 0.060784, 0.060774, 0.060691, 0.060643, 0.060626, 0.060617, 0.0609, 0.060878, 0.06083, 0.060963, 0.06081, 0.060773, 0.060828, 0.060706, 0.060859, 0.060672, 0.060699, 0.060866, 0.060856, 0.060796, 0.061101, 0.060828, 0.060826, 0.060844, 0.061146, 0.060951, 0.061019, 0.060699, 0.061254, 0.060858, 0.060915, 0.060801, 0.060709, 0.060582, 0.060641, 0.060643, 0.060842, 0.061012}"
