"model_name","layer_name","layer_index","kind","min_time","mean_time","max_time","add_flops","div_flops","cmp_flops","exp_flops","mad_flops","input_channel","input_height","input_width","output_channel","output_height","output_width","function","kernel_1","kernel_2","stride_1","stride_2","dilation_1","dilation_2","input_form","topology_hash","mad/min_time","mad/mean_time","mad/max_time","time"
"ResNet-152 Trained on ImageNet Competition Data","4b5/res4b5_branch2b",175,"Convolution",0.002486,0.002517916666666666,0.006564,0,0,0,0,115605504,256,14,14,256,14,14,"",3,3,1,1,1,1,"HoldForm[ConvolutionLayer[256, {3, 3}, ""Stride"" -> {1, 1}, ""PaddingSize"" -> {{1, 1}, {1, 1}}, ""Dilation"" -> {1, 1}, ""Input"" -> {256, 14, 14}]]","0gg7sts7v315o",4.650261625100563e10,4.591315730597387e10,1.7612051188299816e10,"{0.006564, 0.00278, 0.002709, 0.002686, 0.002659, 0.002702, 0.002699, 0.00266, 0.002691, 0.002669, 0.002656, 0.002676, 0.002687, 0.002651, 0.002516, 0.00251, 0.002502, 0.002516, 0.002499, 0.002511, 0.002522, 0.002516, 0.00253, 0.00252, 0.002517, 0.002515, 0.00249, 0.002491, 0.002524, 0.002494, 0.002518, 0.002513, 0.002502, 0.002495, 0.002526, 0.002497, 0.002519, 0.002523, 0.002525, 0.002516, 0.002504, 0.002514, 0.002528, 0.002504, 0.002511, 0.002506, 0.002517, 0.002516, 0.002495, 0.002494, 0.002509, 0.0025, 0.002516, 0.002496, 0.002507, 0.002505, 0.002494, 0.002497, 0.002523, 0.002497, 0.002514, 0.002499, 0.002519, 0.002507, 0.002509, 0.002517, 0.002514, 0.002504, 0.00252, 0.002508, 0.002508, 0.002504, 0.002503, 0.00251, 0.002516, 0.002509, 0.002521, 0.002514, 0.002503, 0.002497, 0.002501, 0.002522, 0.002513, 0.002486, 0.002502, 0.002512, 0.00253, 0.002522, 0.002498, 0.002513, 0.002549, 0.002503, 0.00257, 0.002718, 0.002678, 0.002693, 0.002686, 0.002642, 0.00269, 0.002684}"
