"model_name","layer_name","layer_index","kind","min_time","mean_time","max_time","add_flops","div_flops","cmp_flops","exp_flops","mad_flops","input_channel","input_height","input_width","output_channel","output_height","output_width","function","kernel_1","kernel_2","stride_1","stride_2","dilation_1","dilation_2","input_form","topology_hash","mad/min_time","mad/mean_time","mad/max_time","time"
"Unguided Volumetric Regression Net for 3D Face Reconstruction","8/2/1/1/4/1/1/4/1/1/4/1/2/7/1/1/6",232,"Convolution",0.001332,0.0021455,0.003929,0,0,0,0,84934656,128,24,24,128,24,24,"",3,3,1,1,1,1,"HoldForm[ConvolutionLayer[128, {3, 3}, ""Stride"" -> {1, 1}, ""PaddingSize"" -> {{1, 1}, {1, 1}}, ""Dilation"" -> {1, 1}, ""Input"" -> {128, 24, 24}]]","0cc9ksdljjj2p",6.376475675675676e10,3.958734840363552e10,2.1617372359378975e10,"{0.003929, 0.002375, 0.002304, 0.002324, 0.002292, 0.00236, 0.002323, 0.002315, 0.002312, 0.002311, 0.002354, 0.002299, 0.002342, 0.002326, 0.002316, 0.00232, 0.002305, 0.002346, 0.002334, 0.002296, 0.002325, 0.002304, 0.002374, 0.002321, 0.002334, 0.002314, 0.002295, 0.00232, 0.0023, 0.002352, 0.002328, 0.002361, 0.002316, 0.002296, 0.001898, 0.001367, 0.001407, 0.001396, 0.001349, 0.001354, 0.001389, 0.00136, 0.001332, 0.001392, 0.001349, 0.001336, 0.001387, 0.001342, 0.001345, 0.001376}"
