"model_name","layer_name","layer_index","kind","min_time","mean_time","max_time","add_flops","div_flops","cmp_flops","exp_flops","mad_flops","input_channel","input_height","input_width","output_channel","output_height","output_width","function","kernel_1","kernel_2","stride_1","stride_2","dilation_1","dilation_2","input_form","topology_hash","mad/min_time","mad/mean_time","mad/max_time","time"
"Unguided Volumetric Regression Net for 3D Face Reconstruction","8/2/1/1/4/1/1/4/1/1/4/1/1/1/1/1/6",143,"Convolution",0.004517,0.004620533333333334,0.00984,0,0,0,0,339738624,128,48,48,128,48,48,"",3,3,1,1,1,1,"HoldForm[ConvolutionLayer[128, {3, 3}, ""Stride"" -> {1, 1}, ""PaddingSize"" -> {{1, 1}, {1, 1}}, ""Dilation"" -> {1, 1}, ""Input"" -> {128, 48, 48}]]","0k7bd1pxdjxz9",7.5213332742971e10,7.352801061926472e10,3.452628292682927e10,"{0.00984, 0.004855, 0.004782, 0.004701, 0.004705, 0.00477, 0.004845, 0.004802, 0.004793, 0.004737, 0.004716, 0.004663, 0.004678, 0.00468, 0.004706, 0.004678, 0.004631, 0.004625, 0.004611, 0.004613, 0.004611, 0.004612, 0.004607, 0.004575, 0.004599, 0.004554, 0.00453, 0.004517, 0.004527, 0.004541, 0.004566, 0.004584, 0.004598, 0.00457, 0.004593, 0.004579, 0.00458, 0.004574, 0.004572, 0.00463, 0.004633, 0.004599, 0.004623, 0.004585, 0.004565, 0.004582, 0.004618, 0.004565, 0.004618, 0.004631}"
