"model_name","layer_name","layer_index","kind","min_time","mean_time","max_time","add_flops","div_flops","cmp_flops","exp_flops","mad_flops","input_channel","input_height","input_width","output_channel","output_height","output_width","function","kernel_1","kernel_2","stride_1","stride_2","dilation_1","dilation_2","input_form","topology_hash","mad/min_time","mad/mean_time","mad/max_time","time"
"2D Face Alignment Net Trained on 300W Large Pose Data","13/1/2/3/1/2/3/1/2/4/1/1/4/2/1/3",675,"Convolution",0.000238,0.00024155,0.003797,0,0,0,0,4718592,128,8,8,64,8,8,"",3,3,1,1,1,1,"HoldForm[ConvolutionLayer[64, {3, 3}, ""Stride"" -> {1, 1}, ""PaddingSize"" -> {{1, 1}, {1, 1}}, ""Dilation"" -> {1, 1}, ""Input"" -> {128, 8, 8}]]","0qo4w5mynpkui",1.9826016806722687e10,1.9534638791140553e10,1.2427158282854884e9,"{0.003797, 0.00031, 0.000253, 0.000243, 0.000243, 0.000242, 0.000241, 0.000242, 0.00024, 0.000242, 0.00024, 0.000242, 0.000242, 0.000239, 0.000239, 0.00024, 0.000239, 0.000263, 0.000245, 0.000241, 0.000241, 0.000245, 0.000246, 0.000241, 0.000239, 0.00024, 0.000249, 0.000242, 0.000241, 0.000241, 0.000239, 0.000243, 0.000246, 0.000262, 0.000245, 0.00024, 0.000241, 0.000241, 0.00024, 0.000243, 0.000243, 0.000241, 0.00024, 0.000242, 0.000241, 0.00024, 0.000241, 0.000241, 0.00024, 0.000238, 0.00026, 0.000245, 0.000244, 0.00024, 0.000238, 0.000239, 0.00024, 0.000239, 0.000239, 0.000241, 0.000239, 0.00024, 0.000241, 0.000245, 0.000245, 0.00024, 0.000262, 0.000257, 0.00024, 0.000241, 0.00024, 0.000247, 0.000269, 0.000245, 0.000241, 0.000239, 0.000242, 0.000241, 0.00024, 0.000242, 0.000244, 0.000245, 0.000259, 0.000246, 0.00024, 0.000238, 0.000241, 0.000241, 0.000239, 0.000241, 0.000239, 0.000242, 0.00024, 0.00024, 0.000241, 0.00024, 0.000244, 0.000245, 0.000239, 0.000261}"
