"model_name","layer_name","layer_index","kind","min_time","mean_time","max_time","add_flops","div_flops","cmp_flops","exp_flops","mad_flops","input_channel","input_height","input_width","output_channel","output_height","output_width","function","kernel_1","kernel_2","stride_1","stride_2","dilation_1","dilation_2","input_form","topology_hash","mad/min_time","mad/mean_time","mad/max_time","time"
"Yahoo Open NSFW Model V1","stage1_block1/conv_branch2c",56,"Convolution",0.000321,0.0003283166666666667,0.004135,0,0,0,0,12845056,64,28,28,256,28,28,"",1,1,1,1,1,1,"HoldForm[ConvolutionLayer[256, {1, 1}, ""Stride"" -> {1, 1}, ""PaddingSize"" -> {{0, 0}, {0, 0}}, ""Dilation"" -> {1, 1}, ""Input"" -> {64, 28, 28}]]","0t0yd2kayvlml",4.00157507788162e10,3.912398395857658e10,3.1064222490931077e9,"{0.004135, 0.000375, 0.000354, 0.000331, 0.00033, 0.000331, 0.00033, 0.000328, 0.000324, 0.000349, 0.000337, 0.000336, 0.000336, 0.000329, 0.000329, 0.000335, 0.000334, 0.000326, 0.000328, 0.000329, 0.000327, 0.000359, 0.000337, 0.000325, 0.000324, 0.000324, 0.000325, 0.000328, 0.000336, 0.00033, 0.000327, 0.000323, 0.000355, 0.000354, 0.00033, 0.000327, 0.000327, 0.000325, 0.000324, 0.000325, 0.000325, 0.000323, 0.000436, 0.000333, 0.000323, 0.000359, 0.000334, 0.000327, 0.000325, 0.000326, 0.000328, 0.000325, 0.000324, 0.000322, 0.000322, 0.000321, 0.000325, 0.000344, 0.000339, 0.000326, 0.000325, 0.000324, 0.000353, 0.000325, 0.000327, 0.000323, 0.000323, 0.000321, 0.000325, 0.000351, 0.000332, 0.000328, 0.000372, 0.000364, 0.000325, 0.000332, 0.00033, 0.000326, 0.000323, 0.000353, 0.00033, 0.000349, 0.000332, 0.000324, 0.000325, 0.000325, 0.000322, 0.000323, 0.000335, 0.000325, 0.000326, 0.000325, 0.000353, 0.000357, 0.000328, 0.000326, 0.000323, 0.000324, 0.000323, 0.000324}"
