"model_name","layer_name","layer_index","kind","min_time","mean_time","max_time","add_flops","div_flops","cmp_flops","exp_flops","mad_flops","input_channel","input_height","input_width","output_channel","output_height","output_width","function","kernel_1","kernel_2","stride_1","stride_2","dilation_1","dilation_2","input_form","topology_hash","mad/min_time","mad/mean_time","mad/max_time","time"
"Dilated ResNet-22 Trained on Cityscapes Data","convolution2",7,"Convolution",0.028795,0.028924266666666674,0.063078,0,0,0,0,603979776,16,512,1024,32,256,512,"",3,3,2,2,1,1,"HoldForm[ConvolutionLayer[32, {3, 3}, ""Stride"" -> {2, 2}, ""PaddingSize"" -> {{1, 1}, {1, 1}}, ""Dilation"" -> {1, 1}, ""Input"" -> {16, 512, 1024}]]","03x0yx0xgra6t",2.0975161521097412e10,2.0881420537311226e10,9.57512565395225e9,"{0.063078, 0.028922, 0.028912, 0.02928, 0.029006, 0.028959, 0.028908, 0.028843, 0.028799, 0.028883, 0.028893, 0.028829, 0.028801, 0.028841, 0.028915, 0.028837, 0.028795, 0.028829, 0.028887, 0.028929, 0.02892, 0.029006, 0.028909, 0.028907, 0.028961, 0.028941, 0.028931, 0.029047, 0.02897, 0.028921, 0.02897, 0.028988, 0.028927, 0.028955, 0.028952, 0.029071, 0.028932, 0.028986, 0.028984, 0.028999, 0.028915, 0.02887, 0.028962, 0.028888, 0.028953, 0.028831, 0.028862, 0.028943, 0.028931, 0.028862}"
