"model_name","layer_name","layer_index","kind","min_time","mean_time","max_time","add_flops","div_flops","cmp_flops","exp_flops","mad_flops","input_channel","input_height","input_width","output_channel","output_height","output_width","function","kernel_1","kernel_2","stride_1","stride_2","dilation_1","dilation_2","input_form","topology_hash","mad/min_time","mad/mean_time","mad/max_time","time"
"Single-Image Depth Perception Net Trained on NYU Depth V2 and Depth in the Wild Data","4/1/1/3/4/4",45,"Convolution",0.038707,0.03896736666666667,0.091468,0,0,0,0,963379200,32,120,160,32,120,160,"",7,7,1,1,1,1,"HoldForm[ConvolutionLayer[32, {7, 7}, ""Stride"" -> {1, 1}, ""PaddingSize"" -> {{3, 3}, {3, 3}}, ""Dilation"" -> {1, 1}, ""Input"" -> {32, 120, 160}]]","06c3ym5c275lj",2.4889017490376415e10,2.4722717555972046e10,1.0532417894782875e10,"{0.091468, 0.03904, 0.039057, 0.039249, 0.038891, 0.039138, 0.039109, 0.038843, 0.038798, 0.038799, 0.038919, 0.038816, 0.039171, 0.039065, 0.038857, 0.038811, 0.038868, 0.039004, 0.039049, 0.03921, 0.03989, 0.039177, 0.038849, 0.03886, 0.039222, 0.038834, 0.038717, 0.038864, 0.038707, 0.039074, 0.038929, 0.038851, 0.038987, 0.038862, 0.039078, 0.039098, 0.038981, 0.039099, 0.038871, 0.039106, 0.039019, 0.038993, 0.039025, 0.038976, 0.038785, 0.038946, 0.038861, 0.038963, 0.038713, 0.039085}"
