"model_name","layer_name","layer_index","kind","min_time","mean_time","max_time","add_flops","div_flops","cmp_flops","exp_flops","mad_flops","input_channel","input_height","input_width","output_channel","output_height","output_width","function","kernel_1","kernel_2","stride_1","stride_2","dilation_1","dilation_2","input_form","topology_hash","mad/min_time","mad/mean_time","mad/max_time","time"
"2D Face Alignment Net Trained on 300W Large Pose Data","14/1/2/3/1/2/3/1/1/1/1/1/4/2/1/3",352,"Convolution",0.000749,0.0008106333333333333,0.001341,0,0,0,0,18874368,128,16,16,64,16,16,"",3,3,1,1,1,1,"HoldForm[ConvolutionLayer[64, {3, 3}, ""Stride"" -> {1, 1}, ""PaddingSize"" -> {{1, 1}, {1, 1}}, ""Dilation"" -> {1, 1}, ""Input"" -> {128, 16, 16}]]","02rpbnlh0jd82",2.5199423230974636e10,2.3283483695875652e10,1.4074845637583893e10,"{0.001341, 0.000774, 0.000762, 0.000755, 0.000758, 0.000757, 0.000754, 0.000776, 0.000763, 0.000754, 0.000755, 0.000752, 0.000776, 0.000755, 0.000758, 0.000757, 0.000754, 0.00078, 0.000757, 0.000755, 0.000754, 0.000764, 0.000764, 0.000753, 0.00075, 0.000751, 0.00075, 0.000749, 0.000785, 0.00088, 0.000881, 0.000883, 0.000885, 0.000883, 0.000882, 0.000882, 0.000879, 0.000907, 0.000885, 0.000883, 0.000882, 0.000887, 0.000884, 0.000878, 0.00089, 0.000882, 0.000907, 0.000881, 0.00088, 0.000878}"
