"model_name","layer_name","layer_index","kind","min_time","mean_time","max_time","add_flops","div_flops","cmp_flops","exp_flops","mad_flops","input_channel","input_height","input_width","output_channel","output_height","output_width","function","kernel_1","kernel_2","stride_1","stride_2","dilation_1","dilation_2","input_form","topology_hash","mad/min_time","mad/mean_time","mad/max_time","time"
"ResNet-101 Trained on Augmented CASIA-WebFace Data","4b11/res4b11_relu",201,"Elementwise",0.00009,0.00010148333333333324,0.00073,0,0,200704,0,200704,1024,14,14,1024,14,14,"Ramp","","","","","","","HoldForm[ElementwiseLayer[Ramp, ""Input"" -> {1024, 14, 14}]]","1k2x5pn4rbhw1",2.2300444444444447e9,1.9777040564953213e9,2.749369863013699e8,"{0.00073, 0.000139, 0.000112, 0.000109, 0.00011, 0.000109, 0.000108, 0.00011, 0.000109, 0.000108, 0.000108, 0.000108, 0.000109, 0.000108, 0.000109, 0.000109, 0.000109, 0.000109, 0.000109, 0.000108, 0.000109, 0.000108, 0.000109, 0.000109, 0.000117, 0.00011, 0.000109, 0.000108, 0.000108, 0.000108, 0.000109, 0.000109, 0.000109, 0.000108, 0.000109, 0.000109, 0.000131, 0.00011, 0.000109, 0.000109, 0.000109, 0.000109, 0.000108, 0.000108, 0.000108, 0.000109, 0.000109, 0.000109, 0.000109, 0.000122, 0.000123, 0.000119, 0.000106, 0.000101, 0.000092, 0.000092, 0.000091, 0.000091, 0.000092, 0.000091, 0.000091, 0.000091, 0.000091, 0.000091, 0.000091, 0.000092, 0.000092, 0.000091, 0.00009, 0.000091, 0.000091, 0.000092, 0.000092, 0.000091, 0.000092, 0.000118, 0.000093, 0.000092, 0.000092, 0.000091, 0.000091, 0.000091, 0.0001, 0.000091, 0.000091, 0.000092, 0.000091, 0.000092, 0.000091, 0.000091, 0.00009, 0.000091, 0.00009, 0.000091, 0.000091, 0.000091, 0.00009, 0.000092, 0.000091, 0.000091}"
