"model_name","layer_name","layer_index","kind","min_time","mean_time","max_time","add_flops","div_flops","cmp_flops","exp_flops","mad_flops","input_channel","input_height","input_width","output_channel","output_height","output_width","function","kernel_1","kernel_2","stride_1","stride_2","dilation_1","dilation_2","input_form","topology_hash","mad/min_time","mad/mean_time","mad/max_time","time"
"Single-Image Depth Perception Net Trained on Depth in the Wild Data","4/1/2/1/2/3",482,"Elementwise",0.002681,0.0028276333333333336,0.010701,0,0,4915200,0,4915200,64,240,320,64,240,320,"Ramp","","","","","","","HoldForm[ElementwiseLayer[Ramp, ""Input"" -> {64, 240, 320}]]","04q1a2l4ujoh5",1.8333457665050354e9,1.7382734677999268e9,4.5932155873282874e8,"{0.010701, 0.00312, 0.002977, 0.002952, 0.002977, 0.002925, 0.002925, 0.00293, 0.002893, 0.002836, 0.002838, 0.002849, 0.00278, 0.002767, 0.002826, 0.002812, 0.002767, 0.002788, 0.002781, 0.002737, 0.002761, 0.002747, 0.00272, 0.002681, 0.00272, 0.002779, 0.002743, 0.002859, 0.002814, 0.002786, 0.002796, 0.002789, 0.002779, 0.002791, 0.002791, 0.002799, 0.002799, 0.002812, 0.002824, 0.00281, 0.002877, 0.002878, 0.002844, 0.002899, 0.00291, 0.002915, 0.002874, 0.002887, 0.00287, 0.002848}"
