"model_name","layer_name","layer_index","kind","min_time","mean_time","max_time","add_flops","div_flops","cmp_flops","exp_flops","mad_flops","input_channel","input_height","input_width","output_channel","output_height","output_width","function","kernel_1","kernel_2","stride_1","stride_2","dilation_1","dilation_2","input_form","topology_hash","mad/min_time","mad/mean_time","mad/max_time","time"
"ResNet-101 Trained on YFCC100m Geotagged Data","stage3_unit15/relu1",220,"Elementwise",0.0001,0.00010098333333333341,0.000564,0,0,200704,0,200704,1024,14,14,1024,14,14,"Ramp","","","","","","","HoldForm[ElementwiseLayer[Ramp, ""Input"" -> {1024, 14, 14}]]","1k2x5pn4rbhw1",2.00704e9,1.9874962865159254e9,3.558581560283688e8,"{0.000564, 0.000119, 0.000105, 0.000103, 0.000102, 0.000102, 0.000101, 0.000102, 0.000101, 0.0001, 0.000123, 0.000103, 0.000101, 0.000101, 0.0001, 0.000101, 0.0001, 0.000101, 0.000101, 0.000101, 0.0001, 0.000101, 0.000101, 0.000101, 0.000102, 0.000101, 0.0001, 0.000101, 0.0001, 0.000102, 0.000101, 0.000101, 0.000102, 0.0001, 0.000101, 0.000101, 0.0001, 0.000101, 0.000101, 0.000101, 0.000101, 0.0001, 0.0001, 0.0001, 0.0001, 0.0001, 0.0001, 0.000101, 0.0001, 0.000119, 0.000102, 0.000102, 0.000102, 0.000101, 0.000101, 0.000101, 0.000101, 0.000102, 0.0001, 0.000102, 0.000101, 0.0001, 0.0001, 0.000102, 0.000101, 0.000101, 0.000101, 0.0001, 0.000101, 0.0001, 0.0001, 0.0001, 0.00011, 0.000101, 0.000101, 0.000101, 0.0001, 0.0001, 0.0001, 0.0001, 0.000101, 0.000102, 0.0001, 0.000101, 0.0001, 0.000123, 0.000104, 0.000102, 0.00012, 0.000103, 0.000101, 0.000101, 0.000101, 0.000101, 0.000102, 0.000101, 0.000101, 0.000102, 0.0001, 0.000101}"
