"model_name","layer_name","layer_index","kind","min_time","mean_time","max_time","add_flops","div_flops","cmp_flops","exp_flops","mad_flops","input_channel","input_height","input_width","output_channel","output_height","output_width","function","kernel_1","kernel_2","stride_1","stride_2","dilation_1","dilation_2","input_form","topology_hash","mad/min_time","mad/mean_time","mad/max_time","time"
"VGGish Feature Extractor Trained on YouTube Data","Net/relu3_2",11,"Elementwise",0.000051,0.00006195,0.000346,0,0,98304,0,98304,256,24,16,256,24,16,"Ramp","","","","","","","HoldForm[ElementwiseLayer[Ramp, ""Input"" -> {256, 24, 16}]]","1q6pe55ly4sj6",1.927529411764706e9,1.5868280871670702e9,2.8411560693641615e8,"{0.000346, 0.000065, 0.000056, 0.000053, 0.000052, 0.000052, 0.000052, 0.000051, 0.000092, 0.000067, 0.000064, 0.000063, 0.000062, 0.000062, 0.000062, 0.000061, 0.000062, 0.000062, 0.000061, 0.000086, 0.000064, 0.000061, 0.000062, 0.000062, 0.000062, 0.000062, 0.000062, 0.000062, 0.000062, 0.000062, 0.000061, 0.000062, 0.000061, 0.000062, 0.000062, 0.000062, 0.000061, 0.000062, 0.000062, 0.000062, 0.000062, 0.000061, 0.000064, 0.000063, 0.000062, 0.000062, 0.000062, 0.000062, 0.000062, 0.000062, 0.000062, 0.000062, 0.000063, 0.000062, 0.000062, 0.000063, 0.000062, 0.000061, 0.000062, 0.000062, 0.000061, 0.000062, 0.000062, 0.000061, 0.000062, 0.000062, 0.000061, 0.000062, 0.000062, 0.000062, 0.000062, 0.000062, 0.000061, 0.000062, 0.000061, 0.000062, 0.000061, 0.000061, 0.000062, 0.000062, 0.000062, 0.000062, 0.000062, 0.000082, 0.000062, 0.000062, 0.000062, 0.000062, 0.000062, 0.000062, 0.000062, 0.000062, 0.000061, 0.000062, 0.000062, 0.000062, 0.000062, 0.000061, 0.000062, 0.000062}"
