"model_name","layer_name","layer_index","kind","min_time","mean_time","max_time","add_flops","div_flops","cmp_flops","exp_flops","mad_flops","input_channel","input_height","input_width","output_channel","output_height","output_width","function","kernel_1","kernel_2","stride_1","stride_2","dilation_1","dilation_2","input_form","topology_hash","mad/min_time","mad/mean_time","mad/max_time","time"
"2D Face Alignment Net Trained on 300W Large Pose Data","13/1/2/3/1/2/3/1/2/2/1/1/4/2/2/2/2",600,"Elementwise",0.00002,0.000024266666666666662,0.000054,0,0,4096,0,4096,64,8,8,64,8,8,"Ramp","","","","","","","HoldForm[ElementwiseLayer[Ramp, ""Input"" -> {64, 8, 8}]]","0dlsoiayedfwh",2.0479999999999997e8,1.6879120879120883e8,7.585185185185185e7,"{0.000054, 0.000025, 0.000022, 0.000021, 0.000028, 0.00002, 0.000028, 0.000022, 0.000021, 0.000028, 0.000028, 0.000021, 0.000021, 0.000028, 0.000027, 0.000028, 0.000027, 0.000028, 0.000028, 0.000028, 0.000022, 0.00002, 0.000023, 0.000021, 0.000028, 0.000028, 0.000021, 0.000022, 0.000022, 0.000028, 0.00002, 0.000028, 0.000021, 0.000021, 0.000021, 0.000028, 0.000021, 0.000029, 0.00002, 0.000028, 0.000022, 0.000021, 0.000021, 0.000023, 0.000022, 0.000028, 0.000027, 0.000028, 0.000022, 0.000022}"
