"model_name","layer_name","layer_index","kind","min_time","mean_time","max_time","add_flops","div_flops","cmp_flops","exp_flops","mad_flops","input_channel","input_height","input_width","output_channel","output_height","output_width","function","kernel_1","kernel_2","stride_1","stride_2","dilation_1","dilation_2","input_form","topology_hash","mad/min_time","mad/mean_time","mad/max_time","time"
"VGG-19 Trained on ImageNet Competition Data","relu3_3",16,"Elementwise",0.000279,0.0002826000000000001,0.001678,0,0,802816,0,802816,256,56,56,256,56,56,"Ramp","","","","","","","HoldForm[ElementwiseLayer[Ramp, ""Input"" -> {256, 56, 56}]]","0tcc7oger2ac7",2.8774767025089607e9,2.840820948336871e9,4.784362336114422e8,"{0.001678, 0.000394, 0.000306, 0.000281, 0.00028, 0.000281, 0.00028, 0.000282, 0.000281, 0.000279, 0.000281, 0.000281, 0.000281, 0.000281, 0.000281, 0.000281, 0.000291, 0.000282, 0.000282, 0.000282, 0.000282, 0.000282, 0.000282, 0.000282, 0.000287, 0.000292, 0.000282, 0.000293, 0.000282, 0.000282, 0.000305, 0.000283, 0.000285, 0.000285, 0.000284, 0.000283, 0.000283, 0.000282, 0.000282, 0.000284, 0.000283, 0.000283, 0.000283, 0.000283, 0.000306, 0.000284, 0.000283, 0.000283, 0.000283, 0.000283}"
