"model_name","layer_name","layer_index","kind","min_time","mean_time","max_time","add_flops","div_flops","cmp_flops","exp_flops","mad_flops","input_channel","input_height","input_width","output_channel","output_height","output_width","function","kernel_1","kernel_2","stride_1","stride_2","dilation_1","dilation_2","input_form","topology_hash","mad/min_time","mad/mean_time","mad/max_time","time"
"Ademxapp Model A1 Trained on ADE20K Data","3b1/res3b1_branch2b1_relu",36,"Elementwise",0.001916,0.0019984499999999993,0.008814,0,0,4064256,0,4064256,256,126,126,256,126,126,"Ramp","","","","","","","HoldForm[ElementwiseLayer[Ramp, ""Input"" -> {256, 126, 126}]]","0szc8hu6pd3d3",2.1212192066805847e9,2.0337041206935382e9,4.611136827773996e8,"{0.008814, 0.002509, 0.002298, 0.002246, 0.002157, 0.002124, 0.002034, 0.00204, 0.001984, 0.002037, 0.002003, 0.002038, 0.001973, 0.001979, 0.001951, 0.002025, 0.001977, 0.002008, 0.001959, 0.002017, 0.001999, 0.001999, 0.001949, 0.001985, 0.001961, 0.002018, 0.001976, 0.002006, 0.00197, 0.002039, 0.001961, 0.001979, 0.001916, 0.001961, 0.00194, 0.001968, 0.001929, 0.001956, 0.001947, 0.002034, 0.001972, 0.001996, 0.001947, 0.002038, 0.002013, 0.002058, 0.002018, 0.00211, 0.002085, 0.002113, 0.002014, 0.002023, 0.001972, 0.001985, 0.00197, 0.002009, 0.001945, 0.002028, 0.001955, 0.002007, 0.001968, 0.002004, 0.001942, 0.001965, 0.001955, 0.001982, 0.001976, 0.00202, 0.001969, 0.002007, 0.001958, 0.001985, 0.001939, 0.001983, 0.001934, 0.001969, 0.00195, 0.001978, 0.001998, 0.002067, 0.002016, 0.00213, 0.002067, 0.002085, 0.002045, 0.002057, 0.001971, 0.001979, 0.001968, 0.002034, 0.001981, 0.002021, 0.001983, 0.002039, 0.002037, 0.002017, 0.002002, 0.002057, 0.002001, 0.00204}"
