"model_name","layer_name","layer_index","kind","min_time","mean_time","max_time","add_flops","div_flops","cmp_flops","exp_flops","mad_flops","input_channel","input_height","input_width","output_channel","output_height","output_width","function","kernel_1","kernel_2","stride_1","stride_2","dilation_1","dilation_2","input_form","topology_hash","mad/min_time","mad/mean_time","mad/max_time","time"
"Inception V1 Trained on Places365 Data","inception_5b/relu_5x5_reduce",136,"Elementwise",0.000021,0.00002355,0.000148,0,0,2352,0,2352,48,7,7,48,7,7,"Ramp","","","","","","","HoldForm[ElementwiseLayer[Ramp, ""Input"" -> {48, 7, 7}]]","0vdhzzv0bbua7",1.12e8,9.987261146496814e7,1.5891891891891891e7,"{0.000148, 0.000022, 0.000026, 0.000025, 0.000024, 0.000023, 0.000023, 0.000024, 0.000024, 0.000023, 0.000024, 0.000024, 0.000024, 0.000024, 0.000024, 0.000023, 0.000023, 0.000024, 0.000024, 0.000024, 0.000024, 0.000023, 0.000023, 0.000024, 0.000024, 0.000023, 0.000024, 0.000024, 0.000023, 0.000023, 0.000023, 0.000023, 0.000024, 0.000024, 0.000023, 0.000023, 0.000023, 0.000023, 0.000023, 0.000023, 0.000023, 0.000024, 0.000024, 0.000036, 0.000021, 0.000023, 0.000024, 0.000023, 0.000023, 0.000023, 0.000024, 0.000024, 0.000023, 0.000023, 0.000024, 0.000025, 0.000024, 0.000023, 0.000023, 0.000023, 0.000024, 0.000024, 0.000023, 0.000023, 0.000024, 0.000024, 0.000023, 0.000024, 0.000024, 0.000023, 0.000024, 0.000024, 0.000025, 0.000024, 0.000024, 0.000024, 0.000024, 0.000023, 0.000023, 0.000024, 0.000024, 0.000023, 0.000023, 0.000023, 0.000023, 0.000023, 0.000023, 0.00004, 0.000027, 0.000024, 0.000023, 0.000023, 0.000023, 0.000023, 0.000024, 0.000023, 0.000024, 0.000024, 0.000024, 0.000024}"
