"model_name","layer_name","layer_index","kind","min_time","mean_time","max_time","add_flops","div_flops","cmp_flops","exp_flops","mad_flops","input_channel","input_height","input_width","output_channel","output_height","output_width","function","kernel_1","kernel_2","stride_1","stride_2","dilation_1","dilation_2","input_form","topology_hash","mad/min_time","mad/mean_time","mad/max_time","time"
"2D Face Alignment Net Trained on 300W Large Pose Data","13/1/1/1/1/1/2",514,"Elementwise",0.000457,0.0004613166666666668,0.003011,0,0,1048576,0,1048576,256,64,64,256,64,64,"Ramp","","","","","","","HoldForm[ElementwiseLayer[Ramp, ""Input"" -> {256, 64, 64}]]","11v1xlvm83ptf",2.294477024070022e9,2.2730069727952595e9,3.4824842245101297e8,"{0.003011, 0.000663, 0.00051, 0.000465, 0.000459, 0.00049, 0.000458, 0.000458, 0.000458, 0.000476, 0.000465, 0.000473, 0.00046, 0.000459, 0.000489, 0.000457, 0.000466, 0.000458, 0.000459, 0.000457, 0.000457, 0.000457, 0.000484, 0.000459, 0.000457, 0.000459, 0.000459, 0.00046, 0.000458, 0.000457, 0.000459, 0.000482, 0.000473, 0.000461, 0.000459, 0.000458, 0.000461, 0.000458, 0.000468, 0.000461, 0.000484, 0.000465, 0.000464, 0.000463, 0.00046, 0.000461, 0.000459, 0.00046, 0.000482, 0.00046, 0.000461, 0.000461, 0.000465, 0.000462, 0.000465, 0.000463, 0.000461, 0.000486, 0.00046, 0.000467, 0.00046, 0.00046, 0.00046, 0.000459, 0.000461, 0.000481, 0.000462, 0.000459, 0.000462, 0.000462, 0.000459, 0.00046, 0.000461, 0.000459, 0.000482, 0.000463, 0.000462, 0.000463, 0.000461, 0.000461, 0.000462, 0.000472, 0.000462, 0.000479, 0.000459, 0.000459, 0.000459, 0.000461, 0.00046, 0.000459, 0.000459, 0.000484, 0.00046, 0.000458, 0.000457, 0.000458, 0.000461, 0.000481, 0.000466, 0.000466}"
