"model_name","layer_name","layer_index","kind","min_time","mean_time","max_time","add_flops","div_flops","cmp_flops","exp_flops","mad_flops","input_channel","input_height","input_width","output_channel","output_height","output_width","function","kernel_1","kernel_2","stride_1","stride_2","dilation_1","dilation_2","input_form","topology_hash","mad/min_time","mad/mean_time","mad/max_time","time"
"Unguided Volumetric Regression Net for 3D Face Reconstruction","8/2/2/1/1/5",517,"Elementwise",0.000105,0.0001091,0.000154,0,0,294912,0,294912,128,48,48,128,48,48,"Ramp","","","","","","","HoldForm[ElementwiseLayer[Ramp, ""Input"" -> {128, 48, 48}]]","0luaic76wbzvs",2.808685714285714e9,2.703134738771769e9,1.9150129870129871e9,"{0.000154, 0.00012, 0.000106, 0.000105, 0.000105, 0.000115, 0.000105, 0.000106, 0.000106, 0.000106, 0.000106, 0.000106, 0.000106, 0.000105, 0.000105, 0.000124, 0.000108, 0.00011, 0.000109, 0.000109, 0.000109, 0.00011, 0.000109, 0.00011, 0.000109, 0.000109, 0.000109, 0.00011, 0.000109, 0.00011, 0.00011, 0.00011, 0.000109, 0.00011, 0.00011, 0.00011, 0.00011, 0.000109, 0.000109, 0.000109, 0.00011, 0.00011, 0.000111, 0.000114, 0.00011, 0.000109, 0.000109, 0.000109, 0.000109, 0.000109}"
