"model_name","layer_name","layer_index","kind","min_time","mean_time","max_time","add_flops","div_flops","cmp_flops","exp_flops","mad_flops","input_channel","input_height","input_width","output_channel","output_height","output_width","function","kernel_1","kernel_2","stride_1","stride_2","dilation_1","dilation_2","input_form","topology_hash","mad/min_time","mad/mean_time","mad/max_time","time"
"Inception V1 Trained on ImageNet Competition Data","inception_4d/relu_3x3_reduce",88,"Elementwise",0.000032,0.00003223333333333331,0.000204,0,0,28224,0,28224,144,14,14,144,14,14,"Ramp","","","","","","","HoldForm[ElementwiseLayer[Ramp, ""Input"" -> {144, 14, 14}]]","0vh36iyheegow",8.82e8,8.756153050672189e8,1.3835294117647058e8,"{0.000204, 0.000041, 0.000034, 0.000033, 0.000033, 0.000033, 0.000033, 0.000033, 0.000033, 0.000032, 0.000032, 0.000032, 0.000032, 0.000033, 0.000033, 0.000032, 0.000033, 0.000032, 0.000032, 0.000032, 0.000032, 0.000032, 0.000032, 0.000032, 0.000032, 0.000032, 0.000032, 0.000032, 0.000033, 0.000033, 0.000033, 0.000032, 0.000032, 0.000032, 0.000033, 0.000032, 0.000032, 0.000032, 0.000032, 0.000032, 0.000032, 0.000033, 0.000063, 0.000033, 0.000033, 0.000032, 0.000033, 0.000032, 0.000032, 0.000032, 0.000032, 0.000032, 0.000033, 0.000033, 0.000032, 0.000033, 0.000033, 0.000033, 0.000033, 0.000032, 0.000032, 0.000032, 0.000032, 0.000033, 0.000032, 0.000032, 0.000032, 0.000032, 0.000032, 0.000032, 0.000032, 0.000032, 0.000032, 0.000032, 0.000032, 0.000032, 0.000032, 0.000032, 0.000032, 0.000032, 0.000032, 0.000032, 0.000033, 0.000032, 0.000032, 0.000032, 0.000032, 0.000032, 0.000032, 0.000032, 0.000032, 0.000032, 0.000032, 0.000032, 0.000033, 0.000033, 0.000032, 0.000033, 0.000033, 0.000033}"
