"model_name","layer_name","layer_index","kind","min_time","mean_time","max_time","add_flops","div_flops","cmp_flops","exp_flops","mad_flops","input_channel","input_height","input_width","output_channel","output_height","output_width","function","kernel_1","kernel_2","stride_1","stride_2","dilation_1","dilation_2","input_form","topology_hash","mad/min_time","mad/mean_time","mad/max_time","time"
"ResNet-152 Trained on ImageNet Competition Data","4b15/res4b15_relu",281,"Elementwise",0.000083,0.00009389999999999994,0.000128,0,0,200704,0,200704,1024,14,14,1024,14,14,"Ramp","","","","","","","HoldForm[ElementwiseLayer[Ramp, ""Input"" -> {1024, 14, 14}]]","1k2x5pn4rbhw1",2.418120481927711e9,2.1374227902023444e9,1.568e9,"{0.000119, 0.0001, 0.000096, 0.000094, 0.000117, 0.000096, 0.000094, 0.000095, 0.000094, 0.000095, 0.000094, 0.000094, 0.000094, 0.000093, 0.000094, 0.000094, 0.000094, 0.000094, 0.000094, 0.000093, 0.000094, 0.000094, 0.000094, 0.000093, 0.000094, 0.000094, 0.000094, 0.000094, 0.000094, 0.000093, 0.000094, 0.000093, 0.000094, 0.000094, 0.000106, 0.000094, 0.000094, 0.000093, 0.000093, 0.000094, 0.000094, 0.000093, 0.000094, 0.000093, 0.000093, 0.000128, 0.000101, 0.000086, 0.000084, 0.000083}"
