"model_name","layer_name","layer_index","kind","min_time","mean_time","max_time","add_flops","div_flops","cmp_flops","exp_flops","mad_flops","input_channel","input_height","input_width","output_channel","output_height","output_width","function","kernel_1","kernel_2","stride_1","stride_2","dilation_1","dilation_2","input_form","topology_hash","mad/min_time","mad/mean_time","mad/max_time","time"
"Single-Image Depth Perception Net Trained on NYU Depth V2 and Depth in the Wild Data","4/1/1/2/3/3",16,"Elementwise",0.000233,0.00023679999999999998,0.001421,0,0,614400,0,614400,32,120,160,32,120,160,"Ramp","","","","","","","HoldForm[ElementwiseLayer[Ramp, ""Input"" -> {32, 120, 160}]]","1v51dnnow66w3",2.6369098712446356e9,2.594594594594595e9,4.3237156931738216e8,"{0.001421, 0.000303, 0.000258, 0.000244, 0.000237, 0.000235, 0.000235, 0.000235, 0.000235, 0.000235, 0.000257, 0.000238, 0.000236, 0.000236, 0.000236, 0.000235, 0.000235, 0.000235, 0.000236, 0.000235, 0.000234, 0.000235, 0.000236, 0.000249, 0.000236, 0.000235, 0.000235, 0.000259, 0.000237, 0.000234, 0.00024, 0.000234, 0.000234, 0.000234, 0.000235, 0.000235, 0.000235, 0.000235, 0.000234, 0.000243, 0.000236, 0.000235, 0.000235, 0.000234, 0.000253, 0.000236, 0.000234, 0.000234, 0.000235, 0.000235, 0.000236, 0.000235, 0.000234, 0.000234, 0.000234, 0.000235, 0.000234, 0.000233, 0.000234, 0.000235, 0.000235, 0.000257, 0.000238, 0.000237, 0.000238, 0.000242, 0.000237, 0.000237, 0.000238, 0.000237, 0.000237, 0.000238, 0.000244, 0.000238, 0.000237, 0.000238, 0.000238, 0.000256, 0.000238, 0.000237, 0.000238, 0.000249, 0.000241, 0.000239, 0.000239, 0.000239, 0.000239, 0.000239, 0.000239, 0.000239, 0.000239, 0.000239, 0.000239, 0.000239, 0.000257, 0.00024, 0.000238, 0.00024, 0.000239, 0.000239}"
