"model_name","layer_name","layer_index","kind","min_time","mean_time","max_time","add_flops","div_flops","cmp_flops","exp_flops","mad_flops","input_channel","input_height","input_width","output_channel","output_height","output_width","function","kernel_1","kernel_2","stride_1","stride_2","dilation_1","dilation_2","input_form","topology_hash","mad/min_time","mad/mean_time","mad/max_time","time"
"Inception V1 Trained on Extended Salient Object Subitizing Data","inception_3a/relu_1x1",14,"Elementwise",0.000031,0.000032133333333333346,0.00014,0,0,50176,0,50176,64,28,28,64,28,28,"Ramp","","","","","","","HoldForm[ElementwiseLayer[Ramp, ""Input"" -> {64, 28, 28}]]","1dqwg7f69q53u",1.6185806451612902e9,1.5614937759336092e9,3.584e8,"{0.00014, 0.000036, 0.000033, 0.000033, 0.000033, 0.000032, 0.000032, 0.000032, 0.000038, 0.000034, 0.000032, 0.000032, 0.000032, 0.000032, 0.000032, 0.000032, 0.000032, 0.000033, 0.000032, 0.000032, 0.000032, 0.000033, 0.000032, 0.000032, 0.000032, 0.000032, 0.000042, 0.000036, 0.000033, 0.000032, 0.000032, 0.000032, 0.000033, 0.000032, 0.000031, 0.000032, 0.000032, 0.000032, 0.000032, 0.000032, 0.000032, 0.000032, 0.000032, 0.000032, 0.000033, 0.000032, 0.000032, 0.000032, 0.000032, 0.000032}"
