"model_name","layer_name","layer_index","kind","min_time","mean_time","max_time","add_flops","div_flops","cmp_flops","exp_flops","mad_flops","input_channel","input_height","input_width","output_channel","output_height","output_width","function","kernel_1","kernel_2","stride_1","stride_2","dilation_1","dilation_2","input_form","topology_hash","mad/min_time","mad/mean_time","mad/max_time","time"
"OpenFace Face Recognition Net Trained on CASIA-WebFace and FaceScrub Data","17/3/4",99,"Elementwise",0.000033,0.00003436666666666665,0.000163,0,0,0,2560,0,640,2,2,640,2,2,"Sqrt","","","","","","","HoldForm[ElementwiseLayer[Sqrt, ""Input"" -> {640, 2, 2}]]","0ox4uzo9e0lb6",0.,0.,0.,"{0.000163, 0.000037, 0.000034, 0.000033, 0.000033, 0.000033, 0.000046, 0.000037, 0.000034, 0.000035, 0.000034, 0.000034, 0.000034, 0.000035, 0.000035, 0.000034, 0.000034, 0.000035, 0.000062, 0.000037, 0.000035, 0.000035, 0.000034, 0.000034, 0.000034, 0.000034, 0.000034, 0.000034, 0.000035, 0.000034, 0.000034, 0.000034, 0.000038, 0.000036, 0.000035, 0.000034, 0.000034, 0.000035, 0.000034, 0.000034, 0.000034, 0.000034, 0.000034, 0.000035, 0.000035, 0.000034, 0.000035, 0.000035, 0.000035, 0.000035, 0.000034, 0.000034, 0.000035, 0.000034, 0.000034, 0.000035, 0.000035, 0.000034, 0.000034, 0.000034, 0.000034, 0.000035, 0.000034, 0.000034, 0.000035, 0.000035, 0.000034, 0.000034, 0.000035, 0.000035, 0.000034, 0.000034, 0.000034, 0.000035, 0.000035, 0.000035, 0.000034, 0.000034, 0.000034, 0.000035, 0.000035, 0.000034, 0.000034, 0.000035, 0.000034, 0.000034, 0.000034, 0.000035, 0.000034, 0.000034, 0.000034, 0.000035, 0.000034, 0.000034, 0.000035, 0.000035, 0.000035, 0.000034, 0.000034, 0.000034}"
