"model_name","layer_name","layer_index","kind","min_time","mean_time","max_time","add_flops","div_flops","cmp_flops","exp_flops","mad_flops","input_channel","input_height","input_width","output_channel","output_height","output_width","function","kernel_1","kernel_2","stride_1","stride_2","dilation_1","dilation_2","input_form","topology_hash","mad/min_time","mad/mean_time","mad/max_time","time"
"3D Face Alignment Net Trained on 300W Large Pose Data","19/1/1/2",263,"Elementwise",0.000338,0.0003412,0.002237,0,0,1048576,0,1048576,256,64,64,256,64,64,"Ramp","","","","","","","HoldForm[ElementwiseLayer[Ramp, ""Input"" -> {256, 64, 64}]]","11v1xlvm83ptf",3.102295857988166e9,3.073200468933177e9,4.6874206526598126e8,"{0.002237, 0.000506, 0.000379, 0.00034, 0.000339, 0.000339, 0.000338, 0.000339, 0.00034, 0.000362, 0.00034, 0.000341, 0.00034, 0.00034, 0.00034, 0.000341, 0.000339, 0.000339, 0.000348, 0.00034, 0.000349, 0.000362, 0.00034, 0.000341, 0.000341, 0.00034, 0.00034, 0.000341, 0.000341, 0.000341, 0.000343, 0.000342, 0.000361, 0.000353, 0.00034, 0.000341, 0.000341, 0.000341, 0.00034, 0.000341, 0.000341, 0.00034, 0.00034, 0.00034, 0.000361, 0.00034, 0.00034, 0.000365, 0.000342, 0.00035}"
