"model_name","layer_name","layer_index","kind","min_time","mean_time","max_time","add_flops","div_flops","cmp_flops","exp_flops","mad_flops","input_channel","input_height","input_width","output_channel","output_height","output_width","function","kernel_1","kernel_2","stride_1","stride_2","dilation_1","dilation_2","input_form","topology_hash","mad/min_time","mad/mean_time","mad/max_time","time"
"ResNet-101 Trained on ImageNet Competition Data","4b17/res4b17_relu",261,"Elementwise",0.000107,0.00010896666666666659,0.000703,0,0,200704,0,200704,1024,14,14,1024,14,14,"Ramp","","","","","","","HoldForm[ElementwiseLayer[Ramp, ""Input"" -> {1024, 14, 14}]]","1k2x5pn4rbhw1",1.8757383177570095e9,1.8418843683083525e9,2.854964438122333e8,"{0.000703, 0.000131, 0.000111, 0.00011, 0.00011, 0.000109, 0.000109, 0.000108, 0.000109, 0.000108, 0.000109, 0.000109, 0.000109, 0.000109, 0.000109, 0.000109, 0.000109, 0.000108, 0.000108, 0.000107, 0.000109, 0.000109, 0.000109, 0.000109, 0.000108, 0.000108, 0.000108, 0.000126, 0.000111, 0.000108, 0.000109, 0.000109, 0.000134, 0.000109, 0.000109, 0.000108, 0.000109, 0.000117, 0.000109, 0.000109, 0.000109, 0.000108, 0.000109, 0.000108, 0.000108, 0.000108, 0.000108, 0.000108, 0.000109, 0.000109, 0.000109, 0.000109, 0.000109, 0.000109, 0.000109, 0.000109, 0.000109, 0.000107, 0.000109, 0.000109, 0.000109, 0.000125, 0.000109, 0.000109, 0.000109, 0.000109, 0.000109, 0.000109, 0.00013, 0.00011, 0.000109, 0.000109, 0.000108, 0.000109, 0.000109, 0.000109, 0.00011, 0.00011, 0.000109, 0.000109, 0.000109, 0.000109, 0.000108, 0.000109, 0.000108, 0.00011, 0.000108, 0.000109, 0.000109, 0.000109, 0.000108, 0.000109, 0.000109, 0.000109, 0.000109, 0.000109, 0.000109, 0.000109, 0.000109, 0.000109}"
