"model_name","layer_name","layer_index","kind","min_time","mean_time","max_time","add_flops","div_flops","cmp_flops","exp_flops","mad_flops","input_channel","input_height","input_width","output_channel","output_height","output_width","function","kernel_1","kernel_2","stride_1","stride_2","dilation_1","dilation_2","input_form","topology_hash","mad/min_time","mad/mean_time","mad/max_time","time"
"Single-Image Depth Perception Net Trained on NYU Depth V2 Data","4/1/1/4/1/1/4/1/1/2/1/3",118,"Elementwise",0.000119,0.0001401499999999999,0.00097,0,0,307200,0,307200,64,60,80,64,60,80,"Ramp","","","","","","","HoldForm[ElementwiseLayer[Ramp, ""Input"" -> {64, 60, 80}]]","1tfaqscxpe2vw",2.5815126050420165e9,2.191937210132003e9,3.16701030927835e8,"{0.00097, 0.000184, 0.000154, 0.000151, 0.000151, 0.000152, 0.000165, 0.00015, 0.000149, 0.00015, 0.00015, 0.000149, 0.000163, 0.000149, 0.000147, 0.000148, 0.000173, 0.000149, 0.000149, 0.000148, 0.000148, 0.000148, 0.000148, 0.000149, 0.000149, 0.000148, 0.000147, 0.000147, 0.000148, 0.000147, 0.000147, 0.000148, 0.000147, 0.000148, 0.000148, 0.000148, 0.000147, 0.000148, 0.000147, 0.000147, 0.000148, 0.000148, 0.000157, 0.000148, 0.000156, 0.000147, 0.000148, 0.000148, 0.000148, 0.000147, 0.000148, 0.000148, 0.000148, 0.000147, 0.000149, 0.000149, 0.000148, 0.000149, 0.000148, 0.000148, 0.000148, 0.000133, 0.000122, 0.00012, 0.000122, 0.000121, 0.000121, 0.00012, 0.00012, 0.00012, 0.00012, 0.00014, 0.000123, 0.000121, 0.000121, 0.000124, 0.000121, 0.00012, 0.000121, 0.000121, 0.00012, 0.000119, 0.00012, 0.000124, 0.00013, 0.000123, 0.00012, 0.00012, 0.00012, 0.00012, 0.000119, 0.00012, 0.000119, 0.00012, 0.000119, 0.000121, 0.00012, 0.00012, 0.00012, 0.00012}"
