"model_name","layer_name","layer_index","kind","min_time","mean_time","max_time","add_flops","div_flops","cmp_flops","exp_flops","mad_flops","input_channel","input_height","input_width","output_channel","output_height","output_width","function","kernel_1","kernel_2","stride_1","stride_2","dilation_1","dilation_2","input_form","topology_hash","mad/min_time","mad/mean_time","mad/max_time","time"
"Unguided Volumetric Regression Net for 3D Face Reconstruction","9/2/2/1/1/5",1010,"Elementwise",0.000107,0.00010836666666666672,0.000152,0,0,294912,0,294912,128,48,48,128,48,48,"Ramp","","","","","","","HoldForm[ElementwiseLayer[Ramp, ""Input"" -> {128, 48, 48}]]","0luaic76wbzvs",2.7561869158878508e9,2.721427253152875e9,1.9402105263157895e9,"{0.000152, 0.000118, 0.000108, 0.000108, 0.000108, 0.000108, 0.000108, 0.000108, 0.000107, 0.000107, 0.000107, 0.000108, 0.000107, 0.000107, 0.000108, 0.000107, 0.000108, 0.000108, 0.000108, 0.000107, 0.000107, 0.000107, 0.000107, 0.000107, 0.000107, 0.000107, 0.000108, 0.000109, 0.000109, 0.000121, 0.000112, 0.00011, 0.000109, 0.000109, 0.000109, 0.00013, 0.000109, 0.000113, 0.000109, 0.00011, 0.000109, 0.000109, 0.000109, 0.000109, 0.000109, 0.000108, 0.000109, 0.000109, 0.000112, 0.000112}"
