"model_name","layer_name","layer_index","kind","min_time","mean_time","max_time","add_flops","div_flops","cmp_flops","exp_flops","mad_flops","input_channel","input_height","input_width","output_channel","output_height","output_width","function","kernel_1","kernel_2","stride_1","stride_2","dilation_1","dilation_2","input_form","topology_hash","mad/min_time","mad/mean_time","mad/max_time","time"
"Inception V3 Trained on ImageNet Competition Data","Inception11/mixed_10_tower_mixed_conv_1_relu",289,"Elementwise",0.000033,0.000034,0.000214,0,0,24576,0,24576,384,8,8,384,8,8,"Ramp","","","","","","","HoldForm[ElementwiseLayer[Ramp, ""Input"" -> {384, 8, 8}]]","1vcjv416kxdo2",7.447272727272726e8,7.228235294117647e8,1.1484112149532712e8,"{0.000214, 0.00004, 0.000036, 0.000064, 0.000035, 0.000035, 0.000034, 0.000037, 0.000036, 0.000033, 0.000034, 0.000034, 0.000033, 0.000034, 0.000034, 0.000034, 0.000035, 0.000034, 0.000034, 0.000034, 0.000033, 0.000034, 0.000034, 0.000034, 0.000034, 0.000034, 0.000034, 0.000034, 0.000034, 0.000033, 0.000034, 0.000034, 0.000034, 0.000033, 0.000034, 0.000034, 0.000034, 0.000033, 0.000034, 0.000034, 0.000034, 0.000033, 0.000034, 0.000035, 0.000033, 0.000033, 0.000034, 0.000034, 0.000034, 0.000034, 0.000034, 0.000034, 0.000034, 0.000034, 0.000034, 0.000034, 0.000034, 0.000033, 0.000034, 0.000034, 0.000034, 0.000034, 0.000034, 0.000034, 0.000034, 0.000034, 0.000034, 0.000034, 0.000034, 0.000034, 0.000034, 0.000034, 0.000034, 0.000034, 0.000034, 0.000034, 0.000034, 0.000033, 0.000034, 0.000034, 0.000034, 0.000039, 0.000035, 0.000035, 0.000034, 0.000034, 0.000034, 0.000035, 0.000035, 0.000035, 0.000034, 0.000034, 0.000034, 0.000034, 0.000035, 0.000035, 0.000034, 0.000035, 0.000035, 0.000034}"
