"model_name","layer_name","layer_index","kind","min_time","mean_time","max_time","add_flops","div_flops","cmp_flops","exp_flops","mad_flops","input_channel","input_height","input_width","output_channel","output_height","output_width","function","kernel_1","kernel_2","stride_1","stride_2","dilation_1","dilation_2","input_form","topology_hash","mad/min_time","mad/mean_time","mad/max_time","time"
"Wide ResNet-50-2 Trained on ImageNet Competition Data","10/10",68,"Elementwise",0.000149,0.00016211666666666666,0.001229,0,0,401408,0,401408,512,28,28,512,28,28,"Ramp","","","","","","","HoldForm[ElementwiseLayer[Ramp, ""Input"" -> {512, 28, 28}]]","1dnvsxrgaunmm",2.694013422818792e9,2.47604400123368e9,3.26613506916192e8,"{0.001229, 0.000234, 0.000191, 0.000186, 0.000186, 0.000187, 0.000187, 0.000186, 0.000186, 0.000185, 0.000186, 0.000186, 0.000186, 0.000185, 0.000185, 0.000185, 0.000185, 0.000186, 0.000214, 0.000187, 0.000186, 0.000194, 0.000186, 0.000185, 0.000185, 0.000185, 0.000184, 0.000185, 0.000186, 0.000186, 0.000185, 0.000185, 0.000185, 0.000206, 0.00019, 0.000185, 0.000185, 0.000159, 0.000154, 0.00015, 0.000171, 0.000151, 0.000151, 0.00015, 0.000151, 0.00015, 0.000151, 0.00015, 0.00015, 0.00015, 0.00015, 0.00015, 0.00015, 0.00015, 0.00015, 0.000151, 0.00015, 0.000151, 0.00015, 0.00015, 0.00015, 0.000151, 0.00015, 0.000154, 0.000151, 0.00015, 0.000171, 0.000153, 0.000149, 0.00015, 0.00015, 0.00015, 0.000151, 0.00015, 0.00015, 0.00015, 0.00015, 0.00015, 0.00015, 0.00015, 0.000151, 0.00015, 0.000151, 0.000159, 0.000151, 0.000151, 0.00015, 0.00015, 0.00015, 0.00015, 0.00015, 0.000151, 0.000168, 0.000153, 0.000151, 0.000149, 0.00015, 0.00015, 0.000171, 0.000153}"
