"model_name","layer_name","layer_index","kind","min_time","mean_time","max_time","add_flops","div_flops","cmp_flops","exp_flops","mad_flops","input_channel","input_height","input_width","output_channel","output_height","output_width","function","kernel_1","kernel_2","stride_1","stride_2","dilation_1","dilation_2","input_form","topology_hash","mad/min_time","mad/mean_time","mad/max_time","time"
"Dilated ResNet-105 Trained on Cityscapes Data","relu20",73,"Elementwise",0.002015,0.0020874,0.009041,0,0,4194304,0,4194304,512,64,128,512,64,128,"Ramp","","","","","","","HoldForm[ElementwiseLayer[Ramp, ""Input"" -> {512, 64, 128}]]","1oh1bs5o87l3x",2.0815404466501243e9,2.0093436811344254e9,4.639203627917265e8,"{0.009041, 0.002475, 0.002383, 0.002252, 0.002219, 0.002176, 0.002235, 0.002163, 0.00219, 0.002161, 0.002108, 0.002143, 0.002088, 0.002105, 0.00207, 0.00212, 0.002078, 0.002108, 0.002056, 0.002075, 0.002051, 0.002091, 0.002053, 0.002077, 0.002041, 0.002117, 0.002063, 0.002137, 0.00208, 0.002093, 0.002097, 0.002049, 0.002083, 0.002015, 0.002084, 0.002054, 0.002072, 0.002035, 0.002068, 0.00204, 0.00208, 0.002037, 0.002116, 0.00206, 0.002093, 0.002027, 0.002081, 0.002037, 0.002069, 0.002056}"
