"model_name","layer_name","layer_index","kind","min_time","mean_time","max_time","add_flops","div_flops","cmp_flops","exp_flops","mad_flops","input_channel","input_height","input_width","output_channel","output_height","output_width","function","kernel_1","kernel_2","stride_1","stride_2","dilation_1","dilation_2","input_form","topology_hash","mad/min_time","mad/mean_time","mad/max_time","time"
"Multi-scale Context Aggregation Net Trained on Cityscapes Data","relu4_1",19,"Elementwise",0.009116,0.009249166666666664,0.031025,0,0,14450688,0,14450688,512,168,168,512,168,168,"Ramp","","","","","","","HoldForm[ElementwiseLayer[Ramp, ""Input"" -> {512, 168, 168}]]","1tn67yeqghau1",1.5852005265467308e9,1.5623772952518249e9,4.657756003223207e8,"{0.031025, 0.009314, 0.009232, 0.009199, 0.009127, 0.009181, 0.009137, 0.009156, 0.009116, 0.00921, 0.009152, 0.009154, 0.009275, 0.0093, 0.009331, 0.00936, 0.009372, 0.00933, 0.009314, 0.009301, 0.009445, 0.009298, 0.009255, 0.009203, 0.009197, 0.009163, 0.009181, 0.009219, 0.009182, 0.009196, 0.009248, 0.009212, 0.009181, 0.009195, 0.009178, 0.009232, 0.009201, 0.00916, 0.009427, 0.009483, 0.009417, 0.009446, 0.009331, 0.009301, 0.009262, 0.00923, 0.009185, 0.00936, 0.009874, 0.009954}"
