"model_name","layer_name","layer_index","kind","min_time","mean_time","max_time","add_flops","div_flops","cmp_flops","exp_flops","mad_flops","input_channel","input_height","input_width","output_channel","output_height","output_width","function","kernel_1","kernel_2","stride_1","stride_2","dilation_1","dilation_2","input_form","topology_hash","mad/min_time","mad/mean_time","mad/max_time","time"
"ResNet-101 Trained on Augmented CASIA-WebFace Data","2a/res2a_relu",17,"Elementwise",0.000272,0.0003570166666666668,0.002325,0,0,802816,0,802816,256,56,56,256,56,56,"Ramp","","","","","","","HoldForm[ElementwiseLayer[Ramp, ""Input"" -> {256, 56, 56}]]","0tcc7oger2ac7",2.951529411764706e9,2.2486793333644547e9,3.452972043010753e8,"{0.002325, 0.000519, 0.000371, 0.000357, 0.000356, 0.000356, 0.000356, 0.000374, 0.00036, 0.000358, 0.000355, 0.000355, 0.00038, 0.000373, 0.000359, 0.000357, 0.000357, 0.000357, 0.000358, 0.000357, 0.000356, 0.000355, 0.000355, 0.000382, 0.000356, 0.000366, 0.000356, 0.000357, 0.000356, 0.000355, 0.000357, 0.000355, 0.000355, 0.000354, 0.000379, 0.000358, 0.000358, 0.000357, 0.000357, 0.000357, 0.000357, 0.000361, 0.000361, 0.000357, 0.000357, 0.000382, 0.000357, 0.000358, 0.000357, 0.000357, 0.000359, 0.000357, 0.000368, 0.000357, 0.000356, 0.000358, 0.000379, 0.000291, 0.000277, 0.000275, 0.000273, 0.000272, 0.000275, 0.000274, 0.000277, 0.000275, 0.000272, 0.000273, 0.000275, 0.000272, 0.000273, 0.000389, 0.00036, 0.000359, 0.000356, 0.000356, 0.000356, 0.00036, 0.00036, 0.000357, 0.000356, 0.000358, 0.000381, 0.000368, 0.000356, 0.000359, 0.000361, 0.000358, 0.000356, 0.000357, 0.000355, 0.000357, 0.000358, 0.000375, 0.000356, 0.000356, 0.000355, 0.000356, 0.000356, 0.000358}"
