"model_name","layer_name","layer_index","kind","min_time","mean_time","max_time","add_flops","div_flops","cmp_flops","exp_flops","mad_flops","input_channel","input_height","input_width","output_channel","output_height","output_width","function","kernel_1","kernel_2","stride_1","stride_2","dilation_1","dilation_2","input_form","topology_hash","mad/min_time","mad/mean_time","mad/max_time","time"
"Dilated ResNet-22 Trained on Cityscapes Data","relu19",76,"Elementwise",0.002074,0.0021465000000000004,0.009047,0,0,4194304,0,4194304,512,64,128,512,64,128,"Ramp","","","","","","","HoldForm[ElementwiseLayer[Ramp, ""Input"" -> {512, 64, 128}]]","1oh1bs5o87l3x",2.0223259402121506e9,1.9540200326112273e9,4.636126892892672e8,"{0.009047, 0.002459, 0.002391, 0.002375, 0.002316, 0.002353, 0.002235, 0.002247, 0.002188, 0.002226, 0.002173, 0.00219, 0.002135, 0.002161, 0.002121, 0.002169, 0.002211, 0.002141, 0.002159, 0.002117, 0.002141, 0.002101, 0.002131, 0.002121, 0.002168, 0.002154, 0.00216, 0.002111, 0.002127, 0.002135, 0.002117, 0.002214, 0.002144, 0.002153, 0.002103, 0.002139, 0.00211, 0.00215, 0.002099, 0.002124, 0.002086, 0.002115, 0.002122, 0.002167, 0.002133, 0.002095, 0.002099, 0.002074, 0.002129, 0.002093}"
