"model_name","layer_name","layer_index","kind","min_time","mean_time","max_time","add_flops","div_flops","cmp_flops","exp_flops","mad_flops","input_channel","input_height","input_width","output_channel","output_height","output_width","function","kernel_1","kernel_2","stride_1","stride_2","dilation_1","dilation_2","input_form","topology_hash","mad/min_time","mad/mean_time","mad/max_time","time"
"Pix2pix Street-Map-to-Photo Translation","53",54,"Elementwise",0.000795,0.0008304833333333334,0.004597,0,0,2097152,0,2097152,128,128,128,128,128,128,"Ramp","","","","","","","HoldForm[ElementwiseLayer[Ramp, ""Input"" -> {128, 128, 128}]]","1vn68qrrt0x7f",2.637927044025157e9,2.5252186477753916e9,4.5620013051990426e8,"{0.004597, 0.001244, 0.001123, 0.000928, 0.000863, 0.000889, 0.000853, 0.000888, 0.000862, 0.000835, 0.00084, 0.000861, 0.000823, 0.000827, 0.000815, 0.000843, 0.000851, 0.000824, 0.000826, 0.000839, 0.000827, 0.000857, 0.00082, 0.000823, 0.000835, 0.000831, 0.00086, 0.000838, 0.000835, 0.000834, 0.00083, 0.00085, 0.000812, 0.000817, 0.00082, 0.000842, 0.000807, 0.000826, 0.000834, 0.000826, 0.000849, 0.000828, 0.000832, 0.000836, 0.000828, 0.000846, 0.000814, 0.000816, 0.000838, 0.000831, 0.000875, 0.000825, 0.000824, 0.000816, 0.000825, 0.000849, 0.000804, 0.000814, 0.000832, 0.000856, 0.000827, 0.000818, 0.000815, 0.000845, 0.000864, 0.000842, 0.000841, 0.000824, 0.000819, 0.000861, 0.00083, 0.000825, 0.000832, 0.000826, 0.000865, 0.000827, 0.000827, 0.000825, 0.000823, 0.000851, 0.000811, 0.000809, 0.00082, 0.000845, 0.000813, 0.000802, 0.000795, 0.000807, 0.000826, 0.000802, 0.000811, 0.000811, 0.000825, 0.000848, 0.00081, 0.000802, 0.000817, 0.0008, 0.000838, 0.000825}"
