"model_name","layer_name","layer_index","kind","min_time","mean_time","max_time","add_flops","div_flops","cmp_flops","exp_flops","mad_flops","input_channel","input_height","input_width","output_channel","output_height","output_width","function","kernel_1","kernel_2","stride_1","stride_2","dilation_1","dilation_2","input_form","topology_hash","mad/min_time","mad/mean_time","mad/max_time","time"
"2D Face Alignment Net Trained on 300W Large Pose Data","12/1/2/3/1/2/3/1/2/4/1/1/2",899,"Elementwise",0.000026,0.000026066666666666645,0.000191,0,0,16384,0,16384,256,8,8,256,8,8,"Ramp","","","","","","","HoldForm[ElementwiseLayer[Ramp, ""Input"" -> {256, 8, 8}]]","0753v9hbefcxf",6.301538461538461e8,6.285421994884915e8,8.578010471204188e7,"{0.000191, 0.000031, 0.00003, 0.000027, 0.000027, 0.000027, 0.000027, 0.000026, 0.000027, 0.000027, 0.000026, 0.000027, 0.000026, 0.000026, 0.000026, 0.000026, 0.000026, 0.000026, 0.000026, 0.000026, 0.000026, 0.000026, 0.000026, 0.000027, 0.000026, 0.000026, 0.000026, 0.000026, 0.000027, 0.000026, 0.000026, 0.000026, 0.000026, 0.000026, 0.000026, 0.000026, 0.000026, 0.000026, 0.000026, 0.000026, 0.000027, 0.000026, 0.000027, 0.000026, 0.000026, 0.000026, 0.000026, 0.000026, 0.000026, 0.000026, 0.000026, 0.000026, 0.000027, 0.000027, 0.000026, 0.000026, 0.000026, 0.000026, 0.000026, 0.000027, 0.000026, 0.000026, 0.000027, 0.000026, 0.000026, 0.000026, 0.000026, 0.000027, 0.000026, 0.000026, 0.000026, 0.000027, 0.000026, 0.000026, 0.000026, 0.000026, 0.000026, 0.000027, 0.000026, 0.000026, 0.000026, 0.000026, 0.000026, 0.000027, 0.000026, 0.000026, 0.000026, 0.000026, 0.000026, 0.000026, 0.000026, 0.000027, 0.000026, 0.000026, 0.000026, 0.000026, 0.000027, 0.000026, 0.000026, 0.000026}"
