"model_name","layer_name","layer_index","kind","min_time","mean_time","max_time","add_flops","div_flops","cmp_flops","exp_flops","mad_flops","input_channel","input_height","input_width","output_channel","output_height","output_width","function","kernel_1","kernel_2","stride_1","stride_2","dilation_1","dilation_2","input_form","topology_hash","mad/min_time","mad/mean_time","mad/max_time","time"
"ResNet-50 Trained on ImageNet Competition Data","3b/res3b_branch2b_relu",55,"Elementwise",0.000055,0.00006283333333333339,0.000422,0,0,100352,0,100352,128,28,28,128,28,28,"Ramp","","","","","","","HoldForm[ElementwiseLayer[Ramp, ""Input"" -> {128, 28, 28}]]","124swtlye8de0",1.824581818181818e9,1.5971140583554363e9,2.3780094786729857e8,"{0.000422, 0.000074, 0.000065, 0.000063, 0.000064, 0.000089, 0.000065, 0.000063, 0.000063, 0.000062, 0.000063, 0.000064, 0.000063, 0.000063, 0.000063, 0.000062, 0.000063, 0.000062, 0.000062, 0.000062, 0.000063, 0.000064, 0.000063, 0.000062, 0.000063, 0.000075, 0.000064, 0.000063, 0.000063, 0.000063, 0.000063, 0.000063, 0.000062, 0.000063, 0.000063, 0.000062, 0.000063, 0.000063, 0.000062, 0.000063, 0.000063, 0.000062, 0.000063, 0.000063, 0.00027, 0.000066, 0.000063, 0.000063, 0.000063, 0.000062, 0.000063, 0.000064, 0.000064, 0.000063, 0.000062, 0.000063, 0.000062, 0.000063, 0.000063, 0.000063, 0.000063, 0.000063, 0.000062, 0.000063, 0.000088, 0.000064, 0.000063, 0.000063, 0.000063, 0.000062, 0.000063, 0.000064, 0.000063, 0.00007, 0.000063, 0.000063, 0.000063, 0.000063, 0.000063, 0.000063, 0.000063, 0.000063, 0.000063, 0.000062, 0.000063, 0.00008, 0.000062, 0.000061, 0.000057, 0.000056, 0.000055, 0.000055, 0.000056, 0.000055, 0.000055, 0.000056, 0.000055, 0.000055, 0.000055, 0.000056}"
