"model_name","layer_name","layer_index","kind","min_time","mean_time","max_time","add_flops","div_flops","cmp_flops","exp_flops","mad_flops","input_channel","input_height","input_width","output_channel","output_height","output_width","function","kernel_1","kernel_2","stride_1","stride_2","dilation_1","dilation_2","input_form","topology_hash","mad/min_time","mad/mean_time","mad/max_time","time"
"Unguided Volumetric Regression Net for 3D Face Reconstruction","8/2/1/1/4/1/1/4/1/1/4/1/2/10/1/1/5",264,"Elementwise",0.000044,0.00004523333333333332,0.000201,0,0,73728,0,73728,128,24,24,128,24,24,"Ramp","","","","","","","HoldForm[ElementwiseLayer[Ramp, ""Input"" -> {128, 24, 24}]]","1e6gr3o8wqi6f",1.6756363636363637e9,1.6299484156226976e9,3.668059701492537e8,"{0.000201, 0.000052, 0.000046, 0.000046, 0.000046, 0.000054, 0.000046, 0.000045, 0.000046, 0.000045, 0.000045, 0.000046, 0.000046, 0.000046, 0.000045, 0.000045, 0.000046, 0.000046, 0.000046, 0.000045, 0.000045, 0.000045, 0.000046, 0.000046, 0.000045, 0.000045, 0.000045, 0.000045, 0.000046, 0.000045, 0.000045, 0.000045, 0.000045, 0.000045, 0.000045, 0.000045, 0.000045, 0.000045, 0.000045, 0.000045, 0.000045, 0.000045, 0.000045, 0.000045, 0.000045, 0.000045, 0.000045, 0.000044, 0.000044, 0.000045}"
