"model_name","layer_name","layer_index","kind","min_time","mean_time","max_time","add_flops","div_flops","cmp_flops","exp_flops","mad_flops","input_channel","input_height","input_width","output_channel","output_height","output_width","function","kernel_1","kernel_2","stride_1","stride_2","dilation_1","dilation_2","input_form","topology_hash","mad/min_time","mad/mean_time","mad/max_time","time"
"ResNet-101 Trained on ImageNet Competition Data","2c/res2c_branch2b_relu",33,"Elementwise",0.000081,0.00008116666666666664,0.00045,0,0,200704,0,200704,64,56,56,64,56,56,"Ramp","","","","","","","HoldForm[ElementwiseLayer[Ramp, ""Input"" -> {64, 56, 56}]]","0055vgwv4hket",2.477827160493827e9,2.4727392197125263e9,4.460088888888889e8,"{0.00045, 0.00009, 0.000083, 0.000082, 0.000081, 0.000082, 0.000081, 0.000081, 0.000081, 0.000081, 0.000081, 0.000081, 0.000081, 0.000081, 0.000081, 0.000081, 0.000081, 0.000081, 0.000081, 0.000082, 0.000082, 0.000081, 0.000081, 0.000081, 0.000081, 0.000081, 0.000081, 0.000083, 0.000086, 0.000082, 0.000082, 0.000081, 0.000081, 0.000081, 0.000081, 0.000081, 0.000081, 0.000082, 0.000081, 0.000081, 0.000081, 0.000081, 0.000105, 0.000081, 0.000082, 0.000082, 0.000081, 0.000081, 0.000081, 0.000081}"
