"model_name","layer_name","layer_index","kind","min_time","mean_time","max_time","add_flops","div_flops","cmp_flops","exp_flops","mad_flops","input_channel","input_height","input_width","output_channel","output_height","output_width","function","kernel_1","kernel_2","stride_1","stride_2","dilation_1","dilation_2","input_form","topology_hash","mad/min_time","mad/mean_time","mad/max_time","time"
"Single-Image Depth Perception Net Trained on Depth in the Wild Data","4/1/1/6/2/3",459,"Elementwise",0.000204,0.00022486666666666656,0.000337,0,0,614400,0,614400,32,120,160,32,120,160,"Ramp","","","","","","","HoldForm[ElementwiseLayer[Ramp, ""Input"" -> {32, 120, 160}]]","1v51dnnow66w3",3.011764705882353e9,2.7322857989919963e9,1.823145400593472e9,"{0.000337, 0.000297, 0.000252, 0.00023, 0.000229, 0.000229, 0.000228, 0.000227, 0.000228, 0.000227, 0.000228, 0.000227, 0.000227, 0.000253, 0.000228, 0.000226, 0.000227, 0.000227, 0.000227, 0.000227, 0.000227, 0.000227, 0.000227, 0.000227, 0.000228, 0.000228, 0.000228, 0.000226, 0.000227, 0.000227, 0.000251, 0.000227, 0.000228, 0.000237, 0.000215, 0.000206, 0.000204, 0.000205, 0.000205, 0.000206, 0.000214, 0.000205, 0.000209, 0.000209, 0.000208, 0.000208, 0.000218, 0.000206, 0.000209, 0.000233}"
