"model_name","layer_name","layer_index","kind","min_time","mean_time","max_time","add_flops","div_flops","cmp_flops","exp_flops","mad_flops","input_channel","input_height","input_width","output_channel","output_height","output_width","function","kernel_1","kernel_2","stride_1","stride_2","dilation_1","dilation_2","input_form","topology_hash","mad/min_time","mad/mean_time","mad/max_time","time"
"CREPE Pitch Detection Net Trained on Monophonic Signal Data","Net/8",8,"Elementwise",0.000024,0.000024333333333333336,0.000071,0,0,16384,0,16384,128,1,128,128,1,128,"Ramp","","","","","","","HoldForm[ElementwiseLayer[Ramp, ""Input"" -> {128, 1, 128}]]","1hidvt5fkhh25",6.826666666666666e8,6.733150684931506e8,2.307605633802817e8,"{0.000071, 0.000027, 0.000025, 0.000024, 0.000025, 0.000025, 0.000024, 0.000024, 0.000024, 0.000024, 0.000024, 0.000025, 0.000025, 0.000025, 0.000025, 0.000024, 0.000025, 0.000025, 0.000024, 0.000024, 0.000025, 0.000024, 0.000024, 0.000024, 0.000024, 0.000024, 0.000024, 0.000024, 0.000024, 0.000024, 0.000025, 0.000025, 0.000025, 0.000025, 0.000024, 0.000024, 0.000024, 0.000025, 0.000025, 0.000024, 0.000025, 0.000024, 0.000024, 0.000024, 0.000025, 0.000024, 0.000024, 0.000024, 0.000024, 0.000024}"
