"model_name","layer_name","layer_index","kind","min_time","mean_time","max_time","add_flops","div_flops","cmp_flops","exp_flops","mad_flops","input_channel","input_height","input_width","output_channel","output_height","output_width","function","kernel_1","kernel_2","stride_1","stride_2","dilation_1","dilation_2","input_form","topology_hash","mad/min_time","mad/mean_time","mad/max_time","time"
"Dilated ResNet-22 Trained on Cityscapes Data","relu8",34,"Elementwise",0.00034,0.0003435333333333333,0.002218,0,0,1048576,0,1048576,128,64,128,128,64,128,"Ramp","","","","","","","HoldForm[ElementwiseLayer[Ramp, ""Input"" -> {128, 64, 128}]]","0dx3x2h53rfm1",3.0840470588235292e9,3.0523267999223757e9,4.727574391343553e8,"{0.002218, 0.000508, 0.000398, 0.000348, 0.000351, 0.000341, 0.000351, 0.000341, 0.000342, 0.00034, 0.000341, 0.000361, 0.000342, 0.000342, 0.000344, 0.000342, 0.000341, 0.000357, 0.000345, 0.000342, 0.000341, 0.000341, 0.000342, 0.000361, 0.000344, 0.000343, 0.000343, 0.000344, 0.000343, 0.000343, 0.000342, 0.000344, 0.000344, 0.000343, 0.000363, 0.000343, 0.000342, 0.000343, 0.000342, 0.000343, 0.000343, 0.000342, 0.000354, 0.000345, 0.000343, 0.000343, 0.000379, 0.000343, 0.000344, 0.000343}"
