"model_name","layer_name","layer_index","kind","min_time","mean_time","max_time","add_flops","div_flops","cmp_flops","exp_flops","mad_flops","input_channel","input_height","input_width","output_channel","output_height","output_width","function","kernel_1","kernel_2","stride_1","stride_2","dilation_1","dilation_2","input_form","topology_hash","mad/min_time","mad/mean_time","mad/max_time","time"
"Single-Image Depth Perception Net Trained on NYU Depth V2 Data","4/1/1/4/1/1/4/1/2/4/1/2/2/4/6",248,"Elementwise",0.000029,0.000030016666666666697,0.000201,0,0,19200,0,19200,64,15,20,64,15,20,"Ramp","","","","","","","HoldForm[ElementwiseLayer[Ramp, ""Input"" -> {64, 15, 20}]]","150svbnl61sp4",6.620689655172414e8,6.396446418656296e8,9.552238805970149e7,"{0.000201, 0.000036, 0.000032, 0.000031, 0.00003, 0.000031, 0.000031, 0.00003, 0.00003, 0.00003, 0.00003, 0.00003, 0.00003, 0.000031, 0.000031, 0.00003, 0.00003, 0.00003, 0.00003, 0.00003, 0.00003, 0.00003, 0.00003, 0.000043, 0.000031, 0.00003, 0.000031, 0.00003, 0.000031, 0.00003, 0.00003, 0.00003, 0.000031, 0.00003, 0.00003, 0.00003, 0.00003, 0.000031, 0.00003, 0.00003, 0.00003, 0.00003, 0.00003, 0.00003, 0.00003, 0.00003, 0.00003, 0.00003, 0.000031, 0.00003, 0.00003, 0.00003, 0.00003, 0.00003, 0.000031, 0.00003, 0.00003, 0.00003, 0.00003, 0.00003, 0.00003, 0.00003, 0.00003, 0.000031, 0.00003, 0.000031, 0.00003, 0.00003, 0.00003, 0.00003, 0.00003, 0.00003, 0.000031, 0.00003, 0.00003, 0.000029, 0.00003, 0.000031, 0.00003, 0.00003, 0.00003, 0.00003, 0.00003, 0.00003, 0.00003, 0.00003, 0.000031, 0.00003, 0.00003, 0.00003, 0.00003, 0.00003, 0.00003, 0.00003, 0.00003, 0.00003, 0.00003, 0.00003, 0.00003, 0.00003}"
