"model_name","layer_name","layer_index","kind","min_time","mean_time","max_time","add_flops","div_flops","cmp_flops","exp_flops","mad_flops","input_channel","input_height","input_width","output_channel","output_height","output_width","function","kernel_1","kernel_2","stride_1","stride_2","dilation_1","dilation_2","input_form","topology_hash","mad/min_time","mad/mean_time","mad/max_time","time"
"Squeeze-and-Excitation Net Trained on ImageNet Competition Data","4i/conv4_9_3x3_relu",346,"Elementwise",0.000095,0.00009631666666666662,0.000562,0,0,200704,0,200704,1024,14,14,1024,14,14,"Ramp","","","","","","","HoldForm[ElementwiseLayer[Ramp, ""Input"" -> {1024, 14, 14}]]","1k2x5pn4rbhw1",2.1126736842105262e9,2.0837930437792017e9,3.5712455516014236e8,"{0.000562, 0.000112, 0.0001, 0.000098, 0.000098, 0.000097, 0.000097, 0.000097, 0.000096, 0.000096, 0.000096, 0.000097, 0.000097, 0.000096, 0.000096, 0.000096, 0.000096, 0.000096, 0.000096, 0.000096, 0.000097, 0.000096, 0.000096, 0.000096, 0.000118, 0.000098, 0.000107, 0.000096, 0.000097, 0.000097, 0.000096, 0.000097, 0.000096, 0.000096, 0.000096, 0.000096, 0.000096, 0.000096, 0.000097, 0.000096, 0.000097, 0.000096, 0.000097, 0.000097, 0.000097, 0.000096, 0.000096, 0.000096, 0.000096, 0.000096, 0.000096, 0.000097, 0.000096, 0.000096, 0.000096, 0.000097, 0.000097, 0.000096, 0.000096, 0.000096, 0.000097, 0.000097, 0.000097, 0.000097, 0.000122, 0.000098, 0.000097, 0.000096, 0.000096, 0.000096, 0.000096, 0.000096, 0.000096, 0.000095, 0.000096, 0.000097, 0.000124, 0.000099, 0.000113, 0.000099, 0.000095, 0.000096, 0.000096, 0.000096, 0.000096, 0.000096, 0.000096, 0.000096, 0.000096, 0.000096, 0.000096, 0.000095, 0.000096, 0.000096, 0.000096, 0.000096, 0.000097, 0.000095, 0.000097, 0.000096}"
