"model_name","layer_name","layer_index","kind","min_time","mean_time","max_time","add_flops","div_flops","cmp_flops","exp_flops","mad_flops","input_channel","input_height","input_width","output_channel","output_height","output_width","function","kernel_1","kernel_2","stride_1","stride_2","dilation_1","dilation_2","input_form","topology_hash","mad/min_time","mad/mean_time","mad/max_time","time"
"Ademxapp Model A1 Trained on Cityscapes Data","4b1/res4b1_branch2a_relu",55,"Elementwise",0.010795,0.010963316666666667,0.035684,0,0,16777216,0,16777216,512,128,256,512,128,256,"Ramp","","","","","","","HoldForm[ElementwiseLayer[Ramp, ""Input"" -> {512, 128, 256}]]","0hc7drcc5ff33",1.554165446966188e9,1.5303047891529174e9,4.701607443111759e8,"{0.035684, 0.011021, 0.010994, 0.01093, 0.010908, 0.010864, 0.010983, 0.011237, 0.011094, 0.011117, 0.011008, 0.011241, 0.011161, 0.011013, 0.01105, 0.011021, 0.010996, 0.011127, 0.011063, 0.011093, 0.011026, 0.011063, 0.01106, 0.010997, 0.010947, 0.011066, 0.011078, 0.011049, 0.01112, 0.011024, 0.011119, 0.011109, 0.01103, 0.011033, 0.010966, 0.010992, 0.010959, 0.010973, 0.010958, 0.011002, 0.011138, 0.01095, 0.010885, 0.010927, 0.010895, 0.010851, 0.010917, 0.010873, 0.010931, 0.011021, 0.010957, 0.010901, 0.010848, 0.010833, 0.010895, 0.010949, 0.010923, 0.011008, 0.010944, 0.010921, 0.010909, 0.010884, 0.010911, 0.0108, 0.010828, 0.01103, 0.011079, 0.01095, 0.011057, 0.01095, 0.010903, 0.010961, 0.010982, 0.010951, 0.010959, 0.010997, 0.011051, 0.010986, 0.011013, 0.010919, 0.010971, 0.010951, 0.01091, 0.010891, 0.010894, 0.010915, 0.010891, 0.010853, 0.01095, 0.010986, 0.010883, 0.010879, 0.010848, 0.010795, 0.010798, 0.010799, 0.010812, 0.010816, 0.010805, 0.010808}"
