"model_name","layer_name","layer_index","kind","min_time","mean_time","max_time","add_flops","div_flops","cmp_flops","exp_flops","mad_flops","input_channel","input_height","input_width","output_channel","output_height","output_width","function","kernel_1","kernel_2","stride_1","stride_2","dilation_1","dilation_2","input_form","topology_hash","mad/min_time","mad/mean_time","mad/max_time","time"
"Single-Image Depth Perception Net Trained on NYU Depth V2 Data","4/1/1/2/1/3",7,"Elementwise",0.000222,0.00022356666666666677,0.000296,0,0,614400,0,614400,32,120,160,32,120,160,"Ramp","","","","","","","HoldForm[ElementwiseLayer[Ramp, ""Input"" -> {32, 120, 160}]]","1v51dnnow66w3",2.7675675675675673e9,2.7481735500223637e9,2.0756756756756756e9,"{0.000296, 0.000262, 0.000227, 0.000224, 0.000224, 0.000224, 0.000224, 0.000223, 0.000223, 0.000223, 0.000223, 0.000245, 0.000224, 0.000232, 0.000223, 0.000223, 0.000236, 0.000224, 0.000224, 0.000235, 0.000224, 0.000223, 0.000223, 0.000223, 0.000224, 0.000235, 0.000224, 0.000223, 0.000244, 0.000224, 0.000223, 0.000222, 0.000223, 0.000223, 0.000223, 0.000223, 0.000223, 0.000223, 0.000224, 0.000224, 0.000223, 0.000222, 0.000223, 0.000224, 0.000224, 0.000223, 0.000245, 0.000224, 0.000223, 0.000224}"
