"model_name","layer_name","layer_index","kind","min_time","mean_time","max_time","add_flops","div_flops","cmp_flops","exp_flops","mad_flops","input_channel","input_height","input_width","output_channel","output_height","output_width","function","kernel_1","kernel_2","stride_1","stride_2","dilation_1","dilation_2","input_form","topology_hash","mad/min_time","mad/mean_time","mad/max_time","time"
"SSD-VGG-512 Trained on PASCAL VOC2007, PASCAL VOC2012 and MS-COCO Data","1/1/blockNet4/conv3c/2",16,"Elementwise",0.001989,0.0020523000000000004,0.009304,0,0,4194304,0,4194304,256,128,128,256,128,128,"Ramp","","","","","","","HoldForm[ElementwiseLayer[Ramp, ""Input"" -> {256, 128, 128}]]","0ncvn3sejjvjr",2.1087501256913023e9,2.0437090094040828e9,4.508065348237317e8,"{0.009304, 0.002471, 0.002413, 0.002346, 0.002306, 0.002295, 0.002202, 0.002187, 0.002192, 0.002236, 0.002181, 0.00222, 0.00222, 0.002181, 0.002202, 0.0021, 0.002126, 0.002111, 0.002144, 0.002066, 0.002126, 0.002067, 0.002101, 0.002038, 0.002075, 0.002055, 0.002099, 0.002055, 0.002097, 0.002017, 0.002047, 0.002026, 0.002056, 0.002028, 0.002019, 0.002046, 0.002028, 0.002048, 0.00202, 0.002032, 0.001989, 0.002037, 0.002046, 0.002037, 0.002007, 0.002029, 0.002024, 0.002066, 0.002003, 0.002045, 0.002013, 0.002058, 0.002039, 0.002076, 0.002039, 0.002029, 0.001991, 0.002055, 0.002009, 0.002061, 0.002028, 0.002106, 0.002035, 0.002062, 0.002027, 0.002064, 0.002047, 0.002063, 0.002017, 0.002059, 0.002032, 0.002089, 0.002048, 0.002039, 0.002, 0.00206, 0.002038, 0.002059, 0.002017, 0.002041, 0.002006, 0.002055, 0.002014, 0.002044, 0.002046, 0.002013, 0.002068, 0.002042, 0.002051, 0.002014, 0.002028, 0.002045, 0.002039, 0.002008, 0.002056, 0.002028, 0.002084, 0.002041, 0.002058, 0.002034}"
