"model_name","layer_name","layer_index","kind","min_time","mean_time","max_time","add_flops","div_flops","cmp_flops","exp_flops","mad_flops","input_channel","input_height","input_width","output_channel","output_height","output_width","function","kernel_1","kernel_2","stride_1","stride_2","dilation_1","dilation_2","input_form","topology_hash","mad/min_time","mad/mean_time","mad/max_time","time"
"Multi-scale Context Aggregation Net Trained on Cityscapes Data","relu4_2",21,"Elementwise",0.008712,0.008922066666666667,0.030248,0,0,14108672,0,14108672,512,166,166,512,166,166,"Ramp","","","","","","","HoldForm[ElementwiseLayer[Ramp, ""Input"" -> {512, 166, 166}]]","060danpjsmdp7",1.6194527089072545e9,1.581323310742653e9,4.66433218725205e8,"{0.030248, 0.009181, 0.009117, 0.008963, 0.008932, 0.008995, 0.009006, 0.008907, 0.008841, 0.008887, 0.008824, 0.00888, 0.008843, 0.008904, 0.008872, 0.008907, 0.008868, 0.008837, 0.008917, 0.008852, 0.00875, 0.008826, 0.008804, 0.008751, 0.008795, 0.008727, 0.008762, 0.00876, 0.008801, 0.008815, 0.008712, 0.008773, 0.008932, 0.009058, 0.009042, 0.009025, 0.009006, 0.008974, 0.008978, 0.009023, 0.009002, 0.009192, 0.009156, 0.00912, 0.008992, 0.009015, 0.008951, 0.008962, 0.009003, 0.008971}"
