"model_name","layer_name","layer_index","kind","min_time","mean_time","max_time","add_flops","div_flops","cmp_flops","exp_flops","mad_flops","input_channel","input_height","input_width","output_channel","output_height","output_width","function","kernel_1","kernel_2","stride_1","stride_2","dilation_1","dilation_2","input_form","topology_hash","mad/min_time","mad/mean_time","mad/max_time","time"
"Ademxapp Model A Trained on ImageNet Competition Data","4b5/res4b5_branch2a_relu",86,"Elementwise",0.000287,0.0002911,0.001734,0,0,819200,0,819200,512,40,40,512,40,40,"Ramp","","","","","","","HoldForm[ElementwiseLayer[Ramp, ""Input"" -> {512, 40, 40}]]","0k4g21szw267f",2.854355400696864e9,2.814153211954655e9,4.724336793540945e8,"{0.001734, 0.000409, 0.000309, 0.00029, 0.000314, 0.00029, 0.000288, 0.000288, 0.000288, 0.000288, 0.000301, 0.000288, 0.000287, 0.000289, 0.000301, 0.00029, 0.000289, 0.000288, 0.00031, 0.00029, 0.00029, 0.000291, 0.000291, 0.000289, 0.00029, 0.00029, 0.00029, 0.000291, 0.000292, 0.000291, 0.000291, 0.00029, 0.000309, 0.000291, 0.000301, 0.000292, 0.000292, 0.000292, 0.000292, 0.000291, 0.000291, 0.00029, 0.000292, 0.00029, 0.000291, 0.00031, 0.000295, 0.000292, 0.000292, 0.000293}"
