"model_name","layer_name","layer_index","kind","min_time","mean_time","max_time","add_flops","div_flops","cmp_flops","exp_flops","mad_flops","input_channel","input_height","input_width","output_channel","output_height","output_width","function","kernel_1","kernel_2","stride_1","stride_2","dilation_1","dilation_2","input_form","topology_hash","mad/min_time","mad/mean_time","mad/max_time","time"
"SSD-VGG-512 Trained on MS-COCO Data","1/1/blockNet9/conv9b/2",43,"Elementwise",0.000028,0.000029,0.000167,0,0,16384,0,16384,256,8,8,256,8,8,"Ramp","","","","","","","HoldForm[ElementwiseLayer[Ramp, ""Input"" -> {256, 8, 8}]]","0753v9hbefcxf",5.851428571428572e8,5.649655172413793e8,9.810778443113773e7,"{0.000167, 0.000037, 0.000032, 0.00003, 0.00003, 0.00003, 0.00006, 0.00003, 0.00003, 0.00003, 0.000029, 0.000029, 0.000029, 0.000029, 0.000029, 0.000029, 0.000029, 0.000029, 0.000029, 0.000029, 0.000029, 0.000029, 0.000029, 0.000029, 0.000029, 0.000029, 0.000029, 0.000029, 0.000028, 0.000029, 0.000029, 0.000029, 0.000029, 0.000029, 0.000029, 0.000029, 0.000029, 0.000029, 0.000029, 0.000029, 0.000029, 0.000029, 0.000029, 0.000029, 0.000029, 0.000029, 0.00003, 0.000029, 0.000029, 0.000029, 0.000029, 0.000028, 0.000029, 0.000029, 0.000028, 0.00003, 0.00003, 0.00003, 0.000029, 0.000029, 0.000029, 0.000028, 0.000029, 0.000029, 0.000029, 0.000029, 0.000029, 0.000029, 0.000028, 0.000029, 0.000029, 0.000029, 0.000029, 0.000029, 0.00003, 0.000029, 0.000029, 0.000029, 0.000029, 0.000029, 0.00003, 0.000028, 0.000029, 0.000029, 0.000029, 0.000029, 0.000029, 0.000029, 0.000029, 0.000029, 0.000029, 0.000028, 0.000029, 0.000029, 0.000029, 0.000029, 0.000029, 0.000029, 0.000029, 0.000028}"
