"model_name","layer_name","layer_index","kind","min_time","mean_time","max_time","add_flops","div_flops","cmp_flops","exp_flops","mad_flops","input_channel","input_height","input_width","output_channel","output_height","output_width","function","kernel_1","kernel_2","stride_1","stride_2","dilation_1","dilation_2","input_form","topology_hash","mad/min_time","mad/mean_time","mad/max_time","time"
"Single-Image Depth Perception Net Trained on NYU Depth V2 and Depth in the Wild Data","4/1/1/4/1/1/4/1/2/3/1/3",163,"Elementwise",0.000052,0.000053283333333333346,0.000363,0,0,76800,0,76800,64,30,40,64,30,40,"Ramp","","","","","","","HoldForm[ElementwiseLayer[Ramp, ""Input"" -> {64, 30, 40}]]","0u4smf181urlf",1.4769230769230769e9,1.4413512668126366e9,2.115702479338843e8,"{0.000363, 0.000063, 0.000057, 0.000054, 0.000054, 0.000054, 0.000054, 0.000053, 0.000053, 0.000053, 0.000053, 0.000053, 0.000053, 0.000053, 0.000053, 0.000054, 0.000053, 0.000053, 0.000053, 0.000059, 0.000079, 0.000054, 0.000053, 0.000053, 0.000053, 0.000053, 0.000054, 0.000054, 0.000053, 0.00006, 0.000054, 0.000054, 0.000054, 0.000053, 0.000053, 0.000053, 0.000053, 0.000053, 0.000054, 0.000053, 0.000053, 0.000053, 0.000053, 0.000053, 0.000053, 0.000053, 0.000054, 0.000053, 0.000053, 0.000053, 0.000053, 0.000053, 0.000053, 0.000053, 0.000053, 0.000053, 0.000053, 0.000053, 0.000053, 0.000052, 0.000053, 0.000053, 0.000054, 0.000054, 0.000053, 0.000053, 0.000053, 0.000053, 0.000053, 0.000054, 0.000054, 0.000054, 0.000054, 0.000054, 0.000053, 0.000053, 0.000053, 0.000054, 0.000053, 0.000053, 0.000054, 0.000053, 0.000053, 0.000053, 0.000053, 0.000053, 0.000054, 0.000053, 0.000054, 0.000053, 0.000053, 0.000053, 0.000054, 0.000068, 0.000057, 0.000054, 0.000054, 0.000054, 0.000054, 0.000053}"
