"model_name","layer_name","layer_index","kind","min_time","mean_time","max_time","add_flops","div_flops","cmp_flops","exp_flops","mad_flops","input_channel","input_height","input_width","output_channel","output_height","output_width","function","kernel_1","kernel_2","stride_1","stride_2","dilation_1","dilation_2","input_form","topology_hash","mad/min_time","mad/mean_time","mad/max_time","time"
"Inception V3 Trained on ImageNet Competition Data","Inception5/mixed_4_tower_1_conv_3_relu",124,"Elementwise",0.000031,0.00003153333333333332,0.000217,0,0,36992,0,36992,128,17,17,128,17,17,"Ramp","","","","","","","HoldForm[ElementwiseLayer[Ramp, ""Input"" -> {128, 17, 17}]]","1b9pdz0903o3k",1.193290322580645e9,1.1731078224101486e9,1.704700460829493e8,"{0.000217, 0.000041, 0.000034, 0.000033, 0.000033, 0.000032, 0.000032, 0.000031, 0.000032, 0.000031, 0.000032, 0.000032, 0.000032, 0.000032, 0.000031, 0.000032, 0.000031, 0.000031, 0.000032, 0.000032, 0.000032, 0.000031, 0.000031, 0.000031, 0.000031, 0.000031, 0.000032, 0.000032, 0.000032, 0.000031, 0.000032, 0.000032, 0.000031, 0.000031, 0.000032, 0.000032, 0.000031, 0.000031, 0.000031, 0.000031, 0.000032, 0.000032, 0.000032, 0.000031, 0.000032, 0.000032, 0.000032, 0.000031, 0.000031, 0.000032, 0.000032, 0.000032, 0.000031, 0.000031, 0.000031, 0.000032, 0.000031, 0.000031, 0.000031, 0.000032, 0.000031, 0.000031, 0.000032, 0.000032, 0.000032, 0.000031, 0.000031, 0.000031, 0.000032, 0.000032, 0.000032, 0.000031, 0.000031, 0.000031, 0.000032, 0.000032, 0.000032, 0.000032, 0.000031, 0.000031, 0.000054, 0.000033, 0.000032, 0.000032, 0.000032, 0.000031, 0.000031, 0.000031, 0.000031, 0.000031, 0.000031, 0.000031, 0.000031, 0.000032, 0.000032, 0.000031, 0.000032, 0.000031, 0.000031, 0.000031}"
