"model_name","layer_name","layer_index","kind","min_time","mean_time","max_time","add_flops","div_flops","cmp_flops","exp_flops","mad_flops","input_channel","input_height","input_width","output_channel","output_height","output_width","function","kernel_1","kernel_2","stride_1","stride_2","dilation_1","dilation_2","input_form","topology_hash","mad/min_time","mad/mean_time","mad/max_time","time"
"Yahoo Open NSFW Model V1","stage0_block2/relu_branch2a",30,"Elementwise",0.000051,0.00006151666666666672,0.000356,0,0,100352,0,100352,32,56,56,32,56,56,"Ramp","","","","","","","HoldForm[ElementwiseLayer[Ramp, ""Input"" -> {32, 56, 56}]]","0cwuh44b7xixf",1.967686274509804e9,1.6312977512869127e9,2.818876404494382e8,"{0.000356, 0.000066, 0.000056, 0.000054, 0.000053, 0.000052, 0.000052, 0.000075, 0.000054, 0.000052, 0.000052, 0.000051, 0.000051, 0.000051, 0.000052, 0.000051, 0.000052, 0.000051, 0.000051, 0.000051, 0.000051, 0.000051, 0.000051, 0.000051, 0.000051, 0.000051, 0.000051, 0.000051, 0.000052, 0.000051, 0.000097, 0.000071, 0.000064, 0.000063, 0.000063, 0.000063, 0.000063, 0.000062, 0.000063, 0.000063, 0.000063, 0.000062, 0.000063, 0.000064, 0.000062, 0.000072, 0.000063, 0.000062, 0.000063, 0.000063, 0.000063, 0.000063, 0.000063, 0.000062, 0.000062, 0.000063, 0.000062, 0.000062, 0.000062, 0.000063, 0.000062, 0.000063, 0.000063, 0.000063, 0.000063, 0.000063, 0.000063, 0.000063, 0.000063, 0.000062, 0.000063, 0.000063, 0.000063, 0.000086, 0.000063, 0.000063, 0.000063, 0.000063, 0.000063, 0.000063, 0.000063, 0.000063, 0.000062, 0.000063, 0.000062, 0.000062, 0.000062, 0.000062, 0.000063, 0.000063, 0.000063, 0.000063, 0.000078, 0.000065, 0.000063, 0.000062, 0.000062, 0.000062, 0.000062, 0.000062}"
