"model_name","layer_name","layer_index","kind","min_time","mean_time","max_time","add_flops","div_flops","cmp_flops","exp_flops","mad_flops","input_channel","input_height","input_width","output_channel","output_height","output_width","function","kernel_1","kernel_2","stride_1","stride_2","dilation_1","dilation_2","input_form","topology_hash","mad/min_time","mad/mean_time","mad/max_time","time"
"U-Net Trained on Glioblastoma-Astrocytoma U373 Cells on a Polyacrylamide Substrate Data","expand_3/ramp",39,"Elementwise",0.001147,0.0012038000000000003,0.001711,0,0,2768896,0,2768896,256,104,104,256,104,104,"Ramp","","","","","","","HoldForm[ElementwiseLayer[Ramp, ""Input"" -> {256, 104, 104}]]","0s6rep5n5pz9g",2.4140331299040976e9,2.3001295896328287e9,1.6182910578609002e9,"{0.001689, 0.001711, 0.00141, 0.001288, 0.001287, 0.001218, 0.001201, 0.001233, 0.001184, 0.001201, 0.001216, 0.001192, 0.001209, 0.001183, 0.001197, 0.001174, 0.00117, 0.001208, 0.001152, 0.001147, 0.001198, 0.001153, 0.001164, 0.00115, 0.0012, 0.001174, 0.001176, 0.001206, 0.001164, 0.001194, 0.001211, 0.001246, 0.001224, 0.001233, 0.001262, 0.001189, 0.001201, 0.001242, 0.001197, 0.001201, 0.001217, 0.001176, 0.001193, 0.001184, 0.001233, 0.001225, 0.001224, 0.001237, 0.00119, 0.001209}"
