"model_name","layer_name","layer_index","kind","min_time","mean_time","max_time","add_flops","div_flops","cmp_flops","exp_flops","mad_flops","input_channel","input_height","input_width","output_channel","output_height","output_width","function","kernel_1","kernel_2","stride_1","stride_2","dilation_1","dilation_2","input_form","topology_hash","mad/min_time","mad/mean_time","mad/max_time","time"
"Multi-scale Context Aggregation Net Trained on Cityscapes Data","relu5_3",29,"Elementwise",0.007165,0.007299133333333334,0.025205,0,0,11829248,0,11829248,512,152,152,512,152,152,"Ramp","","","","","","","HoldForm[ElementwiseLayer[Ramp, ""Input"" -> {512, 152, 152}]]","04e6lg4mmo0t5",1.6509766922540123e9,1.6206373359394264e9,4.693214838325729e8,"{0.025205, 0.00755, 0.007543, 0.007643, 0.007598, 0.007537, 0.00746, 0.007405, 0.007336, 0.007299, 0.007305, 0.007325, 0.007285, 0.00729, 0.007266, 0.007262, 0.007234, 0.007225, 0.007363, 0.007246, 0.007266, 0.007265, 0.00725, 0.007289, 0.007264, 0.007243, 0.007219, 0.007259, 0.00721, 0.007196, 0.007232, 0.007191, 0.007203, 0.007223, 0.007165, 0.007287, 0.007448, 0.00738, 0.007365, 0.007248, 0.007258, 0.007272, 0.007257, 0.007368, 0.007467, 0.007318, 0.007297, 0.007215, 0.007268, 0.00728, 0.007269, 0.007264, 0.007386, 0.007324, 0.007385, 0.007368, 0.007427, 0.007382, 0.007365, 0.007321, 0.00728, 0.007293, 0.007286, 0.007324, 0.007242, 0.007498, 0.007444, 0.007358, 0.007348, 0.00744, 0.007373, 0.007397, 0.007266, 0.007291, 0.007292, 0.007301, 0.007251, 0.007237, 0.007271, 0.00726, 0.007204, 0.007228, 0.007243, 0.007235, 0.007262, 0.007287, 0.007261, 0.007261, 0.007267, 0.007235, 0.007259, 0.007276, 0.007354, 0.007444, 0.0074, 0.007351, 0.007286, 0.007399, 0.007371, 0.007304}"
