"model_name","layer_name","layer_index","kind","min_time","mean_time","max_time","add_flops","div_flops","cmp_flops","exp_flops","mad_flops","input_channel","input_height","input_width","output_channel","output_height","output_width","function","kernel_1","kernel_2","stride_1","stride_2","dilation_1","dilation_2","input_form","topology_hash","mad/min_time","mad/mean_time","mad/max_time","time"
"Dilated ResNet-22 Trained on Cityscapes Data","relu15",60,"Elementwise",0.002105,0.0021824333333333333,0.009053,0,0,4194304,0,4194304,512,64,128,512,64,128,"Ramp","","","","","","","HoldForm[ElementwiseLayer[Ramp, ""Input"" -> {512, 64, 128}]]","1oh1bs5o87l3x",1.9925434679334917e9,1.9218474791135278e9,4.633054236164807e8,"{0.009053, 0.00245, 0.002443, 0.002346, 0.002362, 0.00236, 0.002352, 0.002326, 0.002282, 0.002292, 0.002228, 0.002226, 0.002229, 0.002195, 0.002204, 0.002165, 0.002202, 0.00215, 0.002208, 0.00217, 0.002219, 0.002222, 0.002227, 0.002264, 0.002175, 0.002189, 0.002148, 0.002193, 0.002135, 0.002184, 0.00213, 0.002166, 0.002154, 0.002128, 0.002172, 0.002138, 0.002159, 0.002117, 0.002157, 0.002114, 0.00213, 0.002107, 0.002151, 0.002105, 0.002138, 0.002111, 0.002152, 0.002153, 0.002126, 0.002132}"
