"model_name","layer_name","layer_index","kind","min_time","mean_time","max_time","add_flops","div_flops","cmp_flops","exp_flops","mad_flops","input_channel","input_height","input_width","output_channel","output_height","output_width","function","kernel_1","kernel_2","stride_1","stride_2","dilation_1","dilation_2","input_form","topology_hash","mad/min_time","mad/mean_time","mad/max_time","time"
"ResNet-101 Trained on YFCC100m Geotagged Data","stage1_unit3/relu3",34,"Elementwise",0.000083,0.00008336666666666663,0.000445,0,0,200704,0,200704,64,56,56,64,56,56,"Ramp","","","","","","","HoldForm[ElementwiseLayer[Ramp, ""Input"" -> {64, 56, 56}]]","0055vgwv4hket",2.418120481927711e9,2.407485005997602e9,4.5102022471910113e8,"{0.000445, 0.000089, 0.000084, 0.000083, 0.000083, 0.000083, 0.000083, 0.000083, 0.00009, 0.000083, 0.000084, 0.000083, 0.000083, 0.000083, 0.000094, 0.000083, 0.000083, 0.000083, 0.000083, 0.000108, 0.000083, 0.000084, 0.000086, 0.000085, 0.000083, 0.000083, 0.000084, 0.000083, 0.000084, 0.000084, 0.000083, 0.000084, 0.000083, 0.000083, 0.000083, 0.000094, 0.000084, 0.000084, 0.000084, 0.000091, 0.000084, 0.000083, 0.000083, 0.000083, 0.000083, 0.000083, 0.000083, 0.000083, 0.000083, 0.000084}"
