"model_name","layer_name","layer_index","kind","min_time","mean_time","max_time","add_flops","div_flops","cmp_flops","exp_flops","mad_flops","input_channel","input_height","input_width","output_channel","output_height","output_width","function","kernel_1","kernel_2","stride_1","stride_2","dilation_1","dilation_2","input_form","topology_hash","mad/min_time","mad/mean_time","mad/max_time","time"
"Single-Image Depth Perception Net Trained on NYU Depth V2 and Depth in the Wild Data","4/1/1/4/1/1/4/1/2/3/4/3",178,"Elementwise",0.000038,0.000039116666666666664,0.000258,0,0,38400,0,38400,32,30,40,32,30,40,"Ramp","","","","","","","HoldForm[ElementwiseLayer[Ramp, ""Input"" -> {32, 30, 40}]]","0lxmtut00wr5z",1.0105263157894737e9,9.816787388155092e8,1.488372093023256e8,"{0.000258, 0.000046, 0.000041, 0.00004, 0.00004, 0.00004, 0.000039, 0.000039, 0.000039, 0.000039, 0.00004, 0.000039, 0.00004, 0.000039, 0.000039, 0.000039, 0.00004, 0.000039, 0.000039, 0.000038, 0.000039, 0.000039, 0.00004, 0.000039, 0.000039, 0.000039, 0.000039, 0.000039, 0.000039, 0.000039, 0.000039, 0.00004, 0.000039, 0.000039, 0.000039, 0.00004, 0.000039, 0.000039, 0.00004, 0.000039, 0.000039, 0.000039, 0.000038, 0.000039, 0.000039, 0.000039, 0.000039, 0.000039, 0.000039, 0.000039, 0.000039, 0.000039, 0.000039, 0.000039, 0.000042, 0.000044, 0.000039, 0.000038, 0.00004, 0.000039, 0.000039, 0.00004, 0.000058, 0.00004, 0.00004, 0.000039, 0.000039, 0.000039, 0.000039, 0.000039, 0.000039, 0.000039, 0.000039, 0.00004, 0.00004, 0.00004, 0.000039, 0.000039, 0.00004, 0.00004, 0.00004, 0.000039, 0.000039, 0.000039, 0.000039, 0.000039, 0.000039, 0.000039, 0.000039, 0.000039, 0.000039, 0.000039, 0.000039, 0.000039, 0.000039, 0.000039, 0.00004, 0.000039, 0.000039, 0.000039}"
