"model_name","layer_name","layer_index","kind","min_time","mean_time","max_time","add_flops","div_flops","cmp_flops","exp_flops","mad_flops","input_channel","input_height","input_width","output_channel","output_height","output_width","function","kernel_1","kernel_2","stride_1","stride_2","dilation_1","dilation_2","input_form","topology_hash","mad/min_time","mad/mean_time","mad/max_time","time"
"Single-Image Depth Perception Net Trained on Depth in the Wild Data","4/1/1/4/1/1/4/1/2/4/1/1/2/4/6",225,"Elementwise",0.000043,0.000045549999999999996,0.000305,0,0,76800,0,76800,64,30,40,64,30,40,"Ramp","","","","","","","HoldForm[ElementwiseLayer[Ramp, ""Input"" -> {64, 30, 40}]]","0u4smf181urlf",1.7860465116279068e9,1.6860592755214052e9,2.518032786885246e8,"{0.000305, 0.000057, 0.000046, 0.000045, 0.000045, 0.000044, 0.000044, 0.000044, 0.000044, 0.000043, 0.000044, 0.000044, 0.000043, 0.000044, 0.000044, 0.000079, 0.000078, 0.000051, 0.00006, 0.000057, 0.000047, 0.000047, 0.000046, 0.000045, 0.000046, 0.000046, 0.000046, 0.000046, 0.000045, 0.000045, 0.000046, 0.000046, 0.000046, 0.000045, 0.000046, 0.000046, 0.000046, 0.000046, 0.000046, 0.000045, 0.000046, 0.000045, 0.000046, 0.000046, 0.000054, 0.000046, 0.000046, 0.000046, 0.000046, 0.000046, 0.000046, 0.000045, 0.000045, 0.000045, 0.000046, 0.000046, 0.000046, 0.000046, 0.000045, 0.000045, 0.000046, 0.000046, 0.000045, 0.000045, 0.000046, 0.000046, 0.000046, 0.000046, 0.000046, 0.000045, 0.000045, 0.000045, 0.000046, 0.000063, 0.000048, 0.000046, 0.000046, 0.000046, 0.000045, 0.000046, 0.000045, 0.000045, 0.000045, 0.000045, 0.000044, 0.000045, 0.000045, 0.000046, 0.000045, 0.000045, 0.000045, 0.000045, 0.000045, 0.000045, 0.000045, 0.000045, 0.000045, 0.000045, 0.000046, 0.000045}"
