"model_name","layer_name","layer_index","kind","min_time","mean_time","max_time","add_flops","div_flops","cmp_flops","exp_flops","mad_flops","input_channel","input_height","input_width","output_channel","output_height","output_width","function","kernel_1","kernel_2","stride_1","stride_2","dilation_1","dilation_2","input_form","topology_hash","mad/min_time","mad/mean_time","mad/max_time","time"
"Dilated ResNet-105 Trained on Cityscapes Data","relu55",191,"Elementwise",0.000729,0.0007644666666666667,0.004585,0,0,2097152,0,2097152,256,64,128,256,64,128,"Ramp","","","","","","","HoldForm[ElementwiseLayer[Ramp, ""Input"" -> {256, 64, 128}]]","1dq53uhc5a1i5",2.8767517146776404e9,2.7432876951251416e9,4.573941112322792e8,"{0.004585, 0.001178, 0.001147, 0.000986, 0.000899, 0.000841, 0.000837, 0.000792, 0.000769, 0.000761, 0.000767, 0.000813, 0.000762, 0.000745, 0.000751, 0.000788, 0.000832, 0.000782, 0.000764, 0.000762, 0.000756, 0.000793, 0.000742, 0.000749, 0.000739, 0.000739, 0.000738, 0.000764, 0.000733, 0.000769, 0.000775, 0.00077, 0.000794, 0.000758, 0.000753, 0.000766, 0.000762, 0.000803, 0.000759, 0.000747, 0.000745, 0.000729, 0.000763, 0.000741, 0.000752, 0.000743, 0.000745, 0.000733, 0.000771, 0.000732}"
