"model_name","layer_name","layer_index","kind","min_time","mean_time","max_time","add_flops","div_flops","cmp_flops","exp_flops","mad_flops","input_channel","input_height","input_width","output_channel","output_height","output_width","function","kernel_1","kernel_2","stride_1","stride_2","dilation_1","dilation_2","input_form","topology_hash","mad/min_time","mad/mean_time","mad/max_time","time"
"Single-Image Depth Perception Net Trained on NYU Depth V2 Data","4/1/1/6/2/6",462,"Elementwise",0.000146,0.00014913333333333337,0.001,0,0,307200,0,307200,16,120,160,16,120,160,"Ramp","","","","","","","HoldForm[ElementwiseLayer[Ramp, ""Input"" -> {16, 120, 160}]]","0kx2e86pkhli5",2.104109589041096e9,2.0599016540008936e9,3.072e8,"{0.001, 0.000196, 0.000151, 0.00015, 0.000149, 0.000148, 0.000148, 0.000149, 0.00015, 0.000149, 0.000149, 0.000148, 0.000149, 0.000148, 0.000158, 0.000148, 0.000147, 0.000147, 0.000148, 0.000147, 0.000148, 0.000146, 0.000148, 0.000179, 0.000149, 0.000148, 0.000148, 0.000147, 0.000148, 0.000148, 0.000148, 0.000148, 0.000147, 0.000147, 0.000147, 0.000148, 0.000147, 0.000147, 0.000147, 0.000147, 0.000148, 0.000147, 0.000148, 0.000149, 0.000148, 0.000148, 0.000147, 0.000147, 0.000148, 0.000163, 0.000169, 0.00015, 0.000151, 0.00015, 0.000152, 0.00015, 0.00015, 0.000149, 0.00015, 0.00015, 0.000151, 0.00015, 0.000151, 0.00015, 0.00015, 0.00015, 0.000151, 0.00015, 0.000151, 0.000148, 0.00015, 0.000149, 0.00015, 0.00015, 0.00015, 0.000149, 0.000171, 0.000149, 0.00015, 0.000149, 0.000159, 0.00015, 0.000149, 0.00015, 0.00015, 0.000149, 0.000149, 0.00015, 0.000149, 0.00015, 0.000148, 0.00015, 0.00015, 0.000149, 0.000149, 0.00015, 0.00015, 0.000151, 0.00015, 0.00015}"
