"model_name","layer_name","layer_index","kind","min_time","mean_time","max_time","add_flops","div_flops","cmp_flops","exp_flops","mad_flops","input_channel","input_height","input_width","output_channel","output_height","output_width","function","kernel_1","kernel_2","stride_1","stride_2","dilation_1","dilation_2","input_form","topology_hash","mad/min_time","mad/mean_time","mad/max_time","time"
"ResNet-101 Trained on YFCC100m Geotagged Data","stage3_unit16/relu1",230,"Elementwise",0.000098,0.00010000000000000005,0.000583,0,0,200704,0,200704,1024,14,14,1024,14,14,"Ramp","","","","","","","HoldForm[ElementwiseLayer[Ramp, ""Input"" -> {1024, 14, 14}]]","1k2x5pn4rbhw1",2.0480000000000002e9,2.0070399999999993e9,3.4426072041166383e8,"{0.000583, 0.000127, 0.000104, 0.000102, 0.000102, 0.000101, 0.000101, 0.000102, 0.0001, 0.000101, 0.0001, 0.0001, 0.000099, 0.000101, 0.000099, 0.0001, 0.0001, 0.0001, 0.000099, 0.0001, 0.000126, 0.000103, 0.000101, 0.0001, 0.0001, 0.0001, 0.000099, 0.000099, 0.0001, 0.0001, 0.000099, 0.000099, 0.0001, 0.0001, 0.0001, 0.0001, 0.000099, 0.0001, 0.0001, 0.0001, 0.0001, 0.0001, 0.000101, 0.000107, 0.0001, 0.0001, 0.0001, 0.000101, 0.0001, 0.000111, 0.000101, 0.0001, 0.0001, 0.0001, 0.000099, 0.000101, 0.0001, 0.0001, 0.0001, 0.000119, 0.000101, 0.0001, 0.0001, 0.0001, 0.0001, 0.000099, 0.000099, 0.000099, 0.0001, 0.0001, 0.0001, 0.000101, 0.0001, 0.0001, 0.0001, 0.0001, 0.0001, 0.000112, 0.000099, 0.000099, 0.000111, 0.000098, 0.000099, 0.0001, 0.0001, 0.0001, 0.000099, 0.000099, 0.000099, 0.000098, 0.000099, 0.000099, 0.0001, 0.000099, 0.000099, 0.000099, 0.000099, 0.0001, 0.000118, 0.000101}"
