"model_name","layer_name","layer_index","kind","min_time","mean_time","max_time","add_flops","div_flops","cmp_flops","exp_flops","mad_flops","input_channel","input_height","input_width","output_channel","output_height","output_width","function","kernel_1","kernel_2","stride_1","stride_2","dilation_1","dilation_2","input_form","topology_hash","mad/min_time","mad/mean_time","mad/max_time","time"
"Inception V3 Trained on ImageNet Competition Data","Inception1/mixed_tower_1_conv_1_relu",32,"Elementwise",0.00007,0.0000725833333333334,0.000477,0,0,117600,0,117600,96,35,35,96,35,35,"Ramp","","","","","","","HoldForm[ElementwiseLayer[Ramp, ""Input"" -> {96, 35, 35}]]","06spg6ij12bik",1.68e9,1.6202066590126278e9,2.4654088050314465e8,"{0.000477, 0.000084, 0.000075, 0.000074, 0.000074, 0.000073, 0.000072, 0.000073, 0.000072, 0.000073, 0.000072, 0.000075, 0.000077, 0.000073, 0.000072, 0.000072, 0.000072, 0.000073, 0.000072, 0.000072, 0.000072, 0.000073, 0.000072, 0.000073, 0.00008, 0.000074, 0.000073, 0.000073, 0.000073, 0.000072, 0.000073, 0.000073, 0.000072, 0.000073, 0.000073, 0.000072, 0.000072, 0.000073, 0.000072, 0.000072, 0.000104, 0.000075, 0.000073, 0.000073, 0.000072, 0.000072, 0.000073, 0.000073, 0.000072, 0.000072, 0.000073, 0.000073, 0.000073, 0.000073, 0.000072, 0.000073, 0.000073, 0.000072, 0.000072, 0.000072, 0.000072, 0.000072, 0.000072, 0.000072, 0.000072, 0.000073, 0.000073, 0.000072, 0.000073, 0.000073, 0.000073, 0.000073, 0.000072, 0.000073, 0.000072, 0.000073, 0.000073, 0.000073, 0.000073, 0.000073, 0.000073, 0.000072, 0.000072, 0.000072, 0.000072, 0.000073, 0.000072, 0.000072, 0.000073, 0.000072, 0.000073, 0.000072, 0.000075, 0.000076, 0.000093, 0.000071, 0.00007, 0.00007, 0.000071, 0.000071}"
