"model_name","layer_name","layer_index","kind","min_time","mean_time","max_time","add_flops","div_flops","cmp_flops","exp_flops","mad_flops","input_channel","input_height","input_width","output_channel","output_height","output_width","function","kernel_1","kernel_2","stride_1","stride_2","dilation_1","dilation_2","input_form","topology_hash","mad/min_time","mad/mean_time","mad/max_time","time"
"Unguided Volumetric Regression Net for 3D Face Reconstruction","8/2/1/1/4/1/1/4/1/1/4/1/1/3/1/1/2",161,"Elementwise",0.000278,0.0002832499999999999,0.00176,0,0,589824,0,589824,256,48,48,256,48,48,"Ramp","","","","","","","HoldForm[ElementwiseLayer[Ramp, ""Input"" -> {256, 48, 48}]]","05bacic0eypcs",2.1216690647482016e9,2.082344218887909e9,3.351272727272727e8,"{0.00176, 0.000346, 0.000289, 0.000281, 0.000278, 0.000279, 0.000278, 0.000278, 0.000279, 0.000279, 0.000308, 0.000285, 0.000283, 0.000283, 0.000283, 0.000284, 0.000285, 0.000284, 0.000283, 0.000283, 0.000283, 0.000284, 0.000283, 0.000283, 0.000305, 0.000283, 0.000284, 0.000283, 0.000281, 0.000288, 0.000281, 0.000282, 0.000282, 0.000281, 0.000283, 0.000285, 0.000287, 0.000283, 0.000303, 0.000283, 0.000282, 0.000282, 0.000282, 0.000282, 0.000283, 0.000283, 0.000284, 0.000283, 0.000283, 0.000282, 0.000283, 0.000283, 0.000305, 0.000283, 0.000282, 0.000285, 0.000284, 0.000283, 0.000284, 0.000286, 0.000284, 0.000282, 0.000283, 0.000282, 0.000293, 0.000284, 0.000304, 0.000286, 0.000285, 0.000283, 0.000284, 0.000285, 0.000284, 0.000283, 0.000283, 0.000282, 0.000282, 0.000283, 0.000283, 0.000283, 0.000304, 0.000284, 0.000283, 0.000283, 0.000282, 0.000284, 0.000284, 0.000283, 0.000283, 0.000283, 0.000283, 0.000284, 0.000284, 0.000282, 0.000302, 0.000284, 0.000283, 0.000281, 0.000282, 0.000292}"
