"model_name","layer_name","layer_index","kind","min_time","mean_time","max_time","add_flops","div_flops","cmp_flops","exp_flops","mad_flops","input_channel","input_height","input_width","output_channel","output_height","output_width","function","kernel_1","kernel_2","stride_1","stride_2","dilation_1","dilation_2","input_form","topology_hash","mad/min_time","mad/mean_time","mad/max_time","time"
"Single-Image Depth Perception Net Trained on NYU Depth V2 Data","4/1/2/1/3/3",488,"Elementwise",0.002572,0.0027315666666666663,0.010731,0,0,4915200,0,4915200,64,240,320,64,240,320,"Ramp","","","","","","","HoldForm[ElementwiseLayer[Ramp, ""Input"" -> {64, 240, 320}]]","04q1a2l4ujoh5",1.91104199066874e9,1.7994069337498631e9,4.580374615599665e8,"{0.010731, 0.003148, 0.003048, 0.002978, 0.002913, 0.00291, 0.002926, 0.002876, 0.002836, 0.002863, 0.002811, 0.002787, 0.002804, 0.002771, 0.00272, 0.002675, 0.002754, 0.002721, 0.00269, 0.002722, 0.002757, 0.002685, 0.002708, 0.002716, 0.002699, 0.002711, 0.002759, 0.002667, 0.002715, 0.002659, 0.002627, 0.002733, 0.002695, 0.002758, 0.002833, 0.00279, 0.002737, 0.002688, 0.002726, 0.00273, 0.002604, 0.002634, 0.00264, 0.00259, 0.002606, 0.002572, 0.002661, 0.002675, 0.002639, 0.00271}"
