"model_name","layer_name","layer_index","kind","min_time","mean_time","max_time","add_flops","div_flops","cmp_flops","exp_flops","mad_flops","input_channel","input_height","input_width","output_channel","output_height","output_width","function","kernel_1","kernel_2","stride_1","stride_2","dilation_1","dilation_2","input_form","topology_hash","mad/min_time","mad/mean_time","mad/max_time","time"
"2D Face Alignment Net Trained on 300W Large Pose Data","15/1/1/1/1/1/2",56,"Elementwise",0.000342,0.00034416666666666656,0.002392,0,0,1048576,0,1048576,256,64,64,256,64,64,"Ramp","","","","","","","HoldForm[ElementwiseLayer[Ramp, ""Input"" -> {256, 64, 64}]]","11v1xlvm83ptf",3.0660116959064326e9,3.046709927360776e9,4.383678929765886e8,"{0.002392, 0.000561, 0.000441, 0.000349, 0.000343, 0.000343, 0.000343, 0.000345, 0.000343, 0.000343, 0.000342, 0.000343, 0.000342, 0.000343, 0.000361, 0.000344, 0.000344, 0.000343, 0.000342, 0.000343, 0.000342, 0.000342, 0.000342, 0.000344, 0.000343, 0.000343, 0.000369, 0.000345, 0.000354, 0.000343, 0.000343, 0.000344, 0.000345, 0.000345, 0.000345, 0.000344, 0.000344, 0.000363, 0.000345, 0.000345, 0.000345, 0.000345, 0.000345, 0.000345, 0.000344, 0.000344, 0.000345, 0.000346, 0.000346, 0.000366}"
