"model_name","layer_name","layer_index","kind","min_time","mean_time","max_time","add_flops","div_flops","cmp_flops","exp_flops","mad_flops","input_channel","input_height","input_width","output_channel","output_height","output_width","function","kernel_1","kernel_2","stride_1","stride_2","dilation_1","dilation_2","input_form","topology_hash","mad/min_time","mad/mean_time","mad/max_time","time"
"Unguided Volumetric Regression Net for 3D Face Reconstruction","9/2/1/1/3/1/1/8",561,"Elementwise",0.000146,0.00014846666666666663,0.000947,0,0,294912,0,294912,128,48,48,128,48,48,"Ramp","","","","","","","HoldForm[ElementwiseLayer[Ramp, ""Input"" -> {128, 48, 48}]]","0luaic76wbzvs",2.0199452054794521e9,1.9863852716659188e9,3.114171066525871e8,"{0.000947, 0.000176, 0.000149, 0.000148, 0.000148, 0.000147, 0.000148, 0.000147, 0.000148, 0.000148, 0.000148, 0.000147, 0.000147, 0.000147, 0.000147, 0.000147, 0.000147, 0.000146, 0.000147, 0.000147, 0.000147, 0.000149, 0.000148, 0.000147, 0.000188, 0.000151, 0.000154, 0.000148, 0.000148, 0.000147, 0.000146, 0.000147, 0.000146, 0.000147, 0.000146, 0.000148, 0.000148, 0.000148, 0.000146, 0.000148, 0.000147, 0.000148, 0.000148, 0.000147, 0.000147, 0.000147, 0.000147, 0.000148, 0.000146, 0.000147, 0.000147, 0.000167, 0.00015, 0.000148, 0.000148, 0.000149, 0.00015, 0.000149, 0.000149, 0.000149, 0.000149, 0.000149, 0.000149, 0.00015, 0.00015, 0.000149, 0.000149, 0.000149, 0.000149, 0.000149, 0.00015, 0.000149, 0.000149, 0.00015, 0.00015, 0.000149, 0.00015, 0.000171, 0.00015, 0.000148, 0.00015, 0.000149, 0.000148, 0.000149, 0.000149, 0.00015, 0.00015, 0.000149, 0.000148, 0.000149, 0.000149, 0.000152, 0.000152, 0.000158, 0.00015, 0.00015, 0.000149, 0.000149, 0.00015, 0.000149}"
