"model_name","layer_name","layer_index","kind","min_time","mean_time","max_time","add_flops","div_flops","cmp_flops","exp_flops","mad_flops","input_channel","input_height","input_width","output_channel","output_height","output_width","function","kernel_1","kernel_2","stride_1","stride_2","dilation_1","dilation_2","input_form","topology_hash","mad/min_time","mad/mean_time","mad/max_time","time"
"ResNet-152 Trained on ImageNet Competition Data","4b35/res4b35_branch2a_relu",474,"Elementwise",0.000042,0.000045016666666666604,0.000289,0,0,50176,0,50176,256,14,14,256,14,14,"Ramp","","","","","","","HoldForm[ElementwiseLayer[Ramp, ""Input"" -> {256, 14, 14}]]","1j88u7fzs0nsq",1.1946666666666667e9,1.1146094039244738e9,1.7361937716262975e8,"{0.000289, 0.000052, 0.000043, 0.000042, 0.000043, 0.000057, 0.000049, 0.000045, 0.000045, 0.000045, 0.000045, 0.000045, 0.000045, 0.000045, 0.000045, 0.000045, 0.000044, 0.000046, 0.000045, 0.000045, 0.000045, 0.000046, 0.000046, 0.000046, 0.000045, 0.000045, 0.000045, 0.000045, 0.000045, 0.000045, 0.000045, 0.000046, 0.000045, 0.000045, 0.000045, 0.000046, 0.000046, 0.000046, 0.000046, 0.000045, 0.000045, 0.000045, 0.000045, 0.000045, 0.000046, 0.000045, 0.000045, 0.000045, 0.000045, 0.000045, 0.000045, 0.000045, 0.000044, 0.000045, 0.000044, 0.000046, 0.000045, 0.000045, 0.000045, 0.000046, 0.000045, 0.000045, 0.000045, 0.000045, 0.000045, 0.000045, 0.000045, 0.000045, 0.000045, 0.000082, 0.000047, 0.000045, 0.000045, 0.000045, 0.000045, 0.000045, 0.000044, 0.000045, 0.000045, 0.000045, 0.000046, 0.000045, 0.000045, 0.000045, 0.000045, 0.000044, 0.000045, 0.000046, 0.000045, 0.000045, 0.000045, 0.000044, 0.000045, 0.000045, 0.000046, 0.000045, 0.000044, 0.000045, 0.000045, 0.000045}"
