"model_name","layer_name","layer_index","kind","min_time","mean_time","max_time","add_flops","div_flops","cmp_flops","exp_flops","mad_flops","input_channel","input_height","input_width","output_channel","output_height","output_width","function","kernel_1","kernel_2","stride_1","stride_2","dilation_1","dilation_2","input_form","topology_hash","mad/min_time","mad/mean_time","mad/max_time","time"
"Age Estimation VGG-16 Trained on IMDB-WIKI and Looking at People Data","relu4_3",23,"Elementwise",0.000168,0.0001700666666666667,0.000892,0,0,401408,0,401408,512,28,28,512,28,28,"Ramp","","","","","","","HoldForm[ElementwiseLayer[Ramp, ""Input"" -> {512, 28, 28}]]","1dnvsxrgaunmm",2.3893333333333335e9,2.3602979223833785e9,4.500089686098654e8,"{0.000892, 0.000198, 0.000196, 0.000174, 0.00017, 0.00017, 0.00017, 0.000171, 0.000169, 0.00017, 0.00017, 0.00017, 0.00017, 0.00017, 0.00017, 0.000171, 0.00017, 0.000169, 0.000171, 0.000169, 0.00017, 0.000171, 0.00017, 0.00017, 0.000171, 0.000193, 0.000171, 0.000171, 0.00017, 0.000169, 0.000179, 0.000169, 0.000169, 0.000171, 0.000169, 0.000168, 0.000169, 0.000169, 0.000169, 0.000169, 0.00017, 0.00017, 0.00017, 0.000169, 0.00017, 0.000169, 0.00017, 0.00017, 0.000191, 0.000172}"
