"model_name","layer_name","layer_index","kind","min_time","mean_time","max_time","add_flops","div_flops","cmp_flops","exp_flops","mad_flops","input_channel","input_height","input_width","output_channel","output_height","output_width","function","kernel_1","kernel_2","stride_1","stride_2","dilation_1","dilation_2","input_form","topology_hash","mad/min_time","mad/mean_time","mad/max_time","time"
"Single-Image Depth Perception Net Trained on NYU Depth V2 Data","4/1/1/4/1/2/1/2/3",392,"Elementwise",0.000216,0.00021896666666666663,0.001329,0,0,614400,0,614400,32,120,160,32,120,160,"Ramp","","","","","","","HoldForm[ElementwiseLayer[Ramp, ""Input"" -> {32, 120, 160}]]","1v51dnnow66w3",2.844444444444444e9,2.8059065306743803e9,4.623024830699774e8,"{0.001329, 0.000305, 0.000271, 0.000219, 0.000217, 0.000234, 0.000218, 0.000218, 0.000218, 0.000217, 0.000218, 0.000218, 0.000218, 0.000217, 0.000232, 0.000225, 0.000218, 0.000219, 0.000218, 0.000218, 0.000242, 0.000217, 0.000217, 0.000217, 0.000217, 0.000217, 0.000216, 0.000217, 0.000217, 0.000229, 0.000231, 0.000219, 0.000221, 0.000221, 0.000221, 0.000218, 0.000218, 0.000217, 0.000238, 0.000219, 0.000221, 0.00022, 0.000218, 0.000218, 0.000229, 0.000217, 0.000221, 0.000221, 0.000218, 0.000219}"
