"model_name","layer_name","layer_index","kind","min_time","mean_time","max_time","add_flops","div_flops","cmp_flops","exp_flops","mad_flops","input_channel","input_height","input_width","output_channel","output_height","output_width","function","kernel_1","kernel_2","stride_1","stride_2","dilation_1","dilation_2","input_form","topology_hash","mad/min_time","mad/mean_time","mad/max_time","time"
"YOLO V2 Trained on MS-COCO Data","Conv/conv1024/17",70,"Elementwise",0.000294,0.0003237833333333332,0.00115,173056,0,346112,0,0,1024,13,13,1024,13,13,"ScalarFunctionObject[{ScalarSymbol[1]}, ScalarSymbol[5], <|ScalarSymbol[2] -> {Max, 0., ScalarSymbol[1]}, ScalarSymbol[3] -> {Min, 0., ScalarSymbol[1]}, ScalarSymbol[4] -> {Times, 0.1, ScalarSymbol[3]}, ScalarSymbol[5] -> {Plus, ScalarSymbol[2], ScalarSymbol[4]}|>]","","","","","","","HoldForm[ElementwiseLayer[Max[0, #1] + 0.1*Min[0, #1] & , ""Input"" -> {1024, 13, 13}]]","03wmmylt8ihh3",0.,0.,0.,"{0.00115, 0.000321, 0.000299, 0.000295, 0.000325, 0.000298, 0.000294, 0.000294, 0.000295, 0.000294, 0.00032, 0.00031, 0.000296, 0.000294, 0.000294, 0.000295, 0.000295, 0.00032, 0.000298, 0.000296, 0.000295, 0.000296, 0.000295, 0.000295, 0.000294, 0.000296, 0.000294, 0.000294, 0.000294, 0.000294, 0.000294, 0.00032, 0.0003, 0.000297, 0.000296, 0.000298, 0.000298, 0.000298, 0.000297, 0.000297, 0.000297, 0.000297, 0.000297, 0.000298, 0.000346, 0.000301, 0.000313, 0.000296, 0.000296, 0.000295, 0.000296, 0.000295, 0.000294, 0.000295, 0.000295, 0.000317, 0.0003, 0.00032, 0.0003, 0.000298, 0.000297, 0.000298, 0.000298, 0.000297, 0.000298, 0.000298, 0.000298, 0.000297, 0.000297, 0.000296, 0.000298, 0.000482, 0.000438, 0.000433, 0.000433, 0.000446, 0.000437, 0.000446, 0.000433, 0.000432, 0.000457, 0.000433, 0.000433, 0.000433, 0.000433, 0.000434, 0.000432, 0.000433, 0.000448, 0.00046, 0.000434, 0.000432, 0.000434, 0.000433, 0.000432, 0.000432, 0.000432, 0.000431, 0.000465, 0.00044}"
