"model_name","layer_name","layer_index","kind","min_time","mean_time","max_time","add_flops","div_flops","cmp_flops","exp_flops","mad_flops","input_channel","input_height","input_width","output_channel","output_height","output_width","function","kernel_1","kernel_2","stride_1","stride_2","dilation_1","dilation_2","input_form","topology_hash","mad/min_time","mad/mean_time","mad/max_time","time"
"3D Face Alignment Net Trained on 300W Large Pose Data","14/1/2/2/1/1/4/1",303,"Elementwise",0.000051,0.000052550000000000024,0.000494,0,0,0,0,0,128,32,32,128,32,32,"ScalarFunctionObject[{ScalarSymbol[1]}, ScalarSymbol[1], <||>]","","","","","","","HoldForm[ElementwiseLayer[#1 & , ""Input"" -> {128, 32, 32}]]","0emxo2izf1r9m",0.,0.,0.,"{0.000494, 0.000071, 0.000056, 0.000054, 0.000053, 0.000053, 0.000053, 0.000052, 0.000052, 0.000052, 0.000052, 0.000052, 0.000063, 0.00008, 0.000058, 0.000053, 0.000053, 0.000052, 0.000053, 0.000053, 0.000053, 0.000053, 0.000053, 0.000053, 0.000052, 0.000053, 0.000052, 0.000052, 0.000052, 0.000052, 0.000052, 0.000052, 0.000052, 0.000052, 0.000052, 0.000053, 0.000052, 0.000053, 0.000052, 0.000053, 0.000053, 0.000055, 0.000052, 0.000052, 0.000053, 0.000053, 0.000053, 0.000053, 0.000052, 0.000053, 0.000052, 0.000052, 0.000053, 0.000052, 0.000051, 0.000053, 0.000053, 0.000052, 0.000052, 0.000052, 0.000052, 0.000052, 0.000052, 0.000052, 0.000052, 0.000052, 0.000053, 0.000053, 0.000053, 0.000052, 0.000053, 0.000052, 0.000053, 0.000053, 0.000052, 0.000053, 0.000053, 0.000052, 0.000052, 0.000053, 0.000053, 0.000052, 0.000052, 0.000053, 0.000052, 0.000053, 0.000053, 0.000053, 0.000079, 0.000055, 0.000053, 0.000052, 0.000053, 0.000052, 0.000052, 0.000052, 0.000052, 0.000053, 0.000053, 0.000053}"
