"model_name","layer_name","layer_index","kind","min_time","mean_time","max_time","add_flops","div_flops","cmp_flops","exp_flops","mad_flops","input_channel","input_height","input_width","output_channel","output_height","output_width","function","kernel_1","kernel_2","stride_1","stride_2","dilation_1","dilation_2","input_form","topology_hash","mad/min_time","mad/mean_time","mad/max_time","time"
"Age Estimation VGG-16 Trained on IMDB-WIKI Data","fc7",36,"Linear",0.002204,0.0022832999999999994,0.00264,0,0,0,0,16777216,4096,"","",4096,"","","","","","","","","","HoldForm[LinearLayer[{4096}, ""Input"" -> 4096]]","0mebndipagol9",7.612166969147006e9,7.34779310646871e9,6.355006060606061e9,"{0.00264, 0.002573, 0.002493, 0.002494, 0.002463, 0.002424, 0.002416, 0.002383, 0.002387, 0.002492, 0.002413, 0.002366, 0.002302, 0.002356, 0.002322, 0.002268, 0.002292, 0.002258, 0.002331, 0.002262, 0.002276, 0.00228, 0.002244, 0.002294, 0.002252, 0.002285, 0.002251, 0.002293, 0.002308, 0.002247, 0.002274, 0.002232, 0.002262, 0.002214, 0.00224, 0.002241, 0.002277, 0.002256, 0.002212, 0.00225, 0.002229, 0.00226, 0.002204, 0.002259, 0.002274, 0.002235, 0.002254, 0.00221, 0.002263, 0.002206}"
