"model_name","layer_name","layer_index","kind","min_time","mean_time","max_time","add_flops","div_flops","cmp_flops","exp_flops","mad_flops","input_channel","input_height","input_width","output_channel","output_height","output_width","function","kernel_1","kernel_2","stride_1","stride_2","dilation_1","dilation_2","input_form","topology_hash","mad/min_time","mad/mean_time","mad/max_time","time"
"Squeeze-and-Excitation Net Trained on ImageNet Competition Data","4c/conv4_3_1x1_down",248,"Linear",0.000033,0.00003360000000000001,0.00007,0,0,0,0,65536,1024,"","",64,"","","","","","","","","","HoldForm[LinearLayer[{64}, ""Input"" -> 1024]]","0g4vmp1vvggav",1.9859393939393938e9,1.9504761904761899e9,9.362285714285715e8,"{0.00007, 0.000033, 0.000044, 0.000034, 0.000034, 0.000034, 0.000034, 0.000033, 0.000033, 0.000034, 0.000034, 0.000034, 0.000033, 0.000033, 0.000034, 0.000034, 0.000034, 0.000034, 0.000033, 0.000034, 0.000034, 0.000033, 0.000033, 0.000033, 0.00004, 0.000034, 0.000034, 0.000033, 0.000033, 0.000033, 0.000033, 0.000034, 0.000033, 0.000034, 0.000034, 0.000033, 0.000034, 0.000033, 0.000034, 0.000034, 0.000034, 0.000033, 0.000033, 0.000033, 0.000033, 0.000033, 0.000033, 0.000034, 0.000034, 0.000035}"
