"model_name","layer_name","layer_index","kind","min_time","mean_time","max_time","add_flops","div_flops","cmp_flops","exp_flops","mad_flops","input_channel","input_height","input_width","output_channel","output_height","output_width","function","kernel_1","kernel_2","stride_1","stride_2","dilation_1","dilation_2","input_form","topology_hash","mad/min_time","mad/mean_time","mad/max_time","time"
"OpenFace Face Recognition Net Trained on CASIA-WebFace and FaceScrub Data","14/8",32,"Padding",0.00002,0.000024966666666666663,0.000138,0,0,0,0,0,32,5,5,32,12,12,"","","","","","","","HoldForm[PaddingLayer[{{0, 0}, {3, 4}, {3, 4}}, ""Input"" -> {32, 5, 5}]]","1s7ezq31gc29t",0.,0.,0.,"{0.000138, 0.000027, 0.000029, 0.000021, 0.000026, 0.000021, 0.000026, 0.000022, 0.000022, 0.00002, 0.000026, 0.00002, 0.00002, 0.000025, 0.000026, 0.000021, 0.000026, 0.000021, 0.000026, 0.000026, 0.000026, 0.000026, 0.000022, 0.000026, 0.000025, 0.000026, 0.000026, 0.000026, 0.000021, 0.000026, 0.000021, 0.000026, 0.000021, 0.00002, 0.000026, 0.000026, 0.000025, 0.000026, 0.000021, 0.000025, 0.000021, 0.000026, 0.000025, 0.000026, 0.000026, 0.000025, 0.000021, 0.000021, 0.000025, 0.000026, 0.000026, 0.000025, 0.000021, 0.000025, 0.000026, 0.000026, 0.000026, 0.000026, 0.000021, 0.000026, 0.000021, 0.000026, 0.00002, 0.000026, 0.000021, 0.000026, 0.000026, 0.000026, 0.000027, 0.000026, 0.000026, 0.000026, 0.000025, 0.000021, 0.000021, 0.000025, 0.000025, 0.00002, 0.000025, 0.000026, 0.000021, 0.000026, 0.000025, 0.000026, 0.000026, 0.000021, 0.000026, 0.000021, 0.000026, 0.000027, 0.000026, 0.000026, 0.000021, 0.000025, 0.000026, 0.000027, 0.000026, 0.000026, 0.000026, 0.000026}"
