"model_name","layer_name","layer_index","kind","min_time","mean_time","max_time","add_flops","div_flops","cmp_flops","exp_flops","mad_flops","input_channel","input_height","input_width","output_channel","output_height","output_width","function","kernel_1","kernel_2","stride_1","stride_2","dilation_1","dilation_2","input_form","topology_hash","mad/min_time","mad/mean_time","mad/max_time","time"
"Multi-scale Context Aggregation Net Trained on Cityscapes Data","pool2",10,"Pooling",0.079407,0.08131248333333328,0.109535,0,0,61294592,0,0,128,692,692,128,346,346,"Max",2,2,2,2,"","","HoldForm[PoolingLayer[{2, 2}, {2, 2}, ""PaddingSize"" -> {{0, 0}, {0, 0}}, ""Input"" -> {128, 692, 692}]]","0de40hfno3nd2",0.,0.,0.,"{0.109535, 0.082414, 0.082315, 0.08236, 0.082375, 0.082308, 0.082165, 0.082006, 0.082073, 0.082143, 0.082122, 0.082092, 0.082166, 0.083295, 0.082063, 0.082134, 0.081999, 0.081655, 0.080974, 0.080787, 0.080492, 0.080429, 0.080545, 0.080391, 0.08081, 0.079704, 0.082049, 0.082887, 0.082378, 0.082216, 0.082316, 0.082353, 0.082233, 0.082228, 0.082148, 0.08206, 0.08206, 0.081674, 0.0816, 0.081618, 0.08163, 0.08114, 0.081094, 0.081158, 0.08118, 0.081072, 0.08116, 0.081186, 0.081204, 0.081226, 0.080863, 0.08081, 0.080759, 0.08079, 0.080494, 0.080423, 0.07964, 0.079653, 0.079687, 0.082526, 0.082437, 0.082383, 0.082176, 0.082241, 0.084613, 0.082279, 0.08201, 0.081684, 0.081628, 0.082157, 0.081113, 0.081665, 0.080993, 0.081011, 0.080839, 0.080375, 0.08039, 0.080437, 0.079784, 0.079543, 0.079606, 0.07963, 0.07948, 0.079407, 0.079438, 0.079514, 0.079525, 0.07955, 0.079553, 0.079564, 0.079696, 0.079641, 0.079649, 0.079513, 0.079535, 0.079432, 0.079415, 0.082199, 0.082387, 0.082262}"
