"model_name","layer_name","layer_index","kind","min_time","mean_time","max_time","add_flops","div_flops","cmp_flops","exp_flops","mad_flops","input_channel","input_height","input_width","output_channel","output_height","output_width","function","kernel_1","kernel_2","stride_1","stride_2","dilation_1","dilation_2","input_form","topology_hash","mad/min_time","mad/mean_time","mad/max_time","time"
"Inception V1 Trained on Extended Salient Object Subitizing Data","pool2_3x3_s2",12,"Pooling",0.001179,0.0011952833333333337,0.002653,0,0,1354752,0,0,192,57,57,192,28,28,"Max",3,3,2,2,"","","HoldForm[PoolingLayer[{3, 3}, {2, 2}, ""PaddingSize"" -> {{0, 0}, {0, 0}}, ""Input"" -> {192, 57, 57}]]","0qmwens9sj720",0.,0.,0.,"{0.002653, 0.002118, 0.002134, 0.002101, 0.002117, 0.002093, 0.002119, 0.002114, 0.002124, 0.002095, 0.001361, 0.001195, 0.001197, 0.001208, 0.001194, 0.001182, 0.001205, 0.001194, 0.001196, 0.001182, 0.001216, 0.001186, 0.001194, 0.001218, 0.001186, 0.001182, 0.001216, 0.001183, 0.001182, 0.001195, 0.001212, 0.001183, 0.001182, 0.001205, 0.001191, 0.001195, 0.001203, 0.001196, 0.001182, 0.001202, 0.001205, 0.001183, 0.001189, 0.001206, 0.001184, 0.001181, 0.001221, 0.001193, 0.00118, 0.00118, 0.001201, 0.001189, 0.001208, 0.001204, 0.001194, 0.001181, 0.001209, 0.001181, 0.001179, 0.001188, 0.001214, 0.001183, 0.001182, 0.00121, 0.001192, 0.001182, 0.001182, 0.001201, 0.001201, 0.001182, 0.001204, 0.001195, 0.001193, 0.001203, 0.001183, 0.001181, 0.00119, 0.001214, 0.001183, 0.001194, 0.001212, 0.001201, 0.001183, 0.001203, 0.001191, 0.001194, 0.001181, 0.001203, 0.001203, 0.001194, 0.001205, 0.001183, 0.001182, 0.001211, 0.001195, 0.001182, 0.001194, 0.001212, 0.001182, 0.001181}"
