"model_name","layer_name","layer_index","kind","min_time","mean_time","max_time","add_flops","div_flops","cmp_flops","exp_flops","mad_flops","input_channel","input_height","input_width","output_channel","output_height","output_width","function","kernel_1","kernel_2","stride_1","stride_2","dilation_1","dilation_2","input_form","topology_hash","mad/min_time","mad/mean_time","mad/max_time","time"
"MobileNet V2 Trained on ImageNet Competition Data","reshape",152,"Reshape",0.000016,0.000021700000000000006,0.00014,0,0,0,0,0,1001,1,1,1001,"","","","","","","","","","HoldForm[ReshapeLayer[{1001}, ""Input"" -> {1001, 1, 1}]]","0p4corptc7rh3",0.,0.,0.,"{0.00014, 0.000026, 0.000021, 0.000019, 0.000019, 0.000019, 0.000044, 0.000024, 0.000024, 0.000016, 0.000024, 0.000017, 0.000016, 0.000017, 0.000017, 0.000023, 0.000023, 0.000023, 0.000016, 0.000016, 0.000023, 0.000023, 0.000024, 0.000024, 0.000023, 0.000024, 0.000024, 0.000023, 0.000023, 0.000024, 0.000023, 0.000023, 0.000016, 0.000016, 0.000022, 0.000024, 0.000023, 0.000023, 0.000023, 0.000024, 0.000023, 0.000017, 0.000017, 0.000023, 0.000017, 0.000016, 0.000016, 0.000016, 0.000023, 0.000023, 0.000023, 0.000017, 0.000023, 0.000024, 0.000023, 0.000024, 0.000023, 0.000025, 0.000023, 0.000023, 0.000023, 0.000024, 0.000017, 0.000017, 0.000023, 0.000016, 0.000022, 0.000017, 0.000016, 0.000023, 0.000022, 0.000017, 0.000023, 0.000016, 0.000023, 0.000023, 0.000023, 0.000023, 0.000023, 0.000023, 0.000023, 0.000022, 0.000023, 0.000024, 0.000023, 0.000023, 0.000042, 0.000025, 0.000017, 0.000017, 0.000016, 0.000016, 0.000023, 0.000023, 0.000023, 0.000023, 0.000023, 0.000017, 0.000016, 0.000017}"
