"model_name","layer_name","layer_index","kind","min_time","mean_time","max_time","add_flops","div_flops","cmp_flops","exp_flops","mad_flops","input_channel","input_height","input_width","output_channel","output_height","output_width","function","kernel_1","kernel_2","stride_1","stride_2","dilation_1","dilation_2","input_form","topology_hash","mad/min_time","mad/mean_time","mad/max_time","time"
"3D Face Alignment Net Trained on 300W Large Pose Data","13/1/2/5",718,"Resize",0.008737,0.008754733333333337,0.010703,0,0,0,0,0,256,32,32,256,64,64,"","","","","","","","HoldForm[ResizeLayer[{Scaled[2], Scaled[2]}, ""Resampling"" -> ""Nearest"", ""Input"" -> {256, 32, 32}]]","12lpx8vbfqwib",0.,0.,0.,"{0.010703, 0.008798, 0.008756, 0.008773, 0.008766, 0.008753, 0.00875, 0.008745, 0.008755, 0.008755, 0.008748, 0.008747, 0.008749, 0.008759, 0.008745, 0.008738, 0.008745, 0.008748, 0.008753, 0.008753, 0.008741, 0.008758, 0.008756, 0.008758, 0.008805, 0.008799, 0.00879, 0.008798, 0.008797, 0.008809, 0.008787, 0.008764, 0.008773, 0.008778, 0.008789, 0.008782, 0.008762, 0.008767, 0.008769, 0.008766, 0.008757, 0.008762, 0.008753, 0.008745, 0.008767, 0.008755, 0.008752, 0.008745, 0.008749, 0.008748, 0.008757, 0.008737, 0.008756, 0.008749, 0.008746, 0.008758, 0.008768, 0.008757, 0.008758, 0.008738, 0.008756, 0.008744, 0.008754, 0.008742, 0.008763, 0.008748, 0.008754, 0.008751, 0.008751, 0.008752, 0.008763, 0.008755, 0.008749, 0.008753, 0.008749, 0.00876, 0.008765, 0.008756, 0.008753, 0.00875, 0.008751, 0.008743, 0.008756, 0.008749, 0.008753, 0.008756, 0.008753, 0.008759, 0.008746, 0.00874, 0.008748, 0.008757, 0.008765, 0.00875, 0.008753, 0.008739, 0.008744, 0.008756, 0.008756, 0.008746}"
