"model_name","layer_name","layer_index","kind","min_time","mean_time","max_time","add_flops","div_flops","cmp_flops","exp_flops","mad_flops","input_channel","input_height","input_width","output_channel","output_height","output_width","function","kernel_1","kernel_2","stride_1","stride_2","dilation_1","dilation_2","input_form","topology_hash","mad/min_time","mad/mean_time","mad/max_time","time"
"Squeeze-and-Excitation Net Trained on ImageNet Competition Data","4f/conv4_6_scale",304,"Threading",0.000111,0.00011126666666666667,0.000475,0,0,0,0,401408,1024,14,14,1024,14,14,"Times","","","","","","","HoldForm[ThreadingLayer[Times, ""Inputs"" -> {{1024, 14, 14}, {1024, 14, 14}}]]","0pjdpb3japuu1",3.616288288288288e9,3.607621330137807e9,8.450694736842104e8,"{0.000475, 0.000126, 0.000114, 0.000111, 0.000111, 0.000131, 0.000113, 0.000112, 0.000112, 0.000112, 0.000112, 0.000111, 0.000112, 0.000112, 0.000111, 0.000111, 0.000111, 0.000111, 0.000111, 0.000111, 0.000111, 0.000111, 0.000111, 0.000111, 0.000111, 0.000111, 0.000111, 0.000111, 0.000111, 0.000112, 0.000112, 0.000111, 0.000112, 0.000111, 0.000112, 0.000111, 0.000112, 0.000111, 0.000111, 0.000111, 0.00013, 0.000111, 0.000111, 0.000111, 0.000112, 0.000111, 0.000111, 0.000111, 0.000111, 0.000111}"
