"model_name","layer_name","layer_index","kind","min_time","mean_time","max_time","add_flops","div_flops","cmp_flops","exp_flops","mad_flops","input_channel","input_height","input_width","output_channel","output_height","output_width","function","kernel_1","kernel_2","stride_1","stride_2","dilation_1","dilation_2","input_form","topology_hash","mad/min_time","mad/mean_time","mad/max_time","time"
"Yahoo Open NSFW Model V1","stage1_block3/eltwise_stage1_block3",78,"Total",0.000213,0.0002154999999999998,0.00082,200704,0,0,0,0,256,28,28,256,28,28,"","","","","","","","HoldForm[TotalLayer[""Inputs"" -> {{256, 28, 28}, {256, 28, 28}}]]","0fzaou142da92",0.,0.,0.,"{0.00082, 0.000232, 0.000216, 0.000215, 0.000214, 0.000214, 0.000215, 0.000214, 0.000214, 0.000213, 0.000214, 0.000214, 0.000214, 0.000214, 0.000213, 0.000234, 0.000216, 0.000214, 0.000213, 0.000213, 0.000214, 0.000213, 0.000213, 0.000213, 0.000213, 0.000214, 0.000214, 0.000213, 0.000214, 0.000214, 0.000214, 0.000214, 0.000214, 0.000214, 0.000235, 0.000225, 0.000218, 0.000216, 0.000215, 0.000221, 0.000223, 0.000219, 0.000216, 0.000216, 0.000218, 0.00022, 0.000218, 0.000221, 0.000219, 0.000216, 0.000217, 0.000215, 0.000239, 0.000217, 0.000215, 0.000216, 0.000214, 0.000215, 0.000215, 0.000215, 0.000215, 0.000216, 0.000215, 0.000215, 0.000215, 0.000215, 0.000216, 0.000216, 0.000216, 0.000216, 0.000215, 0.000233, 0.000216, 0.000216, 0.000216, 0.000216, 0.000215, 0.000216, 0.000217, 0.000215, 0.000215, 0.000222, 0.000216, 0.000216, 0.000216, 0.000216, 0.000215, 0.000215, 0.000215, 0.000242, 0.000217, 0.000216, 0.000217, 0.000216, 0.000216, 0.000217, 0.000216, 0.000217, 0.000217, 0.000216}"
