"model_name","layer_name","layer_index","kind","min_time","mean_time","max_time","add_flops","div_flops","cmp_flops","exp_flops","mad_flops","input_channel","input_height","input_width","output_channel","output_height","output_width","function","kernel_1","kernel_2","stride_1","stride_2","dilation_1","dilation_2","input_form","topology_hash","mad/min_time","mad/mean_time","mad/max_time","time"
"ResNet-101 Trained on ImageNet Competition Data","4b2/res4b2",110,"Total",0.000141,0.00021036666666666648,0.000812,200704,0,0,0,0,1024,14,14,1024,14,14,"","","","","","","","HoldForm[TotalLayer[""Inputs"" -> {{1024, 14, 14}, {1024, 14, 14}}]]","0krmdiyn3vw17",0.,0.,0.,"{0.000812, 0.000235, 0.00025, 0.000216, 0.000213, 0.000214, 0.000213, 0.000213, 0.000213, 0.000212, 0.000213, 0.000213, 0.000213, 0.000212, 0.000213, 0.000213, 0.000213, 0.000212, 0.000213, 0.000213, 0.000237, 0.000213, 0.000213, 0.000213, 0.000213, 0.000213, 0.000213, 0.000213, 0.000212, 0.000213, 0.000213, 0.000212, 0.000216, 0.000216, 0.000212, 0.000213, 0.000227, 0.000213, 0.000212, 0.000243, 0.000224, 0.000213, 0.000212, 0.000213, 0.000213, 0.000213, 0.000214, 0.000214, 0.000213, 0.000212, 0.000213, 0.000213, 0.000213, 0.000213, 0.000213, 0.000213, 0.000213, 0.000237, 0.000214, 0.000212, 0.000212, 0.000213, 0.000213, 0.000212, 0.000212, 0.000213, 0.000213, 0.000213, 0.000213, 0.000212, 0.000212, 0.000213, 0.000212, 0.000212, 0.000212, 0.000212, 0.00022, 0.000156, 0.000149, 0.000169, 0.000167, 0.000146, 0.000143, 0.000164, 0.000146, 0.000143, 0.000143, 0.000141, 0.000141, 0.000142, 0.000142, 0.000153, 0.000142, 0.000142, 0.000142, 0.000142, 0.000142, 0.000142, 0.000141, 0.000141}"
