"model_name","layer_name","layer_index","kind","min_time","mean_time","max_time","add_flops","div_flops","cmp_flops","exp_flops","mad_flops","input_channel","input_height","input_width","output_channel","output_height","output_width","function","kernel_1","kernel_2","stride_1","stride_2","dilation_1","dilation_2","input_form","topology_hash","mad/min_time","mad/mean_time","mad/max_time","time"
"Squeeze-and-Excitation Net Trained on ImageNet Competition Data","3d/conv3_4_eltwise",133,"Total",0.000258,0.00040539999999999993,0.001426,401408,0,0,0,0,512,28,28,512,28,28,"","","","","","","","HoldForm[TotalLayer[""Inputs"" -> {{512, 28, 28}, {512, 28, 28}}]]","0wp65i2cnvhy6",0.,0.,0.,"{0.001426, 0.000451, 0.000412, 0.000406, 0.000403, 0.000433, 0.000406, 0.000405, 0.000404, 0.000404, 0.000403, 0.000404, 0.000403, 0.000404, 0.000403, 0.000447, 0.000406, 0.000404, 0.000403, 0.000403, 0.000402, 0.000403, 0.000403, 0.000403, 0.000427, 0.000407, 0.000405, 0.000405, 0.000405, 0.000406, 0.000406, 0.000405, 0.000426, 0.000409, 0.000427, 0.000405, 0.000405, 0.000406, 0.000404, 0.000409, 0.000414, 0.000406, 0.000406, 0.000417, 0.000427, 0.000405, 0.000405, 0.000405, 0.000404, 0.000404, 0.000407, 0.000405, 0.000406, 0.000404, 0.000428, 0.000409, 0.000409, 0.000406, 0.000408, 0.000406, 0.000408, 0.000406, 0.000408, 0.000435, 0.000291, 0.000266, 0.00026, 0.000259, 0.00026, 0.000258, 0.00026, 0.000259, 0.000258, 0.000259, 0.000259, 0.000259, 0.00026, 0.000259, 0.000279, 0.000261, 0.000259, 0.000421, 0.000408, 0.000407, 0.000408, 0.000406, 0.000407, 0.000406, 0.000407, 0.000428, 0.000405, 0.000405, 0.000404, 0.000405, 0.000412, 0.000408, 0.000408, 0.000405, 0.000404, 0.000425}"
