"model_name","layer_name","layer_index","kind","min_time","mean_time","max_time","add_flops","div_flops","cmp_flops","exp_flops","mad_flops","input_channel","input_height","input_width","output_channel","output_height","output_width","function","kernel_1","kernel_2","stride_1","stride_2","dilation_1","dilation_2","input_form","topology_hash","mad/min_time","mad/mean_time","mad/max_time","time"
"2D Face Alignment Net Trained on 300W Large Pose Data","11/4/1/3",21,"Total",0.001563,0.0016557499999999999,0.00555,2097152,0,0,0,0,128,128,128,128,128,128,"","","","","","","","HoldForm[TotalLayer[""Inputs"" -> {{128, 128, 128}, {128, 128, 128}}]]","13v26pnikdbwr",0.,0.,0.,"{0.00555, 0.001947, 0.001907, 0.001777, 0.001755, 0.001666, 0.001746, 0.001688, 0.001693, 0.001723, 0.001653, 0.001654, 0.001597, 0.001677, 0.001625, 0.001676, 0.001729, 0.001677, 0.001761, 0.001703, 0.001728, 0.001693, 0.001694, 0.001746, 0.001661, 0.001685, 0.001631, 0.001636, 0.001722, 0.001663, 0.001668, 0.001619, 0.001643, 0.001678, 0.001736, 0.001735, 0.001688, 0.00171, 0.001646, 0.001685, 0.00162, 0.001607, 0.001655, 0.001648, 0.001649, 0.001657, 0.001633, 0.001641, 0.001589, 0.0016, 0.001585, 0.001673, 0.001743, 0.001684, 0.001717, 0.001671, 0.001713, 0.00165, 0.001619, 0.001624, 0.001563, 0.001628, 0.001632, 0.001602, 0.001636, 0.001602, 0.001626, 0.001624, 0.001597, 0.001648, 0.001633, 0.001673, 0.001618, 0.001666, 0.001652, 0.001603, 0.001673, 0.001627, 0.001654, 0.001665, 0.001616, 0.001673, 0.001602, 0.001681, 0.001636, 0.001628, 0.001653, 0.0016, 0.001712, 0.001636, 0.001643, 0.001667, 0.001581, 0.001632, 0.001643, 0.001647, 0.001619, 0.00165, 0.001654, 0.001613}"
