"model_name","layer_name","layer_index","kind","min_time","mean_time","max_time","add_flops","div_flops","cmp_flops","exp_flops","mad_flops","input_channel","input_height","input_width","output_channel","output_height","output_width","function","kernel_1","kernel_2","stride_1","stride_2","dilation_1","dilation_2","input_form","topology_hash","mad/min_time","mad/mean_time","mad/max_time","time"
"ResNet-152 Trained on ImageNet Competition Data","3b4/res3b4",88,"Total",0.000261,0.00026590000000000007,0.001128,401408,0,0,0,0,512,28,28,512,28,28,"","","","","","","","HoldForm[TotalLayer[""Inputs"" -> {{512, 28, 28}, {512, 28, 28}}]]","0wp65i2cnvhy6",0.,0.,0.,"{0.001128, 0.000335, 0.000281, 0.000262, 0.000262, 0.000294, 0.000264, 0.000263, 0.000262, 0.000263, 0.000263, 0.000262, 0.000264, 0.000264, 0.000261, 0.000263, 0.000263, 0.000263, 0.000263, 0.000262, 0.00029, 0.000262, 0.000262, 0.000262, 0.000261, 0.000262, 0.000262, 0.000261, 0.000263, 0.000272, 0.000262, 0.000262, 0.000263, 0.000262, 0.000261, 0.000287, 0.000267, 0.000267, 0.000268, 0.000267, 0.000267, 0.000267, 0.000267, 0.000267, 0.000267, 0.000266, 0.000266, 0.000266, 0.000266, 0.000286, 0.000267, 0.000267, 0.000267, 0.000267, 0.000267, 0.000267, 0.000267, 0.000266, 0.000266, 0.000266, 0.000266, 0.000266, 0.000267, 0.000266, 0.000286, 0.000268, 0.000275, 0.000267, 0.000267, 0.000266, 0.000266, 0.000266, 0.000266, 0.000267, 0.000267, 0.000266, 0.000267, 0.000266, 0.000267, 0.000286, 0.000268, 0.000266, 0.000267, 0.000267, 0.000266, 0.000266, 0.000266, 0.000265, 0.000266, 0.000267, 0.000267, 0.000267, 0.000265, 0.000266, 0.000288, 0.000267, 0.000267, 0.000265, 0.000266, 0.000262}"
