"model_name","layer_name","layer_index","kind","min_time","mean_time","max_time","add_flops","div_flops","cmp_flops","exp_flops","mad_flops","input_channel","input_height","input_width","output_channel","output_height","output_width","function","kernel_1","kernel_2","stride_1","stride_2","dilation_1","dilation_2","input_form","topology_hash","mad/min_time","mad/mean_time","mad/max_time","time"
"ResNet-101 Trained on Augmented CASIA-WebFace Data","4b12/res4b12",210,"Total",0.000153,0.00020581666666666677,0.000807,200704,0,0,0,0,1024,14,14,1024,14,14,"","","","","","","","HoldForm[TotalLayer[""Inputs"" -> {{1024, 14, 14}, {1024, 14, 14}}]]","0krmdiyn3vw17",0.,0.,0.,"{0.000807, 0.00024, 0.000217, 0.000215, 0.000244, 0.000215, 0.000215, 0.000215, 0.000215, 0.000215, 0.000232, 0.000218, 0.000228, 0.000215, 0.000214, 0.000214, 0.000214, 0.000214, 0.000214, 0.000214, 0.000214, 0.000214, 0.000241, 0.000215, 0.000216, 0.000228, 0.000214, 0.000215, 0.000215, 0.000214, 0.000214, 0.000214, 0.000215, 0.000214, 0.000214, 0.000214, 0.000214, 0.000213, 0.000213, 0.000213, 0.000236, 0.000215, 0.000214, 0.000214, 0.000214, 0.000213, 0.000214, 0.000214, 0.000214, 0.000214, 0.000214, 0.000214, 0.000214, 0.000213, 0.000213, 0.000214, 0.000213, 0.000214, 0.000214, 0.00024, 0.000216, 0.000214, 0.000214, 0.000214, 0.000213, 0.000213, 0.000213, 0.000214, 0.000214, 0.000213, 0.000221, 0.000174, 0.000159, 0.000155, 0.000154, 0.000154, 0.000154, 0.000154, 0.000153, 0.000153, 0.000177, 0.000156, 0.000154, 0.000154, 0.000154, 0.000154, 0.000154, 0.000154, 0.000154, 0.000153, 0.000153, 0.000153, 0.000153, 0.000153, 0.000154, 0.000153, 0.000155, 0.000155, 0.000155, 0.000154}"
