"model_name","layer_name","layer_index","kind","min_time","mean_time","max_time","add_flops","div_flops","cmp_flops","exp_flops","mad_flops","input_channel","input_height","input_width","output_channel","output_height","output_width","function","kernel_1","kernel_2","stride_1","stride_2","dilation_1","dilation_2","input_form","topology_hash","mad/min_time","mad/mean_time","mad/max_time","time"
"ELMo Contextual Word Representations Trained on 1B Word Benchmark","cnn_6/2",13,"Aggregation",0.006543,0.006573683333333332,0.00698,0,0,"23040*LengthVar[2109152077]",0,0,"LengthVar[2109152077]",45,512,"LengthVar[2109152077]",512,"","Max","","","","","","","HoldForm[AggregationLayer[Max, 2, ""Input"" -> {""Varying"", 45, 512}]]","1oclwewn6j0js",0.,0.,0.,"{0.00698, 0.006622, 0.006585, 0.006553, 0.00661, 0.006564, 0.006576, 0.006603, 0.006602, 0.006598, 0.006569, 0.006572, 0.006543, 0.006563, 0.006623, 0.00657, 0.006567, 0.006576, 0.006639, 0.00659, 0.006563, 0.006692, 0.006577, 0.006584, 0.006603, 0.006568, 0.006592, 0.006556, 0.006557, 0.00659, 0.006588, 0.006559, 0.006544, 0.006563, 0.006571, 0.006563, 0.006564, 0.006584, 0.006577, 0.006563, 0.006613, 0.006564, 0.006577, 0.006564, 0.006572, 0.006621, 0.006593, 0.006558, 0.006562, 0.006558, 0.006566, 0.006559, 0.006593, 0.006579, 0.006552, 0.00655, 0.006617, 0.006555, 0.00655, 0.006585, 0.00657, 0.006622, 0.006569, 0.006568, 0.006547, 0.006575, 0.006588, 0.006577, 0.006574, 0.006568, 0.006559, 0.006588, 0.006574, 0.006556, 0.006555, 0.006592, 0.006598, 0.006558, 0.006571, 0.006546, 0.00656, 0.006565, 0.00659, 0.006567, 0.006595, 0.006554, 0.006578, 0.006597, 0.006554, 0.00658, 0.006571, 0.006568, 0.006602, 0.00655, 0.006552, 0.006568, 0.006728, 0.00661, 0.006586, 0.006563}"
