"model_name","layer_name","layer_index","kind","min_time","mean_time","max_time","add_flops","div_flops","cmp_flops","exp_flops","mad_flops","input_channel","input_height","input_width","output_channel","output_height","output_width","function","kernel_1","kernel_2","stride_1","stride_2","dilation_1","dilation_2","input_form","topology_hash","mad/min_time","mad/mean_time","mad/max_time","time"
"3D Face Alignment Net Trained on 300W Large Pose Data","26",507,"BatchNormalization",0.000574,0.0005816833333333333,0.003312,1048576,1048576,0,0,0,256,64,64,256,64,64,"","","","","","","","HoldForm[BatchNormalizationLayer[""Momentum"" -> 0.1, ""Epsilon"" -> 0.00001, ""Input"" -> {256, 64, 64}]]","0m3quwpa9yepl",0.,0.,0.,"{0.003312, 0.000729, 0.000602, 0.000583, 0.000583, 0.00058, 0.000596, 0.000614, 0.00058, 0.000579, 0.000578, 0.000576, 0.000596, 0.000615, 0.000582, 0.000577, 0.000632, 0.00058, 0.000577, 0.000592, 0.000579, 0.000576, 0.000577, 0.000576, 0.000607, 0.000577, 0.000597, 0.000578, 0.000577, 0.000576, 0.000579, 0.000613, 0.000578, 0.00065, 0.000581, 0.000577, 0.000577, 0.000576, 0.000578, 0.000608, 0.000628, 0.000605, 0.000579, 0.000577, 0.000576, 0.000576, 0.000591, 0.000578, 0.000579, 0.000576, 0.000621, 0.000578, 0.000577, 0.000596, 0.00058, 0.000577, 0.000576, 0.000577, 0.000601, 0.000578, 0.000592, 0.000578, 0.000576, 0.000575, 0.000579, 0.000578, 0.000577, 0.000641, 0.000578, 0.000576, 0.000577, 0.000574, 0.000575, 0.000576, 0.000601, 0.000577, 0.000599, 0.000577, 0.000578, 0.000576, 0.000595, 0.00058, 0.000578, 0.000577, 0.000589, 0.000611, 0.000579, 0.000591, 0.00058, 0.000635, 0.00058, 0.000576, 0.000577, 0.000601, 0.000598, 0.000579, 0.000578, 0.000577, 0.000612, 0.000579}"
