"model_name","layer_name","layer_index","kind","min_time","mean_time","max_time","add_flops","div_flops","cmp_flops","exp_flops","mad_flops","input_channel","input_height","input_width","output_channel","output_height","output_width","function","kernel_1","kernel_2","stride_1","stride_2","dilation_1","dilation_2","input_form","topology_hash","mad/min_time","mad/mean_time","mad/max_time","time"
"Ademxapp Model A Trained on ImageNet Competition Data","2b2/bn2b2_branch2b1",21,"BatchNormalization",0.001955,0.002083233333333333,0.009373,3276800,3276800,0,0,0,128,160,160,128,160,160,"","","","","","","","HoldForm[BatchNormalizationLayer[""Epsilon"" -> 0.00001001, ""Input"" -> {128, 160, 160}]]","15ui5ka3ori9l",0.,0.,0.,"{0.009373, 0.002492, 0.002395, 0.002277, 0.002244, 0.002113, 0.002135, 0.002059, 0.002068, 0.002123, 0.002135, 0.002092, 0.002038, 0.002126, 0.002031, 0.002066, 0.001982, 0.001955, 0.002069, 0.002117, 0.002086, 0.002115, 0.002042, 0.002183, 0.002113, 0.002093, 0.002158, 0.002129, 0.002124, 0.002085, 0.002186, 0.002105, 0.002139, 0.002139, 0.002051, 0.001985, 0.002075, 0.002163, 0.00212, 0.002115, 0.002058, 0.002042, 0.002136, 0.002075, 0.002078, 0.002039, 0.002001, 0.002002, 0.001964, 0.001999, 0.002036, 0.001976, 0.002046, 0.002035, 0.002066, 0.002004, 0.002064, 0.00214, 0.002057, 0.002114, 0.002067, 0.001995, 0.002106, 0.002116, 0.002064, 0.002076, 0.002105, 0.002258, 0.002103, 0.002116, 0.002021, 0.002032, 0.002115, 0.002095, 0.002061, 0.00209, 0.002099, 0.002015, 0.002073, 0.002086, 0.002032, 0.002133, 0.002011, 0.002025, 0.001964, 0.002026, 0.002074, 0.002104, 0.002047, 0.001992, 0.00207, 0.002139, 0.002166, 0.002096, 0.002065, 0.002055, 0.002102, 0.002048, 0.002127, 0.002134}"
