"model_name","layer_name","layer_index","kind","min_time","mean_time","max_time","add_flops","div_flops","cmp_flops","exp_flops","mad_flops","input_channel","input_height","input_width","output_channel","output_height","output_width","function","kernel_1","kernel_2","stride_1","stride_2","dilation_1","dilation_2","input_form","topology_hash","mad/min_time","mad/mean_time","mad/max_time","time"
"2D Face Alignment Net Trained on 300W Large Pose Data","18/1/1/4/2/1/1",495,"BatchNormalization",0.000306,0.00030961666666666667,0.001734,524288,524288,0,0,0,128,64,64,128,64,64,"","","","","","","","HoldForm[BatchNormalizationLayer[""Momentum"" -> 0.1, ""Epsilon"" -> 0.00001, ""Input"" -> {128, 64, 64}]]","0vs3b2nawyuh1",0.,0.,0.,"{0.001734, 0.000349, 0.000314, 0.000309, 0.00031, 0.000309, 0.000308, 0.000327, 0.000309, 0.000308, 0.000308, 0.000307, 0.000316, 0.000314, 0.000311, 0.00031, 0.00031, 0.000311, 0.000323, 0.000311, 0.000327, 0.00031, 0.000311, 0.000349, 0.000312, 0.000339, 0.000344, 0.000313, 0.00031, 0.000309, 0.000307, 0.000307, 0.000309, 0.000327, 0.000309, 0.000308, 0.000308, 0.000307, 0.000307, 0.000308, 0.000307, 0.000307, 0.000308, 0.000308, 0.000312, 0.000325, 0.000309, 0.000308, 0.000307, 0.000308, 0.000319, 0.000308, 0.000308, 0.000308, 0.000308, 0.000347, 0.000311, 0.000336, 0.00033, 0.000311, 0.000308, 0.000307, 0.000308, 0.000307, 0.000309, 0.000306, 0.000308, 0.000307, 0.000308, 0.000308, 0.000308, 0.000321, 0.000309, 0.000307, 0.000308, 0.000307, 0.000311, 0.000311, 0.000308, 0.000307, 0.000341, 0.000321, 0.000308, 0.000326, 0.000309, 0.000308, 0.000307, 0.000346, 0.000311, 0.000333, 0.00031, 0.000308, 0.000309, 0.000307, 0.000307, 0.000307, 0.000323, 0.00031, 0.000309, 0.000306}"
