"model_name","layer_name","layer_index","kind","min_time","mean_time","max_time","add_flops","div_flops","cmp_flops","exp_flops","mad_flops","input_channel","input_height","input_width","output_channel","output_height","output_width","function","kernel_1","kernel_2","stride_1","stride_2","dilation_1","dilation_2","input_form","topology_hash","mad/min_time","mad/mean_time","mad/max_time","time"
"3D Face Alignment Net Trained on 300W Large Pose Data","25",736,"BatchNormalization",0.000564,0.0005718500000000002,0.00323,1048576,1048576,0,0,0,256,64,64,256,64,64,"","","","","","","","HoldForm[BatchNormalizationLayer[""Momentum"" -> 0.1, ""Epsilon"" -> 0.00001, ""Input"" -> {256, 64, 64}]]","0m3quwpa9yepl",0.,0.,0.,"{0.00323, 0.000789, 0.000669, 0.00069, 0.000582, 0.000574, 0.000571, 0.000571, 0.000574, 0.000574, 0.00059, 0.000571, 0.000567, 0.000568, 0.000566, 0.000566, 0.000567, 0.000589, 0.000569, 0.000567, 0.000642, 0.000573, 0.000568, 0.000604, 0.000587, 0.000571, 0.000572, 0.000568, 0.000569, 0.000568, 0.00058, 0.000589, 0.000568, 0.000566, 0.000568, 0.000566, 0.000567, 0.000651, 0.000587, 0.000569, 0.000568, 0.000569, 0.000569, 0.00057, 0.000571, 0.000591, 0.000569, 0.000581, 0.00057, 0.000568, 0.000567, 0.000567, 0.000584, 0.000568, 0.000567, 0.000626, 0.000572, 0.000566, 0.000567, 0.00059, 0.000571, 0.000571, 0.000566, 0.000567, 0.000579, 0.00057, 0.000583, 0.000597, 0.000566, 0.000566, 0.000566, 0.000564, 0.00064, 0.000569, 0.000567, 0.000566, 0.000567, 0.000565, 0.00057, 0.000586, 0.00057, 0.000567, 0.000638, 0.000573, 0.000569, 0.000568, 0.000596, 0.00057, 0.000569, 0.000566, 0.000623, 0.000572, 0.000571, 0.00059, 0.000573, 0.000574, 0.000574, 0.000571, 0.00057, 0.000579}"
