"model_name","layer_name","layer_index","kind","min_time","mean_time","max_time","add_flops","div_flops","cmp_flops","exp_flops","mad_flops","input_channel","input_height","input_width","output_channel","output_height","output_width","function","kernel_1","kernel_2","stride_1","stride_2","dilation_1","dilation_2","input_form","topology_hash","mad/min_time","mad/mean_time","mad/max_time","time"
"Dilated ResNet-105 Trained on Cityscapes Data","batchnorm19",61,"BatchNormalization",0.002822,0.0029795666666666675,0.011333,4194304,4194304,0,0,0,512,64,128,512,64,128,"","","","","","","","HoldForm[BatchNormalizationLayer[""Momentum"" -> 0.899999976158, ""Epsilon"" -> 9.99999974738*^-6, ""Input"" -> {512, 64, 128}]]","0mqbnoop5llxp",0.,0.,0.,"{0.011333, 0.003183, 0.00315, 0.003147, 0.002998, 0.003024, 0.002993, 0.003066, 0.002943, 0.002979, 0.00301, 0.002968, 0.002888, 0.003022, 0.002979, 0.002965, 0.002914, 0.003013, 0.002992, 0.002943, 0.002966, 0.00294, 0.002927, 0.002923, 0.002978, 0.00293, 0.003013, 0.002964, 0.002915, 0.002923, 0.00299, 0.002901, 0.002958, 0.002911, 0.002938, 0.002897, 0.002946, 0.003005, 0.002934, 0.002868, 0.002895, 0.002957, 0.002856, 0.002872, 0.00291, 0.002969, 0.002863, 0.00289, 0.002962, 0.002917, 0.002869, 0.002975, 0.002915, 0.002839, 0.002894, 0.003054, 0.002909, 0.002835, 0.002972, 0.002855, 0.002856, 0.002822, 0.002973, 0.00289, 0.002828, 0.002955, 0.002957, 0.003048, 0.003117, 0.003188, 0.003124, 0.003101, 0.003223, 0.003029, 0.003069, 0.003172, 0.003055, 0.002953, 0.003119, 0.003044, 0.003025, 0.003007, 0.003108, 0.003025, 0.002998, 0.003164, 0.002987, 0.003053, 0.003981, 0.003049, 0.00301, 0.003067, 0.003075, 0.002986, 0.003087, 0.003064, 0.002999, 0.002978, 0.003096, 0.002954}"
