"model_name","layer_name","layer_index","kind","min_time","mean_time","max_time","add_flops","div_flops","cmp_flops","exp_flops","mad_flops","input_channel","input_height","input_width","output_channel","output_height","output_width","function","kernel_1","kernel_2","stride_1","stride_2","dilation_1","dilation_2","input_form","topology_hash","mad/min_time","mad/mean_time","mad/max_time","time"
"Dilated ResNet-105 Trained on Cityscapes Data","batchnorm9",29,"BatchNormalization",0.006076,0.006271883333333334,0.022567,8388608,8388608,0,0,0,256,128,256,256,128,256,"","","","","","","","HoldForm[BatchNormalizationLayer[""Momentum"" -> 0.899999976158, ""Epsilon"" -> 9.99999974738*^-6, ""Input"" -> {256, 128, 256}]]","0iew3u0g5spny",0.,0.,0.,"{0.022567, 0.006488, 0.006423, 0.006368, 0.006407, 0.006422, 0.006327, 0.00628, 0.006212, 0.006201, 0.006212, 0.006228, 0.006185, 0.006181, 0.006219, 0.006225, 0.006269, 0.006282, 0.006276, 0.006274, 0.006279, 0.006231, 0.006295, 0.006161, 0.006117, 0.006126, 0.006076, 0.006162, 0.006403, 0.006177, 0.006145, 0.006165, 0.00618, 0.006204, 0.006218, 0.006259, 0.006251, 0.006155, 0.006262, 0.006195, 0.006227, 0.006344, 0.006358, 0.006233, 0.006214, 0.006183, 0.00619, 0.006167, 0.006129, 0.00618, 0.006286, 0.006421, 0.006468, 0.006381, 0.006469, 0.006432, 0.006428, 0.006514, 0.006472, 0.006455, 0.006494, 0.006483, 0.006463, 0.006454, 0.006437, 0.006505, 0.006464, 0.006447, 0.006473, 0.006444, 0.006362, 0.006386, 0.006431, 0.00644, 0.006414, 0.006346, 0.006283, 0.006392, 0.006204, 0.006258, 0.00623, 0.006127, 0.006218, 0.006158, 0.006213, 0.006187, 0.006149, 0.006198, 0.006117, 0.006172, 0.006201, 0.006177, 0.006184, 0.006234, 0.006127, 0.006198, 0.006212, 0.006307, 0.006253, 0.006126}"
