"model_name","layer_name","layer_index","kind","min_time","mean_time","max_time","add_flops","div_flops","cmp_flops","exp_flops","mad_flops","input_channel","input_height","input_width","output_channel","output_height","output_width","function","kernel_1","kernel_2","stride_1","stride_2","dilation_1","dilation_2","input_form","topology_hash","mad/min_time","mad/mean_time","mad/max_time","time"
"Dilated ResNet-105 Trained on Cityscapes Data","batchnorm57",187,"BatchNormalization",0.001098,0.0011575999999999997,0.006254,2097152,2097152,0,0,0,256,64,128,256,64,128,"","","","","","","","HoldForm[BatchNormalizationLayer[""Momentum"" -> 0.899999976158, ""Epsilon"" -> 9.99999974738*^-6, ""Input"" -> {256, 64, 128}]]","0fxm7hdzsmkvo",0.,0.,0.,"{0.006254, 0.001529, 0.001395, 0.001287, 0.001157, 0.001175, 0.001137, 0.001216, 0.001134, 0.001114, 0.001147, 0.001114, 0.001156, 0.001145, 0.001194, 0.001141, 0.001161, 0.00118, 0.00115, 0.001138, 0.001175, 0.001173, 0.001118, 0.001172, 0.001108, 0.001122, 0.00114, 0.001133, 0.001119, 0.001143, 0.001145, 0.001249, 0.001149, 0.001129, 0.001144, 0.001113, 0.001098, 0.001162, 0.00113, 0.001125, 0.001154, 0.001162, 0.001118, 0.001119, 0.00112, 0.001176, 0.001129, 0.001145, 0.00114, 0.001215, 0.001169, 0.001225, 0.001171, 0.001186, 0.001159, 0.00122, 0.001178, 0.001165, 0.001258, 0.001151, 0.001153, 0.001173, 0.001156, 0.001126, 0.001162, 0.001142, 0.001189, 0.00116, 0.001165, 0.001118, 0.001203, 0.001185, 0.001228, 0.001171, 0.001203, 0.00127, 0.0012, 0.001163, 0.001201, 0.001202, 0.001255, 0.00121, 0.001191, 0.001196, 0.001126, 0.001193, 0.001144, 0.001126, 0.001129, 0.001188, 0.001142, 0.001114, 0.001191, 0.001113, 0.001125, 0.001142, 0.001149, 0.001118, 0.001141, 0.001132}"
