"model_name","layer_name","layer_index","kind","min_time","mean_time","max_time","add_flops","div_flops","cmp_flops","exp_flops","mad_flops","input_channel","input_height","input_width","output_channel","output_height","output_width","function","kernel_1","kernel_2","stride_1","stride_2","dilation_1","dilation_2","input_form","topology_hash","mad/min_time","mad/mean_time","mad/max_time","time"
"3D Face Alignment Net Trained on 300W Large Pose Data","11/6/1/1/1",23,"BatchNormalization",0.000301,0.00030739999999999994,0.001761,524288,524288,0,0,0,128,64,64,128,64,64,"","","","","","","","HoldForm[BatchNormalizationLayer[""Momentum"" -> 0.1, ""Epsilon"" -> 0.00001, ""Input"" -> {128, 64, 64}]]","0vs3b2nawyuh1",0.,0.,0.,"{0.001761, 0.000354, 0.000311, 0.00035, 0.000306, 0.000315, 0.000304, 0.000303, 0.000303, 0.000328, 0.000302, 0.000324, 0.000307, 0.000306, 0.000308, 0.000307, 0.000306, 0.000306, 0.000306, 0.000306, 0.000307, 0.000305, 0.000306, 0.000305, 0.000322, 0.000307, 0.000306, 0.000305, 0.000305, 0.000304, 0.000303, 0.000302, 0.000302, 0.000308, 0.000309, 0.000305, 0.000343, 0.000337, 0.000305, 0.000305, 0.000303, 0.000302, 0.000332, 0.000307, 0.000306, 0.000306, 0.000304, 0.000303, 0.000307, 0.000302, 0.000317, 0.000303, 0.000302, 0.000304, 0.000305, 0.000305, 0.000306, 0.000304, 0.000308, 0.00031, 0.000308, 0.000309, 0.000307, 0.000334, 0.000309, 0.000309, 0.000309, 0.000342, 0.000351, 0.000322, 0.000308, 0.00031, 0.000311, 0.000311, 0.000339, 0.000329, 0.000313, 0.000312, 0.000311, 0.000313, 0.000312, 0.000312, 0.000312, 0.000311, 0.000313, 0.000311, 0.000311, 0.00031, 0.00033, 0.000304, 0.000302, 0.000303, 0.000302, 0.000303, 0.000302, 0.000302, 0.000304, 0.000301, 0.000303, 0.000303}"
