"model_name","layer_name","layer_index","kind","min_time","mean_time","max_time","add_flops","div_flops","cmp_flops","exp_flops","mad_flops","input_channel","input_height","input_width","output_channel","output_height","output_width","function","kernel_1","kernel_2","stride_1","stride_2","dilation_1","dilation_2","input_form","topology_hash","mad/min_time","mad/mean_time","mad/max_time","time"
"Dilated ResNet-105 Trained on Cityscapes Data","batchnorm59",193,"BatchNormalization",0.006182,0.006325633333333335,0.023425,8388608,8388608,0,0,0,1024,64,128,1024,64,128,"","","","","","","","HoldForm[BatchNormalizationLayer[""Momentum"" -> 0.899999976158, ""Epsilon"" -> 9.99999974738*^-6, ""Input"" -> {1024, 64, 128}]]","0fy35p5f11m54",0.,0.,0.,"{0.023425, 0.00658, 0.006527, 0.006488, 0.006367, 0.0064, 0.006311, 0.006485, 0.006422, 0.006277, 0.00641, 0.006375, 0.006364, 0.006231, 0.006254, 0.006233, 0.006279, 0.006241, 0.006235, 0.006296, 0.006182, 0.006279, 0.006207, 0.006311, 0.006242, 0.006295, 0.006379, 0.006286, 0.006398, 0.006337, 0.006303, 0.006285, 0.00623, 0.006234, 0.006377, 0.006289, 0.006256, 0.006249, 0.006298, 0.006327, 0.006327, 0.006313, 0.006367, 0.006273, 0.00626, 0.006347, 0.006313, 0.00638, 0.006372, 0.006274, 0.006384, 0.006424, 0.006592, 0.006595, 0.006494, 0.006501, 0.00637, 0.006496, 0.006389, 0.006395, 0.006325, 0.006255, 0.006296, 0.006224, 0.006249, 0.006365, 0.006282, 0.006394, 0.006214, 0.006302, 0.006222, 0.006255, 0.006222, 0.006345, 0.006279, 0.006529, 0.006491, 0.006504, 0.006412, 0.006381, 0.006325, 0.006331, 0.006334, 0.006291, 0.006382, 0.006376, 0.006413, 0.00632, 0.006363, 0.006375, 0.006285, 0.006378, 0.006269, 0.00628, 0.006358, 0.006251, 0.006278, 0.006253, 0.00627, 0.006299}"
