"model_name","layer_name","layer_index","kind","min_time","mean_time","max_time","add_flops","div_flops","cmp_flops","exp_flops","mad_flops","input_channel","input_height","input_width","output_channel","output_height","output_width","function","kernel_1","kernel_2","stride_1","stride_2","dilation_1","dilation_2","input_form","topology_hash","mad/min_time","mad/mean_time","mad/max_time","time"
"2D Face Alignment Net Trained on 300W Large Pose Data","16/1/1/4/2/2/3",960,"Catenate",0.000239,0.00024168333333333332,0.001651,0,0,0,0,0,64,64,64,128,64,64,"","","","","","","","HoldForm[CatenateLayer[""Inputs"" -> {{64, 64, 64}, {64, 64, 64}}]]","0ltwfbd4clc0x",0.,0.,0.,"{0.001651, 0.000306, 0.000254, 0.000245, 0.000242, 0.000242, 0.000252, 0.000241, 0.000241, 0.000241, 0.00024, 0.00024, 0.00024, 0.000264, 0.000242, 0.000241, 0.000241, 0.000243, 0.000244, 0.000243, 0.000244, 0.000243, 0.000313, 0.000246, 0.000244, 0.000244, 0.000243, 0.000243, 0.000243, 0.000259, 0.000244, 0.000243, 0.000244, 0.000243, 0.000243, 0.000243, 0.000242, 0.000243, 0.000244, 0.000244, 0.000242, 0.000241, 0.00024, 0.000247, 0.000243, 0.000241, 0.000264, 0.000251, 0.00024, 0.000241, 0.00024, 0.00024, 0.000239, 0.00024, 0.00024, 0.00024, 0.00024, 0.000239, 0.00024, 0.00024, 0.00024, 0.000239, 0.000291, 0.000269, 0.000242, 0.000242, 0.000241, 0.000239, 0.000241, 0.00024, 0.000239, 0.00024, 0.000239, 0.00024, 0.00024, 0.00024, 0.00024, 0.000239, 0.000263, 0.000243, 0.000241, 0.000239, 0.00024, 0.00024, 0.000247, 0.000243, 0.000241, 0.000251, 0.000241, 0.000241, 0.000239, 0.000241, 0.00024, 0.00024, 0.000255, 0.000242, 0.000258, 0.00024, 0.00024, 0.00024}"
