"model_name","layer_name","layer_index","kind","min_time","mean_time","max_time","add_flops","div_flops","cmp_flops","exp_flops","mad_flops","input_channel","input_height","input_width","output_channel","output_height","output_width","function","kernel_1","kernel_2","stride_1","stride_2","dilation_1","dilation_2","input_form","topology_hash","mad/min_time","mad/mean_time","mad/max_time","time"
"CycleGAN Horse-to-Zebra Translation Trained on ImageNet Competition Data","17/1/2",53,"Convolution",0.030757,0.0318218,0.047971,0,0,0,0,603979776,128,66,66,128,64,64,"",3,3,1,1,1,1,"HoldForm[ConvolutionLayer[128, {3, 3}, ""Stride"" -> {1, 1}, ""PaddingSize"" -> {{0, 0}, {0, 0}}, ""Dilation"" -> {1, 1}, ""Input"" -> {128, 66, 66}]]","1sehkke39v8fh",1.963714848652339e10,1.8980063227095894e10,1.2590518771757936e10,"{0.047971, 0.032415, 0.031423, 0.03134, 0.031512, 0.031752, 0.031766, 0.03226, 0.033163, 0.031726, 0.03214, 0.031915, 0.031863, 0.031884, 0.032077, 0.031814, 0.031788, 0.031936, 0.031934, 0.031626, 0.032408, 0.031685, 0.031909, 0.031756, 0.032098, 0.032223, 0.033823, 0.033405, 0.032578, 0.032213, 0.032536, 0.032016, 0.031636, 0.031747, 0.031552, 0.033984, 0.032213, 0.032267, 0.03191, 0.03188, 0.032462, 0.033036, 0.032984, 0.033164, 0.031913, 0.03241, 0.031996, 0.031646, 0.031493, 0.031592, 0.031719, 0.03159, 0.031413, 0.031903, 0.031605, 0.031832, 0.032231, 0.031838, 0.032049, 0.031416, 0.032088, 0.031139, 0.031603, 0.031867, 0.031784, 0.031151, 0.032209, 0.032836, 0.032146, 0.032304, 0.031382, 0.031489, 0.031769, 0.031636, 0.031142, 0.0321, 0.032814, 0.031586, 0.03196, 0.031353, 0.035195, 0.031383, 0.03105, 0.031214, 0.030973, 0.031072, 0.030875, 0.030802, 0.031605, 0.031233, 0.031251, 0.030924, 0.031889, 0.031587, 0.031643, 0.030757, 0.030929, 0.030761, 0.031491, 0.032039}"
