"model_name","layer_name","layer_index","kind","min_time","mean_time","max_time","add_flops","div_flops","cmp_flops","exp_flops","mad_flops","input_channel","input_height","input_width","output_channel","output_height","output_width","function","kernel_1","kernel_2","stride_1","stride_2","dilation_1","dilation_2","input_form","topology_hash","mad/min_time","mad/mean_time","mad/max_time","time"
"ELMo Contextual Word Representations Trained on 1B Word Benchmark","cnn_7/1",14,"Convolution",0.003067,0.003114616666666667,0.007286,0,0,0,0,"5046272*LengthVar[2109152077]","LengthVar[2094810223]",50,16,"LengthVar[2109152077]",44,1024,"",1,7,1,1,1,1,"HoldForm[ConvolutionLayer[1024, {1, 7}, ""Stride"" -> {1, 1}, ""PaddingSize"" -> {{0, 0}, {0, 0}}, ""Dilation"" -> {1, 1}, ""Interleaving"" -> True, ""Input"" -> {""Varying"", 50, 16}]]","0u5eenz10nuph","1.6453446364525597*^9*LengthVar[2.109152077*^9]","1.6201903926111827*^9*LengthVar[2.109152077*^9]","6.925984079055724*^8*LengthVar[2.109152077*^9]","{0.007286, 0.003213, 0.003115, 0.003119, 0.003152, 0.003132, 0.003093, 0.003115, 0.003124, 0.00309, 0.003124, 0.003129, 0.00308, 0.003104, 0.003179, 0.003097, 0.003147, 0.003137, 0.003108, 0.003129, 0.003118, 0.003116, 0.003084, 0.003116, 0.003145, 0.003091, 0.00309, 0.003144, 0.003097, 0.003085, 0.003136, 0.003143, 0.003067, 0.003159, 0.003108, 0.003102, 0.003116, 0.003145, 0.003126, 0.003099, 0.003136, 0.003094, 0.003087, 0.003152, 0.003071, 0.0031, 0.003156, 0.003105, 0.003068, 0.003166, 0.003143, 0.003093, 0.003138, 0.003126, 0.003097, 0.003107, 0.003152, 0.003074, 0.003068, 0.003155, 0.003093, 0.00309, 0.003104, 0.003134, 0.003095, 0.003113, 0.003138, 0.003069, 0.003139, 0.003126, 0.003114, 0.003069, 0.003149, 0.003098, 0.003091, 0.003118, 0.003121, 0.003099, 0.003125, 0.00314, 0.003071, 0.003155, 0.003141, 0.003091, 0.003121, 0.003143, 0.003073, 0.003092, 0.003144, 0.003082, 0.003089, 0.00311, 0.003167, 0.003087, 0.003097, 0.003138, 0.003121, 0.003091, 0.003137, 0.003076}"
