"model_name","layer_name","layer_index","kind","min_time","mean_time","max_time","add_flops","div_flops","cmp_flops","exp_flops","mad_flops","input_channel","input_height","input_width","output_channel","output_height","output_width","function","kernel_1","kernel_2","stride_1","stride_2","dilation_1","dilation_2","input_form","topology_hash","mad/min_time","mad/mean_time","mad/max_time","time"
"2D Face Alignment Net Trained on 300W Large Pose Data","12/1/2/3/1/2/3/1/1/1/1/1/3",806,"Convolution",0.00288,0.002940549999999999,0.007492,0,0,0,0,75497472,256,16,16,128,16,16,"",3,3,1,1,1,1,"HoldForm[ConvolutionLayer[128, {3, 3}, ""Stride"" -> {1, 1}, ""PaddingSize"" -> {{1, 1}, {1, 1}}, ""Dilation"" -> {1, 1}, ""Input"" -> {256, 16, 16}]]","06h7uhubi6fko",2.62144e10,2.5674609171753593e10,1.0077078483715963e10,"{0.007492, 0.002984, 0.002899, 0.002964, 0.002967, 0.002945, 0.00297, 0.00294, 0.002941, 0.002892, 0.002935, 0.002988, 0.00293, 0.00293, 0.002907, 0.00296, 0.002931, 0.002915, 0.002951, 0.002962, 0.002941, 0.002935, 0.002921, 0.002975, 0.002884, 0.002954, 0.002914, 0.002918, 0.002962, 0.002918, 0.002996, 0.002909, 0.002936, 0.002925, 0.002954, 0.002978, 0.00291, 0.002942, 0.002893, 0.002963, 0.002941, 0.002902, 0.003022, 0.002923, 0.002962, 0.003014, 0.002979, 0.002928, 0.002889, 0.002968, 0.002924, 0.002901, 0.002971, 0.002961, 0.002936, 0.002911, 0.002978, 0.00295, 0.00294, 0.002941, 0.002937, 0.002948, 0.002924, 0.002962, 0.00293, 0.002959, 0.00295, 0.002906, 0.002929, 0.002955, 0.002912, 0.002961, 0.002895, 0.002958, 0.002932, 0.002938, 0.002975, 0.002925, 0.0029, 0.002949, 0.002967, 0.00288, 0.00294, 0.002968, 0.002919, 0.00293, 0.002915, 0.002975, 0.002962, 0.00293, 0.002988, 0.002951, 0.002939, 0.002929, 0.002902, 0.002938, 0.002942, 0.002953, 0.002923, 0.00292}"
