"model_name","layer_name","layer_index","kind","min_time","mean_time","max_time","add_flops","div_flops","cmp_flops","exp_flops","mad_flops","input_channel","input_height","input_width","output_channel","output_height","output_width","function","kernel_1","kernel_2","stride_1","stride_2","dilation_1","dilation_2","input_form","topology_hash","mad/min_time","mad/mean_time","mad/max_time","time"
"Pix2pix Street-Map-to-Photo Translation","14",16,"Convolution",0.001863,0.0019079000000000001,0.002254,0,0,0,0,67108864,512,8,8,512,4,4,"",4,4,2,2,1,1,"HoldForm[ConvolutionLayer[512, {4, 4}, ""Stride"" -> {2, 2}, ""PaddingSize"" -> {{1, 1}, {1, 1}}, ""Dilation"" -> {1, 1}, ""Input"" -> {512, 8, 8}]]","1lxjl0cm33g4u",3.6021934514224365e10,3.5174204098747314e10,2.977323158828749e10,"{0.002254, 0.001947, 0.001945, 0.001913, 0.001884, 0.001904, 0.001863, 0.001949, 0.001873, 0.001896, 0.001881, 0.001889, 0.001921, 0.00187, 0.001905, 0.00189, 0.001918, 0.001912, 0.001899, 0.001878, 0.001928, 0.001873, 0.001902, 0.001895, 0.001922, 0.001877, 0.001899, 0.001961, 0.002018, 0.001898, 0.001922, 0.001887, 0.00191, 0.00191, 0.001876, 0.001894, 0.00188, 0.00193, 0.001871, 0.001934, 0.001879, 0.001921, 0.00187, 0.001913, 0.001939, 0.001941, 0.001961, 0.001969, 0.001957, 0.001999}"
