"model_name","layer_name","layer_index","kind","min_time","mean_time","max_time","add_flops","div_flops","cmp_flops","exp_flops","mad_flops","input_channel","input_height","input_width","output_channel","output_height","output_width","function","kernel_1","kernel_2","stride_1","stride_2","dilation_1","dilation_2","input_form","topology_hash","mad/min_time","mad/mean_time","mad/max_time","time"
"CapsNet Trained on MNIST Data","ReLUConv1/1",1,"Convolution",0.000214,0.00021793333333333334,0.00052,0,0,0,0,8294400,1,28,28,256,20,20,"",9,9,1,1,1,1,"HoldForm[ConvolutionLayer[256, {9, 9}, ""Stride"" -> {1, 1}, ""PaddingSize"" -> {{0, 0}, {0, 0}}, ""Dilation"" -> {1, 1}, ""Input"" -> {1, 28, 28}]]","0wn36yuugqq5x",3.87588785046729e10,3.805934536555522e10,1.5950769230769234e10,"{0.00052, 0.00026, 0.000244, 0.000221, 0.000218, 0.000217, 0.000218, 0.000217, 0.000216, 0.000216, 0.000215, 0.000215, 0.000216, 0.000254, 0.00022, 0.000244, 0.000228, 0.000236, 0.00023, 0.00022, 0.000218, 0.000218, 0.000216, 0.000216, 0.000216, 0.000216, 0.000215, 0.000216, 0.000215, 0.000214, 0.000251, 0.000227, 0.000218, 0.000217, 0.000216, 0.000216, 0.000215, 0.000215, 0.000215, 0.000216, 0.000216, 0.000215, 0.000216, 0.000215, 0.000215, 0.000215, 0.000214, 0.000243, 0.00025, 0.000228}"
