"model_name","layer_name","layer_index","kind","min_time","mean_time","max_time","add_flops","div_flops","cmp_flops","exp_flops","mad_flops","input_channel","input_height","input_width","output_channel","output_height","output_width","function","kernel_1","kernel_2","stride_1","stride_2","dilation_1","dilation_2","input_form","topology_hash","mad/min_time","mad/mean_time","mad/max_time","time"
"2D Face Alignment Net Trained on 300W Large Pose Data","14/1/2/3/1/2/3/1/2/3/1/1/1/1/1/4/2/1/3",383,"Convolution",0.000174,0.00017569999999999993,0.000394,0,0,0,0,4718592,128,8,8,64,8,8,"",3,3,1,1,1,1,"HoldForm[ConvolutionLayer[64, {3, 3}, ""Stride"" -> {1, 1}, ""PaddingSize"" -> {{1, 1}, {1, 1}}, ""Dilation"" -> {1, 1}, ""Input"" -> {128, 8, 8}]]","0qo4w5mynpkui",2.711834482758621e10,2.6855959021058636e10,1.1976121827411167e10,"{0.000394, 0.000205, 0.000181, 0.000177, 0.000176, 0.000175, 0.000204, 0.000194, 0.000181, 0.000176, 0.000175, 0.000176, 0.000175, 0.000175, 0.000175, 0.000176, 0.000175, 0.000175, 0.000175, 0.000175, 0.000175, 0.000175, 0.000175, 0.000175, 0.000175, 0.000175, 0.000175, 0.000176, 0.000174, 0.00021, 0.000181, 0.000176, 0.000174, 0.000176, 0.000181, 0.000175, 0.000175, 0.000203, 0.000186, 0.000177, 0.000175, 0.000176, 0.000175, 0.000175, 0.000176, 0.000176, 0.000175, 0.000175, 0.000175, 0.000176}"
