"model_name","layer_name","layer_index","kind","min_time","mean_time","max_time","add_flops","div_flops","cmp_flops","exp_flops","mad_flops","input_channel","input_height","input_width","output_channel","output_height","output_width","function","kernel_1","kernel_2","stride_1","stride_2","dilation_1","dilation_2","input_form","topology_hash","mad/min_time","mad/mean_time","mad/max_time","time"
"Squeeze-and-Excitation Net Trained on ImageNet Competition Data","conv1_2_3x3",4,"Convolution",0.013115,0.013425400000000002,0.027765,0,0,0,0,462422016,64,112,112,64,112,112,"",3,3,1,1,1,1,"HoldForm[ConvolutionLayer[64, {3, 3}, ""Stride"" -> {1, 1}, ""PaddingSize"" -> {{1, 1}, {1, 1}}, ""Dilation"" -> {1, 1}, ""Input"" -> {64, 112, 112}]]","0zbo09gwsbgxq",3.525901761341975e10,3.444381664605896e10,1.6654853808752026e10,"{0.027765, 0.01364, 0.013395, 0.013473, 0.013551, 0.013371, 0.013282, 0.013279, 0.013602, 0.013593, 0.013564, 0.013556, 0.013696, 0.013512, 0.013513, 0.01422, 0.014459, 0.014298, 0.01387, 0.013619, 0.013554, 0.013373, 0.013171, 0.013229, 0.013287, 0.013321, 0.013463, 0.013327, 0.013411, 0.013468, 0.013627, 0.013351, 0.013197, 0.01332, 0.013367, 0.013201, 0.013207, 0.013115, 0.013134, 0.013273, 0.013396, 0.013337, 0.013327, 0.013289, 0.013409, 0.013304, 0.013427, 0.013258, 0.013684, 0.013724}"
