"model_name","layer_name","layer_index","kind","min_time","mean_time","max_time","add_flops","div_flops","cmp_flops","exp_flops","mad_flops","input_channel","input_height","input_width","output_channel","output_height","output_width","function","kernel_1","kernel_2","stride_1","stride_2","dilation_1","dilation_2","input_form","topology_hash","mad/min_time","mad/mean_time","mad/max_time","time"
"Squeeze-and-Excitation Net Trained on ImageNet Competition Data","4h/conv4_8_3x3",327,"Convolution",0.00119,0.0012113666666666663,0.003243,0,0,0,0,14450688,512,14,14,1024,14,14,"",3,3,1,1,1,1,"HoldForm[ConvolutionLayer[1024, {3, 3}, ""Stride"" -> {1, 1}, ""PaddingSize"" -> {{1, 1}, {1, 1}}, ""Dilation"" -> {1, 1}, ""ChannelGroups"" -> 64, ""Input"" -> {512, 14, 14}]]","0yuz6nnza0i6k",1.2143435294117647e10,1.1929243554112438e10,4.4559629972247925e9,"{0.003243, 0.001247, 0.001226, 0.001228, 0.001206, 0.001221, 0.001195, 0.001232, 0.001232, 0.001206, 0.001205, 0.001196, 0.001228, 0.001204, 0.001194, 0.001234, 0.001221, 0.001204, 0.001221, 0.00119, 0.001204, 0.001193, 0.00122, 0.001191, 0.00122, 0.00123, 0.001197, 0.00119, 0.001233, 0.001202, 0.001199, 0.001246, 0.001221, 0.001206, 0.001207, 0.001218, 0.001194, 0.001204, 0.001242, 0.001194, 0.001208, 0.001244, 0.001206, 0.001195, 0.001192, 0.001226, 0.001197, 0.001196, 0.001217, 0.001227}"
