"model_name","layer_name","layer_index","kind","min_time","mean_time","max_time","add_flops","div_flops","cmp_flops","exp_flops","mad_flops","input_channel","input_height","input_width","output_channel","output_height","output_width","function","kernel_1","kernel_2","stride_1","stride_2","dilation_1","dilation_2","input_form","topology_hash","mad/min_time","mad/mean_time","mad/max_time","time"
"Inception V1 Trained on Extended Salient Object Subitizing Data","inception_4b/3x3",61,"Convolution",0.000891,0.0009047333333333333,0.001432,0,0,0,0,44255232,112,14,14,224,14,14,"",3,3,1,1,1,1,"HoldForm[ConvolutionLayer[224, {3, 3}, ""Stride"" -> {1, 1}, ""PaddingSize"" -> {{1, 1}, {1, 1}}, ""Dilation"" -> {1, 1}, ""Input"" -> {112, 14, 14}]]","10intd0zgcywp",4.966917171717172e10,4.891522216491048e10,3.0904491620111736e10,"{0.001432, 0.000907, 0.000907, 0.000915, 0.000926, 0.000897, 0.000893, 0.000907, 0.000895, 0.000921, 0.000893, 0.000926, 0.000921, 0.000935, 0.000913, 0.000895, 0.000891, 0.000955, 0.000907, 0.000894, 0.000893, 0.000892, 0.000935, 0.000899, 0.000903, 0.000912, 0.000926, 0.000895, 0.000893, 0.000902, 0.000895, 0.000918, 0.000895, 0.000893, 0.000908, 0.000936, 0.000912, 0.000897, 0.000893, 0.000913, 0.000907, 0.000893, 0.000891, 0.000892, 0.000923, 0.000911, 0.00091, 0.000895, 0.000934, 0.000898}"
