"model_name","layer_name","layer_index","kind","min_time","mean_time","max_time","add_flops","div_flops","cmp_flops","exp_flops","mad_flops","input_channel","input_height","input_width","output_channel","output_height","output_width","function","kernel_1","kernel_2","stride_1","stride_2","dilation_1","dilation_2","input_form","topology_hash","mad/min_time","mad/mean_time","mad/max_time","time"
"Dilated ResNet-105 Trained on Cityscapes Data","convolution21",67,"Convolution",0.053927,0.0580478,0.075928,0,0,0,0,1207959552,128,64,128,128,64,128,"",3,3,1,1,1,1,"HoldForm[ConvolutionLayer[128, {3, 3}, ""Stride"" -> {1, 1}, ""PaddingSize"" -> {{1, 1}, {1, 1}}, ""Dilation"" -> {1, 1}, ""Input"" -> {128, 64, 128}]]","1fnbq7md20zlw",2.2399902683256992e10,2.0809738732561787e10,1.5909276577810558e10,"{0.075928, 0.061945, 0.058655, 0.058804, 0.058723, 0.056695, 0.053927, 0.05816, 0.056789, 0.055895, 0.059038, 0.057434, 0.058167, 0.057514, 0.058283, 0.05856, 0.059415, 0.056187, 0.0582, 0.054256, 0.058456, 0.055355, 0.057173, 0.057081, 0.058217, 0.058499, 0.057528, 0.055801, 0.060225, 0.058522, 0.057851, 0.058723, 0.057914, 0.058267, 0.057883, 0.05966, 0.056549, 0.058574, 0.056295, 0.05924, 0.057517, 0.060033, 0.058129, 0.059287, 0.059071, 0.057645, 0.058428, 0.058459, 0.057279, 0.056487}"
