"model_name","layer_name","layer_index","kind","min_time","mean_time","max_time","add_flops","div_flops","cmp_flops","exp_flops","mad_flops","input_channel","input_height","input_width","output_channel","output_height","output_width","function","kernel_1","kernel_2","stride_1","stride_2","dilation_1","dilation_2","input_form","topology_hash","mad/min_time","mad/mean_time","mad/max_time","time"
"Ademxapp Model A Trained on ImageNet Competition Data","2a/res2a_branch1",5,"Convolution",0.005203,0.005371749999999999,0.016809,0,0,0,0,209715200,64,160,160,128,160,160,"",1,1,1,1,1,1,"HoldForm[ConvolutionLayer[128, {1, 1}, ""Stride"" -> {1, 1}, ""PaddingSize"" -> {{0, 0}, {0, 0}}, ""Dilation"" -> {1, 1}, ""Input"" -> {64, 160, 160}]]","1ahxd2lowp9kw",4.030659235056698e10,3.90403872108717e10,1.2476363852697958e10,"{0.016809, 0.005357, 0.005411, 0.00536, 0.005498, 0.005319, 0.005465, 0.005228, 0.005408, 0.005376, 0.005376, 0.005281, 0.005317, 0.005418, 0.005322, 0.005431, 0.005285, 0.005435, 0.005265, 0.005498, 0.005308, 0.005438, 0.005271, 0.005416, 0.005343, 0.005412, 0.005377, 0.005393, 0.005344, 0.005361, 0.005454, 0.005326, 0.005467, 0.00523, 0.005461, 0.005281, 0.005397, 0.005258, 0.005395, 0.005339, 0.006283, 0.005442, 0.005382, 0.005436, 0.005344, 0.005396, 0.005206, 0.005428, 0.005251, 0.005392, 0.005238, 0.005452, 0.005355, 0.00537, 0.005331, 0.005254, 0.005347, 0.005364, 0.005413, 0.005289, 0.005399, 0.005203, 0.00547, 0.005241, 0.005404, 0.005252, 0.00551, 0.005363, 0.005371, 0.005259, 0.005378, 0.005427, 0.005372, 0.005372, 0.005313, 0.005458, 0.005315, 0.005519, 0.005346, 0.005478, 0.005296, 0.00547, 0.005432, 0.00542, 0.005349, 0.00532, 0.005339, 0.005455, 0.005467, 0.005235, 0.005462, 0.005278, 0.005424, 0.005221, 0.005411, 0.005373, 0.005371, 0.005235, 0.005417, 0.005305}"
