"model_name","layer_name","layer_index","kind","min_time","mean_time","max_time","add_flops","div_flops","cmp_flops","exp_flops","mad_flops","input_channel","input_height","input_width","output_channel","output_height","output_width","function","kernel_1","kernel_2","stride_1","stride_2","dilation_1","dilation_2","input_form","topology_hash","mad/min_time","mad/mean_time","mad/max_time","time"
"VGG-16 Trained on ImageNet Competition Data","conv3_2",13,"Convolution",0.030945,0.031549400000000005,0.045586,0,0,0,0,1849688064,256,56,56,256,56,56,"",3,3,1,1,1,1,"HoldForm[ConvolutionLayer[256, {3, 3}, ""Stride"" -> {1, 1}, ""PaddingSize"" -> {{1, 1}, {1, 1}}, ""Dilation"" -> {1, 1}, ""Input"" -> {256, 56, 56}]]","0sal1rmpbenpt",5.977340649539506e10,5.862831191718384e10,4.05757922169087e10,"{0.045586, 0.031341, 0.031385, 0.031352, 0.031662, 0.031433, 0.031208, 0.030945, 0.030968, 0.03165, 0.031286, 0.031191, 0.031463, 0.031325, 0.031543, 0.031352, 0.031116, 0.031183, 0.031245, 0.03117, 0.031408, 0.03157, 0.03175, 0.031458, 0.031573, 0.031695, 0.031688, 0.031951, 0.032908, 0.031723, 0.031532, 0.031909, 0.031722, 0.031452, 0.031323, 0.031592, 0.031595, 0.03178, 0.031897, 0.031925, 0.032204, 0.031883, 0.031547, 0.031742, 0.031489, 0.031412, 0.031372, 0.031916, 0.032001, 0.031876}"
