"model_name","layer_name","layer_index","kind","min_time","mean_time","max_time","add_flops","div_flops","cmp_flops","exp_flops","mad_flops","input_channel","input_height","input_width","output_channel","output_height","output_width","function","kernel_1","kernel_2","stride_1","stride_2","dilation_1","dilation_2","input_form","topology_hash","mad/min_time","mad/mean_time","mad/max_time","time"
"Squeeze-and-Excitation Net Trained on ImageNet Competition Data","4w/conv4_23_3x3",582,"Convolution",0.001188,0.0012092000000000001,0.003157,0,0,0,0,14450688,512,14,14,1024,14,14,"",3,3,1,1,1,1,"HoldForm[ConvolutionLayer[1024, {3, 3}, ""Stride"" -> {1, 1}, ""PaddingSize"" -> {{1, 1}, {1, 1}}, ""Dilation"" -> {1, 1}, ""ChannelGroups"" -> 64, ""Input"" -> {512, 14, 14}]]","0yuz6nnza0i6k",1.2163878787878786e10,1.1950618590803837e10,4.577348115299335e9,"{0.003157, 0.001241, 0.001211, 0.001189, 0.001233, 0.00122, 0.001188, 0.001215, 0.001197, 0.001197, 0.001229, 0.001197, 0.001203, 0.001225, 0.001218, 0.001193, 0.001191, 0.00122, 0.001218, 0.001195, 0.001219, 0.001203, 0.001223, 0.00122, 0.001225, 0.001196, 0.001208, 0.001224, 0.001209, 0.001198, 0.001231, 0.001196, 0.001192, 0.001229, 0.001193, 0.001256, 0.001196, 0.001222, 0.001218, 0.001201, 0.001215, 0.001197, 0.001199, 0.001226, 0.001193, 0.001201, 0.001194, 0.001231, 0.001207, 0.001199}"
