"model_name","layer_name","layer_index","kind","min_time","mean_time","max_time","add_flops","div_flops","cmp_flops","exp_flops","mad_flops","input_channel","input_height","input_width","output_channel","output_height","output_width","function","kernel_1","kernel_2","stride_1","stride_2","dilation_1","dilation_2","input_form","topology_hash","mad/min_time","mad/mean_time","mad/max_time","time"
"Ademxapp Model A1 Trained on PASCAL VOC2012 and MS-COCO Data","4a/res4a_branch1",48,"Convolution",0.013023,0.01330675,0.027255,0,0,0,0,520224768,256,126,126,512,63,63,"",1,1,2,2,1,1,"HoldForm[ConvolutionLayer[512, {1, 1}, ""Stride"" -> {2, 2}, ""PaddingSize"" -> {{0, 0}, {0, 0}}, ""Dilation"" -> {1, 1}, ""Input"" -> {256, 126, 126}]]","0c237nkpinifv",3.9946615065653076e10,3.909480286320853e10,1.908731491469455e10,"{0.027255, 0.013568, 0.013405, 0.013365, 0.013344, 0.013512, 0.013389, 0.013318, 0.013481, 0.01327, 0.01332, 0.013487, 0.013292, 0.013295, 0.013349, 0.01342, 0.013322, 0.013442, 0.013517, 0.013545, 0.013692, 0.013422, 0.013225, 0.013311, 0.013262, 0.013414, 0.013432, 0.013167, 0.013111, 0.013172, 0.013193, 0.013183, 0.013225, 0.013295, 0.013329, 0.013185, 0.013196, 0.013139, 0.013196, 0.013326, 0.013239, 0.013291, 0.013306, 0.013209, 0.013415, 0.013477, 0.013384, 0.013423, 0.013418, 0.013525, 0.013391, 0.013508, 0.013557, 0.013756, 0.013587, 0.013546, 0.013459, 0.013499, 0.013371, 0.013387, 0.013606, 0.013407, 0.01383, 0.013768, 0.013825, 0.013644, 0.013634, 0.013421, 0.013227, 0.013178, 0.013145, 0.013198, 0.013315, 0.013079, 0.013096, 0.013189, 0.013065, 0.013023, 0.013218, 0.013129, 0.013245, 0.013214, 0.013234, 0.013145, 0.013073, 0.013223, 0.013115, 0.013068, 0.013166, 0.013165, 0.013127, 0.013042, 0.013093, 0.013093, 0.013106, 0.013141, 0.01315, 0.013293, 0.013384, 0.013178}"
