"model_name","layer_name","layer_index","kind","min_time","mean_time","max_time","add_flops","div_flops","cmp_flops","exp_flops","mad_flops","input_channel","input_height","input_width","output_channel","output_height","output_width","function","kernel_1","kernel_2","stride_1","stride_2","dilation_1","dilation_2","input_form","topology_hash","mad/min_time","mad/mean_time","mad/max_time","time"
"Age Estimation VGG-16 Trained on IMDB-WIKI Data","conv1_1",1,"Convolution",0.004135,0.0045549,0.010288,0,0,0,0,86704128,3,224,224,64,224,224,"",3,3,1,1,1,1,"HoldForm[ConvolutionLayer[64, {3, 3}, ""Stride"" -> {1, 1}, ""PaddingSize"" -> {{1, 1}, {1, 1}}, ""Dilation"" -> {1, 1}, ""Input"" -> {3, 224, 224}]]","1i876macjjebj",2.0968350181378475e10,1.9035352697095436e10,8.427695178849144e9,"{0.010288, 0.004472, 0.00426, 0.004135, 0.004191, 0.004175, 0.004203, 0.004222, 0.004305, 0.004444, 0.004898, 0.005117, 0.004738, 0.004562, 0.00449, 0.004626, 0.004604, 0.004489, 0.004472, 0.00442, 0.004559, 0.004612, 0.004653, 0.004653, 0.004637, 0.004613, 0.004523, 0.004548, 0.004615, 0.00466, 0.004454, 0.004456, 0.004696, 0.00457, 0.004586, 0.004545, 0.004661, 0.004591, 0.004521, 0.004654, 0.004375, 0.004364, 0.004395, 0.004382, 0.004666, 0.004878, 0.005096, 0.00467, 0.004562, 0.004784}"
