"model_name","layer_name","layer_index","kind","min_time","mean_time","max_time","add_flops","div_flops","cmp_flops","exp_flops","mad_flops","input_channel","input_height","input_width","output_channel","output_height","output_width","function","kernel_1","kernel_2","stride_1","stride_2","dilation_1","dilation_2","input_form","topology_hash","mad/min_time","mad/mean_time","mad/max_time","time"
"Dilated ResNet-38 Trained on Cityscapes Data","convolution40",133,"Convolution",0.297864,0.29838373333333335,0.372251,0,0,0,0,19327352832,512,64,128,512,64,128,"",3,3,1,1,1,1,"HoldForm[ConvolutionLayer[512, {3, 3}, ""Stride"" -> {1, 1}, ""PaddingSize"" -> {{1, 1}, {1, 1}}, ""Dilation"" -> {1, 1}, ""Input"" -> {512, 64, 128}]]","1dt6ac9jb37vm",6.488650132946579e10,6.477348016290432e10,5.1920217358717636e10,"{0.372251, 0.299018, 0.298608, 0.298377, 0.298079, 0.297957, 0.298755, 0.299306, 0.299541, 0.298034, 0.29823, 0.298799, 0.298293, 0.298226, 0.298291, 0.29854, 0.29805, 0.298181, 0.298576, 0.297994, 0.299517, 0.298455, 0.298262, 0.298031, 0.298434, 0.297984, 0.29843, 0.298198, 0.297864, 0.298612, 0.298192, 0.29921, 0.298348, 0.299435, 0.298315, 0.298228, 0.298025, 0.298458, 0.298178, 0.298379, 0.299642, 0.298258, 0.298372, 0.298092, 0.299466, 0.299298, 0.298249, 0.298312, 0.298527, 0.298429}"
