"model_name","layer_name","layer_index","kind","min_time","mean_time","max_time","add_flops","div_flops","cmp_flops","exp_flops","mad_flops","input_channel","input_height","input_width","output_channel","output_height","output_width","function","kernel_1","kernel_2","stride_1","stride_2","dilation_1","dilation_2","input_form","topology_hash","mad/min_time","mad/mean_time","mad/max_time","time"
"Wolfram ImageIdentify Net V1","4e/conv3x3",170,"Convolution",0.000305,0.0003074,0.000494,0,0,0,0,10838016,128,14,14,192,7,7,"",3,3,2,2,1,1,"HoldForm[ConvolutionLayer[192, {3, 3}, ""Stride"" -> {2, 2}, ""PaddingSize"" -> {{1, 1}, {1, 1}}, ""Dilation"" -> {1, 1}, ""Input"" -> {128, 14, 14}]]","0s10dk3ylmr3m",3.553447868852459e10,3.525704619388419e10,2.1939303643724697e10,"{0.000494, 0.00032, 0.000311, 0.000308, 0.000308, 0.000307, 0.00031, 0.000345, 0.000312, 0.000307, 0.000306, 0.000306, 0.000306, 0.000306, 0.000306, 0.000305, 0.000305, 0.000306, 0.000306, 0.000327, 0.000367, 0.000332, 0.00031, 0.000306, 0.000306, 0.000306, 0.000306, 0.000306, 0.000306, 0.000306, 0.000306, 0.000306, 0.000306, 0.000333, 0.000311, 0.000307, 0.000306, 0.000305, 0.000306, 0.000321, 0.000308, 0.000306, 0.000306, 0.000306, 0.000306, 0.000313, 0.000336, 0.00031, 0.000307, 0.00031}"
