"model_name","layer_name","layer_index","kind","min_time","mean_time","max_time","add_flops","div_flops","cmp_flops","exp_flops","mad_flops","input_channel","input_height","input_width","output_channel","output_height","output_width","function","kernel_1","kernel_2","stride_1","stride_2","dilation_1","dilation_2","input_form","topology_hash","mad/min_time","mad/mean_time","mad/max_time","time"
"2D Face Alignment Net Trained on 300W Large Pose Data","15/1/2/3/1/1/1/1/1/4/2/1/3",92,"Convolution",0.003833,0.0038849500000000003,0.010101,0,0,0,0,75497472,128,32,32,64,32,32,"",3,3,1,1,1,1,"HoldForm[ConvolutionLayer[64, {3, 3}, ""Stride"" -> {1, 1}, ""PaddingSize"" -> {{1, 1}, {1, 1}}, ""Dilation"" -> {1, 1}, ""Input"" -> {128, 32, 32}]]","1lamqwqsgikmq",1.9696705452648056e10,1.9433318832932213e10,7.474257202257202e9,"{0.010101, 0.007624, 0.003958, 0.003874, 0.003898, 0.003873, 0.00386, 0.00391, 0.003868, 0.003886, 0.003899, 0.003861, 0.003895, 0.003899, 0.003906, 0.003897, 0.00384, 0.003946, 0.003859, 0.003851, 0.003902, 0.00387, 0.003873, 0.003927, 0.003845, 0.003931, 0.003873, 0.003909, 0.003887, 0.003866, 0.003902, 0.00389, 0.003856, 0.00391, 0.00386, 0.003885, 0.003888, 0.003842, 0.00392, 0.003867, 0.003929, 0.00388, 0.003865, 0.003912, 0.003858, 0.003854, 0.003895, 0.003844, 0.00388, 0.003943, 0.00388, 0.003912, 0.003861, 0.003934, 0.003893, 0.003857, 0.003897, 0.003861, 0.003894, 0.003904, 0.003861, 0.003881, 0.003885, 0.003851, 0.003935, 0.003881, 0.003928, 0.003887, 0.00385, 0.003894, 0.003896, 0.00387, 0.003888, 0.003845, 0.003905, 0.003925, 0.003833, 0.003909, 0.003856, 0.003911, 0.003871, 0.003842, 0.00389, 0.003884, 0.003892, 0.003901, 0.003888, 0.003916, 0.003851, 0.003844, 0.003908, 0.003855, 0.003915, 0.003912, 0.003861, 0.003899, 0.003856, 0.003877, 0.003902, 0.003839}"
