"model_name","layer_name","layer_index","kind","min_time","mean_time","max_time","add_flops","div_flops","cmp_flops","exp_flops","mad_flops","input_channel","input_height","input_width","output_channel","output_height","output_width","function","kernel_1","kernel_2","stride_1","stride_2","dilation_1","dilation_2","input_form","topology_hash","mad/min_time","mad/mean_time","mad/max_time","time"
"CycleGAN Photo-to-Monet Translation","13/1/2",21,"Convolution",0.03128,0.031890516666666674,0.048815,0,0,0,0,603979776,128,66,66,128,64,64,"",3,3,1,1,1,1,"HoldForm[ConvolutionLayer[128, {3, 3}, ""Stride"" -> {1, 1}, ""PaddingSize"" -> {{0, 0}, {0, 0}}, ""Dilation"" -> {1, 1}, ""Input"" -> {128, 66, 66}]]","1sehkke39v8fh",1.9308816368286446e10,1.893916559311519e10,1.2372831629622042e10,"{0.048815, 0.031559, 0.033245, 0.03167, 0.031866, 0.0339, 0.031858, 0.03279, 0.031863, 0.03175, 0.031548, 0.03128, 0.031368, 0.034345, 0.032242, 0.031293, 0.031555, 0.031504, 0.031978, 0.032037, 0.031772, 0.03174, 0.032286, 0.031643, 0.031485, 0.032992, 0.032625, 0.032307, 0.031862, 0.031826, 0.032706, 0.033215, 0.032167, 0.031812, 0.031867, 0.032692, 0.031811, 0.032095, 0.032391, 0.031798, 0.031625, 0.031655, 0.03169, 0.031779, 0.031603, 0.031475, 0.032128, 0.032158, 0.032018, 0.031758, 0.033554, 0.032014, 0.032143, 0.031972, 0.031878, 0.031303, 0.031929, 0.031958, 0.031863, 0.032116, 0.032322, 0.031355, 0.031817, 0.031633, 0.032296, 0.031548, 0.032135, 0.031662, 0.031472, 0.03136, 0.031538, 0.031624, 0.031443, 0.032121, 0.032011, 0.031865, 0.032058, 0.033446, 0.032031, 0.03178, 0.031893, 0.031821, 0.033545, 0.033498, 0.032304, 0.032021, 0.032471, 0.032084, 0.031835, 0.03146, 0.031733, 0.031365, 0.031798, 0.03142, 0.031672, 0.031634, 0.031735, 0.032645, 0.031899, 0.031646}"
