"model_name","layer_name","layer_index","kind","min_time","mean_time","max_time","add_flops","div_flops","cmp_flops","exp_flops","mad_flops","input_channel","input_height","input_width","output_channel","output_height","output_width","function","kernel_1","kernel_2","stride_1","stride_2","dilation_1","dilation_2","input_form","topology_hash","mad/min_time","mad/mean_time","mad/max_time","time"
"ResNet-101 Trained on ImageNet Competition Data","4b18/res4b18_branch2c",268,"Convolution",0.000745,0.0007583666666666667,0.001218,0,0,0,0,51380224,256,14,14,1024,14,14,"",1,1,1,1,1,1,"HoldForm[ConvolutionLayer[1024, {1, 1}, ""Stride"" -> {1, 1}, ""PaddingSize"" -> {{0, 0}, {0, 0}}, ""Dilation"" -> {1, 1}, ""Input"" -> {256, 14, 14}]]","05922ucprscvp",6.896674362416107e10,6.7751163465342186e10,4.218409195402299e10,"{0.001218, 0.000789, 0.000775, 0.000753, 0.00081, 0.000751, 0.000747, 0.000746, 0.000748, 0.000794, 0.000751, 0.000752, 0.000763, 0.00075, 0.000773, 0.000751, 0.000765, 0.000784, 0.000753, 0.000747, 0.00078, 0.00075, 0.000773, 0.000751, 0.000747, 0.000798, 0.000753, 0.000747, 0.000745, 0.000763, 0.000796, 0.000752, 0.000747, 0.000746, 0.000747, 0.000775, 0.000753, 0.000751, 0.000768, 0.000755, 0.00075, 0.000776, 0.000768, 0.000776, 0.000752, 0.000774, 0.000782, 0.000752, 0.000749, 0.000749}"
