"model_name","layer_name","layer_index","kind","min_time","mean_time","max_time","add_flops","div_flops","cmp_flops","exp_flops","mad_flops","input_channel","input_height","input_width","output_channel","output_height","output_width","function","kernel_1","kernel_2","stride_1","stride_2","dilation_1","dilation_2","input_form","topology_hash","mad/min_time","mad/mean_time","mad/max_time","time"
"2D Face Alignment Net Trained on 300W Large Pose Data","15/1/2/3/1/2/3/1/2/3/1/1/1/1/1/3",150,"Convolution",0.000482,0.0004883666666666667,0.000816,0,0,0,0,18874368,256,8,8,128,8,8,"",3,3,1,1,1,1,"HoldForm[ConvolutionLayer[128, {3, 3}, ""Stride"" -> {1, 1}, ""PaddingSize"" -> {{1, 1}, {1, 1}}, ""Dilation"" -> {1, 1}, ""Input"" -> {256, 8, 8}]]","1ahm5bxmg08u0",3.9158439834024895e10,3.864794485018087e10,2.313035294117647e10,"{0.000816, 0.000531, 0.000511, 0.000511, 0.000492, 0.000486, 0.000486, 0.000486, 0.000484, 0.000514, 0.000489, 0.000524, 0.000493, 0.000487, 0.000485, 0.000485, 0.000484, 0.000513, 0.000489, 0.000486, 0.000485, 0.000485, 0.000498, 0.000486, 0.000485, 0.000511, 0.000489, 0.000486, 0.000486, 0.000484, 0.000486, 0.000499, 0.000513, 0.000518, 0.000489, 0.000483, 0.000483, 0.000483, 0.000482, 0.000483, 0.000483, 0.000485, 0.000523, 0.00049, 0.000486, 0.000486, 0.000485, 0.000484, 0.000485, 0.000485}"
