"model_name","layer_name","layer_index","kind","min_time","mean_time","max_time","add_flops","div_flops","cmp_flops","exp_flops","mad_flops","input_channel","input_height","input_width","output_channel","output_height","output_width","function","kernel_1","kernel_2","stride_1","stride_2","dilation_1","dilation_2","input_form","topology_hash","mad/min_time","mad/mean_time","mad/max_time","time"
"3D Face Alignment Net Trained on 300W Large Pose Data","11/4/1/1/4/2/1/3",11,"Convolution",0.022984,0.023411599999999998,0.04133,0,0,0,0,301989888,64,128,128,32,128,128,"",3,3,1,1,1,1,"HoldForm[ConvolutionLayer[32, {3, 3}, ""Stride"" -> {1, 1}, ""PaddingSize"" -> {{1, 1}, {1, 1}}, ""Dilation"" -> {1, 1}, ""Input"" -> {64, 128, 128}]]","0th0ue6g18l7a",1.3139135398538115e10,1.2899156315672573e10,7.306796225502057e9,"{0.04133, 0.023575, 0.023757, 0.023026, 0.023454, 0.023157, 0.023461, 0.023778, 0.023209, 0.02301, 0.023181, 0.022984, 0.023346, 0.02345, 0.023485, 0.024336, 0.02435, 0.023059, 0.023175, 0.023553, 0.023519, 0.023623, 0.02351, 0.023696, 0.02431, 0.023829, 0.02332, 0.023537, 0.023226, 0.023315, 0.023424, 0.023526, 0.023281, 0.023361, 0.023345, 0.023285, 0.023379, 0.023215, 0.023361, 0.02312, 0.023182, 0.023118, 0.023458, 0.023107, 0.023503, 0.023677, 0.02358, 0.023573, 0.023624, 0.023292}"
