"model_name","layer_name","layer_index","kind","min_time","mean_time","max_time","add_flops","div_flops","cmp_flops","exp_flops","mad_flops","input_channel","input_height","input_width","output_channel","output_height","output_width","function","kernel_1","kernel_2","stride_1","stride_2","dilation_1","dilation_2","input_form","topology_hash","mad/min_time","mad/mean_time","mad/max_time","time"
"CycleGAN Orange-to-Apple Translation Trained on ImageNet Competition Data","18/1/2",61,"Convolution",0.031477,0.032406233333333326,0.050918,0,0,0,0,603979776,128,66,66,128,64,64,"",3,3,1,1,1,1,"HoldForm[ConvolutionLayer[128, {3, 3}, ""Stride"" -> {1, 1}, ""PaddingSize"" -> {{0, 0}, {0, 0}}, ""Dilation"" -> {1, 1}, ""Input"" -> {128, 66, 66}]]","1sehkke39v8fh",1.9187971407694508e10,1.8637765450474037e10,1.186181263993087e10,"{0.050918, 0.033529, 0.031726, 0.032237, 0.03335, 0.032006, 0.03209, 0.032035, 0.032555, 0.034782, 0.033737, 0.033759, 0.034119, 0.032522, 0.031987, 0.033164, 0.031596, 0.032042, 0.032252, 0.032832, 0.032455, 0.03208, 0.032228, 0.032202, 0.032302, 0.033273, 0.032438, 0.032021, 0.033963, 0.032043, 0.032613, 0.032631, 0.031732, 0.032746, 0.032034, 0.032693, 0.031693, 0.032324, 0.031988, 0.033112, 0.032445, 0.032122, 0.032516, 0.032981, 0.032122, 0.032162, 0.032787, 0.033175, 0.033282, 0.032108, 0.031967, 0.031884, 0.033059, 0.031637, 0.031827, 0.031969, 0.034006, 0.031908, 0.03329, 0.033478, 0.033314, 0.033086, 0.033188, 0.032448, 0.033051, 0.03283, 0.032268, 0.03206, 0.033505, 0.032038, 0.031796, 0.032488, 0.031527, 0.032976, 0.032656, 0.032486, 0.031531, 0.031554, 0.032026, 0.032901, 0.032366, 0.032429, 0.03282, 0.033284, 0.033367, 0.033803, 0.032787, 0.032102, 0.031638, 0.031477, 0.031784, 0.031844, 0.031713, 0.031839, 0.03172, 0.032148, 0.0318, 0.032025, 0.032187, 0.032326}"
