"model_name","layer_name","layer_index","kind","min_time","mean_time","max_time","add_flops","div_flops","cmp_flops","exp_flops","mad_flops","input_channel","input_height","input_width","output_channel","output_height","output_width","function","kernel_1","kernel_2","stride_1","stride_2","dilation_1","dilation_2","input_form","topology_hash","mad/min_time","mad/mean_time","mad/max_time","time"
"Yahoo Open NSFW Model V1","stage0_block2/conv_branch2b",31,"Convolution",0.001217,0.0012437333333333328,0.003041,0,0,0,0,28901376,32,56,56,32,56,56,"",3,3,1,1,1,1,"HoldForm[ConvolutionLayer[32, {3, 3}, ""Stride"" -> {1, 1}, ""PaddingSize"" -> {{1, 1}, {1, 1}}, ""Dilation"" -> {1, 1}, ""Input"" -> {32, 56, 56}]]","0pv0617aa1f89",2.3748049301561214e10,2.3237598627787315e10,9.503905294311083e9,"{0.003041, 0.001312, 0.001254, 0.001228, 0.001257, 0.001223, 0.001267, 0.00125, 0.001239, 0.001235, 0.001253, 0.001249, 0.001227, 0.001236, 0.001251, 0.001221, 0.001235, 0.001261, 0.001251, 0.001224, 0.001259, 0.001237, 0.001237, 0.001221, 0.001267, 0.001245, 0.001262, 0.001252, 0.001222, 0.001219, 0.00125, 0.001223, 0.001244, 0.001273, 0.001266, 0.001228, 0.001254, 0.001243, 0.001223, 0.001234, 0.001266, 0.001237, 0.001277, 0.001259, 0.00123, 0.001234, 0.001243, 0.001217, 0.001221, 0.001273}"
