"model_name","layer_name","layer_index","kind","min_time","mean_time","max_time","add_flops","div_flops","cmp_flops","exp_flops","mad_flops","input_channel","input_height","input_width","output_channel","output_height","output_width","function","kernel_1","kernel_2","stride_1","stride_2","dilation_1","dilation_2","input_form","topology_hash","mad/min_time","mad/mean_time","mad/max_time","time"
"2D Face Alignment Net Trained on 300W Large Pose Data","12/1/2/3/1/2/4/1/1/3",917,"Convolution",0.00283,0.0029031999999999994,0.007543,0,0,0,0,75497472,256,16,16,128,16,16,"",3,3,1,1,1,1,"HoldForm[ConvolutionLayer[128, {3, 3}, ""Stride"" -> {1, 1}, ""PaddingSize"" -> {{1, 1}, {1, 1}}, ""Dilation"" -> {1, 1}, ""Input"" -> {256, 16, 16}]]","06h7uhubi6fko",2.66775519434629e10,2.600491595480849e10,1.0008944982102612e10,"{0.007543, 0.002954, 0.002883, 0.002888, 0.002942, 0.002904, 0.002879, 0.002948, 0.002899, 0.00283, 0.002883, 0.002961, 0.002902, 0.002872, 0.002916, 0.002921, 0.002903, 0.00293, 0.002879, 0.002893, 0.002893, 0.002921, 0.00293, 0.002888, 0.002944, 0.002886, 0.002917, 0.00288, 0.00299, 0.002886, 0.002891, 0.002932, 0.002899, 0.002895, 0.002877, 0.002934, 0.002879, 0.002876, 0.002966, 0.002895, 0.002883, 0.002879, 0.00295, 0.00289, 0.002871, 0.00299, 0.002905, 0.002896, 0.002889, 0.002944, 0.002913, 0.002863, 0.002932, 0.002917, 0.002871, 0.002894, 0.002941, 0.002898, 0.002879, 0.002948, 0.002915, 0.002889, 0.002933, 0.002934, 0.0029, 0.00285, 0.002966, 0.002912, 0.002877, 0.002936, 0.002911, 0.002895, 0.002886, 0.002911, 0.002893, 0.002896, 0.002932, 0.002897, 0.002898, 0.002885, 0.002945, 0.002902, 0.002876, 0.002941, 0.002892, 0.002894, 0.0029, 0.002933, 0.002905, 0.002884, 0.002956, 0.002869, 0.002907, 0.002896, 0.002949, 0.002879, 0.002873, 0.002994, 0.002886, 0.00288}"
