"model_name","layer_name","layer_index","kind","min_time","mean_time","max_time","add_flops","div_flops","cmp_flops","exp_flops","mad_flops","input_channel","input_height","input_width","output_channel","output_height","output_width","function","kernel_1","kernel_2","stride_1","stride_2","dilation_1","dilation_2","input_form","topology_hash","mad/min_time","mad/mean_time","mad/max_time","time"
"ResNet-101 Trained on Augmented CASIA-WebFace Data","5c/res5c_branch2b",337,"Convolution",0.002435,0.0024818,0.003094,0,0,0,0,115605504,512,7,7,512,7,7,"",3,3,1,1,1,1,"HoldForm[ConvolutionLayer[512, {3, 3}, ""Stride"" -> {1, 1}, ""PaddingSize"" -> {{1, 1}, {1, 1}}, ""Dilation"" -> {1, 1}, ""Input"" -> {512, 7, 7}]]","183bhkhy3yvpo",4.747659301848049e10,4.658131356273672e10,3.736441628959276e10,"{0.003094, 0.002541, 0.002487, 0.002505, 0.002481, 0.002483, 0.002484, 0.002437, 0.002514, 0.002493, 0.002471, 0.002477, 0.002491, 0.002505, 0.002505, 0.002448, 0.002501, 0.002482, 0.002452, 0.00247, 0.002454, 0.002497, 0.002517, 0.002482, 0.002486, 0.002478, 0.002467, 0.002463, 0.002466, 0.002494, 0.002484, 0.002438, 0.002477, 0.002474, 0.002497, 0.002482, 0.002443, 0.002505, 0.002473, 0.002435, 0.002463, 0.002558, 0.002487, 0.002466, 0.00244, 0.002509, 0.002489, 0.002444, 0.002489, 0.002483}"
