"model_name","layer_name","layer_index","kind","min_time","mean_time","max_time","add_flops","div_flops","cmp_flops","exp_flops","mad_flops","input_channel","input_height","input_width","output_channel","output_height","output_width","function","kernel_1","kernel_2","stride_1","stride_2","dilation_1","dilation_2","input_form","topology_hash","mad/min_time","mad/mean_time","mad/max_time","time"
"Inception V1 Trained on ImageNet Competition Data","inception_5b/3x3_reduce",131,"Convolution",0.000236,0.00024006666666666663,0.000323,0,0,0,0,7827456,832,7,7,192,7,7,"",1,1,1,1,1,1,"HoldForm[ConvolutionLayer[192, {1, 1}, ""Stride"" -> {1, 1}, ""PaddingSize"" -> {{0, 0}, {0, 0}}, ""Dilation"" -> {1, 1}, ""Input"" -> {832, 7, 7}]]","1disf3zsvtnvj",3.3167186440677967e10,3.2605342960288815e10,2.4233609907120743e10,"{0.000323, 0.000281, 0.000252, 0.000241, 0.000239, 0.000239, 0.000252, 0.00027, 0.000244, 0.000238, 0.000237, 0.000238, 0.000238, 0.000237, 0.000238, 0.000237, 0.000237, 0.000237, 0.000238, 0.000237, 0.000236, 0.000237, 0.000236, 0.000237, 0.000271, 0.000243, 0.00024, 0.000238, 0.000237, 0.000237, 0.000239, 0.00025, 0.000239, 0.000238, 0.000238, 0.000238, 0.000236, 0.000237, 0.000236, 0.000237, 0.000265, 0.000246, 0.000243, 0.000269, 0.000251, 0.000243, 0.000241, 0.000253, 0.000248, 0.000243}"
