"model_name","layer_name","layer_index","kind","min_time","mean_time","max_time","add_flops","div_flops","cmp_flops","exp_flops","mad_flops","input_channel","input_height","input_width","output_channel","output_height","output_width","function","kernel_1","kernel_2","stride_1","stride_2","dilation_1","dilation_2","input_form","topology_hash","mad/min_time","mad/mean_time","mad/max_time","time"
"Unguided Volumetric Regression Net for 3D Face Reconstruction","8/2/1/1/4/1/1/1/1/1/6",77,"Convolution",0.007017,0.007061166666666664,0.012747,0,0,0,0,339738624,128,48,48,128,48,48,"",3,3,1,1,1,1,"HoldForm[ConvolutionLayer[128, {3, 3}, ""Stride"" -> {1, 1}, ""PaddingSize"" -> {{1, 1}, {1, 1}}, ""Dilation"" -> {1, 1}, ""Input"" -> {128, 48, 48}]]","0k7bd1pxdjxz9",4.841650619923044e10,4.811366733542617e10,2.6652437750058834e10,"{0.012747, 0.007178, 0.007045, 0.007047, 0.007066, 0.007086, 0.007017, 0.007057, 0.0071, 0.007275, 0.007074, 0.007083, 0.007079, 0.007034, 0.007046, 0.007068, 0.007029, 0.007045, 0.007066, 0.007037, 0.00704, 0.007069, 0.007045, 0.007093, 0.007025, 0.007045, 0.007036, 0.007043, 0.007033, 0.007041, 0.007035, 0.007106, 0.007042, 0.007066, 0.007077, 0.007092, 0.007051, 0.007058, 0.007058, 0.007055, 0.007095, 0.00703, 0.007034, 0.007061, 0.007069, 0.007068, 0.007122, 0.007149, 0.007164, 0.007165}"
