"model_name","layer_name","layer_index","kind","min_time","mean_time","max_time","add_flops","div_flops","cmp_flops","exp_flops","mad_flops","input_channel","input_height","input_width","output_channel","output_height","output_width","function","kernel_1","kernel_2","stride_1","stride_2","dilation_1","dilation_2","input_form","topology_hash","mad/min_time","mad/mean_time","mad/max_time","time"
"3D Face Alignment Net Trained on 300W Large Pose Data","11/1",2,"Convolution",0.010253,0.010799583333333335,0.024716,0,0,0,0,154140672,3,256,256,64,128,128,"",7,7,2,2,1,1,"HoldForm[ConvolutionLayer[64, {7, 7}, ""Stride"" -> {2, 2}, ""PaddingSize"" -> {{3, 3}, {3, 3}}, ""Dilation"" -> {1, 1}, ""Input"" -> {3, 256, 256}]]","00gnbx9p5doc0",1.5033714229981468e10,1.4272835093946524e10,6.2364732157307005e9,"{0.024716, 0.011127, 0.010785, 0.0109, 0.011528, 0.010487, 0.011171, 0.010798, 0.010787, 0.010658, 0.010749, 0.011216, 0.011489, 0.011977, 0.011131, 0.01079, 0.01126, 0.011063, 0.011354, 0.012118, 0.010716, 0.013898, 0.012357, 0.010929, 0.010605, 0.010589, 0.010444, 0.010398, 0.010721, 0.010316, 0.010327, 0.010342, 0.010394, 0.010729, 0.010381, 0.010694, 0.011797, 0.012395, 0.014549, 0.011941, 0.011935, 0.011112, 0.010973, 0.010875, 0.010614, 0.013527, 0.012046, 0.012161, 0.010816, 0.010662, 0.010655, 0.010398, 0.010551, 0.010348, 0.010387, 0.010759, 0.010369, 0.010626, 0.010253, 0.010442, 0.01058, 0.010529, 0.010864, 0.010729, 0.010668, 0.011157, 0.011204, 0.011219, 0.010829, 0.010544, 0.010725, 0.011045, 0.010547, 0.01154, 0.011248, 0.010682, 0.010599, 0.011206, 0.01073, 0.01112, 0.011281, 0.010536, 0.010583, 0.010601, 0.010428, 0.010513, 0.010662, 0.011814, 0.012735, 0.011154, 0.010784, 0.010483, 0.010343, 0.010353, 0.0104, 0.010338, 0.010387, 0.010405, 0.010399, 0.010352}"
