"model_name","layer_name","layer_index","kind","min_time","mean_time","max_time","add_flops","div_flops","cmp_flops","exp_flops","mad_flops","input_channel","input_height","input_width","output_channel","output_height","output_width","function","kernel_1","kernel_2","stride_1","stride_2","dilation_1","dilation_2","input_form","topology_hash","mad/min_time","mad/mean_time","mad/max_time","time"
"Ademxapp Model A1 Trained on ADE20K Data","2a/res2a_branch2b1",8,"Convolution",0.329367,0.32991816666666657,0.506191,0,0,0,0,9364045824,128,252,252,128,252,252,"",3,3,1,1,1,1,"HoldForm[ConvolutionLayer[128, {3, 3}, ""Stride"" -> {1, 1}, ""PaddingSize"" -> {{1, 1}, {1, 1}}, ""Dilation"" -> {1, 1}, ""Input"" -> {128, 252, 252}]]","1wunj2pxka7f8",2.8430431172521835e10,2.8382934830809063e10,1.849903657710232e10,"{0.506191, 0.329511, 0.329508, 0.329708, 0.330082, 0.33009, 0.329975, 0.330214, 0.330111, 0.329917, 0.329991, 0.330108, 0.329994, 0.333762, 0.330016, 0.330045, 0.329853, 0.329684, 0.32973, 0.32995, 0.330116, 0.329648, 0.3296, 0.329876, 0.329464, 0.329766, 0.32958, 0.3298, 0.329665, 0.329627, 0.330084, 0.330393, 0.329946, 0.330167, 0.330201, 0.329859, 0.329804, 0.329941, 0.329963, 0.32978, 0.329912, 0.330233, 0.32981, 0.329927, 0.330023, 0.33025, 0.330032, 0.330033, 0.330113, 0.330066, 0.329506, 0.329761, 0.329367, 0.32953, 0.330689, 0.329952, 0.329875, 0.329998, 0.329951, 0.32988, 0.32993, 0.330659, 0.329844, 0.329859, 0.329697, 0.329904, 0.329655, 0.330262, 0.329914, 0.32972, 0.329698, 0.329987, 0.329518, 0.329845, 0.329767, 0.329908, 0.330043, 0.329835, 0.329871, 0.329692, 0.329709, 0.330017, 0.329876, 0.329819, 0.330045, 0.329831, 0.33011, 0.329929, 0.329977, 0.329946, 0.330004, 0.329775, 0.330048, 0.331672, 0.329885, 0.32985, 0.330234, 0.329873, 0.329916, 0.330169}"
