"model_name","layer_name","layer_index","kind","min_time","mean_time","max_time","add_flops","div_flops","cmp_flops","exp_flops","mad_flops","input_channel","input_height","input_width","output_channel","output_height","output_width","function","kernel_1","kernel_2","stride_1","stride_2","dilation_1","dilation_2","input_form","topology_hash","mad/min_time","mad/mean_time","mad/max_time","time"
"Age Estimation VGG-16 Trained on IMDB-WIKI Data","conv5_2",27,"Convolution",0.007771,0.007834966666666667,0.009807,0,0,0,0,462422016,512,14,14,512,14,14,"",3,3,1,1,1,1,"HoldForm[ConvolutionLayer[512, {3, 3}, ""Stride"" -> {1, 1}, ""PaddingSize"" -> {{1, 1}, {1, 1}}, ""Dilation"" -> {1, 1}, ""Input"" -> {512, 14, 14}]]","16wosds9ax35d",5.9506114528374725e10,5.902029142859574e10,4.715223982869379e10,"{0.009807, 0.007897, 0.007878, 0.007845, 0.007859, 0.007835, 0.007777, 0.007812, 0.007955, 0.007947, 0.007841, 0.00783, 0.007828, 0.007817, 0.007833, 0.00781, 0.007877, 0.007873, 0.007825, 0.007781, 0.007803, 0.007813, 0.007819, 0.007794, 0.007825, 0.007771, 0.007842, 0.007931, 0.007852, 0.007813, 0.007826, 0.007835, 0.007802, 0.007836, 0.007811, 0.007809, 0.007795, 0.0078, 0.007808, 0.007789, 0.007829, 0.007868, 0.007886, 0.007816, 0.007827, 0.00787, 0.007909, 0.007885, 0.007873, 0.007895}"
