"model_name","layer_name","layer_index","kind","min_time","mean_time","max_time","add_flops","div_flops","cmp_flops","exp_flops","mad_flops","input_channel","input_height","input_width","output_channel","output_height","output_width","function","kernel_1","kernel_2","stride_1","stride_2","dilation_1","dilation_2","input_form","topology_hash","mad/min_time","mad/mean_time","mad/max_time","time"
"Yahoo Open NSFW Model V1","stage0_block2/conv_branch2a",28,"Convolution",0.000271,0.00027423333333333324,0.000571,0,0,0,0,12845056,128,56,56,32,56,56,"",1,1,1,1,1,1,"HoldForm[ConvolutionLayer[32, {1, 1}, ""Stride"" -> {1, 1}, ""PaddingSize"" -> {{0, 0}, {0, 0}}, ""Dilation"" -> {1, 1}, ""Input"" -> {128, 56, 56}]]","10drdt1uq2jct",4.7398730627306274e10,4.683987844900938e10,2.2495719789842384e10,"{0.000571, 0.000296, 0.000275, 0.000273, 0.000303, 0.000275, 0.000274, 0.000273, 0.000272, 0.000282, 0.000275, 0.000342, 0.000278, 0.000272, 0.000272, 0.000271, 0.000273, 0.000272, 0.000322, 0.00028, 0.000273, 0.000279, 0.000273, 0.000272, 0.000272, 0.000272, 0.000272, 0.000271, 0.000272, 0.000272, 0.000273, 0.000272, 0.000299, 0.000284, 0.000273, 0.000272, 0.000285, 0.000277, 0.000273, 0.000272, 0.000272, 0.000272, 0.000272, 0.000273, 0.000272, 0.000271, 0.000285, 0.000301, 0.000281, 0.000274}"
