"model_name","layer_name","layer_index","kind","min_time","mean_time","max_time","add_flops","div_flops","cmp_flops","exp_flops","mad_flops","input_channel","input_height","input_width","output_channel","output_height","output_width","function","kernel_1","kernel_2","stride_1","stride_2","dilation_1","dilation_2","input_form","topology_hash","mad/min_time","mad/mean_time","mad/max_time","time"
"ColorNet Image Colorization Trained on Places Data","2/12",28,"Convolution",0.021804,0.022044916666666674,0.032117,0,0,0,0,924844032,256,28,28,512,28,28,"",3,3,1,1,1,1,"HoldForm[ConvolutionLayer[512, {3, 3}, ""Stride"" -> {1, 1}, ""PaddingSize"" -> {{1, 1}, {1, 1}}, ""Dilation"" -> {1, 1}, ""Input"" -> {256, 28, 28}]]","1cuo8p7jj4263",4.241625536598789e10,4.195271163798153e10,2.879609029485942e10,"{0.032117, 0.022195, 0.02207, 0.021981, 0.022107, 0.021963, 0.021921, 0.021871, 0.022055, 0.021863, 0.022117, 0.021919, 0.021952, 0.022392, 0.022084, 0.022026, 0.022213, 0.022149, 0.021987, 0.021975, 0.021947, 0.02189, 0.022032, 0.021804, 0.022308, 0.021896, 0.021967, 0.022441, 0.022377, 0.022196, 0.022096, 0.022297, 0.02206, 0.022436, 0.022727, 0.022816, 0.022663, 0.022537, 0.02233, 0.022355, 0.022313, 0.022209, 0.022083, 0.021928, 0.022013, 0.022046, 0.021905, 0.021964, 0.021909, 0.02202, 0.022157, 0.022085, 0.021973, 0.022039, 0.021982, 0.021963, 0.021987, 0.022245, 0.022235, 0.022265, 0.022304, 0.02222, 0.022106, 0.021954, 0.022028, 0.021914, 0.021934, 0.021998, 0.022007, 0.021887, 0.02202, 0.022003, 0.021982, 0.022007, 0.022034, 0.021884, 0.022045, 0.022059, 0.022019, 0.022241, 0.022272, 0.022138, 0.022256, 0.022061, 0.022056, 0.021997, 0.021951, 0.022019, 0.02197, 0.021933, 0.021868, 0.021888, 0.021829, 0.021881, 0.021962, 0.021948, 0.022009, 0.02191, 0.022028, 0.022146}"
