"model_name","layer_name","layer_index","kind","min_time","mean_time","max_time","add_flops","div_flops","cmp_flops","exp_flops","mad_flops","input_channel","input_height","input_width","output_channel","output_height","output_width","function","kernel_1","kernel_2","stride_1","stride_2","dilation_1","dilation_2","input_form","topology_hash","mad/min_time","mad/mean_time","mad/max_time","time"
"Dilated ResNet-105 Trained on Cityscapes Data","convolution28",90,"Convolution",0.029152,0.029312799999999996,0.044357,0,0,0,0,2147483648,256,64,128,1024,64,128,"",1,1,1,1,1,1,"HoldForm[ConvolutionLayer[1024, {1, 1}, ""Stride"" -> {1, 1}, ""PaddingSize"" -> {{0, 0}, {0, 0}}, ""Dilation"" -> {1, 1}, ""Input"" -> {256, 64, 128}]]","15d32b1913jb5",7.36650537870472e10,7.326095248492126e10,4.841363590865027e10,"{0.044357, 0.029369, 0.029167, 0.029274, 0.029281, 0.029203, 0.029228, 0.029152, 0.029219, 0.029242, 0.029214, 0.029249, 0.029242, 0.029347, 0.029335, 0.029347, 0.029366, 0.029395, 0.02921, 0.029335, 0.029289, 0.02957, 0.02963, 0.029371, 0.029295, 0.029432, 0.029307, 0.029229, 0.029224, 0.029212, 0.029398, 0.029257, 0.029375, 0.029319, 0.02922, 0.02927, 0.029273, 0.029321, 0.029399, 0.029345, 0.029273, 0.029266, 0.029303, 0.029456, 0.029617, 0.029565, 0.02941, 0.029446, 0.029511, 0.029312}"
