"model_name","layer_name","layer_index","kind","min_time","mean_time","max_time","add_flops","div_flops","cmp_flops","exp_flops","mad_flops","input_channel","input_height","input_width","output_channel","output_height","output_width","function","kernel_1","kernel_2","stride_1","stride_2","dilation_1","dilation_2","input_form","topology_hash","mad/min_time","mad/mean_time","mad/max_time","time"
"Dilated ResNet-105 Trained on Cityscapes Data","convolution85",279,"Convolution",0.139152,0.13980855000000003,0.187462,0,0,0,0,13421772800,256,64,128,256,64,128,"",3,3,1,1,2,2,"HoldForm[ConvolutionLayer[256, {3, 3}, ""Stride"" -> {1, 1}, ""PaddingSize"" -> {{2, 2}, {2, 2}}, ""Dilation"" -> {2, 2}, ""Input"" -> {256, 64, 128}]]","0rawpwhp9u3xx",9.645404162354836e10,9.60010872010331e10,7.159729865252692e10,"{0.187462, 0.139674, 0.139719, 0.139616, 0.139385, 0.139621, 0.139401, 0.13929, 0.139593, 0.139484, 0.139258, 0.139382, 0.139342, 0.139435, 0.13959, 0.139497, 0.139812, 0.139985, 0.139739, 0.139962, 0.139844, 0.13973, 0.13974, 0.143539, 0.139867, 0.140052, 0.140454, 0.140134, 0.139796, 0.139987, 0.139681, 0.139461, 0.139729, 0.139986, 0.140174, 0.139659, 0.139619, 0.141061, 0.140291, 0.13963, 0.140217, 0.140473, 0.140518, 0.139598, 0.139985, 0.139737, 0.139573, 0.139687, 0.139825, 0.139645, 0.139645, 0.139859, 0.140604, 0.140113, 0.140991, 0.140749, 0.140272, 0.140286, 0.139657, 0.14005, 0.139633, 0.140248, 0.13996, 0.139783, 0.139701, 0.139904, 0.145955, 0.139844, 0.139979, 0.139519, 0.139152, 0.13925, 0.139333, 0.140131, 0.139689, 0.139611, 0.14011, 0.140182, 0.13998, 0.139928, 0.139851, 0.13986, 0.139384, 0.139475, 0.139368, 0.139444, 0.13983, 0.140036, 0.139857, 0.1398, 0.1399, 0.14004, 0.139884, 0.139765, 0.139566, 0.139713, 0.139817, 0.139808, 0.139838, 0.140073}"
