"model_name","layer_name","layer_index","kind","min_time","mean_time","max_time","add_flops","div_flops","cmp_flops","exp_flops","mad_flops","input_channel","input_height","input_width","output_channel","output_height","output_width","function","kernel_1","kernel_2","stride_1","stride_2","dilation_1","dilation_2","input_form","topology_hash","mad/min_time","mad/mean_time","mad/max_time","time"
"YOLO V2 Trained on MS-COCO Data","Conv/conv1024/15",68,"Convolution",0.011726,0.011893100000000002,0.013841,0,0,0,0,797442048,512,13,13,1024,13,13,"",3,3,1,1,1,1,"HoldForm[ConvolutionLayer[1024, {3, 3}, ""Stride"" -> {1, 1}, ""PaddingSize"" -> {{1, 1}, {1, 1}}, ""Dilation"" -> {1, 1}, ""Input"" -> {512, 13, 13}]]","0l2oagvan9w9n",6.800631485587583e10,6.705081501038416e10,5.761448219059316e10,"{0.013841, 0.012069, 0.011979, 0.011928, 0.01192, 0.01189, 0.01196, 0.011995, 0.011991, 0.011974, 0.011956, 0.012051, 0.011914, 0.011854, 0.011954, 0.012089, 0.012158, 0.011981, 0.011983, 0.011826, 0.01175, 0.011831, 0.012027, 0.012048, 0.012124, 0.011915, 0.01186, 0.011949, 0.011913, 0.011868, 0.011845, 0.011726, 0.01181, 0.011783, 0.011806, 0.011732, 0.011855, 0.01182, 0.011795, 0.011797, 0.011802, 0.011747, 0.011738, 0.011837, 0.011864, 0.011964, 0.011826, 0.011803, 0.011887, 0.011824}"
