"model_name","layer_name","layer_index","kind","min_time","mean_time","max_time","add_flops","div_flops","cmp_flops","exp_flops","mad_flops","input_channel","input_height","input_width","output_channel","output_height","output_width","function","kernel_1","kernel_2","stride_1","stride_2","dilation_1","dilation_2","input_form","topology_hash","mad/min_time","mad/mean_time","mad/max_time","time"
"Multi-scale Context Aggregation Net Trained on CamVid Data","conv4_3",22,"Convolution",0.466632,0.4677029,0.596904,0,0,0,0,30562320384,512,104,129,512,102,127,"",3,3,1,1,1,1,"HoldForm[ConvolutionLayer[512, {3, 3}, ""Stride"" -> {1, 1}, ""PaddingSize"" -> {{0, 0}, {0, 0}}, ""Dilation"" -> {1, 1}, ""Input"" -> {512, 104, 129}]]","0o84w107isvy5",6.549555192099984e10,6.5345586661959984e10,5.12013998632946e10,"{0.596904, 0.550803, 0.467399, 0.467718, 0.467731, 0.467015, 0.467577, 0.4684, 0.467041, 0.467215, 0.466742, 0.46743, 0.467214, 0.467755, 0.467649, 0.466632, 0.467437, 0.467487, 0.467488, 0.467302, 0.469133, 0.467724, 0.46768, 0.467189, 0.468157, 0.490433, 0.469134, 0.467071, 0.468649, 0.467694, 0.469594, 0.468735, 0.467932, 0.468357, 0.467549, 0.468376, 0.466695, 0.4679, 0.466712, 0.467289, 0.467887, 0.467466, 0.468158, 0.467743, 0.467562, 0.46868, 0.468087, 0.467723, 0.467042, 0.467615}"
