"model_name","layer_name","layer_index","kind","min_time","mean_time","max_time","add_flops","div_flops","cmp_flops","exp_flops","mad_flops","input_channel","input_height","input_width","output_channel","output_height","output_width","function","kernel_1","kernel_2","stride_1","stride_2","dilation_1","dilation_2","input_form","topology_hash","mad/min_time","mad/mean_time","mad/max_time","time"
"Inception V1 Trained on Places365 Data","inception_4b/1x1",57,"Convolution",0.000267,0.0002720333333333332,0.000402,0,0,0,0,16056320,512,14,14,160,14,14,"",1,1,1,1,1,1,"HoldForm[ConvolutionLayer[160, {1, 1}, ""Stride"" -> {1, 1}, ""PaddingSize"" -> {{0, 0}, {0, 0}}, ""Dilation"" -> {1, 1}, ""Input"" -> {512, 14, 14}]]","0akxqj4drrz2d",6.013602996254682e10,5.902335498100726e10,3.994109452736318e10,"{0.000402, 0.000279, 0.000271, 0.00027, 0.000269, 0.000269, 0.000268, 0.000269, 0.000268, 0.000269, 0.000268, 0.000267, 0.00028, 0.000309, 0.00032, 0.000314, 0.000278, 0.00027, 0.000269, 0.000268, 0.000268, 0.000269, 0.000269, 0.000271, 0.000279, 0.00027, 0.000268, 0.000296, 0.000301, 0.00028, 0.000274, 0.000273, 0.000271, 0.000272, 0.000271, 0.000271, 0.00027, 0.000272, 0.00027, 0.000272, 0.000271, 0.000272, 0.000301, 0.000276, 0.000272, 0.000272, 0.000272, 0.000272, 0.000283, 0.000274}"
