"model_name","layer_name","layer_index","kind","min_time","mean_time","max_time","add_flops","div_flops","cmp_flops","exp_flops","mad_flops","input_channel","input_height","input_width","output_channel","output_height","output_width","function","kernel_1","kernel_2","stride_1","stride_2","dilation_1","dilation_2","input_form","topology_hash","mad/min_time","mad/mean_time","mad/max_time","time"
"Ademxapp Model A1 Trained on PASCAL VOC2012 and MS-COCO Data","5a/res5a_branch2a",92,"Convolution",0.228126,0.22899091666666668,0.279606,0,0,0,0,9364045824,512,63,63,512,63,63,"",3,3,1,1,1,1,"HoldForm[ConvolutionLayer[512, {3, 3}, ""Stride"" -> {1, 1}, ""PaddingSize"" -> {{1, 1}, {1, 1}}, ""Dilation"" -> {1, 1}, ""Input"" -> {512, 63, 63}]]","001lk0ffkep4m",4.104769217011651e10,4.089265181479178e10,3.3490146220038193e10,"{0.279606, 0.228714, 0.228309, 0.228465, 0.229501, 0.231578, 0.228575, 0.229394, 0.229246, 0.229646, 0.22948, 0.23085, 0.228626, 0.228574, 0.228693, 0.228778, 0.228549, 0.228979, 0.228669, 0.228712, 0.229368, 0.228734, 0.22922, 0.228633, 0.228712, 0.229033, 0.229206, 0.228774, 0.228646, 0.228126, 0.229225, 0.228657, 0.228911, 0.22844, 0.228537, 0.228772, 0.228836, 0.229377, 0.228981, 0.229872, 0.228882, 0.229101, 0.229139, 0.228323, 0.228704, 0.229027, 0.228512, 0.229193, 0.229698, 0.23086, 0.228824, 0.229055, 0.229558, 0.229254, 0.228385, 0.228746, 0.22871, 0.228921, 0.228643, 0.22837, 0.228142, 0.229336, 0.228511, 0.228366, 0.229115, 0.228931, 0.231813, 0.232549, 0.232415, 0.231589, 0.231374, 0.230518, 0.229641, 0.229847, 0.229078, 0.22911, 0.229234, 0.229857, 0.228476, 0.229081, 0.229057, 0.228859, 0.228607, 0.229127, 0.228529, 0.22872, 0.228526, 0.228664, 0.228828, 0.229206, 0.229458, 0.228971, 0.231074, 0.230069, 0.229169, 0.229361, 0.228806, 0.228991, 0.229093, 0.229311}"
