"model_name","layer_name","layer_index","kind","min_time","mean_time","max_time","add_flops","div_flops","cmp_flops","exp_flops","mad_flops","input_channel","input_height","input_width","output_channel","output_height","output_width","function","kernel_1","kernel_2","stride_1","stride_2","dilation_1","dilation_2","input_form","topology_hash","mad/min_time","mad/mean_time","mad/max_time","time"
"ColorNet Image Colorization Trained on Places Data","2/14",30,"Convolution",0.007913,0.008069233333333333,0.010321,0,0,0,0,462422016,512,28,28,512,14,14,"",3,3,2,2,1,1,"HoldForm[ConvolutionLayer[512, {3, 3}, ""Stride"" -> {2, 2}, ""PaddingSize"" -> {{1, 1}, {1, 1}}, ""Dilation"" -> {1, 1}, ""Input"" -> {512, 28, 28}]]","1wd9rixnncgd2",5.84382681663086e10,5.730680932100117e10,4.4803993411491135e10,"{0.010321, 0.008225, 0.008135, 0.008169, 0.0082, 0.008097, 0.008063, 0.008105, 0.008068, 0.008078, 0.008021, 0.008126, 0.008165, 0.00814, 0.008167, 0.008139, 0.008236, 0.008227, 0.00815, 0.008133, 0.008038, 0.008076, 0.008119, 0.008023, 0.008024, 0.008246, 0.008123, 0.008064, 0.008029, 0.008063, 0.008064, 0.00796, 0.007943, 0.007978, 0.008042, 0.008111, 0.008025, 0.008049, 0.007991, 0.007949, 0.007949, 0.007975, 0.008128, 0.008023, 0.008002, 0.007954, 0.007926, 0.00797, 0.007948, 0.007913}"
