"model_name","layer_name","layer_index","kind","min_time","mean_time","max_time","add_flops","div_flops","cmp_flops","exp_flops","mad_flops","input_channel","input_height","input_width","output_channel","output_height","output_width","function","kernel_1","kernel_2","stride_1","stride_2","dilation_1","dilation_2","input_form","topology_hash","mad/min_time","mad/mean_time","mad/max_time","time"
"3D Face Alignment Net Trained on 300W Large Pose Data","11/7/1/2/3",53,"Convolution",0.001777,0.0018072666666666668,0.004065,0,0,0,0,134217728,128,64,64,256,64,64,"",1,1,1,1,1,1,"HoldForm[ConvolutionLayer[256, {1, 1}, ""Stride"" -> {1, 1}, ""PaddingSize"" -> {{0, 0}, {0, 0}}, ""Dilation"" -> {1, 1}, ""Input"" -> {128, 64, 64}]]","0ewvq6td5qfdg",7.553051660101294e10,7.426559150097752e10,3.301789126691267e10,"{0.004065, 0.001884, 0.001816, 0.001811, 0.001819, 0.001817, 0.001825, 0.001786, 0.001822, 0.001796, 0.001827, 0.001785, 0.001828, 0.001818, 0.001808, 0.001812, 0.001811, 0.001798, 0.001781, 0.00182, 0.001791, 0.001824, 0.001782, 0.00185, 0.001792, 0.001813, 0.001812, 0.001811, 0.001797, 0.001782, 0.001828, 0.001783, 0.001855, 0.001782, 0.001835, 0.00178, 0.001821, 0.001805, 0.001804, 0.001777, 0.001792, 0.001816, 0.001779, 0.001833, 0.001781, 0.001816, 0.00178, 0.001819, 0.001791, 0.001795}"
