"model_name","layer_name","layer_index","kind","min_time","mean_time","max_time","add_flops","div_flops","cmp_flops","exp_flops","mad_flops","input_channel","input_height","input_width","output_channel","output_height","output_width","function","kernel_1","kernel_2","stride_1","stride_2","dilation_1","dilation_2","input_form","topology_hash","mad/min_time","mad/mean_time","mad/max_time","time"
"ColorNet Image Colorization Trained on ImageNet Competition Data","1/7",7,"Convolution",0.015035,0.015861833333333332,0.024345,0,0,0,0,924844032,128,56,56,256,56,56,"",3,3,1,1,1,1,"HoldForm[ConvolutionLayer[256, {3, 3}, ""Stride"" -> {1, 1}, ""PaddingSize"" -> {{1, 1}, {1, 1}}, ""Dilation"" -> {1, 1}, ""Input"" -> {128, 56, 56}]]","0qp7hj4jxc7kh",6.151273907549052e10,5.830625076966724e10,3.7989075046210724e10,"{0.024345, 0.01624, 0.016096, 0.016026, 0.016221, 0.016217, 0.016124, 0.01601, 0.015936, 0.016081, 0.016025, 0.016263, 0.01602, 0.015816, 0.015924, 0.015785, 0.017799, 0.016049, 0.016171, 0.015986, 0.015878, 0.015437, 0.015311, 0.015345, 0.015479, 0.01583, 0.015873, 0.015753, 0.015892, 0.015883, 0.015706, 0.015743, 0.015791, 0.015418, 0.015405, 0.015758, 0.015849, 0.015774, 0.015652, 0.015909, 0.015848, 0.015975, 0.015819, 0.015964, 0.015661, 0.01572, 0.015448, 0.015237, 0.015035, 0.01551}"
