"model_name","layer_name","layer_index","kind","min_time","mean_time","max_time","add_flops","div_flops","cmp_flops","exp_flops","mad_flops","input_channel","input_height","input_width","output_channel","output_height","output_width","function","kernel_1","kernel_2","stride_1","stride_2","dilation_1","dilation_2","input_form","topology_hash","mad/min_time","mad/mean_time","mad/max_time","time"
"ResNet-101 Trained on YFCC100m Geotagged Data","stage3_unit10/conv2",174,"Convolution",0.002135,0.0021712666666666666,0.003075,0,0,0,0,115605504,256,14,14,256,14,14,"",3,3,1,1,1,1,"HoldForm[ConvolutionLayer[256, {3, 3}, ""Stride"" -> {1, 1}, ""PaddingSize"" -> {{1, 1}, {1, 1}}, ""Dilation"" -> {1, 1}, ""Input"" -> {256, 14, 14}]]","0gg7sts7v315o",5.414777704918032e10,5.324334674076576e10,3.759528585365853e10,"{0.003075, 0.002221, 0.002191, 0.002168, 0.002151, 0.002184, 0.002191, 0.002192, 0.002151, 0.002173, 0.002167, 0.002178, 0.002166, 0.002149, 0.002163, 0.002166, 0.002185, 0.00214, 0.002211, 0.002156, 0.002203, 0.002166, 0.002181, 0.002165, 0.002168, 0.002183, 0.002136, 0.002177, 0.002135, 0.002205, 0.002156, 0.002182, 0.002136, 0.002185, 0.002152, 0.002176, 0.002175, 0.002165, 0.0022, 0.002155, 0.00218, 0.00215, 0.002181, 0.002168, 0.002186, 0.002142, 0.002156, 0.002187, 0.002141, 0.002175}"
