"model_name","layer_name","layer_index","kind","min_time","mean_time","max_time","add_flops","div_flops","cmp_flops","exp_flops","mad_flops","input_channel","input_height","input_width","output_channel","output_height","output_width","function","kernel_1","kernel_2","stride_1","stride_2","dilation_1","dilation_2","input_form","topology_hash","mad/min_time","mad/mean_time","mad/max_time","time"
"SqueezeNet V1.1 Trained on ImageNet Competition Data","fire5/expand1x1",29,"Convolution",0.000107,0.00010806666666666669,0.000362,0,0,0,0,3211264,32,28,28,128,28,28,"",1,1,1,1,1,1,"HoldForm[ConvolutionLayer[128, {1, 1}, ""Stride"" -> {1, 1}, ""PaddingSize"" -> {{0, 0}, {0, 0}}, ""Dilation"" -> {1, 1}, ""Input"" -> {32, 28, 28}]]","02msjswg1kl2b",3.0011813084112152e10,2.9715582973473156e10,8.870895027624308e9,"{0.000362, 0.000117, 0.00011, 0.000109, 0.000108, 0.000108, 0.000109, 0.000108, 0.000108, 0.000108, 0.000108, 0.000108, 0.000108, 0.000108, 0.000108, 0.000108, 0.000107, 0.000109, 0.000109, 0.000107, 0.000108, 0.000108, 0.000129, 0.000116, 0.000108, 0.000108, 0.000108, 0.000108, 0.000108, 0.000108, 0.000109, 0.000108, 0.000135, 0.000111, 0.000108, 0.000108, 0.000108, 0.000107, 0.000108, 0.000108, 0.000107, 0.000108, 0.000108, 0.000108, 0.000107, 0.000108, 0.000108, 0.000108, 0.000108, 0.000108}"
