"model_name","layer_name","layer_index","kind","min_time","mean_time","max_time","add_flops","div_flops","cmp_flops","exp_flops","mad_flops","input_channel","input_height","input_width","output_channel","output_height","output_width","function","kernel_1","kernel_2","stride_1","stride_2","dilation_1","dilation_2","input_form","topology_hash","mad/min_time","mad/mean_time","mad/max_time","time"
"ResNet-101 Trained on ImageNet Competition Data","4a/res4a_branch1",80,"Convolution",0.001579,0.0016065666666666668,0.002159,0,0,0,0,102760448,512,28,28,1024,14,14,"",1,1,2,2,1,1,"HoldForm[ConvolutionLayer[1024, {1, 1}, ""Stride"" -> {2, 2}, ""PaddingSize"" -> {{0, 0}, {0, 0}}, ""Dilation"" -> {1, 1}, ""Input"" -> {512, 28, 28}]]","0vfoczts3p5eg",6.507944775174161e10,6.396276614727057e10,4.759631681333951e10,"{0.002159, 0.001655, 0.001602, 0.001611, 0.001586, 0.001636, 0.0016, 0.001622, 0.001628, 0.001591, 0.001615, 0.001603, 0.001603, 0.001624, 0.001603, 0.001617, 0.001586, 0.001583, 0.001634, 0.001586, 0.001635, 0.001585, 0.001579, 0.001605, 0.001609, 0.001627, 0.001609, 0.001596, 0.001635, 0.001592, 0.001637, 0.001596, 0.0016, 0.001623, 0.00159, 0.001613, 0.001602, 0.001602, 0.001617, 0.001602, 0.001613, 0.001584, 0.001593, 0.001622, 0.001582, 0.001638, 0.001585, 0.001597, 0.001604, 0.001611}"
