"model_name","layer_name","layer_index","kind","min_time","mean_time","max_time","add_flops","div_flops","cmp_flops","exp_flops","mad_flops","input_channel","input_height","input_width","output_channel","output_height","output_width","function","kernel_1","kernel_2","stride_1","stride_2","dilation_1","dilation_2","input_form","topology_hash","mad/min_time","mad/mean_time","mad/max_time","time"
"2D Face Alignment Net Trained on 300W Large Pose Data","12/1/2/3/1/2/3/1/2/3/1/2/2/1/1/3",853,"Convolution",0.000179,0.0001810666666666667,0.000305,0,0,0,0,4718592,256,4,4,128,4,4,"",3,3,1,1,1,1,"HoldForm[ConvolutionLayer[128, {3, 3}, ""Stride"" -> {1, 1}, ""PaddingSize"" -> {{1, 1}, {1, 1}}, ""Dilation"" -> {1, 1}, ""Input"" -> {256, 4, 4}]]","0ngwio6wgy0h8",2.6360849162011177e10,2.605997054491899e10,1.5470793442622952e10,"{0.000305, 0.000189, 0.000182, 0.000181, 0.000181, 0.00018, 0.000219, 0.000183, 0.00018, 0.00018, 0.000181, 0.000192, 0.000182, 0.000181, 0.00018, 0.00018, 0.000181, 0.000179, 0.00018, 0.00018, 0.00018, 0.00018, 0.000179, 0.000179, 0.00018, 0.0002, 0.000187, 0.000208, 0.000184, 0.000181, 0.000181, 0.00018, 0.000181, 0.000181, 0.000181, 0.000219, 0.000184, 0.000181, 0.00018, 0.00018, 0.00018, 0.00018, 0.00018, 0.000202, 0.000186, 0.00018, 0.00018, 0.000179, 0.00018, 0.00021}"
