"model_name","layer_name","layer_index","kind","min_time","mean_time","max_time","add_flops","div_flops","cmp_flops","exp_flops","mad_flops","input_channel","input_height","input_width","output_channel","output_height","output_width","function","kernel_1","kernel_2","stride_1","stride_2","dilation_1","dilation_2","input_form","topology_hash","mad/min_time","mad/mean_time","mad/max_time","time"
"2D Face Alignment Net Trained on 300W Large Pose Data","15/1/2/2/1/1/3",73,"Convolution",0.011842,0.012064416666666668,0.021539,0,0,0,0,301989888,256,32,32,128,32,32,"",3,3,1,1,1,1,"HoldForm[ConvolutionLayer[128, {3, 3}, ""Stride"" -> {1, 1}, ""PaddingSize"" -> {{1, 1}, {1, 1}}, ""Dilation"" -> {1, 1}, ""Input"" -> {256, 32, 32}]]","08qm1fo4qkpj4",2.550159500084445e10,2.50314537655502e10,1.4020608570500025e10,"{0.021539, 0.012142, 0.012583, 0.012701, 0.012333, 0.012325, 0.012353, 0.01232, 0.012328, 0.012206, 0.012369, 0.012481, 0.012395, 0.012372, 0.012682, 0.012222, 0.011944, 0.012059, 0.011914, 0.011947, 0.011919, 0.011929, 0.012087, 0.012002, 0.011958, 0.012029, 0.012274, 0.011989, 0.012178, 0.012245, 0.012047, 0.011979, 0.012014, 0.012108, 0.012009, 0.012029, 0.012029, 0.012125, 0.012073, 0.011919, 0.011939, 0.012081, 0.012239, 0.012405, 0.01203, 0.012048, 0.01199, 0.012089, 0.012169, 0.012107, 0.012242, 0.011999, 0.01208, 0.011985, 0.012013, 0.012268, 0.01216, 0.012583, 0.012135, 0.011924, 0.012111, 0.011976, 0.012031, 0.012062, 0.01199, 0.012044, 0.012154, 0.012089, 0.012026, 0.012032, 0.012117, 0.012189, 0.012051, 0.01212, 0.01208, 0.012012, 0.012057, 0.011909, 0.011939, 0.012056, 0.012029, 0.012027, 0.012604, 0.012246, 0.011857, 0.011886, 0.011903, 0.011991, 0.011998, 0.011893, 0.011967, 0.01196, 0.011933, 0.011937, 0.011898, 0.011885, 0.01203, 0.011978, 0.011994, 0.011842}"
