"model_name","layer_name","layer_index","kind","min_time","mean_time","max_time","add_flops","div_flops","cmp_flops","exp_flops","mad_flops","input_channel","input_height","input_width","output_channel","output_height","output_width","function","kernel_1","kernel_2","stride_1","stride_2","dilation_1","dilation_2","input_form","topology_hash","mad/min_time","mad/mean_time","mad/max_time","time"
"2D Face Alignment Net Trained on 300W Large Pose Data","14/1/2/3/1/2/3/1/2/3/1/2/2/1/1/4/2/1/3",399,"Convolution",0.000115,0.00011704999999999996,0.003424,0,0,0,0,1179648,128,4,4,64,4,4,"",3,3,1,1,1,1,"HoldForm[ConvolutionLayer[64, {3, 3}, ""Stride"" -> {1, 1}, ""PaddingSize"" -> {{1, 1}, {1, 1}}, ""Dilation"" -> {1, 1}, ""Input"" -> {128, 4, 4}]]","1d09fabuswx0y",1.0257808695652174e10,1.007815463477147e10,3.4452336448598135e8,"{0.003424, 0.000155, 0.000126, 0.00012, 0.00012, 0.000119, 0.000116, 0.000118, 0.000118, 0.000118, 0.000123, 0.000119, 0.000117, 0.000129, 0.000139, 0.00012, 0.000117, 0.000117, 0.000118, 0.000117, 0.000116, 0.000116, 0.000116, 0.000117, 0.000117, 0.000116, 0.000117, 0.000117, 0.000117, 0.000117, 0.000116, 0.000117, 0.000115, 0.000115, 0.000116, 0.000158, 0.000126, 0.000117, 0.000116, 0.000117, 0.000116, 0.000151, 0.000123, 0.000118, 0.000118, 0.000116, 0.000117, 0.000135, 0.000118, 0.000117, 0.000117, 0.000118, 0.000116, 0.000116, 0.000116, 0.000116, 0.000117, 0.000116, 0.000143, 0.000123, 0.000118, 0.000118, 0.000116, 0.000117, 0.000117, 0.000116, 0.000116, 0.000116, 0.000117, 0.000116, 0.000117, 0.000117, 0.000116, 0.000116, 0.000117, 0.000116, 0.000117, 0.000118, 0.000117, 0.000115, 0.000132, 0.000121, 0.000117, 0.000116, 0.000116, 0.000115, 0.000117, 0.000116, 0.000117, 0.000117, 0.000116, 0.000115, 0.000115, 0.000115, 0.000123, 0.000117, 0.000127, 0.000119, 0.000117, 0.000117}"
