"model_name","layer_name","layer_index","kind","min_time","mean_time","max_time","add_flops","div_flops","cmp_flops","exp_flops","mad_flops","input_channel","input_height","input_width","output_channel","output_height","output_width","function","kernel_1","kernel_2","stride_1","stride_2","dilation_1","dilation_2","input_form","topology_hash","mad/min_time","mad/mean_time","mad/max_time","time"
"Unguided Volumetric Regression Net for 3D Face Reconstruction","9/2/1/1/4/2/1/1/9",934,"Convolution",0.001174,0.0011924000000000001,0.002497,0,0,0,0,75497472,128,48,48,256,48,48,"",1,1,1,1,1,1,"HoldForm[ConvolutionLayer[256, {1, 1}, ""Stride"" -> {1, 1}, ""PaddingSize"" -> {{0, 0}, {0, 0}}, ""Dilation"" -> {1, 1}, ""Input"" -> {128, 48, 48}]]","1ult5ox50zm5p",6.430789778534924e10,6.331555853740354e10,3.0235271125350418e10,"{0.002497, 0.001193, 0.001178, 0.001215, 0.001182, 0.001179, 0.001188, 0.001208, 0.00124, 0.001188, 0.001211, 0.001182, 0.001178, 0.001206, 0.001192, 0.001204, 0.001242, 0.001188, 0.00118, 0.00118, 0.001206, 0.001203, 0.001194, 0.001209, 0.001213, 0.001182, 0.001179, 0.001202, 0.001181, 0.001178, 0.001208, 0.001193, 0.00118, 0.001282, 0.001191, 0.001182, 0.001179, 0.001228, 0.001183, 0.00119, 0.001213, 0.001254, 0.001181, 0.001206, 0.001177, 0.001174, 0.001174, 0.001211, 0.001176, 0.001174}"
