"model_name","layer_name","layer_index","kind","min_time","mean_time","max_time","add_flops","div_flops","cmp_flops","exp_flops","mad_flops","input_channel","input_height","input_width","output_channel","output_height","output_width","function","kernel_1","kernel_2","stride_1","stride_2","dilation_1","dilation_2","input_form","topology_hash","mad/min_time","mad/mean_time","mad/max_time","time"
"3D Face Alignment Net Trained on 300W Large Pose Data","12/1/1/1/1/1/4/2/1/3",748,"Convolution",0.013766,0.014378833333333335,0.024072,0,0,0,0,301989888,128,64,64,64,64,64,"",3,3,1,1,1,1,"HoldForm[ConvolutionLayer[64, {3, 3}, ""Stride"" -> {1, 1}, ""PaddingSize"" -> {{1, 1}, {1, 1}}, ""Dilation"" -> {1, 1}, ""Input"" -> {128, 64, 64}]]","1tp9auck3jnm2",2.1937373819555428e10,2.1002391570943398e10,1.2545276171485544e10,"{0.024072, 0.014104, 0.01402, 0.013946, 0.014021, 0.013955, 0.014221, 0.014862, 0.01406, 0.014029, 0.014293, 0.014228, 0.014727, 0.014655, 0.014671, 0.014895, 0.015101, 0.014846, 0.015021, 0.014433, 0.014138, 0.014624, 0.014276, 0.013766, 0.013912, 0.013999, 0.013781, 0.013974, 0.013803, 0.013859, 0.013845, 0.013854, 0.0145, 0.015721, 0.015153, 0.014706, 0.015154, 0.014937, 0.014753, 0.015111, 0.015333, 0.015178, 0.014659, 0.014339, 0.014145, 0.013935, 0.013913, 0.013858, 0.014775, 0.014511}"
