"model_name","layer_name","layer_index","kind","min_time","mean_time","max_time","add_flops","div_flops","cmp_flops","exp_flops","mad_flops","input_channel","input_height","input_width","output_channel","output_height","output_width","function","kernel_1","kernel_2","stride_1","stride_2","dilation_1","dilation_2","input_form","topology_hash","mad/min_time","mad/mean_time","mad/max_time","time"
"ResNet-152 Trained on ImageNet Competition Data","5b/res5b_branch2b",497,"Convolution",0.002447,0.00249,0.002985,0,0,0,0,115605504,512,7,7,512,7,7,"",3,3,1,1,1,1,"HoldForm[ConvolutionLayer[512, {3, 3}, ""Stride"" -> {1, 1}, ""PaddingSize"" -> {{1, 1}, {1, 1}}, ""Dilation"" -> {1, 1}, ""Input"" -> {512, 7, 7}]]","183bhkhy3yvpo",4.724376951369023e10,4.642791325301205e10,3.8728812060301506e10,"{0.002985, 0.002478, 0.002481, 0.002546, 0.002465, 0.002494, 0.002486, 0.002499, 0.00251, 0.002473, 0.002487, 0.002532, 0.002462, 0.00249, 0.002502, 0.002499, 0.002483, 0.002471, 0.002484, 0.002523, 0.002454, 0.002501, 0.002471, 0.002484, 0.002477, 0.002467, 0.00249, 0.002524, 0.002469, 0.002488, 0.002447, 0.002527, 0.002496, 0.002467, 0.002493, 0.002546, 0.002476, 0.002509, 0.002458, 0.002553, 0.002521, 0.002478, 0.002493, 0.002521, 0.002459, 0.002484, 0.002512, 0.002492, 0.00251, 0.00248}"
