"model_name","layer_name","layer_index","kind","min_time","mean_time","max_time","add_flops","div_flops","cmp_flops","exp_flops","mad_flops","input_channel","input_height","input_width","output_channel","output_height","output_width","function","kernel_1","kernel_2","stride_1","stride_2","dilation_1","dilation_2","input_form","topology_hash","mad/min_time","mad/mean_time","mad/max_time","time"
"3D Face Alignment Net Trained on 300W Large Pose Data","15/1/1/1/1/1/4/2/2/2/3",65,"Convolution",0.006556,0.006633200000000001,0.011883,0,0,0,0,150994944,64,64,64,64,64,64,"",3,3,1,1,1,1,"HoldForm[ConvolutionLayer[64, {3, 3}, ""Stride"" -> {1, 1}, ""PaddingSize"" -> {{1, 1}, {1, 1}}, ""Dilation"" -> {1, 1}, ""Input"" -> {64, 64, 64}]]","18lxe32cwen1m",2.303156558877364e10,2.276351444250135e10,1.2706803332491796e10,"{0.011883, 0.006592, 0.006621, 0.006573, 0.006583, 0.006631, 0.006657, 0.00665, 0.006604, 0.006634, 0.006586, 0.006588, 0.006606, 0.006599, 0.006721, 0.006693, 0.006675, 0.006651, 0.006581, 0.006602, 0.006637, 0.006556, 0.006612, 0.006666, 0.00659, 0.006639, 0.0066, 0.006645, 0.006615, 0.006671, 0.006659, 0.006684, 0.006667, 0.006602, 0.006613, 0.006627, 0.006596, 0.00667, 0.006635, 0.006692, 0.006731, 0.006747, 0.006637, 0.006632, 0.00669, 0.006645, 0.006633, 0.006645, 0.006646, 0.006615}"
