"model_name","layer_name","layer_index","kind","min_time","mean_time","max_time","add_flops","div_flops","cmp_flops","exp_flops","mad_flops","input_channel","input_height","input_width","output_channel","output_height","output_width","function","kernel_1","kernel_2","stride_1","stride_2","dilation_1","dilation_2","input_form","topology_hash","mad/min_time","mad/mean_time","mad/max_time","time"
"ResNet-101 Trained on YFCC100m Geotagged Data","stage3_unit17/conv2",244,"Convolution",0.002135,0.002173133333333333,0.003066,0,0,0,0,115605504,256,14,14,256,14,14,"",3,3,1,1,1,1,"HoldForm[ConvolutionLayer[256, {3, 3}, ""Stride"" -> {1, 1}, ""PaddingSize"" -> {{1, 1}, {1, 1}}, ""Dilation"" -> {1, 1}, ""Input"" -> {256, 14, 14}]]","0gg7sts7v315o",5.414777704918032e10,5.3197612050188675e10,3.770564383561643e10,"{0.003066, 0.002162, 0.002207, 0.002189, 0.002179, 0.002136, 0.00218, 0.002155, 0.002199, 0.002177, 0.002196, 0.002182, 0.002151, 0.002212, 0.002141, 0.002196, 0.00216, 0.002202, 0.002139, 0.00218, 0.002149, 0.002185, 0.002193, 0.002137, 0.002188, 0.002159, 0.002181, 0.002153, 0.002177, 0.002152, 0.002189, 0.002167, 0.002169, 0.002165, 0.002161, 0.002182, 0.00217, 0.002168, 0.002164, 0.002194, 0.002165, 0.002192, 0.002135, 0.00218, 0.002155, 0.002207, 0.002167, 0.002151, 0.002193, 0.002153}"
