"model_name","layer_name","layer_index","kind","min_time","mean_time","max_time","add_flops","div_flops","cmp_flops","exp_flops","mad_flops","input_channel","input_height","input_width","output_channel","output_height","output_width","function","kernel_1","kernel_2","stride_1","stride_2","dilation_1","dilation_2","input_form","topology_hash","mad/min_time","mad/mean_time","mad/max_time","time"
"ResNet-101 Trained on Augmented CASIA-WebFace Data","4b4/res4b4_branch2a",122,"Convolution",0.000792,0.0008090999999999999,0.000986,0,0,0,0,51380224,1024,14,14,256,14,14,"",1,1,1,1,1,1,"HoldForm[ConvolutionLayer[256, {1, 1}, ""Stride"" -> {1, 1}, ""PaddingSize"" -> {{0, 0}, {0, 0}}, ""Dilation"" -> {1, 1}, ""Input"" -> {1024, 14, 14}]]","0659yipuh34xm",6.487402020202021e10,6.3502934124335686e10,5.210976064908723e10,"{0.000986, 0.000808, 0.000822, 0.000822, 0.000837, 0.000804, 0.000796, 0.000826, 0.000821, 0.000801, 0.000794, 0.000792, 0.00082, 0.000797, 0.000793, 0.000809, 0.000825, 0.00084, 0.000801, 0.000795, 0.000794, 0.000807, 0.000851, 0.000804, 0.000795, 0.000795, 0.000795, 0.000824, 0.000825, 0.000815, 0.000821, 0.0008, 0.000829, 0.000814, 0.000803, 0.000793, 0.000793, 0.000825, 0.000798, 0.000795, 0.000812, 0.00083, 0.000831, 0.0008, 0.000794, 0.000815, 0.000814, 0.000832, 0.000804, 0.000801}"
