"model_name","layer_name","layer_index","kind","min_time","mean_time","max_time","add_flops","div_flops","cmp_flops","exp_flops","mad_flops","input_channel","input_height","input_width","output_channel","output_height","output_width","function","kernel_1","kernel_2","stride_1","stride_2","dilation_1","dilation_2","input_form","topology_hash","mad/min_time","mad/mean_time","mad/max_time","time"
"Dilated ResNet-105 Trained on Cityscapes Data","convolution21",67,"Convolution",0.068463,0.07284718333333333,0.09976,0,0,0,0,1207959552,128,64,128,128,64,128,"",3,3,1,1,1,1,"HoldForm[ConvolutionLayer[128, {3, 3}, ""Stride"" -> {1, 1}, ""PaddingSize"" -> {{1, 1}, {1, 1}}, ""Dilation"" -> {1, 1}, ""Input"" -> {128, 64, 128}]]","1fnbq7md20zlw",1.7643976337583805e10,1.6582103750980078e10,1.2108656295108261e10,"{0.09976, 0.069996, 0.072067, 0.071781, 0.071952, 0.068463, 0.071539, 0.071817, 0.072941, 0.073485, 0.071722, 0.073103, 0.070134, 0.07091, 0.072293, 0.07096, 0.072447, 0.070685, 0.071255, 0.069602, 0.072483, 0.072137, 0.075301, 0.071161, 0.074448, 0.070871, 0.078431, 0.072925, 0.076263, 0.074915, 0.075783, 0.075395, 0.081364, 0.077394, 0.075669, 0.072897, 0.076891, 0.073413, 0.070964, 0.071753, 0.072236, 0.072931, 0.071948, 0.076834, 0.072003, 0.069467, 0.073427, 0.073804, 0.076961, 0.070449, 0.07081, 0.079156, 0.074814, 0.077039, 0.073536, 0.076342, 0.06913, 0.069864, 0.074441, 0.073356, 0.073068, 0.073707, 0.071805, 0.071864, 0.06922, 0.070745, 0.07449, 0.074343, 0.069689, 0.070888, 0.070757, 0.074863, 0.075607, 0.072364, 0.071888, 0.070358, 0.074286, 0.075167, 0.072989, 0.071539, 0.072401, 0.075844, 0.073291, 0.069238, 0.072479, 0.074342, 0.071429, 0.068603, 0.072889, 0.074902, 0.072784, 0.069374, 0.075014, 0.072941, 0.074995, 0.071981, 0.07412, 0.074395, 0.072812, 0.076838}"
