"model_name","layer_name","layer_index","kind","min_time","mean_time","max_time","add_flops","div_flops","cmp_flops","exp_flops","mad_flops","input_channel","input_height","input_width","output_channel","output_height","output_width","function","kernel_1","kernel_2","stride_1","stride_2","dilation_1","dilation_2","input_form","topology_hash","mad/min_time","mad/mean_time","mad/max_time","time"
"3D Face Alignment Net Trained on 300W Large Pose Data","13/1/2/3/1/2/3/1/2/3/1/1/1/1/1/4/2/1/3",612,"Convolution",0.000296,0.0003005333333333334,0.003733,0,0,0,0,4718592,128,8,8,64,8,8,"",3,3,1,1,1,1,"HoldForm[ConvolutionLayer[64, {3, 3}, ""Stride"" -> {1, 1}, ""PaddingSize"" -> {{1, 1}, {1, 1}}, ""Dilation"" -> {1, 1}, ""Input"" -> {128, 8, 8}]]","0qo4w5mynpkui",1.594118918918919e10,1.5700727595385979e10,1.2640214304848647e9,"{0.003733, 0.000336, 0.00031, 0.000303, 0.000337, 0.00031, 0.000344, 0.000307, 0.000301, 0.000299, 0.000341, 0.000302, 0.000312, 0.000307, 0.0003, 0.000297, 0.000296, 0.000298, 0.000298, 0.000319, 0.000303, 0.000299, 0.000297, 0.000298, 0.000301, 0.000299, 0.000297, 0.000296, 0.0003, 0.000298, 0.000299, 0.000299, 0.000306, 0.000304, 0.000299, 0.000297, 0.000299, 0.000329, 0.000308, 0.0003, 0.000301, 0.000297, 0.000297, 0.000367, 0.000308, 0.000328, 0.000309, 0.000299, 0.000299, 0.0003, 0.000298, 0.000297, 0.000299, 0.000299, 0.000296, 0.0003, 0.000296, 0.000297, 0.000314, 0.000301, 0.0003, 0.000298, 0.000299, 0.000298, 0.0003, 0.000299, 0.000296, 0.000299, 0.000298, 0.000298, 0.000327, 0.000336, 0.000307, 0.0003, 0.000299, 0.000299, 0.00034, 0.000316, 0.000299, 0.000306, 0.0003, 0.0003, 0.000297, 0.000299, 0.000315, 0.000303, 0.000297, 0.000297, 0.000332, 0.000303, 0.000296, 0.000297, 0.000298, 0.000297, 0.000298, 0.000297, 0.000297, 0.000297, 0.00032, 0.000298}"
