"model_name","layer_name","layer_index","kind","min_time","mean_time","max_time","add_flops","div_flops","cmp_flops","exp_flops","mad_flops","input_channel","input_height","input_width","output_channel","output_height","output_width","function","kernel_1","kernel_2","stride_1","stride_2","dilation_1","dilation_2","input_form","topology_hash","mad/min_time","mad/mean_time","mad/max_time","time"
"ResNet-152 Trained on ImageNet Competition Data","4b14/res4b14_branch2c",268,"Convolution",0.000747,0.0007571666666666666,0.001222,0,0,0,0,51380224,256,14,14,1024,14,14,"",1,1,1,1,1,1,"HoldForm[ConvolutionLayer[1024, {1, 1}, ""Stride"" -> {1, 1}, ""PaddingSize"" -> {{0, 0}, {0, 0}}, ""Dilation"" -> {1, 1}, ""Input"" -> {256, 14, 14}]]","05922ucprscvp",6.8782093708166e10,6.785853929121726e10,4.204600981996726e10,"{0.001222, 0.00079, 0.000807, 0.000758, 0.000751, 0.00075, 0.00075, 0.000787, 0.000755, 0.00075, 0.000749, 0.000762, 0.000777, 0.000752, 0.000775, 0.000755, 0.000749, 0.000775, 0.00075, 0.000771, 0.000766, 0.000753, 0.000748, 0.000772, 0.000763, 0.00075, 0.000748, 0.000747, 0.000804, 0.000756, 0.000748, 0.000749, 0.000748, 0.000783, 0.000754, 0.000749, 0.000747, 0.000758, 0.000774, 0.00075, 0.000749, 0.000777, 0.000754, 0.000748, 0.000775, 0.000751, 0.000761, 0.000752, 0.000749, 0.000777}"
