"model_name","layer_name","layer_index","kind","min_time","mean_time","max_time","add_flops","div_flops","cmp_flops","exp_flops","mad_flops","input_channel","input_height","input_width","output_channel","output_height","output_width","function","kernel_1","kernel_2","stride_1","stride_2","dilation_1","dilation_2","input_form","topology_hash","mad/min_time","mad/mean_time","mad/max_time","time"
"3D Face Alignment Net Trained on 300W Large Pose Data","12/1/2/3/1/2/3/1/2/4/1/1/4/2/1/3",904,"Convolution",0.000175,0.0001776,0.000404,0,0,0,0,4718592,128,8,8,64,8,8,"",3,3,1,1,1,1,"HoldForm[ConvolutionLayer[64, {3, 3}, ""Stride"" -> {1, 1}, ""PaddingSize"" -> {{1, 1}, {1, 1}}, ""Dilation"" -> {1, 1}, ""Input"" -> {128, 8, 8}]]","0qo4w5mynpkui",2.696338285714286e10,2.6568648648648647e10,1.1679683168316832e10,"{0.000404, 0.000194, 0.000179, 0.000178, 0.000177, 0.000177, 0.000177, 0.000176, 0.000175, 0.000176, 0.000198, 0.000183, 0.000177, 0.000176, 0.000175, 0.000176, 0.000176, 0.000198, 0.000183, 0.000206, 0.000181, 0.000177, 0.000175, 0.000176, 0.000175, 0.000175, 0.000176, 0.000175, 0.000176, 0.000175, 0.000176, 0.000175, 0.000197, 0.000182, 0.000177, 0.000176, 0.000187, 0.000176, 0.000176, 0.000176, 0.000176, 0.000204, 0.000184, 0.00018, 0.000179, 0.000179, 0.000179, 0.000178, 0.000178, 0.000178}"
