"model_name","layer_name","layer_index","kind","min_time","mean_time","max_time","add_flops","div_flops","cmp_flops","exp_flops","mad_flops","input_channel","input_height","input_width","output_channel","output_height","output_width","function","kernel_1","kernel_2","stride_1","stride_2","dilation_1","dilation_2","input_form","topology_hash","mad/min_time","mad/mean_time","mad/max_time","time"
"3D Face Alignment Net Trained on 300W Large Pose Data","14/1/2/2/1/1/4/2/2/2/3",310,"Convolution",0.00196,0.0020006666666666667,0.006704,0,0,0,0,37748736,64,32,32,64,32,32,"",3,3,1,1,1,1,"HoldForm[ConvolutionLayer[64, {3, 3}, ""Stride"" -> {1, 1}, ""PaddingSize"" -> {{1, 1}, {1, 1}}, ""Dilation"" -> {1, 1}, ""Input"" -> {64, 32, 32}]]","1c6qyhfs6wyyq",1.925955918367347e10,1.8868078640453182e10,5.630778042959427e9,"{0.006704, 0.002097, 0.002073, 0.001997, 0.002023, 0.002028, 0.002106, 0.002011, 0.001987, 0.001972, 0.00203, 0.002063, 0.002085, 0.002043, 0.001997, 0.001988, 0.002047, 0.001978, 0.002019, 0.001974, 0.001997, 0.00203, 0.001991, 0.001971, 0.002006, 0.001987, 0.002052, 0.001971, 0.001987, 0.002087, 0.002043, 0.002061, 0.002069, 0.001974, 0.001984, 0.001979, 0.002051, 0.001986, 0.001988, 0.001961, 0.001998, 0.002094, 0.00199, 0.001986, 0.001978, 0.001992, 0.002055, 0.001982, 0.001982, 0.00196, 0.001992, 0.00204, 0.001995, 0.001972, 0.001972, 0.002018, 0.002064, 0.001974, 0.002036, 0.001964, 0.001993, 0.002021, 0.002022, 0.001977, 0.001974, 0.00199, 0.002046, 0.001995, 0.001987, 0.001972, 0.002014, 0.002012, 0.001999, 0.001985, 0.001994, 0.00201, 0.001997, 0.002021, 0.001991, 0.001978, 0.002033, 0.002011, 0.002071, 0.001979, 0.00199, 0.001986, 0.001993, 0.002022, 0.001993, 0.00197, 0.001998, 0.001974, 0.002086, 0.001977, 0.001993, 0.001986, 0.001991, 0.002019, 0.002007, 0.001982}"
