"model_name","layer_name","layer_index","kind","min_time","mean_time","max_time","add_flops","div_flops","cmp_flops","exp_flops","mad_flops","input_channel","input_height","input_width","output_channel","output_height","output_width","function","kernel_1","kernel_2","stride_1","stride_2","dilation_1","dilation_2","input_form","topology_hash","mad/min_time","mad/mean_time","mad/max_time","time"
"Dilated ResNet-105 Trained on Cityscapes Data","convolution25",80,"Convolution",0.011674,0.011853133333333337,0.02802,0,0,0,0,536870912,128,64,128,512,64,128,"",1,1,1,1,1,1,"HoldForm[ConvolutionLayer[512, {1, 1}, ""Stride"" -> {1, 1}, ""PaddingSize"" -> {{0, 0}, {0, 0}}, ""Dilation"" -> {1, 1}, ""Input"" -> {128, 64, 128}]]","0wpbb05lrhep4",4.5988599623094055e10,4.5293585831032005e10,1.9160275231977158e10,"{0.02802, 0.011924, 0.011826, 0.011882, 0.011724, 0.011723, 0.011891, 0.01174, 0.011805, 0.011788, 0.011674, 0.011751, 0.011916, 0.011744, 0.011682, 0.011803, 0.011773, 0.01182, 0.011717, 0.011796, 0.011815, 0.011754, 0.011677, 0.011786, 0.011711, 0.01171, 0.01172, 0.011911, 0.012126, 0.012041, 0.011985, 0.012065, 0.012129, 0.012178, 0.012055, 0.012098, 0.012029, 0.01199, 0.011795, 0.011871, 0.012132, 0.012068, 0.011955, 0.012181, 0.012013, 0.01189, 0.012042, 0.011953, 0.0121, 0.011962, 0.011939, 0.011934, 0.011857, 0.011955, 0.011969, 0.011875, 0.011794, 0.011871, 0.011848, 0.011824, 0.011812, 0.0118, 0.011791, 0.011827, 0.011711, 0.011841, 0.011806, 0.011853, 0.011822, 0.011826, 0.011801, 0.011796, 0.011986, 0.011935, 0.011841, 0.011877, 0.011852, 0.011812, 0.011895, 0.011793, 0.011776, 0.011714, 0.011905, 0.011766, 0.011795, 0.011789, 0.012, 0.01187, 0.011897, 0.011919, 0.011788, 0.01187, 0.011809, 0.011803, 0.011848, 0.011867, 0.01185, 0.011788, 0.011872, 0.011826}"
