"model_name","layer_name","layer_index","kind","min_time","mean_time","max_time","add_flops","div_flops","cmp_flops","exp_flops","mad_flops","input_channel","input_height","input_width","output_channel","output_height","output_width","function","kernel_1","kernel_2","stride_1","stride_2","dilation_1","dilation_2","input_form","topology_hash","mad/min_time","mad/mean_time","mad/max_time","time"
"SSD-VGG-300 Trained on PASCAL VOC Data","1/1/multiboxLayer3/multiboxClasses/1",90,"Convolution",0.001446,0.0014699666666666666,0.00232,0,0,0,0,58060800,512,10,10,126,10,10,"",3,3,1,1,1,1,"HoldForm[ConvolutionLayer[126, {3, 3}, ""Stride"" -> {1, 1}, ""PaddingSize"" -> {{1, 1}, {1, 1}}, ""Dilation"" -> {1, 1}, ""Input"" -> {512, 10, 10}]]","0ewpfqc17pour",4.0152697095435684e10,3.9498038504274475e10,2.5026206896551723e10,"{0.00232, 0.001493, 0.001479, 0.001452, 0.001479, 0.001466, 0.001515, 0.001455, 0.001449, 0.001507, 0.001453, 0.001475, 0.001491, 0.00147, 0.001475, 0.001454, 0.001478, 0.001478, 0.001461, 0.001448, 0.00149, 0.001464, 0.001453, 0.001495, 0.001451, 0.001486, 0.00145, 0.001461, 0.001486, 0.001449, 0.001484, 0.001477, 0.001463, 0.001448, 0.00151, 0.001449, 0.00151, 0.001466, 0.001448, 0.001483, 0.001488, 0.001451, 0.001473, 0.001545, 0.001487, 0.001451, 0.001461, 0.001495, 0.00145, 0.001446}"
