"model_name","layer_name","layer_index","kind","min_time","mean_time","max_time","add_flops","div_flops","cmp_flops","exp_flops","mad_flops","input_channel","input_height","input_width","output_channel","output_height","output_width","function","kernel_1","kernel_2","stride_1","stride_2","dilation_1","dilation_2","input_form","topology_hash","mad/min_time","mad/mean_time","mad/max_time","time"
"CycleGAN Photo-to-Van Gogh Translation","17/1/2",39,"Convolution",0.030848,0.03192641666666667,0.047398,0,0,0,0,603979776,128,66,66,128,64,64,"",3,3,1,1,1,1,"HoldForm[ConvolutionLayer[128, {3, 3}, ""Stride"" -> {1, 1}, ""PaddingSize"" -> {{0, 0}, {0, 0}}, ""Dilation"" -> {1, 1}, ""Input"" -> {128, 66, 66}]]","1sehkke39v8fh",1.9579219917012447e10,1.8917869246209377e10,1.2742727034895987e10,"{0.047398, 0.032503, 0.032015, 0.032707, 0.032261, 0.033046, 0.032415, 0.032159, 0.033054, 0.033451, 0.034066, 0.0328, 0.032773, 0.032527, 0.032407, 0.031646, 0.03229, 0.033717, 0.032083, 0.031794, 0.03146, 0.031549, 0.032395, 0.032252, 0.032478, 0.032937, 0.031592, 0.031953, 0.032437, 0.031935, 0.032087, 0.032021, 0.032516, 0.031882, 0.031412, 0.031253, 0.032609, 0.031379, 0.032324, 0.032092, 0.032735, 0.032579, 0.03438, 0.034211, 0.033242, 0.034234, 0.032107, 0.032277, 0.032778, 0.032104, 0.031506, 0.031839, 0.031669, 0.032251, 0.031843, 0.031581, 0.032729, 0.031484, 0.032084, 0.032152, 0.031431, 0.031296, 0.031702, 0.031267, 0.032051, 0.031866, 0.03207, 0.031411, 0.03095, 0.032391, 0.031965, 0.031605, 0.031052, 0.03101, 0.031101, 0.031843, 0.031175, 0.031073, 0.031591, 0.031451, 0.03109, 0.031502, 0.031044, 0.031107, 0.030959, 0.031192, 0.031141, 0.031646, 0.031046, 0.030879, 0.031585, 0.030848, 0.031123, 0.031351, 0.031935, 0.032119, 0.032013, 0.031165, 0.03095, 0.033841}"
