"model_name","layer_name","layer_index","kind","min_time","mean_time","max_time","add_flops","div_flops","cmp_flops","exp_flops","mad_flops","input_channel","input_height","input_width","output_channel","output_height","output_width","function","kernel_1","kernel_2","stride_1","stride_2","dilation_1","dilation_2","input_form","topology_hash","mad/min_time","mad/mean_time","mad/max_time","time"
"ResNet-50 Trained on ImageNet Competition Data","3b/res3b_branch2b",53,"Convolution",0.002409,0.0024423000000000005,0.0042,0,0,0,0,115605504,128,28,28,128,28,28,"",3,3,1,1,1,1,"HoldForm[ConvolutionLayer[128, {3, 3}, ""Stride"" -> {1, 1}, ""PaddingSize"" -> {{1, 1}, {1, 1}}, ""Dilation"" -> {1, 1}, ""Input"" -> {128, 28, 28}]]","0c4tt4orzdexg",4.798900124533001e10,4.733468615649182e10,2.752512e10,"{0.0042, 0.002458, 0.002464, 0.002457, 0.002426, 0.002438, 0.002429, 0.002444, 0.002457, 0.00241, 0.002452, 0.002423, 0.002475, 0.002437, 0.002423, 0.00245, 0.002432, 0.00243, 0.002456, 0.00243, 0.002457, 0.002446, 0.002444, 0.002445, 0.002447, 0.002446, 0.002485, 0.002419, 0.002483, 0.002413, 0.002432, 0.002456, 0.002419, 0.002448, 0.002409, 0.002437, 0.002455, 0.002421, 0.002431, 0.002446, 0.002452, 0.002502, 0.002431, 0.002447, 0.002446, 0.002431, 0.002436, 0.002423, 0.002438, 0.002458}"
