"model_name","layer_name","layer_index","kind","min_time","mean_time","max_time","add_flops","div_flops","cmp_flops","exp_flops","mad_flops","input_channel","input_height","input_width","output_channel","output_height","output_width","function","kernel_1","kernel_2","stride_1","stride_2","dilation_1","dilation_2","input_form","topology_hash","mad/min_time","mad/mean_time","mad/max_time","time"
"Unguided Volumetric Regression Net for 3D Face Reconstruction","8/2/1/1/4/1/1/4/1/1/4/1/2/2/1/1/6",177,"Convolution",0.001755,0.0017955333333333336,0.00312,0,0,0,0,84934656,128,24,24,128,24,24,"",3,3,1,1,1,1,"HoldForm[ConvolutionLayer[128, {3, 3}, ""Stride"" -> {1, 1}, ""PaddingSize"" -> {{1, 1}, {1, 1}}, ""Dilation"" -> {1, 1}, ""Input"" -> {128, 24, 24}]]","0cc9ksdljjj2p",4.839581538461538e10,4.730330226859243e10,2.7222646153846153e10,"{0.00312, 0.001854, 0.001872, 0.001763, 0.0018, 0.001762, 0.001899, 0.001827, 0.001797, 0.001768, 0.001755, 0.001806, 0.001778, 0.001864, 0.001758, 0.001794, 0.001853, 0.001806, 0.001775, 0.00188, 0.00176, 0.001766, 0.001862, 0.001778, 0.001803, 0.001824, 0.001797, 0.00176, 0.001797, 0.001777, 0.001784, 0.001844, 0.001771, 0.001865, 0.001778, 0.001809, 0.001774, 0.001796, 0.001785, 0.001805, 0.001779, 0.001773, 0.001844, 0.00177, 0.001787, 0.001774, 0.001805, 0.001846, 0.001799, 0.00176}"
