"model_name","layer_name","layer_index","kind","min_time","mean_time","max_time","add_flops","div_flops","cmp_flops","exp_flops","mad_flops","input_channel","input_height","input_width","output_channel","output_height","output_width","function","kernel_1","kernel_2","stride_1","stride_2","dilation_1","dilation_2","input_form","topology_hash","mad/min_time","mad/mean_time","mad/max_time","time"
"Single-Image Depth Perception Net Trained on Depth in the Wild Data","4/1/1/4/1/1/5/4/4",360,"Convolution",0.013563,0.013917100000000003,0.028012,0,0,0,0,481689600,32,60,80,64,60,80,"",7,7,1,1,1,1,"HoldForm[ConvolutionLayer[64, {7, 7}, ""Stride"" -> {1, 1}, ""PaddingSize"" -> {{3, 3}, {3, 3}}, ""Dilation"" -> {1, 1}, ""Input"" -> {32, 60, 80}]]","0os0aoyz0la0f",3.551497456314974e10,3.461134862866545e10,1.719583035841782e10,"{0.028012, 0.014299, 0.014314, 0.01419, 0.014027, 0.014191, 0.014106, 0.013964, 0.014135, 0.014187, 0.013987, 0.014101, 0.014123, 0.014172, 0.014205, 0.014076, 0.013941, 0.013708, 0.013683, 0.013684, 0.013682, 0.013823, 0.0138, 0.013759, 0.014058, 0.013958, 0.013903, 0.013779, 0.013789, 0.013805, 0.013778, 0.013683, 0.013875, 0.013983, 0.013968, 0.013921, 0.014146, 0.014012, 0.014043, 0.013962, 0.013773, 0.013814, 0.013763, 0.013811, 0.013811, 0.013746, 0.013661, 0.013755, 0.013701, 0.013563}"
