"model_name","layer_name","layer_index","kind","min_time","mean_time","max_time","add_flops","div_flops","cmp_flops","exp_flops","mad_flops","input_channel","input_height","input_width","output_channel","output_height","output_width","function","kernel_1","kernel_2","stride_1","stride_2","dilation_1","dilation_2","input_form","topology_hash","mad/min_time","mad/mean_time","mad/max_time","time"
"Age Estimation VGG-16 Trained on IMDB-WIKI Data","conv3_1",11,"Convolution",0.014722,0.01491083333333333,0.023416,0,0,0,0,924844032,128,56,56,256,56,56,"",3,3,1,1,1,1,"HoldForm[ConvolutionLayer[256, {3, 3}, ""Stride"" -> {1, 1}, ""PaddingSize"" -> {{1, 1}, {1, 1}}, ""Dilation"" -> {1, 1}, ""Input"" -> {128, 56, 56}]]","0qp7hj4jxc7kh",6.2820542861024315e10,6.202497280500757e10,3.949624325247694e10,"{0.023416, 0.015324, 0.015086, 0.014905, 0.01488, 0.014824, 0.014933, 0.014811, 0.014752, 0.014747, 0.015005, 0.015073, 0.014946, 0.014806, 0.015124, 0.015041, 0.015038, 0.015028, 0.014864, 0.014848, 0.01488, 0.014829, 0.015019, 0.014932, 0.014839, 0.014925, 0.014987, 0.0149, 0.014889, 0.014874, 0.015141, 0.0152, 0.014991, 0.01507, 0.015001, 0.014963, 0.014836, 0.01483, 0.014853, 0.014781, 0.014749, 0.014722, 0.01494, 0.014952, 0.014964, 0.014836, 0.014803, 0.014747, 0.014802, 0.014852}"
