"model_name","layer_name","layer_index","kind","min_time","mean_time","max_time","add_flops","div_flops","cmp_flops","exp_flops","mad_flops","input_channel","input_height","input_width","output_channel","output_height","output_width","function","kernel_1","kernel_2","stride_1","stride_2","dilation_1","dilation_2","input_form","topology_hash","mad/min_time","mad/mean_time","mad/max_time","time"
"Dilated ResNet-105 Trained on Cityscapes Data","convolution3",10,"Convolution",0.013,0.013319116666666663,0.03485,0,0,0,0,268435456,32,256,512,64,256,512,"",1,1,1,1,1,1,"HoldForm[ConvolutionLayer[64, {1, 1}, ""Stride"" -> {1, 1}, ""PaddingSize"" -> {{0, 0}, {0, 0}}, ""Dilation"" -> {1, 1}, ""Input"" -> {32, 256, 512}]]","1wqigtrhcsfpu",2.064888123076923e10,2.015414856090307e10,7.702595581061693e9,"{0.03485, 0.013572, 0.013072, 0.01322, 0.01365, 0.013552, 0.013547, 0.013582, 0.013349, 0.013473, 0.013538, 0.013314, 0.013355, 0.013298, 0.013363, 0.013348, 0.013614, 0.013433, 0.013365, 0.013395, 0.013342, 0.013467, 0.013556, 0.013619, 0.013511, 0.01339, 0.013323, 0.01383, 0.01385, 0.013792, 0.013541, 0.013481, 0.013529, 0.013239, 0.013291, 0.013174, 0.013148, 0.013224, 0.013182, 0.01308, 0.013221, 0.013134, 0.013236, 0.013145, 0.013171, 0.013031, 0.013226, 0.013295, 0.013152, 0.013051, 0.013215, 0.013228, 0.015743, 0.013466, 0.013389, 0.01319, 0.013076, 0.013251, 0.013249, 0.013175, 0.013079, 0.013229, 0.013347, 0.013224, 0.013183, 0.013073, 0.013185, 0.013254, 0.01335, 0.013219, 0.013092, 0.013125, 0.013417, 0.01353, 0.013429, 0.013446, 0.01352, 0.01344, 0.013402, 0.013502, 0.013385, 0.013555, 0.013309, 0.013301, 0.013276, 0.013269, 0.013163, 0.013283, 0.013229, 0.013, 0.013082, 0.013249, 0.013144, 0.013123, 0.013217, 0.013249, 0.01335, 0.013505, 0.013409, 0.013496}"
