"model_name","layer_name","layer_index","kind","min_time","mean_time","max_time","add_flops","div_flops","cmp_flops","exp_flops","mad_flops","input_channel","input_height","input_width","output_channel","output_height","output_width","function","kernel_1","kernel_2","stride_1","stride_2","dilation_1","dilation_2","input_form","topology_hash","mad/min_time","mad/mean_time","mad/max_time","time"
"SqueezeNet V1.1 Trained on ImageNet Competition Data","fire8/expand1x1",52,"Convolution",0.000091,0.00009323333333333335,0.000255,0,0,0,0,3211264,64,14,14,256,14,14,"",1,1,1,1,1,1,"HoldForm[ConvolutionLayer[256, {1, 1}, ""Stride"" -> {1, 1}, ""PaddingSize"" -> {{0, 0}, {0, 0}}, ""Dilation"" -> {1, 1}, ""Input"" -> {64, 14, 14}]]","0ep83nn7nhlhl",3.528861538461539e10,3.444330353950661e10,1.2593192156862745e10,"{0.000255, 0.000102, 0.000094, 0.000093, 0.000151, 0.000103, 0.000094, 0.000092, 0.000093, 0.000092, 0.000104, 0.000098, 0.000093, 0.000093, 0.000092, 0.000092, 0.00011, 0.000101, 0.000096, 0.000091, 0.000092, 0.000113, 0.000098, 0.000092, 0.000092, 0.000092, 0.000092, 0.000092, 0.000092, 0.000092, 0.000093, 0.000092, 0.000091, 0.000113, 0.000097, 0.000093, 0.000091, 0.000092, 0.000092, 0.000092, 0.000091, 0.000092, 0.000091, 0.000092, 0.000091, 0.000117, 0.000097, 0.000093, 0.000091, 0.000092}"
