"model_name","layer_name","layer_index","kind","min_time","mean_time","max_time","add_flops","div_flops","cmp_flops","exp_flops","mad_flops","input_channel","input_height","input_width","output_channel","output_height","output_width","function","kernel_1","kernel_2","stride_1","stride_2","dilation_1","dilation_2","input_form","topology_hash","mad/min_time","mad/mean_time","mad/max_time","time"
"Ademxapp Model A1 Trained on ADE20K Data","6a/res6a_branch2b2_do",120,"Dropout",0.002267,0.002352849999999999,0.01084,0,0,0,0,4064256,1024,63,63,1024,63,63,"","","","","","","","HoldForm[DropoutLayer[0.3, ""Input"" -> {1024, 63, 63}]]","0ug90ls9khftn",1.7927904719894135e9,1.7273757358097632e9,3.749313653136531e8,"{0.01084, 0.0028, 0.002619, 0.002497, 0.002381, 0.002361, 0.002415, 0.00245, 0.002383, 0.002348, 0.002393, 0.002369, 0.002379, 0.002303, 0.002378, 0.002292, 0.002403, 0.002363, 0.002354, 0.002398, 0.002354, 0.002382, 0.002299, 0.002365, 0.00229, 0.002314, 0.002279, 0.002362, 0.002395, 0.002346, 0.00232, 0.002335, 0.002348, 0.002395, 0.002304, 0.002325, 0.002398, 0.002326, 0.002345, 0.00229, 0.002379, 0.002349, 0.002369, 0.002319, 0.00238, 0.002345, 0.002335, 0.002301, 0.002312, 0.002354, 0.002381, 0.00231, 0.002282, 0.002367, 0.002361, 0.002339, 0.002302, 0.002395, 0.00231, 0.002423, 0.002373, 0.002387, 0.002391, 0.002363, 0.002309, 0.002348, 0.00237, 0.002356, 0.002406, 0.002343, 0.002421, 0.002307, 0.002339, 0.002267, 0.002379, 0.002327, 0.002369, 0.002318, 0.002292, 0.002374, 0.002395, 0.002356, 0.002339, 0.002355, 0.002384, 0.002333, 0.002315, 0.002386, 0.002331, 0.002358, 0.002281, 0.002313, 0.002346, 0.002321, 0.002393, 0.002305, 0.002385, 0.002313, 0.002349, 0.002325}"
