"model_name","layer_name","layer_index","kind","min_time","mean_time","max_time","add_flops","div_flops","cmp_flops","exp_flops","mad_flops","input_channel","input_height","input_width","output_channel","output_height","output_width","function","kernel_1","kernel_2","stride_1","stride_2","dilation_1","dilation_2","input_form","topology_hash","mad/min_time","mad/mean_time","mad/max_time","time"
"ResNet-101 Trained on Augmented CASIA-WebFace Data","3b1/res3b1_relu",59,"Elementwise",0.000158,0.00015956666666666662,0.000859,0,0,401408,0,401408,512,28,28,512,28,28,"Ramp","","","","","","","HoldForm[ElementwiseLayer[Ramp, ""Input"" -> {512, 28, 28}]]","1dnvsxrgaunmm",2.5405569620253167e9,2.51561311886359e9,4.6729685681024456e8,"{0.000859, 0.000195, 0.000164, 0.00016, 0.00016, 0.00016, 0.00016, 0.000159, 0.000159, 0.000159, 0.000159, 0.000159, 0.000159, 0.000159, 0.00016, 0.000159, 0.000173, 0.000166, 0.000186, 0.000162, 0.000159, 0.000159, 0.000159, 0.000159, 0.000159, 0.000158, 0.000159, 0.000159, 0.000159, 0.000159, 0.000159, 0.000159, 0.000182, 0.000163, 0.00016, 0.000159, 0.000159, 0.000159, 0.000159, 0.000159, 0.000159, 0.000158, 0.000159, 0.000183, 0.000159, 0.00016, 0.000159, 0.000176, 0.000162, 0.000167}"
