"model_name","layer_name","layer_index","kind","min_time","mean_time","max_time","add_flops","div_flops","cmp_flops","exp_flops","mad_flops","input_channel","input_height","input_width","output_channel","output_height","output_width","function","kernel_1","kernel_2","stride_1","stride_2","dilation_1","dilation_2","input_form","topology_hash","mad/min_time","mad/mean_time","mad/max_time","time"
"BERT Trained on BookCorpus and English Wikipedia Data","encoder/10/1/attention/2/elem",657,"Elementwise",0.000027,0.000028,0.000077,0,0,0,0,"64*LengthVar[1549677867]","LengthVar[1549677867]",64,"","LengthVar[1549677867]",64,"","ScalarFunctionObject[{ScalarSymbol[1]}, ScalarSymbol[2], <|ScalarSymbol[2] -> {Times, 0.125, ScalarSymbol[1]}|>]","","","","","","","HoldForm[ElementwiseLayer[0.125*#1 & , ""Input"" -> {""Varying"", 64}]]","1qls6pibzwobu","2.3703703703703703*^6*LengthVar[1.549677867*^9]","2.285714285714286*^6*LengthVar[1.549677867*^9]","831168.8311688312*LengthVar[1.549677867*^9]","{0.000077, 0.000035, 0.000031, 0.00003, 0.000029, 0.000028, 0.000029, 0.000029, 0.00003, 0.000028, 0.000028, 0.000029, 0.000028, 0.000028, 0.000028, 0.000028, 0.000028, 0.000028, 0.000028, 0.000028, 0.000027, 0.000028, 0.000028, 0.000028, 0.000027, 0.000027, 0.000028, 0.000028, 0.000028, 0.000028, 0.000028, 0.000028, 0.000028, 0.000028, 0.000029, 0.000028, 0.000028, 0.000028, 0.000028, 0.000027, 0.000028, 0.000028, 0.000028, 0.000028, 0.000028, 0.000028, 0.000028, 0.000028, 0.000028, 0.000028, 0.000028, 0.000028, 0.000028, 0.000028, 0.000028, 0.000028, 0.000028, 0.000028, 0.000028, 0.000028, 0.000028, 0.000028, 0.000029, 0.000028, 0.000028, 0.000028, 0.000028, 0.000028, 0.000028, 0.000028, 0.000028, 0.000028, 0.000028, 0.000044, 0.000031, 0.000028, 0.000028, 0.000029, 0.000028, 0.000028, 0.000028, 0.000028, 0.000028, 0.000028, 0.000028, 0.000028, 0.000028, 0.000027, 0.000058, 0.000029, 0.000028, 0.000028, 0.000028, 0.000028, 0.000029, 0.000028, 0.000028, 0.000028, 0.000028, 0.000028}"
