"model_name","layer_name","layer_index","kind","min_time","mean_time","max_time","add_flops","div_flops","cmp_flops","exp_flops","mad_flops","input_channel","input_height","input_width","output_channel","output_height","output_width","function","kernel_1","kernel_2","stride_1","stride_2","dilation_1","dilation_2","input_form","topology_hash","mad/min_time","mad/mean_time","mad/max_time","time"
"CREPE Pitch Detection Net Trained on Monophonic Signal Data","Net/13",13,"Elementwise",0.00003,0.00003065000000000001,0.00019,0,0,8192,0,8192,128,1,64,128,1,64,"Ramp","","","","","","","HoldForm[ElementwiseLayer[Ramp, ""Input"" -> {128, 1, 64}]]","0ms81kbs3rij7",2.730666666666667e8,2.6727569331158227e8,4.311578947368421e7,"{0.00019, 0.000039, 0.000034, 0.000032, 0.000031, 0.000031, 0.000031, 0.000031, 0.000031, 0.000031, 0.000031, 0.000031, 0.00003, 0.00003, 0.00003, 0.00003, 0.00003, 0.000031, 0.000031, 0.000031, 0.00003, 0.00003, 0.000031, 0.000031, 0.000031, 0.00003, 0.000031, 0.00003, 0.00003, 0.000032, 0.00003, 0.00003, 0.000031, 0.000031, 0.00003, 0.00003, 0.000031, 0.000031, 0.00003, 0.00003, 0.000031, 0.00003, 0.000031, 0.000031, 0.000031, 0.00003, 0.000031, 0.00003, 0.00003, 0.000031, 0.000031, 0.00003, 0.000031, 0.000031, 0.000031, 0.00003, 0.000032, 0.00003, 0.00003, 0.00003, 0.000067, 0.000038, 0.000032, 0.00003, 0.000031, 0.00003, 0.00003, 0.000031, 0.000031, 0.00003, 0.000031, 0.000031, 0.00003, 0.000031, 0.00003, 0.000031, 0.000031, 0.00003, 0.00003, 0.000031, 0.00003, 0.000031, 0.00003, 0.00003, 0.00003, 0.000039, 0.000032, 0.00003, 0.00003, 0.000031, 0.00003, 0.000031, 0.000031, 0.000031, 0.000042, 0.000032, 0.000031, 0.000031, 0.000031, 0.00003}"
