"model_name","layer_name","layer_index","kind","min_time","mean_time","max_time","add_flops","div_flops","cmp_flops","exp_flops","mad_flops","input_channel","input_height","input_width","output_channel","output_height","output_width","function","kernel_1","kernel_2","stride_1","stride_2","dilation_1","dilation_2","input_form","topology_hash","mad/min_time","mad/mean_time","mad/max_time","time"
"CycleGAN Photo-to-Van Gogh Translation","18/1/4",49,"Elementwise",0.000259,0.00026226666666666657,0.001654,0,0,524288,0,524288,128,64,64,128,64,64,"Ramp","","","","","","","HoldForm[ElementwiseLayer[Ramp, ""Input"" -> {128, 64, 64}]]","1hgvs9hyt3yrr",2.0242779922779922e9,1.9990645653279111e9,3.169818621523579e8,"{0.001654, 0.000326, 0.000279, 0.000263, 0.000262, 0.000261, 0.00026, 0.000261, 0.00026, 0.000261, 0.000262, 0.000262, 0.000342, 0.000264, 0.000263, 0.000285, 0.000266, 0.000263, 0.000263, 0.000264, 0.000265, 0.000262, 0.000263, 0.000263, 0.000263, 0.000263, 0.000265, 0.000263, 0.000265, 0.000263, 0.00028, 0.000265, 0.000265, 0.000264, 0.000264, 0.000265, 0.000263, 0.000259, 0.000262, 0.000273, 0.000264, 0.000263, 0.000261, 0.000262, 0.000262, 0.000281, 0.000262, 0.00026, 0.00026, 0.000288, 0.000312, 0.000264, 0.000262, 0.000261, 0.000263, 0.000261, 0.000261, 0.000261, 0.000262, 0.000259, 0.000277, 0.000262, 0.000263, 0.000261, 0.000259, 0.000259, 0.000261, 0.00026, 0.000262, 0.000259, 0.000261, 0.000261, 0.000261, 0.00026, 0.000261, 0.000279, 0.000271, 0.000261, 0.000262, 0.000261, 0.00026, 0.000261, 0.000261, 0.000261, 0.000261, 0.00026, 0.000261, 0.00033, 0.000266, 0.000264, 0.000278, 0.000262, 0.000262, 0.000261, 0.000261, 0.000261, 0.000261, 0.00026, 0.000261, 0.00026}"
