"model_name","layer_name","layer_index","kind","min_time","mean_time","max_time","add_flops","div_flops","cmp_flops","exp_flops","mad_flops","input_channel","input_height","input_width","output_channel","output_height","output_width","function","kernel_1","kernel_2","stride_1","stride_2","dilation_1","dilation_2","input_form","topology_hash","mad/min_time","mad/mean_time","mad/max_time","time"
"Ademxapp Model A Trained on ImageNet Competition Data","5b1/res5b1_branch2a_relu",102,"Elementwise",0.00016,0.00016169999999999997,0.000904,0,0,409600,0,409600,1024,20,20,1024,20,20,"Ramp","","","","","","","HoldForm[ElementwiseLayer[Ramp, ""Input"" -> {1024, 20, 20}]]","10bso8jledb2x",2.5599999999999995e9,2.5330859616573906e9,4.5309734513274336e8,"{0.000904, 0.00023, 0.000178, 0.000163, 0.000163, 0.000162, 0.000161, 0.000161, 0.000161, 0.000196, 0.000165, 0.000162, 0.000161, 0.000161, 0.000161, 0.000161, 0.000161, 0.000161, 0.000162, 0.000161, 0.000161, 0.000161, 0.000161, 0.000161, 0.000162, 0.000163, 0.000161, 0.00016, 0.00017, 0.000162, 0.000163, 0.000162, 0.000161, 0.000182, 0.000164, 0.000162, 0.000162, 0.000162, 0.000162, 0.000162, 0.000161, 0.000184, 0.000166, 0.000162, 0.000161, 0.000161, 0.000161, 0.00016, 0.000161, 0.000162}"
