"model_name","layer_name","layer_index","kind","min_time","mean_time","max_time","add_flops","div_flops","cmp_flops","exp_flops","mad_flops","input_channel","input_height","input_width","output_channel","output_height","output_width","function","kernel_1","kernel_2","stride_1","stride_2","dilation_1","dilation_2","input_form","topology_hash","mad/min_time","mad/mean_time","mad/max_time","time"
"Dilated ResNet-105 Trained on Cityscapes Data","relu39",138,"Elementwise",0.001016,0.0010631666666666663,0.006168,0,0,2097152,0,2097152,256,64,128,256,64,128,"Ramp","","","","","","","HoldForm[ElementwiseLayer[Ramp, ""Input"" -> {256, 64, 128}]]","1dq53uhc5a1i5",2.0641259842519686e9,1.9725524376861584e9,3.4000518806744486e8,"{0.006168, 0.001468, 0.00133, 0.001132, 0.001137, 0.001044, 0.001087, 0.001041, 0.001059, 0.001072, 0.001041, 0.00105, 0.001041, 0.001067, 0.001127, 0.001066, 0.001064, 0.001073, 0.001044, 0.00104, 0.001074, 0.001069, 0.001045, 0.001095, 0.001092, 0.001045, 0.001032, 0.00106, 0.001084, 0.001049, 0.001098, 0.001031, 0.001041, 0.001083, 0.001035, 0.001052, 0.00107, 0.001089, 0.001054, 0.001051, 0.001018, 0.001023, 0.001077, 0.001072, 0.001016, 0.001031, 0.001067, 0.00109, 0.001096, 0.001071, 0.001039, 0.001089, 0.001089, 0.001051, 0.001051, 0.001028, 0.001024, 0.001024, 0.001057, 0.001072, 0.00107, 0.001145, 0.001117, 0.001051, 0.001026, 0.001019, 0.001051, 0.001039, 0.001052, 0.00104, 0.001054, 0.001128, 0.001073, 0.001083, 0.001073, 0.001047, 0.001042, 0.001047, 0.001025, 0.001021, 0.001106, 0.001106, 0.001061, 0.001041, 0.001067, 0.00106, 0.001061, 0.001067, 0.001092, 0.001129, 0.001078, 0.001057, 0.001116, 0.001098, 0.001118, 0.001052, 0.00108, 0.001056, 0.001056, 0.00117}"
