"model_name","layer_name","layer_index","kind","min_time","mean_time","max_time","add_flops","div_flops","cmp_flops","exp_flops","mad_flops","input_channel","input_height","input_width","output_channel","output_height","output_width","function","kernel_1","kernel_2","stride_1","stride_2","dilation_1","dilation_2","input_form","topology_hash","mad/min_time","mad/mean_time","mad/max_time","time"
"Dilated ResNet-105 Trained on Cityscapes Data","relu44",155,"Elementwise",0.00537,0.0055415333333333336,0.018155,0,0,8388608,0,8388608,1024,64,128,1024,64,128,"Ramp","","","","","","","HoldForm[ElementwiseLayer[Ramp, ""Input"" -> {1024, 64, 128}]]","1vribs1xukkfc",1.5621243947858474e9,1.51377019597464e9,4.6205497108234644e8,"{0.018155, 0.005705, 0.005649, 0.005574, 0.005501, 0.005468, 0.0055, 0.005516, 0.005583, 0.005502, 0.00543, 0.005412, 0.005415, 0.005481, 0.005508, 0.005562, 0.005422, 0.005765, 0.005618, 0.005585, 0.00556, 0.005653, 0.005774, 0.005666, 0.005643, 0.005627, 0.005646, 0.005605, 0.005618, 0.005543, 0.005495, 0.005483, 0.005526, 0.005466, 0.005557, 0.005558, 0.005488, 0.005624, 0.005537, 0.005559, 0.00554, 0.005531, 0.005454, 0.00537, 0.005395, 0.005534, 0.005511, 0.00551, 0.005537, 0.005415}"
