"model_name","layer_name","layer_index","kind","min_time","mean_time","max_time","add_flops","div_flops","cmp_flops","exp_flops","mad_flops","input_channel","input_height","input_width","output_channel","output_height","output_width","function","kernel_1","kernel_2","stride_1","stride_2","dilation_1","dilation_2","input_form","topology_hash","mad/min_time","mad/mean_time","mad/max_time","time"
"Multi-scale Context Aggregation Net Trained on Cityscapes Data","ctx_relu6_1",50,"Elementwise",0.000137,0.00013893333333333329,0.00072,0,0,311296,0,311296,19,128,128,19,128,128,"Ramp","","","","","","","HoldForm[ElementwiseLayer[Ramp, ""Input"" -> {19, 128, 128}]]","1nxmvglnpl46s",2.272233576642336e9,2.240614203454895e9,4.323555555555556e8,"{0.00072, 0.000172, 0.000141, 0.000139, 0.00014, 0.000139, 0.000139, 0.000139, 0.000137, 0.000138, 0.000139, 0.000138, 0.000139, 0.000138, 0.000139, 0.000138, 0.000139, 0.000149, 0.000142, 0.000189, 0.000142, 0.000139, 0.000138, 0.000139, 0.000138, 0.000138, 0.000139, 0.000155, 0.000143, 0.00014, 0.000139, 0.000138, 0.000139, 0.00014, 0.000138, 0.000139, 0.000138, 0.000139, 0.000139, 0.000139, 0.000138, 0.000139, 0.000138, 0.000139, 0.000138, 0.000138, 0.000138, 0.000164, 0.00014, 0.000139}"
