"model_name","layer_name","layer_index","kind","min_time","mean_time","max_time","add_flops","div_flops","cmp_flops","exp_flops","mad_flops","input_channel","input_height","input_width","output_channel","output_height","output_width","function","kernel_1","kernel_2","stride_1","stride_2","dilation_1","dilation_2","input_form","topology_hash","mad/min_time","mad/mean_time","mad/max_time","time"
"Dilated ResNet-38 Trained on Cityscapes Data","relu32",122,"Elementwise",0.002685,0.0028305000000000006,0.011989,0,0,4194304,0,4194304,512,64,128,512,64,128,"Ramp","","","","","","","HoldForm[ElementwiseLayer[Ramp, ""Input"" -> {512, 64, 128}]]","1oh1bs5o87l3x",1.5621243947858474e9,1.4818244126479418e9,3.4984602552339643e8,"{0.011989, 0.003036, 0.002983, 0.00301, 0.002885, 0.002842, 0.002824, 0.002913, 0.002763, 0.002727, 0.002893, 0.002828, 0.002883, 0.0028, 0.002919, 0.002789, 0.002785, 0.002845, 0.002786, 0.002745, 0.0028, 0.002997, 0.002769, 0.002824, 0.002872, 0.002812, 0.002784, 0.002881, 0.002924, 0.002761, 0.002896, 0.002872, 0.002917, 0.002817, 0.002861, 0.002922, 0.002882, 0.00286, 0.002883, 0.002927, 0.002812, 0.00285, 0.00295, 0.002813, 0.002833, 0.002831, 0.002921, 0.002769, 0.002918, 0.002834, 0.00276, 0.002775, 0.002757, 0.002846, 0.002721, 0.002744, 0.002827, 0.002866, 0.002897, 0.002864, 0.00299, 0.002792, 0.002804, 0.002896, 0.002824, 0.002837, 0.002767, 0.00287, 0.002817, 0.002798, 0.002777, 0.002893, 0.002855, 0.002787, 0.002914, 0.002815, 0.00281, 0.002779, 0.002868, 0.002767, 0.002767, 0.002783, 0.002719, 0.002751, 0.002749, 0.002811, 0.002728, 0.002715, 0.002771, 0.002887, 0.002803, 0.002849, 0.002885, 0.002717, 0.002685, 0.002728, 0.002875, 0.002741, 0.002843, 0.002893}"
