"model_name","layer_name","layer_index","kind","min_time","mean_time","max_time","add_flops","div_flops","cmp_flops","exp_flops","mad_flops","input_channel","input_height","input_width","output_channel","output_height","output_width","function","kernel_1","kernel_2","stride_1","stride_2","dilation_1","dilation_2","input_form","topology_hash","mad/min_time","mad/mean_time","mad/max_time","time"
"Wide ResNet-50-2 Trained on ImageNet Competition Data","7/3",29,"Elementwise",0.000162,0.00016363333333333337,0.000867,0,0,401408,0,401408,128,56,56,128,56,56,"Ramp","","","","","","","HoldForm[ElementwiseLayer[Ramp, ""Input"" -> {128, 56, 56}]]","1bskqd5qodpy3",2.477827160493827e9,2.453094316561417e9,4.6298500576701266e8,"{0.000867, 0.000194, 0.00017, 0.000163, 0.000162, 0.000163, 0.000163, 0.000164, 0.000162, 0.000162, 0.000172, 0.000166, 0.000164, 0.000179, 0.000166, 0.000188, 0.000164, 0.000164, 0.000164, 0.000163, 0.000163, 0.000163, 0.000163, 0.000164, 0.000169, 0.000163, 0.000163, 0.000164, 0.000173, 0.000163, 0.000164, 0.000162, 0.000163, 0.000163, 0.000163, 0.000163, 0.000163, 0.000163, 0.000184, 0.000198, 0.000166, 0.000164, 0.000164, 0.000163, 0.000163, 0.000163, 0.000163, 0.000163, 0.000163, 0.000163}"
