"model_name","layer_name","layer_index","kind","min_time","mean_time","max_time","add_flops","div_flops","cmp_flops","exp_flops","mad_flops","input_channel","input_height","input_width","output_channel","output_height","output_width","function","kernel_1","kernel_2","stride_1","stride_2","dilation_1","dilation_2","input_form","topology_hash","mad/min_time","mad/mean_time","mad/max_time","time"
"Dilated ResNet-105 Trained on Cityscapes Data","relu80",275,"Elementwise",0.005394,0.005526733333333334,0.018265,0,0,8388608,0,8388608,1024,64,128,1024,64,128,"Ramp","","","","","","","HoldForm[ElementwiseLayer[Ramp, ""Input"" -> {1024, 64, 128}]]","1vribs1xukkfc",1.5551738969225063e9,1.517823910447401e9,4.5927226936764306e8,"{0.018265, 0.005827, 0.005731, 0.005588, 0.005572, 0.005556, 0.005674, 0.005634, 0.005633, 0.005533, 0.00542, 0.005495, 0.005428, 0.005479, 0.005398, 0.005456, 0.005577, 0.00558, 0.005569, 0.005598, 0.005577, 0.005665, 0.005612, 0.00556, 0.005507, 0.005485, 0.005593, 0.005505, 0.005523, 0.005431, 0.005487, 0.005489, 0.005421, 0.005427, 0.005506, 0.005522, 0.005594, 0.005542, 0.005565, 0.005478, 0.005514, 0.005568, 0.005527, 0.005459, 0.005394, 0.005468, 0.005468, 0.00551, 0.005411, 0.005457}"
