"model_name","layer_name","layer_index","kind","min_time","mean_time","max_time","add_flops","div_flops","cmp_flops","exp_flops","mad_flops","input_channel","input_height","input_width","output_channel","output_height","output_width","function","kernel_1","kernel_2","stride_1","stride_2","dilation_1","dilation_2","input_form","topology_hash","mad/min_time","mad/mean_time","mad/max_time","time"
"2D Face Alignment Net Trained on 300W Large Pose Data","16/1/1/4/2/1/2",954,"Elementwise",0.000269,0.0002715,0.001635,0,0,524288,0,524288,128,64,64,128,64,64,"Ramp","","","","","","","HoldForm[ElementwiseLayer[Ramp, ""Input"" -> {128, 64, 64}]]","1hgvs9hyt3yrr",1.949026022304833e9,1.9310791896869247e9,3.206654434250765e8,"{0.001635, 0.00033, 0.000278, 0.000271, 0.000288, 0.000273, 0.000272, 0.000272, 0.000269, 0.000271, 0.000329, 0.000274, 0.00027, 0.000272, 0.000323, 0.000271, 0.000273, 0.000274, 0.000294, 0.000275, 0.000274, 0.000272, 0.000273, 0.000271, 0.000273, 0.000272, 0.000273, 0.000284, 0.000273, 0.000273, 0.000273, 0.000272, 0.000273, 0.000288, 0.000277, 0.000273, 0.000271, 0.000272, 0.000271, 0.000271, 0.000269, 0.000271, 0.00027, 0.00027, 0.00027, 0.00027, 0.000269, 0.000289, 0.000271, 0.00027, 0.000317, 0.000273, 0.00027, 0.000269, 0.000269, 0.00027, 0.000269, 0.000271, 0.000269, 0.000271, 0.00027, 0.000269, 0.000286, 0.000279, 0.000271, 0.00027, 0.00027, 0.000269, 0.000269, 0.000271, 0.00027, 0.000272, 0.000271, 0.00027, 0.00027, 0.00027, 0.000287, 0.000271, 0.000271, 0.00027, 0.000271, 0.00027, 0.000269, 0.00027, 0.00027, 0.00027, 0.000314, 0.000277, 0.000271, 0.00027, 0.00027, 0.000298, 0.000272, 0.000271, 0.000271, 0.000271, 0.000271, 0.000269, 0.000304, 0.000281}"
