"model_name","layer_name","layer_index","kind","min_time","mean_time","max_time","add_flops","div_flops","cmp_flops","exp_flops","mad_flops","input_channel","input_height","input_width","output_channel","output_height","output_width","function","kernel_1","kernel_2","stride_1","stride_2","dilation_1","dilation_2","input_form","topology_hash","mad/min_time","mad/mean_time","mad/max_time","time"
"CycleGAN Photo-to-Van Gogh Translation","22/1/4",81,"Elementwise",0.000198,0.00019986666666666663,0.001142,0,0,524288,0,524288,128,64,64,128,64,64,"Ramp","","","","","","","HoldForm[ElementwiseLayer[Ramp, ""Input"" -> {128, 64, 64}]]","1hgvs9hyt3yrr",2.6479191919191923e9,2.6231887925283527e9,4.590963222416813e8,"{0.001142, 0.000255, 0.000209, 0.000201, 0.0002, 0.000244, 0.000203, 0.0002, 0.000199, 0.0002, 0.0002, 0.0002, 0.000224, 0.000202, 0.0002, 0.0002, 0.0002, 0.000199, 0.0002, 0.000201, 0.000199, 0.0002, 0.000199, 0.000199, 0.000199, 0.000221, 0.000201, 0.0002, 0.000198, 0.000199, 0.000199, 0.000215, 0.0002, 0.000199, 0.000199, 0.000198, 0.000199, 0.000199, 0.000199, 0.00022, 0.000202, 0.000199, 0.000199, 0.000199, 0.000229, 0.0002, 0.000198, 0.000199, 0.0002, 0.000199}"
