"model_name","layer_name","layer_index","kind","min_time","mean_time","max_time","add_flops","div_flops","cmp_flops","exp_flops","mad_flops","input_channel","input_height","input_width","output_channel","output_height","output_width","function","kernel_1","kernel_2","stride_1","stride_2","dilation_1","dilation_2","input_form","topology_hash","mad/min_time","mad/mean_time","mad/max_time","time"
"VGG-16 Trained on ImageNet Competition Data","relu3_3",16,"Elementwise",0.000307,0.00031060000000000007,0.000381,0,0,802816,0,802816,256,56,56,256,56,56,"Ramp","","","","","","","HoldForm[ElementwiseLayer[Ramp, ""Input"" -> {256, 56, 56}]]","0tcc7oger2ac7",2.6150358306188927e9,2.5847263361236315e9,2.1071286089238844e9,"{0.000381, 0.000359, 0.000319, 0.000311, 0.000312, 0.000309, 0.000309, 0.000323, 0.000309, 0.000308, 0.00031, 0.000342, 0.000311, 0.000309, 0.000307, 0.000309, 0.000309, 0.000309, 0.000336, 0.000312, 0.000311, 0.00031, 0.000309, 0.00034, 0.00031, 0.00031, 0.000309, 0.000333, 0.000313, 0.000311, 0.000309, 0.000308, 0.000309, 0.00031, 0.000311, 0.000312, 0.000333, 0.000312, 0.000323, 0.000311, 0.00031, 0.000309, 0.000308, 0.000311, 0.00031, 0.00031, 0.000307, 0.000309, 0.000309, 0.000338}"
