"model_name","layer_name","layer_index","kind","min_time","mean_time","max_time","add_flops","div_flops","cmp_flops","exp_flops","mad_flops","input_channel","input_height","input_width","output_channel","output_height","output_width","function","kernel_1","kernel_2","stride_1","stride_2","dilation_1","dilation_2","input_form","topology_hash","mad/min_time","mad/mean_time","mad/max_time","time"
"ColorNet Image Colorization Trained on ImageNet Competition Data","2/13",29,"Elementwise",0.000166,0.00016843333333333335,0.00023,0,0,401408,0,401408,512,28,28,512,28,28,"Ramp","","","","","","","HoldForm[ElementwiseLayer[Ramp, ""Input"" -> {512, 28, 28}]]","1dnvsxrgaunmm",2.418120481927711e9,2.3831862260043535e9,1.7452521739130435e9,"{0.00023, 0.000185, 0.000169, 0.000168, 0.000169, 0.000168, 0.000168, 0.000168, 0.000168, 0.000168, 0.000168, 0.000188, 0.00017, 0.000169, 0.000168, 0.000167, 0.0002, 0.000172, 0.000168, 0.000168, 0.000168, 0.000168, 0.000167, 0.000192, 0.000185, 0.000193, 0.000173, 0.000168, 0.000167, 0.000168, 0.000168, 0.000168, 0.000168, 0.000168, 0.000176, 0.000169, 0.000168, 0.000168, 0.000169, 0.000168, 0.000168, 0.000168, 0.000167, 0.000166, 0.000168, 0.000167, 0.000191, 0.00017, 0.000168, 0.000168}"
