"model_name","layer_name","layer_index","kind","min_time","mean_time","max_time","add_flops","div_flops","cmp_flops","exp_flops","mad_flops","input_channel","input_height","input_width","output_channel","output_height","output_width","function","kernel_1","kernel_2","stride_1","stride_2","dilation_1","dilation_2","input_form","topology_hash","mad/min_time","mad/mean_time","mad/max_time","time"
"Dilated ResNet-105 Trained on Cityscapes Data","relu91",311,"Elementwise",0.00074,0.0007926999999999999,0.004571,0,0,2097152,0,2097152,256,64,128,256,64,128,"Ramp","","","","","","","HoldForm[ElementwiseLayer[Ramp, ""Input"" -> {256, 64, 128}]]","1dq53uhc5a1i5",2.8339891891891894e9,2.6455809259492874e9,4.58795012032378e8,"{0.004571, 0.001251, 0.00105, 0.000821, 0.000806, 0.000786, 0.000765, 0.000752, 0.000763, 0.000765, 0.00079, 0.000856, 0.000833, 0.000818, 0.000813, 0.000833, 0.000792, 0.000784, 0.000785, 0.000773, 0.00079, 0.000754, 0.000745, 0.00074, 0.000772, 0.000819, 0.000818, 0.000791, 0.000797, 0.000806, 0.00079, 0.00081, 0.00076, 0.000762, 0.000762, 0.000749, 0.000784, 0.000767, 0.000752, 0.000784, 0.000797, 0.000817, 0.00077, 0.000785, 0.000806, 0.000818, 0.000857, 0.0008, 0.00081, 0.00081}"
