"model_name","layer_name","layer_index","kind","min_time","mean_time","max_time","add_flops","div_flops","cmp_flops","exp_flops","mad_flops","input_channel","input_height","input_width","output_channel","output_height","output_width","function","kernel_1","kernel_2","stride_1","stride_2","dilation_1","dilation_2","input_form","topology_hash","mad/min_time","mad/mean_time","mad/max_time","time"
"3D Face Alignment Net Trained on 300W Large Pose Data","13/1/1/1/1/1/4/2/1/2",518,"Elementwise",0.000212,0.0002147666666666666,0.001124,0,0,524288,0,524288,128,64,64,128,64,64,"Ramp","","","","","","","HoldForm[ElementwiseLayer[Ramp, ""Input"" -> {128, 64, 64}]]","1hgvs9hyt3yrr",2.473056603773585e9,2.441198199596462e9,4.6644839857651246e8,"{0.001124, 0.000261, 0.000223, 0.000213, 0.000213, 0.000214, 0.000214, 0.000213, 0.000213, 0.00024, 0.000216, 0.000214, 0.000214, 0.000215, 0.000212, 0.000214, 0.000231, 0.000216, 0.000213, 0.000224, 0.000215, 0.000214, 0.000214, 0.000214, 0.000214, 0.000214, 0.000215, 0.000245, 0.000215, 0.000214, 0.000215, 0.000254, 0.000215, 0.000214, 0.000215, 0.000214, 0.000213, 0.000213, 0.000259, 0.000218, 0.000215, 0.000216, 0.000214, 0.000215, 0.000213, 0.000238, 0.000215, 0.000214, 0.000216, 0.000215}"
