"model_name","layer_name","layer_index","kind","min_time","mean_time","max_time","add_flops","div_flops","cmp_flops","exp_flops","mad_flops","input_channel","input_height","input_width","output_channel","output_height","output_width","function","kernel_1","kernel_2","stride_1","stride_2","dilation_1","dilation_2","input_form","topology_hash","mad/min_time","mad/mean_time","mad/max_time","time"
"Squeeze-and-Excitation Net Trained on ImageNet Competition Data","4v/conv4_22_1x1_reduce_relu",564,"Elementwise",0.000052,0.00005316666666666668,0.000269,0,0,100352,0,100352,512,14,14,512,14,14,"Ramp","","","","","","","HoldForm[ElementwiseLayer[Ramp, ""Input"" -> {512, 14, 14}]]","051ljacqnis96",1.9298461538461537e9,1.8874984326018803e9,3.730557620817844e8,"{0.000269, 0.000065, 0.000057, 0.000054, 0.000054, 0.000093, 0.000057, 0.000055, 0.000054, 0.000053, 0.000054, 0.000053, 0.000053, 0.000053, 0.000054, 0.000053, 0.000053, 0.000053, 0.000053, 0.000053, 0.000053, 0.000053, 0.000054, 0.000053, 0.000053, 0.000053, 0.000054, 0.000053, 0.000052, 0.000053, 0.000053, 0.000053, 0.000053, 0.000053, 0.000053, 0.000053, 0.000053, 0.000053, 0.000053, 0.000054, 0.000053, 0.000053, 0.000054, 0.000053, 0.000053, 0.000053, 0.000052, 0.000053, 0.000053, 0.000053}"
