"model_name","layer_name","layer_index","kind","min_time","mean_time","max_time","add_flops","div_flops","cmp_flops","exp_flops","mad_flops","input_channel","input_height","input_width","output_channel","output_height","output_width","function","kernel_1","kernel_2","stride_1","stride_2","dilation_1","dilation_2","input_form","topology_hash","mad/min_time","mad/mean_time","mad/max_time","time"
"2D Face Alignment Net Trained on 300W Large Pose Data","28",966,"Elementwise",0.00039,0.0003946666666666667,0.002266,0,0,1048576,0,1048576,256,64,64,256,64,64,"Ramp","","","","","","","HoldForm[ElementwiseLayer[Ramp, ""Input"" -> {256, 64, 64}]]","11v1xlvm83ptf",2.68865641025641e9,2.656864864864865e9,4.6274315975286853e8,"{0.002266, 0.000556, 0.000471, 0.000398, 0.000395, 0.000395, 0.000392, 0.000392, 0.00044, 0.000393, 0.000406, 0.000425, 0.000393, 0.000394, 0.000391, 0.000392, 0.000395, 0.000394, 0.000394, 0.000393, 0.000392, 0.000416, 0.000396, 0.000394, 0.000392, 0.000404, 0.000391, 0.000394, 0.000395, 0.000391, 0.000391, 0.00039, 0.000414, 0.00042, 0.000398, 0.0004, 0.000394, 0.000392, 0.000392, 0.000396, 0.000391, 0.000393, 0.000416, 0.000392, 0.000394, 0.000396, 0.000396, 0.000392, 0.000394, 0.000392}"
