"model_name","layer_name","layer_index","kind","min_time","mean_time","max_time","add_flops","div_flops","cmp_flops","exp_flops","mad_flops","input_channel","input_height","input_width","output_channel","output_height","output_width","function","kernel_1","kernel_2","stride_1","stride_2","dilation_1","dilation_2","input_form","topology_hash","mad/min_time","mad/mean_time","mad/max_time","time"
"Squeeze-and-Excitation Net Trained on ImageNet Competition Data","4u/conv4_21_3x3_relu",550,"Elementwise",0.000098,0.00009933333333333331,0.000471,0,0,200704,0,200704,1024,14,14,1024,14,14,"Ramp","","","","","","","HoldForm[ElementwiseLayer[Ramp, ""Input"" -> {1024, 14, 14}]]","1k2x5pn4rbhw1",2.0480000000000002e9,2.0205100671140943e9,4.261231422505308e8,"{0.000471, 0.000117, 0.000103, 0.000101, 0.0001, 0.000099, 0.000099, 0.000098, 0.000098, 0.000098, 0.000098, 0.000099, 0.000104, 0.000099, 0.000099, 0.000099, 0.000099, 0.000099, 0.000129, 0.000102, 0.000099, 0.000099, 0.0001, 0.000099, 0.000099, 0.000099, 0.000099, 0.000098, 0.000098, 0.000099, 0.000099, 0.000099, 0.000164, 0.000102, 0.000121, 0.000103, 0.000099, 0.000118, 0.000101, 0.000099, 0.000099, 0.000098, 0.000099, 0.000098, 0.000099, 0.0001, 0.000099, 0.000098, 0.000099, 0.000098}"
