"model_name","layer_name","layer_index","kind","min_time","mean_time","max_time","add_flops","div_flops","cmp_flops","exp_flops","mad_flops","input_channel","input_height","input_width","output_channel","output_height","output_width","function","kernel_1","kernel_2","stride_1","stride_2","dilation_1","dilation_2","input_form","topology_hash","mad/min_time","mad/mean_time","mad/max_time","time"
"OpenFace Face Recognition Net Trained on CASIA-WebFace and FaceScrub Data","14/1/6",19,"Elementwise",0.000027,0.000027,0.000046,0,0,18432,0,18432,128,12,12,128,12,12,"Ramp","","","","","","","HoldForm[ElementwiseLayer[Ramp, ""Input"" -> {128, 12, 12}]]","01f26efkghtfe",6.826666666666666e8,6.826666666666666e8,4.00695652173913e8,"{0.000046, 0.00003, 0.000028, 0.000027, 0.000027, 0.000027, 0.000028, 0.000027, 0.000027, 0.000027, 0.000027, 0.000028, 0.000028, 0.000027, 0.000028, 0.000027, 0.000027, 0.000027, 0.000027, 0.000027, 0.000027, 0.000027, 0.000027, 0.000027, 0.000027, 0.000027, 0.000027, 0.000028, 0.000027, 0.000027, 0.000027, 0.000027, 0.000027, 0.000027, 0.000027, 0.000027, 0.000027, 0.000027, 0.000027, 0.000027, 0.000027, 0.000027, 0.000027, 0.000027, 0.000027, 0.000027, 0.000027, 0.000027, 0.000027, 0.000027}"
