"model_name","layer_name","layer_index","kind","min_time","mean_time","max_time","add_flops","div_flops","cmp_flops","exp_flops","mad_flops","input_channel","input_height","input_width","output_channel","output_height","output_width","function","kernel_1","kernel_2","stride_1","stride_2","dilation_1","dilation_2","input_form","topology_hash","mad/min_time","mad/mean_time","mad/max_time","time"
"Dilated ResNet-38 Trained on Cityscapes Data","relu27",102,"Elementwise",0.000976,0.0010251499999999998,0.006042,0,0,2097152,0,2097152,256,64,128,256,64,128,"Ramp","","","","","","","HoldForm[ElementwiseLayer[Ramp, ""Input"" -> {256, 64, 128}]]","1dq53uhc5a1i5",2.14872131147541e9,2.045702580110228e9,3.470956636875207e8,"{0.006042, 0.001561, 0.001325, 0.001188, 0.001078, 0.001051, 0.00101, 0.001032, 0.001, 0.001059, 0.001077, 0.001067, 0.001063, 0.001013, 0.001047, 0.001042, 0.001025, 0.001002, 0.001061, 0.001046, 0.001029, 0.001002, 0.00103, 0.000977, 0.000993, 0.001029, 0.001037, 0.001038, 0.001074, 0.001032, 0.001023, 0.000987, 0.000995, 0.001015, 0.001035, 0.000996, 0.000983, 0.000989, 0.001078, 0.001038, 0.001004, 0.001034, 0.001053, 0.001023, 0.001002, 0.000991, 0.001003, 0.001033, 0.001074, 0.001048, 0.001027, 0.000986, 0.000978, 0.000978, 0.001005, 0.000976, 0.000992, 0.001021, 0.001079, 0.001049, 0.001035, 0.00106, 0.001001, 0.001001, 0.000997, 0.001004, 0.000979, 0.001018, 0.001099, 0.001054, 0.001036, 0.001055, 0.001011, 0.001021, 0.001002, 0.000994, 0.000979, 0.000993, 0.00106, 0.001047, 0.001845, 0.001019, 0.001019, 0.001032, 0.001037, 0.001002, 0.001005, 0.001102, 0.001059, 0.00101, 0.000992, 0.001012, 0.001066, 0.00104, 0.001016, 0.001004, 0.001066, 0.001035, 0.00099, 0.000982}"
