"model_name","layer_name","layer_index","kind","min_time","mean_time","max_time","add_flops","div_flops","cmp_flops","exp_flops","mad_flops","input_channel","input_height","input_width","output_channel","output_height","output_width","function","kernel_1","kernel_2","stride_1","stride_2","dilation_1","dilation_2","input_form","topology_hash","mad/min_time","mad/mean_time","mad/max_time","time"
"Dilated ResNet-22 Trained on Cityscapes Data","relu15",60,"Elementwise",0.002164,0.0023330666666666663,0.009418,0,0,4194304,0,4194304,512,64,128,512,64,128,"Ramp","","","","","","","HoldForm[ElementwiseLayer[Ramp, ""Input"" -> {512, 64, 128}]]","1oh1bs5o87l3x",1.9382181146025877e9,1.79776431592182e9,4.4534975578679127e8,"{0.009418, 0.002766, 0.002608, 0.002469, 0.002454, 0.002397, 0.002432, 0.002424, 0.00243, 0.002359, 0.002337, 0.002385, 0.002404, 0.002386, 0.002389, 0.002307, 0.00232, 0.002222, 0.002323, 0.002301, 0.002385, 0.00233, 0.002227, 0.002259, 0.002164, 0.002215, 0.002167, 0.002228, 0.002197, 0.002206, 0.002326, 0.002327, 0.002329, 0.002235, 0.002354, 0.002344, 0.002296, 0.002356, 0.002324, 0.002341, 0.002304, 0.002338, 0.002363, 0.002278, 0.002318, 0.00237, 0.002315, 0.002307, 0.002287, 0.002293}"
