"model_name","layer_name","layer_index","kind","min_time","mean_time","max_time","add_flops","div_flops","cmp_flops","exp_flops","mad_flops","input_channel","input_height","input_width","output_channel","output_height","output_width","function","kernel_1","kernel_2","stride_1","stride_2","dilation_1","dilation_2","input_form","topology_hash","mad/min_time","mad/mean_time","mad/max_time","time"
"CycleGAN Photo-to-Cezanne Translation","13",13,"Elementwise",0.000217,0.00021900000000000006,0.001178,0,0,524288,0,524288,128,64,64,128,64,64,"Ramp","","","","","","","HoldForm[ElementwiseLayer[Ramp, ""Input"" -> {128, 64, 64}]]","1hgvs9hyt3yrr",2.416073732718894e9,2.3940091324200907e9,4.450662139219015e8,"{0.001178, 0.000276, 0.000225, 0.000221, 0.00022, 0.00022, 0.000219, 0.00022, 0.000218, 0.000219, 0.000219, 0.000219, 0.00022, 0.000219, 0.00024, 0.000246, 0.000221, 0.000219, 0.000247, 0.000221, 0.000218, 0.000218, 0.000218, 0.000218, 0.000217, 0.000218, 0.000218, 0.000217, 0.000218, 0.000218, 0.000219, 0.000218, 0.000219, 0.000242, 0.000221, 0.000219, 0.000218, 0.000218, 0.000241, 0.00022, 0.00022, 0.000219, 0.000217, 0.000218, 0.000218, 0.000218, 0.000218, 0.00022, 0.000218, 0.000217}"
