"model_name","layer_name","layer_index","kind","min_time","mean_time","max_time","add_flops","div_flops","cmp_flops","exp_flops","mad_flops","input_channel","input_height","input_width","output_channel","output_height","output_width","function","kernel_1","kernel_2","stride_1","stride_2","dilation_1","dilation_2","input_form","topology_hash","mad/min_time","mad/mean_time","mad/max_time","time"
"Squeeze-and-Excitation Net Trained on ImageNet Competition Data","4u/conv4_21_1x1_reduce_relu",547,"Elementwise",0.000053,0.000054233333333333335,0.000268,0,0,100352,0,100352,512,14,14,512,14,14,"Ramp","","","","","","","HoldForm[ElementwiseLayer[Ramp, ""Input"" -> {512, 14, 14}]]","051ljacqnis96",1.8934339622641509e9,1.8503749231714814e9,3.7444776119402987e8,"{0.000268, 0.000068, 0.000056, 0.000055, 0.000055, 0.000054, 0.000055, 0.000055, 0.000055, 0.000054, 0.000055, 0.000054, 0.000054, 0.000055, 0.000054, 0.000054, 0.000054, 0.000054, 0.000055, 0.000054, 0.000054, 0.000054, 0.000058, 0.000054, 0.000054, 0.000054, 0.000054, 0.000054, 0.000054, 0.000054, 0.000054, 0.000054, 0.000054, 0.000054, 0.000054, 0.000079, 0.000057, 0.000054, 0.000054, 0.000055, 0.000054, 0.000054, 0.000053, 0.000053, 0.000054, 0.000054, 0.000054, 0.000073, 0.000061, 0.000054}"
