"model_name","layer_name","layer_index","kind","min_time","mean_time","max_time","add_flops","div_flops","cmp_flops","exp_flops","mad_flops","input_channel","input_height","input_width","output_channel","output_height","output_width","function","kernel_1","kernel_2","stride_1","stride_2","dilation_1","dilation_2","input_form","topology_hash","mad/min_time","mad/mean_time","mad/max_time","time"
"ColorNet Image Colorization Trained on ImageNet Competition Data","1/14",14,"Elementwise",0.000161,0.00016243333333333326,0.000896,0,0,401408,0,401408,512,28,28,512,28,28,"Ramp","","","","","","","HoldForm[ElementwiseLayer[Ramp, ""Input"" -> {512, 28, 28}]]","1dnvsxrgaunmm",2.493217391304348e9,2.4712169095013347e9,4.4800000000000006e8,"{0.000896, 0.000201, 0.000168, 0.000163, 0.000163, 0.000163, 0.000162, 0.000162, 0.000162, 0.000161, 0.000162, 0.000162, 0.000161, 0.000161, 0.000162, 0.000204, 0.000166, 0.000163, 0.000162, 0.000162, 0.000166, 0.000162, 0.000162, 0.000163, 0.000162, 0.000161, 0.000162, 0.000181, 0.000165, 0.000163, 0.000161, 0.000162, 0.000184, 0.000166, 0.000162, 0.000161, 0.000162, 0.000162, 0.000162, 0.000205, 0.000166, 0.000162, 0.000162, 0.000162, 0.000162, 0.000161, 0.000162, 0.000162, 0.000162, 0.000162}"
