"model_name","layer_name","layer_index","kind","min_time","mean_time","max_time","add_flops","div_flops","cmp_flops","exp_flops","mad_flops","input_channel","input_height","input_width","output_channel","output_height","output_width","function","kernel_1","kernel_2","stride_1","stride_2","dilation_1","dilation_2","input_form","topology_hash","mad/min_time","mad/mean_time","mad/max_time","time"
"2D Face Alignment Net Trained on 300W Large Pose Data","14/1/1/1/1/2",297,"Elementwise",0.000392,0.0003971666666666666,0.002932,0,0,0,0,0,256,64,64,256,64,64,"ScalarFunctionObject[{ScalarSymbol[1]}, ScalarSymbol[1], <||>]","","","","","","","HoldForm[ElementwiseLayer[#1 & , ""Input"" -> {256, 64, 64}]]","150c882ssy97b",0.,0.,0.,"{0.002932, 0.000594, 0.000474, 0.000402, 0.000396, 0.000408, 0.000407, 0.000434, 0.000402, 0.000398, 0.000408, 0.000401, 0.00043, 0.000441, 0.0004, 0.000398, 0.000426, 0.000395, 0.000394, 0.000393, 0.000394, 0.000394, 0.000409, 0.000394, 0.000394, 0.000394, 0.000395, 0.000392, 0.000394, 0.000393, 0.000398, 0.000397, 0.000415, 0.000396, 0.000394, 0.000394, 0.000394, 0.000402, 0.000436, 0.000397, 0.000395, 0.000421, 0.00041, 0.000395, 0.000396, 0.000394, 0.000394, 0.000393, 0.000394, 0.000394, 0.000396, 0.000394, 0.000411, 0.000397, 0.000395, 0.000395, 0.000396, 0.000396, 0.000396, 0.000395, 0.000396, 0.000395, 0.000419, 0.000435, 0.000398, 0.000396, 0.000421, 0.000397, 0.000399, 0.000396, 0.000394, 0.000412, 0.000396, 0.000395, 0.000395, 0.000395, 0.000396, 0.000394, 0.000394, 0.000395, 0.000396, 0.000442, 0.000397, 0.000395, 0.000396, 0.000394, 0.000395, 0.000406, 0.00043, 0.000406, 0.000397, 0.000436, 0.000398, 0.000394, 0.000396, 0.000393, 0.000395, 0.000394, 0.000394, 0.000393}"
