"model_name","layer_name","layer_index","kind","min_time","mean_time","max_time","add_flops","div_flops","cmp_flops","exp_flops","mad_flops","input_channel","input_height","input_width","output_channel","output_height","output_width","function","kernel_1","kernel_2","stride_1","stride_2","dilation_1","dilation_2","input_form","topology_hash","mad/min_time","mad/mean_time","mad/max_time","time"
"Ademxapp Model A1 Trained on ADE20K Data","4b4/res4b4_branch2a_relu",76,"Elementwise",0.000902,0.0009327499999999999,0.005778,0,0,2032128,0,2032128,512,63,63,512,63,63,"Ramp","","","","","","","HoldForm[ElementwiseLayer[Ramp, ""Input"" -> {512, 63, 63}]]","0bs40dqisfuvt",2.252913525498891e9,2.178641651031895e9,3.517009345794392e8,"{0.005778, 0.001458, 0.001232, 0.000981, 0.000949, 0.000914, 0.000932, 0.000909, 0.000951, 0.000927, 0.000936, 0.000967, 0.000922, 0.000919, 0.000909, 0.000928, 0.000905, 0.000903, 0.000904, 0.000964, 0.000908, 0.000919, 0.000981, 0.000949, 0.000928, 0.000925, 0.000917, 0.000919, 0.000944, 0.000929, 0.00098, 0.000926, 0.000948, 0.000943, 0.00094, 0.000963, 0.000936, 0.000909, 0.00091, 0.000902, 0.000922, 0.001006, 0.000917, 0.000994, 0.000943, 0.000939, 0.000922, 0.000911, 0.000907, 0.000928, 0.000921, 0.000923, 0.000958, 0.000946, 0.000942, 0.000909, 0.000911, 0.000929, 0.000913, 0.000913, 0.000919, 0.000927, 0.000987, 0.000916, 0.000928, 0.000942, 0.000929, 0.000915, 0.000916, 0.000914, 0.000956, 0.000947, 0.000941, 0.000983, 0.000935, 0.000947, 0.000949, 0.000948, 0.000927, 0.000939, 0.000913, 0.000932, 0.000928, 0.000974, 0.000976, 0.000949, 0.000961, 0.000953, 0.000969, 0.000925, 0.000914, 0.000928, 0.000913, 0.000925, 0.00092, 0.000972, 0.000965, 0.00096, 0.000927, 0.00092}"
