"model_name","layer_name","layer_index","kind","min_time","mean_time","max_time","add_flops","div_flops","cmp_flops","exp_flops","mad_flops","input_channel","input_height","input_width","output_channel","output_height","output_width","function","kernel_1","kernel_2","stride_1","stride_2","dilation_1","dilation_2","input_form","topology_hash","mad/min_time","mad/mean_time","mad/max_time","time"
"CycleGAN Photo-to-Van Gogh Translation","26",89,"Elementwise",0.000373,0.0003805,0.002294,0,0,1048576,0,1048576,64,128,128,64,128,128,"Ramp","","","","","","","HoldForm[ElementwiseLayer[Ramp, ""Input"" -> {64, 128, 128}]]","0ceh9oj65p345",2.811195710455764e9,2.755784494086728e9,4.5709503051438534e8,"{0.002294, 0.000542, 0.000467, 0.000435, 0.000378, 0.000377, 0.000375, 0.000377, 0.000375, 0.000377, 0.000394, 0.000379, 0.000376, 0.000398, 0.000402, 0.000379, 0.000376, 0.000378, 0.000375, 0.000385, 0.000377, 0.000379, 0.000377, 0.000376, 0.000404, 0.000378, 0.000377, 0.000376, 0.000388, 0.000399, 0.000377, 0.000374, 0.000375, 0.000376, 0.000373, 0.000409, 0.000395, 0.00038, 0.00038, 0.000395, 0.000379, 0.000378, 0.000379, 0.000379, 0.000379, 0.000415, 0.00038, 0.00038, 0.000379, 0.000379}"
