"model_name","layer_name","layer_index","kind","min_time","mean_time","max_time","add_flops","div_flops","cmp_flops","exp_flops","mad_flops","input_channel","input_height","input_width","output_channel","output_height","output_width","function","kernel_1","kernel_2","stride_1","stride_2","dilation_1","dilation_2","input_form","topology_hash","mad/min_time","mad/mean_time","mad/max_time","time"
"Dilated ResNet-105 Trained on Cityscapes Data","relu41",145,"Elementwise",0.005372,0.005492933333333334,0.018217,0,0,8388608,0,8388608,1024,64,128,1024,64,128,"Ramp","","","","","","","HoldForm[ElementwiseLayer[Ramp, ""Input"" -> {1024, 64, 128}]]","1vribs1xukkfc",1.561542814594192e9,1.527163628419545e9,4.604824065433386e8,"{0.018217, 0.00571, 0.005586, 0.005484, 0.005484, 0.005421, 0.00547, 0.005395, 0.005565, 0.005595, 0.005518, 0.005481, 0.005591, 0.005485, 0.005398, 0.00542, 0.005372, 0.005602, 0.0055, 0.005396, 0.00544, 0.005375, 0.005518, 0.005447, 0.005573, 0.005508, 0.005559, 0.005494, 0.005551, 0.005522, 0.005473, 0.005585, 0.005582, 0.005528, 0.005485, 0.005427, 0.005442, 0.005514, 0.005548, 0.005497, 0.005484, 0.005529, 0.005487, 0.005417, 0.005442, 0.0054, 0.005422, 0.005488, 0.005447, 0.005536}"
