"model_name","layer_name","layer_index","kind","min_time","mean_time","max_time","add_flops","div_flops","cmp_flops","exp_flops","mad_flops","input_channel","input_height","input_width","output_channel","output_height","output_width","function","kernel_1","kernel_2","stride_1","stride_2","dilation_1","dilation_2","input_form","topology_hash","mad/min_time","mad/mean_time","mad/max_time","time"
"Age Estimation VGG-16 Trained on IMDB-WIKI and Looking at People Data","relu6",34,"Elementwise",0.000029,0.00002926666666666665,0.000182,0,0,4096,0,4096,4096,"","",4096,"","","Ramp","","","","","","","HoldForm[ElementwiseLayer[Ramp, ""Input"" -> 4096]]","1t4yfilk8m8u1",1.4124137931034482e8,1.3995444191343972e8,2.2505494505494505e7,"{0.000182, 0.000038, 0.000053, 0.000033, 0.000031, 0.000031, 0.00003, 0.00003, 0.00003, 0.00003, 0.00003, 0.000029, 0.000029, 0.00003, 0.000029, 0.00003, 0.000029, 0.000029, 0.000029, 0.000029, 0.00003, 0.00003, 0.000029, 0.000029, 0.000029, 0.000029, 0.000029, 0.000029, 0.000029, 0.00003, 0.000029, 0.00003, 0.000029, 0.000029, 0.000029, 0.000029, 0.000029, 0.00003, 0.000029, 0.000029, 0.000029, 0.000029, 0.000029, 0.000029, 0.00003, 0.000029, 0.00003, 0.000029, 0.00003, 0.000037, 0.00003, 0.000029, 0.00003, 0.000029, 0.00003, 0.000029, 0.00003, 0.00003, 0.000029, 0.00003, 0.000029, 0.00003, 0.000029, 0.00003, 0.000029, 0.000029, 0.000029, 0.000029, 0.000029, 0.000029, 0.000029, 0.000029, 0.000029, 0.000029, 0.000029, 0.00003, 0.000029, 0.00003, 0.000029, 0.000029, 0.000029, 0.000029, 0.00003, 0.000029, 0.000029, 0.000029, 0.000029, 0.00003, 0.000029, 0.000029, 0.00003, 0.000029, 0.00003, 0.000029, 0.000029, 0.000029, 0.000029, 0.000029, 0.000029, 0.000029}"
