"model_name","layer_name","layer_index","kind","min_time","mean_time","max_time","add_flops","div_flops","cmp_flops","exp_flops","mad_flops","input_channel","input_height","input_width","output_channel","output_height","output_width","function","kernel_1","kernel_2","stride_1","stride_2","dilation_1","dilation_2","input_form","topology_hash","mad/min_time","mad/mean_time","mad/max_time","time"
"BERT Trained on BookCorpus and English Wikipedia Data","encoder/5/2/gelu",361,"Elementwise",0.000167,0.00016866666666666655,0.00027,"3072*LengthVar[1360223166]",0,0,"3072*LengthVar[1360223166]","9216*LengthVar[1360223166]","LengthVar[1360223166]",3072,"","LengthVar[1360223166]",3072,"","ScalarFunctionObject[{ScalarSymbol[1]}, ScalarSymbol[6], <|ScalarSymbol[2] -> {Times, 0.7071067811865475, ScalarSymbol[1]}, ScalarSymbol[3] -> {Erf, ScalarSymbol[2]}, ScalarSymbol[4] -> {Plus, 1., ScalarSymbol[3]}, ScalarSymbol[5] -> {Times, ScalarSymbol[1], ScalarSymbol[4]}, ScalarSymbol[6] -> {Times, 0.5, ScalarSymbol[5]}|>]","","","","","","","HoldForm[ElementwiseLayer[0.5*(#1*(1 + Erf[0.7071067811865475*#1])) & , ""Input"" -> {""Varying"", 3072}]]","02o0ehkbbb3et","5.518562874251497*^7*LengthVar[1.360223166*^9]","5.464031620553364*^7*LengthVar[1.360223166*^9]","3.413333333333333*^7*LengthVar[1.360223166*^9]","{0.00027, 0.000185, 0.000196, 0.000178, 0.000172, 0.00017, 0.000171, 0.000171, 0.00017, 0.00017, 0.00017, 0.000171, 0.000184, 0.000183, 0.000172, 0.000171, 0.000199, 0.000175, 0.000171, 0.000171, 0.000171, 0.000171, 0.00017, 0.00017, 0.00017, 0.000168, 0.000168, 0.000167, 0.000167, 0.000168, 0.000168, 0.000167, 0.000168, 0.000168, 0.000167, 0.000182, 0.000169, 0.000169, 0.000168, 0.000168, 0.000168, 0.000168, 0.000168, 0.000169, 0.0002, 0.000172, 0.000168, 0.000168, 0.000167, 0.000168, 0.000168, 0.000168, 0.000167, 0.000167, 0.000167, 0.000168, 0.000168, 0.000175, 0.000184, 0.000172, 0.000168, 0.000188, 0.000171, 0.000167, 0.000168, 0.000167, 0.000168, 0.000168, 0.000168, 0.000168, 0.000167, 0.000167, 0.000168, 0.000168, 0.000167, 0.000168, 0.000167, 0.000168, 0.000167, 0.000168, 0.000167, 0.000213, 0.000174, 0.000169, 0.000168, 0.000168, 0.000168, 0.000167, 0.000168, 0.000168, 0.000167, 0.000168, 0.000168, 0.000167, 0.000167, 0.000168, 0.000167, 0.000168, 0.000168, 0.000167}"
