"model_name","layer_name","layer_index","kind","min_time","mean_time","max_time","add_flops","div_flops","cmp_flops","exp_flops","mad_flops","input_channel","input_height","input_width","output_channel","output_height","output_width","function","kernel_1","kernel_2","stride_1","stride_2","dilation_1","dilation_2","input_form","topology_hash","mad/min_time","mad/mean_time","mad/max_time","time"
"Dilated ResNet-105 Trained on Cityscapes Data","relu84",288,"Elementwise",0.001026,0.0010702833333333334,0.006184,0,0,2097152,0,2097152,256,64,128,256,64,128,"Ramp","","","","","","","HoldForm[ElementwiseLayer[Ramp, ""Input"" -> {256, 64, 128}]]","1dq53uhc5a1i5",2.044007797270955e9,1.9594362863416228e9,3.391254851228978e8,"{0.006184, 0.00146, 0.001342, 0.001163, 0.001066, 0.001114, 0.001071, 0.001121, 0.001031, 0.00105, 0.001055, 0.001055, 0.001127, 0.001117, 0.001092, 0.001036, 0.001039, 0.001094, 0.001039, 0.001065, 0.001063, 0.001061, 0.001055, 0.001048, 0.001091, 0.001072, 0.001123, 0.001046, 0.001047, 0.001035, 0.001027, 0.00105, 0.001044, 0.001032, 0.001058, 0.001083, 0.001114, 0.001114, 0.001061, 0.00107, 0.001061, 0.001032, 0.001026, 0.00105, 0.001041, 0.001069, 0.001084, 0.001085, 0.001073, 0.001044, 0.001123, 0.001072, 0.001049, 0.001031, 0.001043, 0.001099, 0.001059, 0.001038, 0.001038, 0.001069, 0.00114, 0.001073, 0.001049, 0.001074, 0.001131, 0.001072, 0.00105, 0.001027, 0.001055, 0.001135, 0.001125, 0.001133, 0.001136, 0.001196, 0.001117, 0.001107, 0.001138, 0.00113, 0.001074, 0.001055, 0.00109, 0.001064, 0.001124, 0.001076, 0.00106, 0.001053, 0.00103, 0.001087, 0.00104, 0.001031, 0.001036, 0.001098, 0.001147, 0.001061, 0.001039, 0.001055, 0.001082, 0.001068, 0.001084, 0.00106}"
