"model_name","layer_name","layer_index","kind","min_time","mean_time","max_time","add_flops","div_flops","cmp_flops","exp_flops","mad_flops","input_channel","input_height","input_width","output_channel","output_height","output_width","function","kernel_1","kernel_2","stride_1","stride_2","dilation_1","dilation_2","input_form","topology_hash","mad/min_time","mad/mean_time","mad/max_time","time"
"BERT Trained on BookCorpus and English Wikipedia Data","encoder/8/1/attention/6/query/Net",534,"Linear",0.000032,0.00003686666666666665,0.003304,0,0,0,0,49152,768,"","",64,"","","","","","","","","","HoldForm[LinearLayer[{64}, ""Input"" -> 768]]","1ar66gqblf480",1.536e9,1.3332368896925864e9,1.4876513317191284e7,"{0.003304, 0.000073, 0.000042, 0.00004, 0.000038, 0.000037, 0.000037, 0.000037, 0.000037, 0.000037, 0.000038, 0.000037, 0.000036, 0.000036, 0.000036, 0.000036, 0.000037, 0.000037, 0.000037, 0.000037, 0.000037, 0.000037, 0.000049, 0.000039, 0.000037, 0.000036, 0.000037, 0.000037, 0.000037, 0.000037, 0.000037, 0.000037, 0.000037, 0.000037, 0.000037, 0.000048, 0.000044, 0.000033, 0.000033, 0.000032, 0.000033, 0.000032, 0.000033, 0.000061, 0.000036, 0.000033, 0.000032, 0.000033, 0.000032, 0.000033, 0.000037, 0.000037, 0.000036, 0.000056, 0.00004, 0.000037, 0.000037, 0.000037, 0.000037, 0.000078, 0.000042, 0.000037, 0.000037, 0.000037, 0.000036, 0.000036, 0.000037, 0.000037, 0.000037, 0.000037, 0.000037, 0.000037, 0.000037, 0.000036, 0.000036, 0.000036, 0.000036, 0.000036, 0.000037, 0.000037, 0.000037, 0.000037, 0.000037, 0.000037, 0.000037, 0.000037, 0.000037, 0.000036, 0.000037, 0.000036, 0.000037, 0.000037, 0.000037, 0.000037, 0.000037, 0.000037, 0.000037, 0.000037, 0.000036, 0.000037}"
