"model_name","layer_name","layer_index","kind","min_time","mean_time","max_time","add_flops","div_flops","cmp_flops","exp_flops","mad_flops","input_channel","input_height","input_width","output_channel","output_height","output_width","function","kernel_1","kernel_2","stride_1","stride_2","dilation_1","dilation_2","input_form","topology_hash","mad/min_time","mad/mean_time","mad/max_time","time"
"GPT Transformer Trained on BookCorpus Data","decoder/12/2/linear1/Net",852,"Linear",0.000437,0.00044013333333333337,0.000495,0,0,0,0,2359296,768,"","",3072,"","","","","","","","","","HoldForm[LinearLayer[{3072}, ""Input"" -> 768]]","12cu9og6003am",5.398846681922197e9,5.360411996364737e9,4.766254545454546e9,"{0.000495, 0.000454, 0.000441, 0.000465, 0.000441, 0.00044, 0.000439, 0.000439, 0.000463, 0.00044, 0.000439, 0.000438, 0.000438, 0.000439, 0.000438, 0.000439, 0.000439, 0.000439, 0.000463, 0.000447, 0.000439, 0.000439, 0.000444, 0.00044, 0.000438, 0.000439, 0.000477, 0.000441, 0.000439, 0.00044, 0.000438, 0.00044, 0.000438, 0.000437, 0.000439, 0.000461, 0.00044, 0.000438, 0.000439, 0.000438, 0.000439, 0.000438, 0.000446, 0.000438, 0.000439, 0.000476, 0.000444, 0.000442, 0.000442, 0.000454}"
