"model_name","layer_name","layer_index","kind","min_time","mean_time","max_time","add_flops","div_flops","cmp_flops","exp_flops","mad_flops","input_channel","input_height","input_width","output_channel","output_height","output_width","function","kernel_1","kernel_2","stride_1","stride_2","dilation_1","dilation_2","input_form","topology_hash","mad/min_time","mad/mean_time","mad/max_time","time"
"Deep Speech 2 Trained on Baidu English Data","10/ForwardNet/3/Net/{Wis,Wrs}.s[t-1]",62,"Linear",0.0004,0.0004104499999999999,0.003903,0,0,0,0,2097152,1024,"","",2048,"","","","","","","","","","HoldForm[LinearLayer[{2048}, ""Input"" -> 1024]]","1rnx0nq3ny7go",5.24288e9,5.109397003289074e9,5.37317960543172e8,"{0.003903, 0.000584, 0.000442, 0.000419, 0.000437, 0.000414, 0.000411, 0.00041, 0.000412, 0.000412, 0.00041, 0.000412, 0.00041, 0.000433, 0.000405, 0.000417, 0.000416, 0.00041, 0.000406, 0.000405, 0.000406, 0.000407, 0.000469, 0.000443, 0.00041, 0.000408, 0.000407, 0.000406, 0.000406, 0.000406, 0.000406, 0.000407, 0.000406, 0.000423, 0.000408, 0.000405, 0.000405, 0.000405, 0.000404, 0.000417, 0.000407, 0.000406, 0.000427, 0.000416, 0.000407, 0.000408, 0.000465, 0.000476, 0.000412, 0.000409, 0.000408, 0.000406, 0.00045, 0.000408, 0.000406, 0.000406, 0.000409, 0.00041, 0.0004, 0.000406, 0.000407, 0.000427, 0.000408, 0.000416, 0.000407, 0.000408, 0.000407, 0.000407, 0.000406, 0.000441, 0.000465, 0.000469, 0.000411, 0.000407, 0.000409, 0.000406, 0.000406, 0.000406, 0.000405, 0.000408, 0.000432, 0.000408, 0.000439, 0.000409, 0.000408, 0.000406, 0.000416, 0.000409, 0.000406, 0.000412, 0.000423, 0.000407, 0.000406, 0.000408, 0.000459, 0.000429, 0.000413, 0.000416, 0.00046, 0.000442}"
