"model_name","layer_name","layer_index","kind","min_time","mean_time","max_time","add_flops","div_flops","cmp_flops","exp_flops","mad_flops","input_channel","input_height","input_width","output_channel","output_height","output_width","function","kernel_1","kernel_2","stride_1","stride_2","dilation_1","dilation_2","input_form","topology_hash","mad/min_time","mad/mean_time","mad/max_time","time"
"BERT Trained on BookCorpus and English Wikipedia Data","encoder/1/1/attention/12/value/Net",69,"Linear",0.000031,0.000033566666666666665,0.000064,0,0,0,0,49152,768,"","",64,"","","","","","","","","","HoldForm[LinearLayer[{64}, ""Input"" -> 768]]","1ar66gqblf480",1.585548387096774e9,1.4643098311817281e9,7.68e8,"{0.000064, 0.000035, 0.000031, 0.000044, 0.000034, 0.000033, 0.000034, 0.000033, 0.000034, 0.000033, 0.000033, 0.000034, 0.000034, 0.000034, 0.000034, 0.000033, 0.000033, 0.000033, 0.000033, 0.000033, 0.000034, 0.000034, 0.000033, 0.000033, 0.000033, 0.000034, 0.000033, 0.000033, 0.000033, 0.000034, 0.000034, 0.000033, 0.000033, 0.000034, 0.000034, 0.000034, 0.000033, 0.000033, 0.000034, 0.000034, 0.000033, 0.000033, 0.000033, 0.000034, 0.000034, 0.000034, 0.000034, 0.000034, 0.000034, 0.000034}"
