"model_name","layer_name","layer_index","kind","min_time","mean_time","max_time","add_flops","div_flops","cmp_flops","exp_flops","mad_flops","input_channel","input_height","input_width","output_channel","output_height","output_width","function","kernel_1","kernel_2","stride_1","stride_2","dilation_1","dilation_2","input_form","topology_hash","mad/min_time","mad/mean_time","mad/max_time","time"
"Squeeze-and-Excitation Net Trained on ImageNet Competition Data","5c/conv5_3_1x1_up",864,"Linear",0.000075,0.00007626666666666669,0.000118,0,0,0,0,262144,128,"","",2048,"","","","","","","","","","HoldForm[LinearLayer[{2048}, ""Input"" -> 128]]","140d2b3xzc8c3",3.4952533333333335e9,3.4372027972027965e9,2.2215593220338984e9,"{0.000118, 0.00009, 0.000081, 0.000078, 0.000076, 0.000076, 0.000104, 0.000083, 0.000077, 0.000077, 0.000076, 0.000076, 0.000077, 0.000077, 0.000077, 0.000077, 0.000076, 0.000076, 0.000076, 0.000076, 0.000076, 0.000077, 0.000076, 0.000075, 0.000076, 0.000076, 0.000075, 0.000076, 0.000076, 0.000075, 0.000076, 0.000077, 0.000076, 0.000076, 0.000077, 0.000076, 0.000076, 0.00011, 0.000079, 0.000077, 0.000076, 0.000075, 0.000076, 0.000075, 0.000076, 0.000075, 0.000076, 0.000076, 0.000076, 0.000076}"
