"model_name","layer_name","layer_index","kind","min_time","mean_time","max_time","add_flops","div_flops","cmp_flops","exp_flops","mad_flops","input_channel","input_height","input_width","output_channel","output_height","output_width","function","kernel_1","kernel_2","stride_1","stride_2","dilation_1","dilation_2","input_form","topology_hash","mad/min_time","mad/mean_time","mad/max_time","time"
"BERT Trained on BookCorpus and English Wikipedia Data","encoder/2/1/attention/8/key/Net",117,"Linear",0.000036,0.00003918333333333339,0.003481,0,0,0,0,49152,768,"","",64,"","","","","","","","","","HoldForm[LinearLayer[{64}, ""Input"" -> 768]]","1ar66gqblf480",1.3653333333333333e9,1.2544108889834094e9,1.4120080436656132e7,"{0.003481, 0.000073, 0.000041, 0.000038, 0.000037, 0.000036, 0.000049, 0.00004, 0.00004, 0.00004, 0.000041, 0.00004, 0.00004, 0.00004, 0.00004, 0.000041, 0.00004, 0.00004, 0.00004, 0.00004, 0.00004, 0.000041, 0.00004, 0.00004, 0.00004, 0.00004, 0.00004, 0.00004, 0.00004, 0.000041, 0.00004, 0.000041, 0.00004, 0.00004, 0.00004, 0.00004, 0.00004, 0.000041, 0.000039, 0.00004, 0.00004, 0.000039, 0.00004, 0.00004, 0.00004, 0.00004, 0.00004, 0.000082, 0.000043, 0.00005, 0.000041, 0.000041, 0.00004, 0.00004, 0.000041, 0.00004, 0.00004, 0.00004, 0.00004, 0.00004, 0.00004, 0.00004, 0.00004, 0.000041, 0.00004, 0.00004, 0.000041, 0.000037, 0.000036, 0.000036, 0.000036, 0.000036, 0.000036, 0.000037, 0.000037, 0.000037, 0.000037, 0.000037, 0.000037, 0.000037, 0.000037, 0.000037, 0.000037, 0.000037, 0.000036, 0.000036, 0.000037, 0.000036, 0.000037, 0.000037, 0.000037, 0.000037, 0.000036, 0.000037, 0.000037, 0.000037, 0.000037, 0.000036, 0.000037, 0.000036}"
