"model_name","layer_name","layer_index","kind","min_time","mean_time","max_time","add_flops","div_flops","cmp_flops","exp_flops","mad_flops","input_channel","input_height","input_width","output_channel","output_height","output_width","function","kernel_1","kernel_2","stride_1","stride_2","dilation_1","dilation_2","input_form","topology_hash","mad/min_time","mad/mean_time","mad/max_time","time"
"ELMo Contextual Word Representations Trained on 1B Word Benchmark","rnn1/forward/Net/projection",44,"Linear",0.000378,0.00040901666666666675,0.003902,0,0,0,0,2097152,4096,"","",512,"","","","","","","","","","HoldForm[LinearLayer[{512}, ""Input"" -> 4096]]","0vupjeekg6rf4",5.548021164021164e9,5.127302065930483e9,5.374556637621732e8,"{0.003902, 0.00061, 0.000447, 0.000438, 0.000444, 0.000414, 0.000415, 0.000382, 0.000405, 0.000413, 0.000396, 0.000382, 0.000409, 0.000435, 0.000412, 0.000406, 0.00038, 0.000379, 0.000381, 0.000406, 0.00041, 0.000408, 0.000409, 0.000425, 0.000466, 0.00043, 0.00038, 0.000411, 0.000409, 0.000406, 0.000381, 0.000406, 0.000416, 0.000418, 0.00041, 0.000425, 0.000406, 0.000403, 0.000397, 0.000407, 0.000406, 0.000421, 0.00043, 0.00038, 0.000428, 0.00041, 0.000412, 0.000403, 0.000407, 0.000452, 0.000436, 0.000408, 0.000422, 0.000407, 0.000406, 0.000408, 0.000403, 0.000389, 0.000406, 0.000405, 0.000389, 0.000405, 0.000418, 0.000398, 0.000407, 0.000395, 0.000403, 0.000448, 0.000429, 0.000384, 0.000381, 0.000401, 0.000398, 0.000454, 0.000412, 0.000407, 0.000412, 0.000378, 0.000434, 0.000409, 0.000423, 0.000431, 0.000421, 0.000408, 0.000407, 0.000407, 0.000406, 0.000412, 0.00038, 0.00038, 0.00038, 0.000395, 0.00038, 0.000421, 0.00041, 0.000403, 0.000409, 0.00041, 0.000423, 0.000414}"
