"model_name","layer_name","layer_index","kind","min_time","mean_time","max_time","add_flops","div_flops","cmp_flops","exp_flops","mad_flops","input_channel","input_height","input_width","output_channel","output_height","output_width","function","kernel_1","kernel_2","stride_1","stride_2","dilation_1","dilation_2","input_form","topology_hash","mad/min_time","mad/mean_time","mad/max_time","time"
"BERT Trained on BookCorpus and English Wikipedia Data","encoder/2/1/attention/8/query/Net",118,"Linear",0.000024,0.000024899999999999992,0.000061,0,0,0,0,49152,768,"","",64,"","","","","","","","","","HoldForm[LinearLayer[{64}, ""Input"" -> 768]]","1ar66gqblf480",2.048e9,1.9739759036144586e9,8.057704918032787e8,"{0.000061, 0.000033, 0.00003, 0.000042, 0.000032, 0.000026, 0.000025, 0.000031, 0.000027, 0.000032, 0.000032, 0.000026, 0.000026, 0.000026, 0.000024, 0.000025, 0.000024, 0.000024, 0.000025, 0.000024, 0.000024, 0.000025, 0.000025, 0.000024, 0.00006, 0.000039, 0.000034, 0.000025, 0.000024, 0.000025, 0.000024, 0.000024, 0.000025, 0.000024, 0.000025, 0.000025, 0.000024, 0.000024, 0.000024, 0.000024, 0.000024, 0.000024, 0.000024, 0.000024, 0.000024, 0.000024, 0.000024, 0.000024, 0.000024, 0.000024}"
