"model_name","layer_name","layer_index","kind","min_time","mean_time","max_time","add_flops","div_flops","cmp_flops","exp_flops","mad_flops","input_channel","input_height","input_width","output_channel","output_height","output_width","function","kernel_1","kernel_2","stride_1","stride_2","dilation_1","dilation_2","input_form","topology_hash","mad/min_time","mad/mean_time","mad/max_time","time"
"CycleGAN Photo-to-Van Gogh Translation","19/1/3",56,"Normalization",0.026172,0.026224900000000002,0.02721,524288,1048576,0,524288,1048576,128,64,64,128,64,64,"","","","","","","","HoldForm[NormalizationLayer[""Epsilon"" -> 0.00001, ""Input"" -> {128, 64, 64}]]","0swr1e5sz4uqw",4.006480207855724e7,3.9983984686309576e7,3.853642043366409e7,"{0.02721, 0.026188, 0.02622, 0.026253, 0.026275, 0.026239, 0.026219, 0.02622, 0.026235, 0.026234, 0.0262, 0.026208, 0.026221, 0.026269, 0.026237, 0.026205, 0.026256, 0.026213, 0.026244, 0.026497, 0.02622, 0.026259, 0.026314, 0.026264, 0.026293, 0.02626, 0.026238, 0.026268, 0.026235, 0.026262, 0.02624, 0.026204, 0.026247, 0.026188, 0.026206, 0.026178, 0.026186, 0.026222, 0.026196, 0.026234, 0.026172, 0.026206, 0.026182, 0.026194, 0.026186, 0.026198, 0.02619, 0.026198, 0.026209, 0.026227}"
