"model_name","layer_name","layer_index","kind","min_time","mean_time","max_time","add_flops","div_flops","cmp_flops","exp_flops","mad_flops","input_channel","input_height","input_width","output_channel","output_height","output_width","function","kernel_1","kernel_2","stride_1","stride_2","dilation_1","dilation_2","input_form","topology_hash","mad/min_time","mad/mean_time","mad/max_time","time"
"CycleGAN Horse-to-Zebra Translation Trained on ImageNet Competition Data","18/1/7",66,"Normalization",0.026136,0.026224466666666665,0.027107,524288,1048576,0,524288,1048576,128,64,64,128,64,64,"","","","","","","","HoldForm[NormalizationLayer[""Epsilon"" -> 0.00001, ""Input"" -> {128, 64, 64}]]","0swr1e5sz4uqw",4.01199877563514e7,3.998464538204781e7,3.868284944848194e7,"{0.027107, 0.026202, 0.026249, 0.026183, 0.026175, 0.026136, 0.026177, 0.02625, 0.026222, 0.026349, 0.026305, 0.026226, 0.026202, 0.02622, 0.026227, 0.026227, 0.026235, 0.026205, 0.02629, 0.026258, 0.02623, 0.026191, 0.02623, 0.026233, 0.026242, 0.026225, 0.026225, 0.02626, 0.026239, 0.026211, 0.026237, 0.026242, 0.026233, 0.026231, 0.026197, 0.026206, 0.026202, 0.026354, 0.02624, 0.026203, 0.026228, 0.026261, 0.026195, 0.026213, 0.026209, 0.026224, 0.026223, 0.026199, 0.026232, 0.026214}"
