"model_name","layer_name","layer_index","kind","min_time","mean_time","max_time","add_flops","div_flops","cmp_flops","exp_flops","mad_flops","input_channel","input_height","input_width","output_channel","output_height","output_width","function","kernel_1","kernel_2","stride_1","stride_2","dilation_1","dilation_2","input_form","topology_hash","mad/min_time","mad/mean_time","mad/max_time","time"
"CycleGAN Apple-to-Orange Translation Trained on ImageNet Competition Data","23",86,"Normalization",0.05226,0.05238516666666667,0.055264,1048576,2097152,0,1048576,2097152,64,128,128,64,128,128,"","","","","","","","HoldForm[NormalizationLayer[""Epsilon"" -> 0.00001, ""Input"" -> {64, 128, 128}]]","11dj6d7luxeus",4.012920015308075e7,4.0033317319470204e7,3.794788650839606e7,"{0.054206, 0.052296, 0.052311, 0.052305, 0.052339, 0.052268, 0.05226, 0.052357, 0.052455, 0.052375, 0.052379, 0.052378, 0.053803, 0.052352, 0.052632, 0.052433, 0.0524, 0.055264, 0.052439, 0.052345, 0.0524, 0.052385, 0.052392, 0.053604, 0.052401, 0.05239, 0.052387, 0.052411, 0.05234, 0.052382, 0.052379, 0.052425, 0.05237, 0.052353, 0.052414, 0.052377, 0.052388, 0.052385, 0.052338, 0.052394, 0.052397, 0.052372, 0.052428, 0.052341, 0.052382, 0.05238, 0.052366, 0.052414, 0.052401, 0.052394}"
