"model_name","layer_name","layer_index","kind","min_time","mean_time","max_time","add_flops","div_flops","cmp_flops","exp_flops","mad_flops","input_channel","input_height","input_width","output_channel","output_height","output_width","function","kernel_1","kernel_2","stride_1","stride_2","dilation_1","dilation_2","input_form","topology_hash","mad/min_time","mad/mean_time","mad/max_time","time"
"CycleGAN Photo-to-Van Gogh Translation","15/1/3",24,"Normalization",0.035389,0.035480116666666665,0.036922,524288,1048576,0,524288,1048576,128,64,64,128,64,64,"","","","","","","","HoldForm[NormalizationLayer[""Epsilon"" -> 0.00001, ""Input"" -> {128, 64, 64}]]","0swr1e5sz4uqw",2.9629998021984234e7,2.9553905074532356e7,2.839976165971507e7,"{0.036922, 0.035501, 0.035476, 0.036388, 0.035418, 0.035503, 0.035514, 0.035544, 0.03547, 0.035504, 0.035582, 0.035497, 0.035451, 0.035572, 0.035392, 0.035416, 0.035444, 0.035462, 0.035417, 0.035437, 0.035417, 0.035423, 0.035435, 0.035713, 0.035465, 0.035389, 0.035415, 0.035424, 0.035504, 0.03546, 0.035501, 0.035528, 0.035555, 0.035475, 0.03548, 0.035463, 0.035479, 0.035455, 0.035425, 0.035481, 0.035451, 0.035457, 0.035508, 0.035475, 0.03544, 0.035691, 0.03543, 0.035487, 0.035465, 0.035486, 0.035407, 0.035523, 0.035431, 0.035469, 0.035499, 0.035514, 0.03556, 0.035441, 0.035455, 0.035458, 0.035512, 0.035572, 0.035505, 0.03544, 0.035522, 0.035495, 0.035483, 0.035453, 0.035511, 0.035434, 0.0354, 0.035526, 0.035481, 0.036163, 0.035497, 0.035489, 0.035511, 0.035469, 0.035459, 0.035566, 0.035395, 0.035425, 0.035453, 0.035462, 0.035512, 0.03554, 0.03543, 0.035441, 0.035458, 0.035549, 0.035429, 0.035494, 0.035488, 0.035807, 0.035557, 0.035539, 0.035543, 0.035539, 0.035511, 0.035485}"
