"model_name","layer_name","layer_index","kind","min_time","mean_time","max_time","add_flops","div_flops","cmp_flops","exp_flops","mad_flops","input_channel","input_height","input_width","output_channel","output_height","output_width","function","kernel_1","kernel_2","stride_1","stride_2","dilation_1","dilation_2","input_form","topology_hash","mad/min_time","mad/mean_time","mad/max_time","time"
"CycleGAN Horse-to-Zebra Translation Trained on ImageNet Competition Data","20/1/3",78,"Normalization",0.035296,0.03536328333333332,0.037188,524288,1048576,0,524288,1048576,128,64,64,128,64,64,"","","","","","","","HoldForm[NormalizationLayer[""Epsilon"" -> 0.00001, ""Input"" -> {128, 64, 64}]]","0swr1e5sz4uqw",2.970806890299184e7,2.965154536461312e7,2.8196622566419277e7,"{0.037188, 0.035434, 0.035381, 0.03538, 0.035391, 0.035368, 0.03535, 0.035345, 0.035353, 0.035452, 0.035296, 0.035342, 0.035333, 0.035334, 0.035327, 0.035369, 0.035337, 0.03535, 0.035344, 0.035385, 0.035337, 0.035342, 0.035389, 0.035394, 0.035345, 0.035335, 0.035469, 0.035313, 0.035362, 0.035394, 0.035368, 0.035342, 0.035389, 0.035354, 0.035327, 0.035329, 0.03535, 0.03531, 0.035341, 0.035299, 0.035344, 0.035348, 0.035382, 0.035344, 0.035369, 0.035327, 0.035332, 0.035318, 0.035387, 0.035349, 0.035354, 0.035332, 0.035376, 0.035323, 0.035348, 0.035393, 0.035392, 0.035367, 0.035423, 0.035377, 0.035373, 0.035314, 0.035417, 0.035381, 0.035513, 0.035375, 0.035382, 0.035388, 0.035349, 0.03542, 0.035351, 0.035377, 0.035385, 0.035527, 0.036093, 0.035392, 0.03541, 0.035424, 0.035352, 0.035461, 0.035453, 0.035462, 0.035347, 0.035351, 0.03537, 0.035351, 0.035343, 0.035402, 0.03537, 0.035385, 0.035348, 0.035391, 0.035351, 0.035325, 0.035689, 0.035347, 0.035353, 0.035341, 0.035367, 0.035302}"
