"model_name","layer_name","layer_index","kind","min_time","mean_time","max_time","add_flops","div_flops","cmp_flops","exp_flops","mad_flops","input_channel","input_height","input_width","output_channel","output_height","output_width","function","kernel_1","kernel_2","stride_1","stride_2","dilation_1","dilation_2","input_form","topology_hash","mad/min_time","mad/mean_time","mad/max_time","time"
"CycleGAN Photo-to-Monet Translation","14/1/7",34,"Normalization",0.035398,0.035484766666666674,0.036938,524288,1048576,0,524288,1048576,128,64,64,128,64,64,"","","","","","","","HoldForm[NormalizationLayer[""Epsilon"" -> 0.00001, ""Input"" -> {128, 64, 64}]]","0swr1e5sz4uqw",2.962246454601955e7,2.9550032267367307e7,2.838746006822243e7,"{0.036938, 0.035472, 0.035438, 0.035574, 0.035486, 0.035448, 0.035462, 0.035501, 0.035421, 0.035417, 0.035497, 0.035477, 0.035476, 0.035485, 0.035493, 0.035435, 0.035514, 0.035425, 0.035466, 0.035488, 0.03545, 0.035458, 0.035473, 0.035474, 0.035436, 0.035453, 0.035423, 0.036231, 0.035458, 0.035517, 0.035463, 0.035464, 0.035556, 0.035525, 0.035454, 0.035443, 0.03546, 0.035416, 0.03545, 0.035516, 0.035571, 0.035476, 0.035459, 0.03547, 0.035448, 0.035608, 0.035423, 0.035807, 0.035552, 0.03546, 0.035551, 0.035516, 0.03547, 0.035468, 0.035496, 0.035447, 0.03549, 0.035415, 0.035466, 0.035477, 0.035565, 0.035535, 0.035552, 0.035487, 0.035474, 0.035504, 0.035442, 0.035414, 0.035484, 0.035477, 0.035398, 0.035481, 0.035453, 0.035439, 0.035445, 0.035477, 0.035692, 0.03544, 0.035519, 0.035533, 0.035484, 0.035583, 0.035491, 0.035507, 0.035472, 0.035495, 0.035464, 0.035539, 0.035582, 0.035529, 0.035547, 0.035534, 0.035548, 0.035487, 0.035548, 0.035502, 0.035589, 0.035636, 0.035511, 0.035506}"
