"model_name","layer_name","layer_index","kind","min_time","mean_time","max_time","add_flops","div_flops","cmp_flops","exp_flops","mad_flops","input_channel","input_height","input_width","output_channel","output_height","output_width","function","kernel_1","kernel_2","stride_1","stride_2","dilation_1","dilation_2","input_form","topology_hash","mad/min_time","mad/mean_time","mad/max_time","time"
"CycleGAN Photo-to-Van Gogh Translation","22/1/1",78,"Padding",0.001233,0.0012509666666666666,0.002741,0,0,0,0,0,128,64,64,128,66,66,"","","","","","","","HoldForm[PaddingLayer[{{0, 0}, {1, 1}, {1, 1}}, ""Padding"" -> ""Reflected"", ""Input"" -> {128, 64, 64}]]","02kscpdwd26f9",0.,0.,0.,"{0.002741, 0.001291, 0.001263, 0.00125, 0.001241, 0.001253, 0.001262, 0.001237, 0.001285, 0.001271, 0.001238, 0.001252, 0.00124, 0.001235, 0.00126, 0.001254, 0.00127, 0.00127, 0.001251, 0.001248, 0.001236, 0.001253, 0.001261, 0.001237, 0.001249, 0.001269, 0.001267, 0.001293, 0.001238, 0.001263, 0.001262, 0.001235, 0.001235, 0.001266, 0.001253, 0.001245, 0.001233, 0.001257, 0.001257, 0.001237, 0.001253, 0.001272, 0.001239, 0.001256, 0.001235, 0.001233, 0.001251, 0.001254, 0.001235, 0.001233, 0.001277, 0.001246, 0.001235, 0.001251, 0.001264, 0.001259, 0.001282, 0.001236, 0.001268, 0.001265, 0.001237, 0.001235, 0.00125, 0.001259, 0.001237, 0.001234, 0.001306, 0.001246, 0.001235, 0.001247, 0.001235, 0.001257, 0.001255, 0.001236, 0.001267, 0.00126, 0.001236, 0.001235, 0.001258, 0.001259, 0.001235, 0.001303, 0.001268, 0.001247, 0.001234, 0.001253, 0.001235, 0.001259, 0.001251, 0.001236, 0.001268, 0.001265, 0.001238, 0.001233, 0.001247, 0.001259, 0.001266, 0.001254, 0.001267, 0.001247}"
