"model_name","layer_name","layer_index","kind","min_time","mean_time","max_time","add_flops","div_flops","cmp_flops","exp_flops","mad_flops","input_channel","input_height","input_width","output_channel","output_height","output_width","function","kernel_1","kernel_2","stride_1","stride_2","dilation_1","dilation_2","input_form","topology_hash","mad/min_time","mad/mean_time","mad/max_time","time"
"CycleGAN Horse-to-Zebra Translation Trained on ImageNet Competition Data","16/1/1",44,"Padding",0.001185,0.001208466666666667,0.002615,0,0,0,0,0,128,64,64,128,66,66,"","","","","","","","HoldForm[PaddingLayer[{{0, 0}, {1, 1}, {1, 1}}, ""Padding"" -> ""Reflected"", ""Input"" -> {128, 64, 64}]]","02kscpdwd26f9",0.,0.,0.,"{0.002615, 0.00122, 0.001223, 0.001197, 0.001205, 0.001264, 0.001259, 0.001203, 0.001211, 0.001223, 0.001201, 0.001193, 0.001214, 0.001246, 0.001202, 0.001221, 0.001199, 0.001208, 0.001198, 0.001204, 0.001193, 0.001246, 0.001222, 0.0012, 0.001199, 0.00125, 0.001201, 0.001189, 0.001219, 0.001201, 0.001245, 0.001204, 0.00124, 0.001211, 0.001223, 0.001217, 0.001192, 0.001201, 0.001258, 0.001202, 0.001199, 0.001208, 0.001215, 0.001185, 0.001188, 0.001215, 0.001241, 0.001201, 0.001229, 0.001199, 0.001209, 0.00121, 0.001193, 0.001199, 0.00124, 0.001219, 0.001198, 0.001197, 0.001219, 0.001198, 0.001199, 0.001207, 0.0012, 0.001261, 0.001201, 0.001214, 0.001209, 0.001228, 0.00122, 0.001193, 0.001202, 0.001258, 0.001203, 0.001228, 0.001209, 0.001245, 0.0012, 0.001193, 0.001216, 0.001245, 0.001202, 0.00122, 0.001206, 0.001199, 0.001211, 0.001196, 0.001201, 0.001199, 0.001254, 0.001202, 0.001198, 0.00127, 0.001201, 0.001199, 0.001207, 0.0012, 0.001242, 0.0012, 0.001213, 0.001209}"
