"model_name","layer_name","layer_index","kind","min_time","mean_time","max_time","add_flops","div_flops","cmp_flops","exp_flops","mad_flops","input_channel","input_height","input_width","output_channel","output_height","output_width","function","kernel_1","kernel_2","stride_1","stride_2","dilation_1","dilation_2","input_form","topology_hash","mad/min_time","mad/mean_time","mad/max_time","time"
"Age Estimation VGG-16 Trained on IMDB-WIKI and Looking at People Data","pool1",5,"Pooling",0.007119,0.007229183333333332,0.009837,0,0,3211264,0,0,64,224,224,64,112,112,"Max",2,2,2,2,"","","HoldForm[PoolingLayer[{2, 2}, {2, 2}, ""PaddingSize"" -> {{0, 0}, {0, 0}}, ""Input"" -> {64, 224, 224}]]","0a193p7zno4fi",0.,0.,0.,"{0.009837, 0.007481, 0.007391, 0.007361, 0.007248, 0.007183, 0.007228, 0.007196, 0.007143, 0.00718, 0.007254, 0.007225, 0.007203, 0.007164, 0.007184, 0.007119, 0.007175, 0.007234, 0.007194, 0.00727, 0.007278, 0.007248, 0.007243, 0.007139, 0.00723, 0.007262, 0.007215, 0.007237, 0.007222, 0.007178, 0.007174, 0.007225, 0.007193, 0.007181, 0.007179, 0.007194, 0.007202, 0.007153, 0.007176, 0.007205, 0.007212, 0.007319, 0.007342, 0.007202, 0.007197, 0.007257, 0.007375, 0.007261, 0.007283, 0.007248, 0.007303, 0.007152, 0.007214, 0.007314, 0.007257, 0.007285, 0.007214, 0.007275, 0.007245, 0.007332, 0.00732, 0.007311, 0.007205, 0.007285, 0.007263, 0.007124, 0.007267, 0.007254, 0.007256, 0.007201, 0.00728, 0.007249, 0.00718, 0.007243, 0.007296, 0.007261, 0.00712, 0.007225, 0.007216, 0.007167, 0.007279, 0.007277, 0.007275, 0.007204, 0.007191, 0.007187, 0.007153, 0.007215, 0.00731, 0.007227, 0.007128, 0.007202, 0.00721, 0.007198, 0.007264, 0.007284, 0.007254, 0.007197, 0.00721, 0.007228}"
