"model_name","layer_name","layer_index","kind","min_time","mean_time","max_time","add_flops","div_flops","cmp_flops","exp_flops","mad_flops","input_channel","input_height","input_width","output_channel","output_height","output_width","function","kernel_1","kernel_2","stride_1","stride_2","dilation_1","dilation_2","input_form","topology_hash","mad/min_time","mad/mean_time","mad/max_time","time"
"Age Estimation VGG-16 Trained on IMDB-WIKI Data","pool1",5,"Pooling",0.007134,0.0072553999999999995,0.009936,0,0,3211264,0,0,64,224,224,64,112,112,"Max",2,2,2,2,"","","HoldForm[PoolingLayer[{2, 2}, {2, 2}, ""PaddingSize"" -> {{0, 0}, {0, 0}}, ""Input"" -> {64, 224, 224}]]","0a193p7zno4fi",0.,0.,0.,"{0.009936, 0.007678, 0.007492, 0.007374, 0.007378, 0.007352, 0.00728, 0.00738, 0.007316, 0.007325, 0.007208, 0.007262, 0.007191, 0.007228, 0.007263, 0.007309, 0.007245, 0.007163, 0.007265, 0.007285, 0.007191, 0.007204, 0.007277, 0.007221, 0.007187, 0.007236, 0.007244, 0.007252, 0.007159, 0.007292, 0.007239, 0.007134, 0.007302, 0.007379, 0.007355, 0.0072, 0.007241, 0.007305, 0.007289, 0.007205, 0.007223, 0.007241, 0.007285, 0.007435, 0.007391, 0.00725, 0.007196, 0.007324, 0.007312, 0.007255, 0.007236, 0.0073, 0.00726, 0.007218, 0.007329, 0.007308, 0.00736, 0.007312, 0.007308, 0.007253, 0.007307, 0.007466, 0.007454, 0.007309, 0.007312, 0.00726, 0.00726, 0.007224, 0.007196, 0.007271, 0.007173, 0.007242, 0.007207, 0.007201, 0.007215, 0.007157, 0.007237, 0.007228, 0.007194, 0.007224, 0.007201, 0.007177, 0.007216, 0.007307, 0.007276, 0.007313, 0.007207, 0.007238, 0.007204, 0.007216, 0.007242, 0.007164, 0.007216, 0.007213, 0.007276, 0.007197, 0.007194, 0.007251, 0.007184, 0.007269}"
