"model_name","layer_name","layer_index","kind","min_time","mean_time","max_time","add_flops","div_flops","cmp_flops","exp_flops","mad_flops","input_channel","input_height","input_width","output_channel","output_height","output_width","function","kernel_1","kernel_2","stride_1","stride_2","dilation_1","dilation_2","input_form","topology_hash","mad/min_time","mad/mean_time","mad/max_time","time"
"AdaIN-Style Trained on MS-COCO and Painter by Numbers Data","adaIN/s_v_br",76,"Replicate",0.07325,0.07333666666666666,0.07777,0,0,0,0,0,512,"","",512,64,64,"","","","","","","","HoldForm[ReplicateLayer[{Automatic, Automatic}, -1, ""Input"" -> 512]]","0v0m7q3miys2q",0.,0.,0.,"{0.07777, 0.073282, 0.07334, 0.073318, 0.073265, 0.073352, 0.073274, 0.073292, 0.07325, 0.073351, 0.073387, 0.073356, 0.073448, 0.07335, 0.073328, 0.07333, 0.073358, 0.07329, 0.073302, 0.073356, 0.073303, 0.073368, 0.073347, 0.073446, 0.073417, 0.073305, 0.073364, 0.073325, 0.073341, 0.073349, 0.073528, 0.073346, 0.073326, 0.073356, 0.073302, 0.073393, 0.073325, 0.073369, 0.073366, 0.073283, 0.073362, 0.073306, 0.073329, 0.073339, 0.073493, 0.073378, 0.073341, 0.073344, 0.073298, 0.073323, 0.073348, 0.073436, 0.07341, 0.073323, 0.073398, 0.073305, 0.073368, 0.07335, 0.073327, 0.073362, 0.073276, 0.07342, 0.073322, 0.07328, 0.074449, 0.073336, 0.073266, 0.07331, 0.074601, 0.073258, 0.073345, 0.07334, 0.075673, 0.073291, 0.073286, 0.073383, 0.074019, 0.073352, 0.073426, 0.073474, 0.073297, 0.073318, 0.075137, 0.073322, 0.073335, 0.077211, 0.073692, 0.073337, 0.07329, 0.073296, 0.07329, 0.073332, 0.073335, 0.073264, 0.073308, 0.073254, 0.073272, 0.073308, 0.073261, 0.073297}"
