"model_name","layer_name","layer_index","kind","min_time","mean_time","max_time","add_flops","div_flops","cmp_flops","exp_flops","mad_flops","input_channel","input_height","input_width","output_channel","output_height","output_width","function","kernel_1","kernel_2","stride_1","stride_2","dilation_1","dilation_2","input_form","topology_hash","mad/min_time","mad/mean_time","mad/max_time","time"
"ColorNet Image Colorization Trained on ImageNet Competition Data","2/29",45,"Replicate",0.00726,0.007302549999999999,0.007988,0,0,0,0,0,256,"","",256,28,28,"","","","","","","","HoldForm[ReplicateLayer[{Automatic, Automatic}, 2, ""Input"" -> 256]]","1nnnf3h2vcfgx",0.,0.,0.,"{0.007988, 0.007315, 0.007288, 0.007293, 0.007309, 0.007384, 0.007271, 0.007294, 0.007304, 0.007306, 0.007326, 0.007317, 0.007319, 0.007279, 0.007304, 0.007307, 0.007294, 0.007283, 0.007298, 0.007372, 0.007278, 0.007539, 0.007294, 0.007309, 0.007281, 0.0073, 0.007352, 0.00731, 0.007299, 0.007285, 0.007296, 0.007273, 0.007326, 0.007355, 0.00731, 0.007277, 0.007278, 0.007308, 0.007323, 0.007309, 0.007286, 0.007293, 0.00729, 0.007306, 0.00731, 0.007304, 0.007308, 0.007316, 0.00731, 0.007283, 0.007303, 0.007284, 0.007322, 0.007303, 0.007302, 0.007297, 0.007324, 0.007274, 0.007289, 0.007312, 0.007296, 0.007355, 0.007297, 0.007304, 0.007274, 0.007301, 0.007326, 0.007323, 0.007276, 0.007292, 0.007314, 0.00728, 0.007301, 0.007307, 0.00732, 0.007321, 0.007289, 0.007286, 0.007309, 0.007304, 0.007337, 0.007307, 0.007271, 0.007295, 0.00731, 0.007302, 0.007328, 0.007337, 0.007283, 0.007346, 0.007283, 0.007287, 0.007309, 0.00726, 0.007346, 0.007291, 0.007325, 0.007285, 0.007314, 0.00728}"
