"model_name","layer_name","layer_index","kind","min_time","mean_time","max_time","add_flops","div_flops","cmp_flops","exp_flops","mad_flops","input_channel","input_height","input_width","output_channel","output_height","output_width","function","kernel_1","kernel_2","stride_1","stride_2","dilation_1","dilation_2","input_form","topology_hash","mad/min_time","mad/mean_time","mad/max_time","time"
"Squeeze-and-Excitation Net Trained on ImageNet Competition Data","5c/conv5_3_scale",867,"Threading",0.000072,0.00007346666666666665,0.000277,0,0,0,0,200704,2048,7,7,2048,7,7,"Times","","","","","","","HoldForm[ThreadingLayer[Times, ""Inputs"" -> {{2048, 7, 7}, {2048, 7, 7}}]]","1spgkvd3ot1uv",2.7875555555555553e9,2.731905626134302e9,7.245631768953068e8,"{0.000277, 0.000085, 0.000076, 0.000075, 0.000074, 0.000074, 0.000077, 0.000074, 0.000073, 0.000074, 0.000074, 0.000074, 0.000073, 0.000073, 0.000073, 0.000098, 0.000077, 0.000075, 0.000074, 0.000074, 0.000073, 0.000074, 0.000073, 0.000073, 0.000073, 0.000074, 0.000073, 0.000074, 0.000073, 0.000074, 0.000074, 0.000073, 0.000073, 0.000073, 0.000073, 0.000073, 0.000073, 0.000074, 0.000073, 0.000074, 0.000073, 0.000073, 0.000073, 0.000073, 0.000073, 0.000073, 0.000072, 0.000074, 0.000073, 0.000073}"
