"model_name","layer_name","layer_index","kind","min_time","mean_time","max_time","add_flops","div_flops","cmp_flops","exp_flops","mad_flops","input_channel","input_height","input_width","output_channel","output_height","output_width","function","kernel_1","kernel_2","stride_1","stride_2","dilation_1","dilation_2","input_form","topology_hash","mad/min_time","mad/mean_time","mad/max_time","time"
"Dilated ResNet-105 Trained on Cityscapes Data","elemwise_add10",124,"Threading",0.008291,0.0085193,0.025268,16777216,0,0,0,0,1024,64,128,1024,64,128,"Plus","","","","","","","HoldForm[ThreadingLayer[Plus, ""Inputs"" -> {{1024, 64, 128}, {1024, 64, 128}}]]","1oxucx98c8bg3",0.,0.,0.,"{0.025268, 0.008645, 0.008542, 0.008431, 0.0084, 0.008473, 0.0084, 0.008437, 0.008439, 0.008382, 0.008291, 0.008381, 0.008404, 0.008321, 0.008365, 0.008346, 0.00832, 0.00857, 0.008457, 0.008484, 0.008718, 0.008678, 0.008635, 0.008777, 0.008905, 0.008826, 0.008688, 0.008579, 0.008574, 0.008504, 0.008523, 0.008522, 0.008631, 0.00852, 0.008425, 0.008511, 0.008546, 0.00856, 0.008547, 0.008577, 0.008639, 0.008436, 0.008569, 0.008543, 0.008564, 0.008493, 0.008559, 0.008486, 0.008512, 0.008409, 0.008526, 0.008506, 0.008429, 0.008447, 0.008325, 0.00846, 0.008566, 0.00869, 0.008759, 0.008753, 0.008816, 0.008672, 0.008732, 0.008773, 0.008786, 0.008778, 0.008843, 0.008815, 0.008735, 0.008784, 0.008721, 0.008769, 0.008812, 0.008775, 0.008789, 0.008774, 0.008559, 0.008535, 0.008416, 0.008469, 0.00831, 0.00832, 0.008347, 0.008463, 0.008381, 0.008336, 0.008336, 0.008455, 0.008323, 0.008315, 0.008354, 0.008311, 0.008394, 0.008377, 0.008376, 0.008444, 0.008512, 0.008459, 0.008357, 0.008423}"
