"model_name","layer_name","layer_index","kind","min_time","mean_time","max_time","add_flops","div_flops","cmp_flops","exp_flops","mad_flops","input_channel","input_height","input_width","output_channel","output_height","output_width","function","kernel_1","kernel_2","stride_1","stride_2","dilation_1","dilation_2","input_form","topology_hash","mad/min_time","mad/mean_time","mad/max_time","time"
"Squeeze-and-Excitation Net Trained on ImageNet Competition Data","2a/conv2_1_scale",28,"Threading",0.000414,0.0004215333333333333,0.001936,0,0,0,0,1605632,256,56,56,256,56,56,"Times","","","","","","","HoldForm[ThreadingLayer[Times, ""Inputs"" -> {{256, 56, 56}, {256, 56, 56}}]]","1sxo8swiqpdkx",3.878338164251208e9,3.809027360430176e9,8.293553719008265e8,"{0.001936, 0.000675, 0.00052, 0.000446, 0.000461, 0.000424, 0.00042, 0.000421, 0.000422, 0.000432, 0.000422, 0.000419, 0.000435, 0.000446, 0.00042, 0.000416, 0.000416, 0.000417, 0.000417, 0.000416, 0.000416, 0.000416, 0.000434, 0.000446, 0.000417, 0.000418, 0.000433, 0.000432, 0.000418, 0.000417, 0.000418, 0.000418, 0.000442, 0.000428, 0.000434, 0.000426, 0.000418, 0.000418, 0.000418, 0.000419, 0.000417, 0.000438, 0.000416, 0.000416, 0.000417, 0.000414, 0.000414, 0.000415, 0.000415, 0.000415}"
