"model_name","layer_name","layer_index","kind","min_time","mean_time","max_time","add_flops","div_flops","cmp_flops","exp_flops","mad_flops","input_channel","input_height","input_width","output_channel","output_height","output_width","function","kernel_1","kernel_2","stride_1","stride_2","dilation_1","dilation_2","input_form","topology_hash","mad/min_time","mad/mean_time","mad/max_time","time"
"CycleGAN Photo-to-Van Gogh Translation","20/2",69,"Total",0.000607,0.0006173666666666667,0.002028,524288,0,0,0,0,128,64,64,128,64,64,"","","","","","","","HoldForm[TotalLayer[""Inputs"" -> {{128, 64, 64}, {128, 64, 64}}]]","1u1wha1dgv2gf",0.,0.,0.,"{0.002028, 0.000653, 0.000616, 0.00061, 0.000643, 0.000654, 0.000615, 0.000637, 0.000614, 0.000614, 0.000612, 0.000612, 0.000611, 0.000633, 0.000611, 0.000644, 0.000651, 0.000611, 0.000611, 0.000609, 0.000657, 0.000648, 0.000613, 0.000609, 0.000607, 0.000609, 0.000624, 0.000611, 0.000609, 0.000619, 0.000611, 0.000608, 0.000625, 0.000646, 0.000612, 0.000609, 0.000635, 0.000612, 0.000644, 0.000627, 0.000612, 0.000609, 0.000609, 0.000609, 0.000609, 0.000635, 0.00067, 0.000614, 0.000611, 0.000648, 0.000612, 0.00061, 0.000676, 0.000615, 0.000646, 0.000612, 0.00061, 0.000609, 0.00063, 0.000611, 0.000609, 0.000621, 0.00061, 0.000609, 0.000653, 0.000648, 0.000613, 0.00061, 0.000636, 0.000611, 0.000645, 0.000631, 0.00061, 0.000609, 0.000609, 0.000609, 0.000609, 0.000633, 0.00061, 0.000639, 0.000611, 0.000649, 0.00061, 0.000609, 0.000652, 0.000611, 0.000647, 0.000609, 0.000609, 0.000609, 0.000628, 0.000609, 0.000608, 0.000618, 0.000609, 0.000639, 0.000626, 0.000646, 0.00061, 0.000609}"
