"model_name","layer_name","layer_index","kind","min_time","mean_time","max_time","add_flops","div_flops","cmp_flops","exp_flops","mad_flops","input_channel","input_height","input_width","output_channel","output_height","output_width","function","kernel_1","kernel_2","stride_1","stride_2","dilation_1","dilation_2","input_form","topology_hash","mad/min_time","mad/mean_time","mad/max_time","time"
"CycleGAN Apple-to-Orange Translation Trained on ImageNet Competition Data","13/2",27,"Total",0.000608,0.0006149833333333336,0.001954,524288,0,0,0,0,128,64,64,128,64,64,"","","","","","","","HoldForm[TotalLayer[""Inputs"" -> {{128, 64, 64}, {128, 64, 64}}]]","1u1wha1dgv2gf",0.,0.,0.,"{0.001954, 0.000698, 0.000664, 0.000615, 0.000637, 0.000612, 0.000612, 0.000628, 0.000634, 0.000615, 0.000614, 0.000614, 0.000617, 0.000613, 0.00061, 0.000624, 0.00061, 0.000646, 0.000612, 0.000612, 0.000609, 0.000656, 0.000613, 0.000619, 0.00061, 0.000609, 0.000609, 0.000624, 0.000612, 0.000611, 0.00061, 0.000644, 0.000612, 0.000646, 0.000632, 0.000611, 0.000609, 0.000634, 0.000612, 0.000609, 0.000632, 0.000611, 0.00061, 0.000608, 0.000609, 0.000611, 0.000609, 0.000631, 0.000611, 0.000608, 0.000649, 0.000612, 0.000609, 0.000653, 0.00061, 0.000609, 0.000621, 0.000643, 0.000611, 0.00061, 0.000627, 0.000613, 0.000611, 0.000612, 0.00061, 0.00061, 0.000662, 0.000611, 0.000609, 0.000634, 0.000639, 0.000611, 0.00064, 0.000612, 0.000611, 0.000611, 0.000609, 0.000614, 0.000611, 0.000626, 0.00061, 0.000609, 0.000646, 0.000612, 0.000609, 0.000639, 0.000669, 0.000612, 0.000622, 0.000611, 0.000611, 0.000611, 0.000624, 0.000614, 0.000609, 0.000611, 0.000609, 0.00061, 0.000661, 0.000613}"
