"model_name","layer_name","layer_index","kind","min_time","mean_time","max_time","add_flops","div_flops","cmp_flops","exp_flops","mad_flops","input_channel","input_height","input_width","output_channel","output_height","output_width","function","kernel_1","kernel_2","stride_1","stride_2","dilation_1","dilation_2","input_form","topology_hash","mad/min_time","mad/mean_time","mad/max_time","time"
"3D Face Alignment Net Trained on 300W Large Pose Data","14/1/2/2/1/3",314,"Total",0.000194,0.00019603333333333332,0.000679,262144,0,0,0,0,256,32,32,256,32,32,"","","","","","","","HoldForm[TotalLayer[""Inputs"" -> {{256, 32, 32}, {256, 32, 32}}]]","1ptnzbtlteje4",0.,0.,0.,"{0.000679, 0.000212, 0.00021, 0.000198, 0.000196, 0.000196, 0.000196, 0.000197, 0.000196, 0.000196, 0.000197, 0.000196, 0.000196, 0.000227, 0.000198, 0.000196, 0.000195, 0.000196, 0.000195, 0.000196, 0.000196, 0.000195, 0.000224, 0.000201, 0.000195, 0.000196, 0.000195, 0.000195, 0.000217, 0.0002, 0.000196, 0.000196, 0.000195, 0.000227, 0.000198, 0.000196, 0.000195, 0.000214, 0.000198, 0.000195, 0.000195, 0.000195, 0.000195, 0.000195, 0.000195, 0.000195, 0.000195, 0.000195, 0.000194, 0.000195}"
