"model_name","layer_name","layer_index","kind","min_time","mean_time","max_time","add_flops","div_flops","cmp_flops","exp_flops","mad_flops","input_channel","input_height","input_width","output_channel","output_height","output_width","function","kernel_1","kernel_2","stride_1","stride_2","dilation_1","dilation_2","input_form","topology_hash","mad/min_time","mad/mean_time","mad/max_time","time"
"CycleGAN Apple-to-Orange Translation Trained on ImageNet Competition Data","15/2",43,"Total",0.000625,0.0006317333333333331,0.002071,524288,0,0,0,0,128,64,64,128,64,64,"","","","","","","","HoldForm[TotalLayer[""Inputs"" -> {{128, 64, 64}, {128, 64, 64}}]]","1u1wha1dgv2gf",0.,0.,0.,"{0.002071, 0.00071, 0.000638, 0.000643, 0.000629, 0.000628, 0.000631, 0.000629, 0.000628, 0.000647, 0.000631, 0.000687, 0.000632, 0.000628, 0.000626, 0.000654, 0.000674, 0.000629, 0.000629, 0.000626, 0.000627, 0.000627, 0.000643, 0.000628, 0.000625, 0.000627, 0.000651, 0.000628, 0.00064, 0.000628, 0.000638, 0.000627, 0.000669, 0.000629, 0.000645, 0.000628, 0.000625, 0.000626, 0.000627, 0.000626, 0.000638, 0.000628, 0.000652, 0.000628, 0.000626, 0.000627, 0.000637, 0.000643, 0.00067, 0.000628, 0.000629, 0.000626, 0.000628, 0.000642, 0.000629, 0.000659, 0.000629, 0.000627, 0.000654, 0.000644, 0.000627, 0.000626, 0.000641, 0.000672, 0.000627, 0.000665, 0.00063, 0.000627, 0.000627, 0.000625, 0.000627, 0.000625, 0.000642, 0.000628, 0.000656, 0.000629, 0.000626, 0.000637, 0.000643, 0.000699, 0.000628, 0.00063, 0.000628, 0.000628, 0.000642, 0.000626, 0.000625, 0.000625, 0.000626, 0.000682, 0.000628, 0.000642, 0.000627, 0.000636, 0.000626, 0.000669, 0.000629, 0.000643, 0.000627, 0.000626}"
