"model_name","layer_name","layer_index","kind","min_time","mean_time","max_time","add_flops","div_flops","cmp_flops","exp_flops","mad_flops","input_channel","input_height","input_width","output_channel","output_height","output_width","function","kernel_1","kernel_2","stride_1","stride_2","dilation_1","dilation_2","input_form","topology_hash","mad/min_time","mad/mean_time","mad/max_time","time"
"3D Face Alignment Net Trained on 300W Large Pose Data","14/1/2/3/1/3",473,"Total",0.000333,0.0003358833333333334,0.001096,262144,0,0,0,0,256,32,32,256,32,32,"","","","","","","","HoldForm[TotalLayer[""Inputs"" -> {{256, 32, 32}, {256, 32, 32}}]]","1ptnzbtlteje4",0.,0.,0.,"{0.001096, 0.000349, 0.00034, 0.000336, 0.000336, 0.00037, 0.000337, 0.000336, 0.000359, 0.000337, 0.000336, 0.000336, 0.000334, 0.000335, 0.000338, 0.000351, 0.000337, 0.000338, 0.000365, 0.000379, 0.000357, 0.000339, 0.000338, 0.000338, 0.000338, 0.000338, 0.000338, 0.000338, 0.000337, 0.000335, 0.000334, 0.000355, 0.000337, 0.000335, 0.000334, 0.000334, 0.000334, 0.000338, 0.000335, 0.000334, 0.000333, 0.000334, 0.000335, 0.000361, 0.000346, 0.000335, 0.000334, 0.000334, 0.000394, 0.000338, 0.000335, 0.000335, 0.000334, 0.000334, 0.000368, 0.000353, 0.000337, 0.000336, 0.000335, 0.000335, 0.000335, 0.000334, 0.000334, 0.000334, 0.000335, 0.000334, 0.000377, 0.000338, 0.000335, 0.000335, 0.000336, 0.000334, 0.000334, 0.000345, 0.000335, 0.000334, 0.000333, 0.000361, 0.000389, 0.000338, 0.000335, 0.000335, 0.000335, 0.000334, 0.000334, 0.000334, 0.000335, 0.000334, 0.000333, 0.000334, 0.000349, 0.000335, 0.000335, 0.000334, 0.000334, 0.000335, 0.000338, 0.000335, 0.000335, 0.000334}"
