"model_name","layer_name","layer_index","kind","min_time","mean_time","max_time","add_flops","div_flops","cmp_flops","exp_flops","mad_flops","input_channel","input_height","input_width","output_channel","output_height","output_width","function","kernel_1","kernel_2","stride_1","stride_2","dilation_1","dilation_2","input_form","topology_hash","mad/min_time","mad/mean_time","mad/max_time","time"
"CycleGAN Horse-to-Zebra Translation Trained on ImageNet Competition Data","16/2",51,"Total",0.000625,0.0006319999999999996,0.002047,524288,0,0,0,0,128,64,64,128,64,64,"","","","","","","","HoldForm[TotalLayer[""Inputs"" -> {{128, 64, 64}, {128, 64, 64}}]]","1u1wha1dgv2gf",0.,0.,0.,"{0.002047, 0.000684, 0.000668, 0.000632, 0.000628, 0.000631, 0.000649, 0.000632, 0.000631, 0.000721, 0.000636, 0.000632, 0.000647, 0.000631, 0.000631, 0.000627, 0.000628, 0.000628, 0.000656, 0.000645, 0.000627, 0.000627, 0.000628, 0.000628, 0.000637, 0.000686, 0.000629, 0.000627, 0.000627, 0.00063, 0.000628, 0.000641, 0.00063, 0.000627, 0.000655, 0.000629, 0.000628, 0.000627, 0.000644, 0.00063, 0.000638, 0.000667, 0.000629, 0.000628, 0.000639, 0.00063, 0.000627, 0.000627, 0.000627, 0.000627, 0.000671, 0.000631, 0.000661, 0.000629, 0.000629, 0.000628, 0.00065, 0.000669, 0.000629, 0.000627, 0.000629, 0.000629, 0.000628, 0.00065, 0.00063, 0.000651, 0.000628, 0.000626, 0.000626, 0.000642, 0.000629, 0.000637, 0.000626, 0.000663, 0.000661, 0.000649, 0.00063, 0.000631, 0.000629, 0.000628, 0.000629, 0.000667, 0.000629, 0.000628, 0.000628, 0.000628, 0.000625, 0.000668, 0.000682, 0.000631, 0.000628, 0.000627, 0.000627, 0.000628, 0.000641, 0.000629, 0.000627, 0.000651, 0.000629, 0.000628}"
